TRIPID,PERSID,HHID,STOPS,TRIPNO,STARTHOUR,STARTIME,ARRHOUR,ARRTIME,TRAVTIME,TRIPTIME,WAITIME,CUMDIST,ORIGPLACE2,ORIGPURP2,DESTPLACE2,DESTPURP2,TRIPPURP,LINKMODE,DIST_GRP,Time_Grp,TIME1
Y12H0000101P01T01,Y12H0000101P01,Y12H0000101,1,1,8,525,9,545,20,20,0,7.45,Survey Home,At or Go Home,My Workplace,Own Workplace,Work Related,Vehicle Driver,7 - 7.9,20 - 24,20
Y12H0000101P01T02,Y12H0000101P01,Y12H0000101,1,2,17,1050,17,1075,25,25,0,7.45,My Workplace,Own Workplace,Survey Home,At or Go Home,Work Related,Vehicle Driver,7 - 7.9,25 - 29,25
Y12H0000301P01T01,Y12H0000301P01,Y12H0000301,1,1,8,480,8,510,30,30,0,7.75,Survey Home,At or Go Home,My Workplace,Own Workplace,Work Related,Vehicle Driver,7 - 7.9,30 - 34,30
Y12H0000301P01T02,Y12H0000301P01,Y12H0000301,1,2,17,1060,18,1090,30,30,0,7.75,My Workplace,Own Workplace,Survey Home,At or Go Home,Work Related,Vehicle Driver,7 - 7.9,30 - 34,30
Y12H0000302P01T01,Y12H0000302P01,Y12H0000302,1,1,9,570,9,580,10,10,0,0.96,Survey Home,At or Go Home,My Workplace,Own Workplace,Work Related,Vehicle Driver,0 - 0.9,10. - 14.,10
Y12H0000302P01T02,Y12H0000302P01,Y12H0000302,1,2,17,1050,17,1065,15,15,0,0.96,My Workplace,Own Workplace,Survey Home,At or Go Home,Work Related,Vehicle Driver,0 - 0.9,15 - 19,15
Y12H0000318P01T01,Y12H0000318P01,Y12H0000318,1,1,8,480,8,510,30,30,0,14.16,Survey Home,At or Go Home,My Workplace,Own Workplace,Work Related,Vehicle Driver,14 - 14.9,30 - 34,30
Y12H0000318P01T02,Y12H0000318P01,Y12H0000318,1,2,18,1080,18,1110,30,30,0,14.16,My Workplace,Own Workplace,Survey Home,At or Go Home,Work Related,Vehicle Driver,14 - 14.9,30 - 34,30
Y12H0000318P02T01,Y12H0000318P02,Y12H0000318,1,1,8,480,8,500,20,20,0,8.4,Survey Home,At or Go Home,My Workplace,Own Workplace,Work Related,Vehicle Driver,8 - 8.9,20 - 24,20
Y12H0000318P02T02,Y12H0000318P02,Y12H0000318,1,2,17,1065,18,1095,30,30,0,8.4,My Workplace,Own Workplace,Survey Home,At or Go Home,Work Related,Vehicle Driver,8 - 8.9,30 - 34,30
Y12H0001032P03T01,Y12H0001032P03,Y12H0001032,1,1,8,520,8,535,15,15,0,8.22,Survey Home,At or Go Home,My Workplace,Own Workplace,Work Related,Vehicle Driver,8 - 8.9,15 - 19,15
Y12H0001032P03T02,Y12H0001032P03,Y12H0001032,1,2,21,1260,21,1275,15,15,0,8.22,My Workplace,Own Workplace,Survey Home,At or Go Home,Work Related,Vehicle Driver,8 - 8.9,15 - 19,15
Y12H0010408P02T01,Y12H0010408P02,Y12H0010408,1,1,9,585,10,605,20,20,0,1.24,Survey Home,At or Go Home,My Workplace,Own Workplace,Work Related,Vehicle Driver,1 - 1.9,20 - 24,20
Y12H0010408P02T02,Y12H0010408P02,Y12H0010408,1,2,18,1110,18,1125,15,15,0,1.24,My Workplace,Own Workplace,Survey Home,At or Go Home,Work Related,Vehicle Driver,1 - 1.9,15 - 19,15
Y12H0020230P02T01,Y12H0020230P02,Y12H0020230,1,1,9,540,9,565,25,25,0,14.64,Survey Home,At or Go Home,My Workplace,Own Workplace,Work Related,Vehicle Driver,14 - 14.9,25 - 29,25
Y12H0020230P02T02,Y12H0020230P02,Y12H0020230,1,2,17,1050,18,1080,30,30,0,14.64,My Workplace,Own Workplace,Survey Home,At or Go Home,Work Related,Vehicle Driver,14 - 14.9,30 - 34,30
Y12H0030116P01T01,Y12H0030116P01,Y12H0030116,1,1,8,480,9,540,60,60,0,29.06,Survey Home,At or Go Home,My Workplace,Own Workplace,Work Related,Vehicle Driver,25 - 29.9,60 - 69,60
Y12H0030116P01T02,Y12H0030116P01,Y12H0030116,1,2,19,1140,19,1190,50,50,0,29.06,My Workplace,Own Workplace,Survey Home,At or Go Home,Work Related,Vehicle Driver,25 - 29.9,50 - 54,50
Y12H0030226P03T01,Y12H0030226P03,Y12H0030226,1,1,8,480,9,555,75,75,0,45.33,Survey Home,At or Go Home,My Workplace,Own Workplace,Work Related,Vehicle Driver,45 - 49.9,70 - 79,75
Y12H0030226P03T02,Y12H0030226P03,Y12H0030226,1,2,17,1050,18,1120,70,70,0,45.33,My Workplace,Own Workplace,Survey Home,At or Go Home,Work Related,Vehicle Driver,45 - 49.9,70 - 79,70
Y12H0030320P02T01,Y12H0030320P02,Y12H0030320,1,1,9,540,9,585,45,45,0,17.0,Survey Home,At or Go Home,My Workplace,Own Workplace,Work Related,Vehicle Driver,17 - 17.9,45 - 49,45
Y12H0030320P02T02,Y12H0030320P02,Y12H0030320,1,2,17,1050,18,1110,60,60,0,17.0,My Workplace,Own Workplace,Survey Home,At or Go Home,Work Related,Vehicle Driver,17 - 17.9,60 - 69,60
Y12H0040130P01T01,Y12H0040130P01,Y12H0040130,1,1,8,525,9,545,20,20,0,5.01,Survey Home,At or Go Home,My Workplace,Own Workplace,Work Related,Vehicle Driver,5 - 5.9,20 - 24,20
Y12H0040130P01T02,Y12H0040130P01,Y12H0040130,1,2,18,1080,18,1095,15,15,0,5.01,My Workplace,Own Workplace,Survey Home,At or Go Home,Work Related,Vehicle Driver,5 - 5.9,15 - 19,15
Y12H0050439P01T01,Y12H0050439P01,Y12H0050439,1,1,12,720,12,740,20,20,0,22.11,Survey Home,At or Go Home,My Workplace,Own Workplace,Work Related,Vehicle Driver,20 - 24.9,20 - 24,20
Y12H0050439P01T02,Y12H0050439P01,Y12H0050439,1,2,18,1080,18,1105,25,25,0,22.11,My Workplace,Own Workplace,Survey Home,At or Go Home,Work Related,Vehicle Driver,20 - 24.9,25 - 29,25
Y12H0070232P01T01,Y12H0070232P01,Y12H0070232,1,1,8,480,8,510,30,30,0,15.24,Survey Home,At or Go Home,My Workplace,Own Workplace,Work Related,Vehicle Driver,15 - 15.9,30 - 34,30
Y12H0070232P01T02,Y12H0070232P01,Y12H0070232,1,2,17,1050,18,1080,30,30,0,15.24,My Workplace,Own Workplace,Survey Home,At or Go Home,Work Related,Vehicle Driver,15 - 15.9,30 - 34,30
Y12H0070503P01T01,Y12H0070503P01,Y12H0070503,1,1,8,525,9,540,15,15,0,17.21,Survey Home,At or Go Home,My Workplace,Own Workplace,Work Related,Vehicle Driver,17 - 17.9,15 - 19,15
Y12H0070503P01T02,Y12H0070503P01,Y12H0070503,1,2,18,1080,18,1100,20,20,0,17.21,My Workplace,Own Workplace,Survey Home,At or Go Home,Work Related,Vehicle Driver,17 - 17.9,20 - 24,20
Y12H0070525P02T01,Y12H0070525P02,Y12H0070525,1,1,8,490,8,530,40,40,0,32.93,Survey Home,At or Go Home,My Workplace,Own Workplace,Work Related,Vehicle Driver,30 - 34.9,40 - 44,40
Y12H0070525P02T02,Y12H0070525P02,Y12H0070525,1,2,17,1065,18,1110,45,45,0,32.93,My Workplace,Own Workplace,Survey Home,At or Go Home,Work Related,Vehicle Driver,30 - 34.9,45 - 49,45
Y12H0070536P03T01,Y12H0070536P03,Y12H0070536,1,1,8,480,8,510,30,30,0,11.04,Survey Home,At or Go Home,My Workplace,Own Workplace,Work Related,Vehicle Driver,11 - 11.9,30 - 34,30
Y12H0070536P03T02,Y12H0070536P03,Y12H0070536,1,2,18,1110,19,1140,30,30,0,11.04,My Workplace,Own Workplace,Survey Home,At or Go Home,Work Related,Vehicle Driver,11 - 11.9,30 - 34,30
Y12H0080139P01T01,Y12H0080139P01,Y12H0080139,1,1,8,510,8,525,15,15,0,5.54,Survey Home,At or Go Home,My Workplace,Own Workplace,Work Related,Vehicle Driver,5 - 5.9,15 - 19,15
Y12H0080139P01T02,Y12H0080139P01,Y12H0080139,1,2,17,1050,17,1065,15,15,0,5.54,My Workplace,Own Workplace,Survey Home,At or Go Home,Work Related,Vehicle Driver,5 - 5.9,15 - 19,15
Y12H0090133P04T01,Y12H0090133P04,Y12H0090133,1,1,8,510,9,540,30,30,0,19.73,Survey Home,At or Go Home,My Workplace,Own Workplace,Work Related,Vehicle Driver,19 - 19.9,30 - 34,30
Y12H0090133P04T02,Y12H0090133P04,Y12H0090133,1,2,17,1050,18,1080,30,30,0,19.73,My Workplace,Own Workplace,Survey Home,At or Go Home,Work Related,Vehicle Driver,19 - 19.9,30 - 34,30
Y12H0090331P02T01,Y12H0090331P02,Y12H0090331,1,1,8,480,9,540,60,60,0,20.54,Survey Home,At or Go Home,My Workplace,Own Workplace,Work Related,Vehicle Driver,20 - 24.9,60 - 69,60
Y12H0090331P02T02,Y12H0090331P02,Y12H0090331,1,2,19,1140,19,1180,40,40,0,20.54,My Workplace,Own Workplace,Survey Home,At or Go Home,Work Related,Vehicle Driver,20 - 24.9,40 - 44,40
Y12H0090404P01T01,Y12H0090404P01,Y12H0090404,1,1,10,600,10,615,15,15,0,8.5,Survey Home,At or Go Home,My Workplace,Own Workplace,Work Related,Vehicle Driver,8 - 8.9,15 - 19,15
Y12H0090404P01T02,Y12H0090404P01,Y12H0090404,1,2,17,1050,17,1070,20,20,0,8.5,My Workplace,Own Workplace,Survey Home,At or Go Home,Work Related,Vehicle Driver,8 - 8.9,20 - 24,20
Y12H0090412P01T01,Y12H0090412P01,Y12H0090412,1,1,9,565,9,570,5,5,0,1.28,Survey Home,At or Go Home,My Workplace,Own Workplace,Work Related,Vehicle Driver,1 - 1.9,5. - 9.,5
Y12H0090412P01T02,Y12H0090412P01,Y12H0090412,1,2,17,1060,17,1065,5,5,0,1.28,My Workplace,Own Workplace,Survey Home,At or Go Home,Work Related,Vehicle Driver,1 - 1.9,5. - 9.,5
Y12H0090501P02T01,Y12H0090501P02,Y12H0090501,1,1,8,510,8,520,10,10,0,3.44,Survey Home,At or Go Home,My Workplace,Own Workplace,Work Related,Vehicle Driver,3 - 3.9,10. - 14.,10
Y12H0090501P02T02,Y12H0090501P02,Y12H0090501,1,2,17,1060,17,1070,10,10,0,3.44,My Workplace,Own Workplace,Survey Home,At or Go Home,Work Related,Vehicle Driver,3 - 3.9,10. - 14.,10
Y12H0090508P01T01,Y12H0090508P01,Y12H0090508,1,1,9,555,9,570,15,15,0,4.62,Survey Home,At or Go Home,My Workplace,Own Workplace,Work Related,Vehicle Driver,4 - 4.9,15 - 19,15
Y12H0090508P01T02,Y12H0090508P01,Y12H0090508,1,2,18,1080,18,1095,15,15,0,4.62,My Workplace,Own Workplace,Survey Home,At or Go Home,Work Related,Vehicle Driver,4 - 4.9,15 - 19,15
Y12H0090511P01T01,Y12H0090511P01,Y12H0090511,1,1,8,480,9,540,60,60,0,14.35,Survey Home,At or Go Home,My Workplace,Own Workplace,Work Related,Vehicle Driver,14 - 14.9,60 - 69,60
Y12H0090511P01T02,Y12H0090511P01,Y12H0090511,1,2,18,1080,18,1100,20,20,0,14.35,My Workplace,Own Workplace,Survey Home,At or Go Home,Work Related,Vehicle Driver,14 - 14.9,20 - 24,20
Y12H0090533P03T01,Y12H0090533P03,Y12H0090533,1,1,8,510,9,540,30,30,0,11.34,Survey Home,At or Go Home,My Workplace,Own Workplace,Work Related,Vehicle Driver,11 - 11.9,30 - 34,30
Y12H0090533P03T02,Y12H0090533P03,Y12H0090533,1,2,17,1050,18,1095,45,45,0,11.34,My Workplace,Own Workplace,Survey Home,At or Go Home,Work Related,Vehicle Driver,11 - 11.9,45 - 49,45
Y12H0110131P01T01,Y12H0110131P01,Y12H0110131,1,1,8,510,8,525,15,15,0,3.47,Survey Home,At or Go Home,My Workplace,Own Workplace,Work Related,Vehicle Driver,3 - 3.9,15 - 19,15
Y12H0110131P01T02,Y12H0110131P01,Y12H0110131,1,2,18,1080,18,1095,15,15,0,3.47,My Workplace,Own Workplace,Survey Home,At or Go Home,Work Related,Vehicle Driver,3 - 3.9,15 - 19,15
Y12H0110211P01T01,Y12H0110211P01,Y12H0110211,1,1,8,480,8,515,35,35,0,36.48,Survey Home,At or Go Home,My Workplace,Own Workplace,Work Related,Vehicle Driver,35 - 39.9,35 - 39,35
Y12H0110211P01T02,Y12H0110211P01,Y12H0110211,1,2,17,1065,18,1110,45,45,0,36.48,My Workplace,Own Workplace,Survey Home,At or Go Home,Work Related,Vehicle Driver,35 - 39.9,45 - 49,45
Y12H0110316P01T01,Y12H0110316P01,Y12H0110316,1,1,8,525,9,555,30,30,0,13.1,Survey Home,At or Go Home,My Workplace,Own Workplace,Work Related,Vehicle Driver,13 - 13.9,30 - 34,30
Y12H0110316P01T02,Y12H0110316P01,Y12H0110316,1,2,18,1095,18,1130,35,35,0,13.1,My Workplace,Own Workplace,Survey Home,At or Go Home,Work Related,Vehicle Driver,13 - 13.9,35 - 39,35
Y12H0110536P03T01,Y12H0110536P03,Y12H0110536,1,1,8,510,8,530,20,20,0,5.6,Survey Home,At or Go Home,My Workplace,Own Workplace,Work Related,Vehicle Driver,5 - 5.9,20 - 24,20
Y12H0110536P03T02,Y12H0110536P03,Y12H0110536,1,2,20,1210,20,1220,10,10,0,5.6,My Workplace,Own Workplace,Survey Home,At or Go Home,Work Related,Vehicle Driver,5 - 5.9,10. - 14.,10
Y12H0110536P04T01,Y12H0110536P04,Y12H0110536,1,1,10,630,11,660,30,30,0,8.11,Survey Home,At or Go Home,My Workplace,Own Workplace,Work Related,Vehicle Driver,8 - 8.9,30 - 34,30
Y12H0110536P04T02,Y12H0110536P04,Y12H0110536,1,2,19,1140,19,1160,20,20,0,8.11,My Workplace,Own Workplace,Survey Home,At or Go Home,Work Related,Vehicle Driver,8 - 8.9,20 - 24,20
Y12H0120138P02T01,Y12H0120138P02,Y12H0120138,1,1,8,490,8,505,15,15,0,5.35,Survey Home,At or Go Home,My Workplace,Own Workplace,Work Related,Vehicle Driver,5 - 5.9,15 - 19,15
Y12H0120138P02T02,Y12H0120138P02,Y12H0120138,1,2,17,1050,17,1065,15,15,0,5.35,My Workplace,Own Workplace,Survey Home,At or Go Home,Work Related,Vehicle Driver,5 - 5.9,15 - 19,15
Y12H0130224P01T01,Y12H0130224P01,Y12H0130224,1,1,8,495,8,510,15,15,0,8.88,Survey Home,At or Go Home,My Workplace,Own Workplace,Work Related,Vehicle Driver,8 - 8.9,15 - 19,15
Y12H0130224P01T02,Y12H0130224P01,Y12H0130224,1,2,18,1080,18,1100,20,20,0,8.88,My Workplace,Own Workplace,Survey Home,At or Go Home,Work Related,Vehicle Driver,8 - 8.9,20 - 24,20
Y12H0130510P02T01,Y12H0130510P02,Y12H0130510,1,1,9,555,9,595,40,40,0,14.88,Survey Home,At or Go Home,My Workplace,Own Workplace,Work Related,Vehicle Driver,14 - 14.9,40 - 44,40
Y12H0130510P02T02,Y12H0130510P02,Y12H0130510,1,2,17,1065,18,1105,40,40,0,14.88,My Workplace,Own Workplace,Survey Home,At or Go Home,Work Related,Vehicle Driver,14 - 14.9,40 - 44,40
Y12H0130541P02T01,Y12H0130541P02,Y12H0130541,1,1,8,525,9,570,45,45,0,26.94,Survey Home,At or Go Home,My Workplace,Own Workplace,Work Related,Vehicle Driver,25 - 29.9,45 - 49,45
Y12H0130541P02T02,Y12H0130541P02,Y12H0130541,1,2,17,1050,18,1080,30,30,0,26.94,My Workplace,Own Workplace,Survey Home,At or Go Home,Work Related,Vehicle Driver,25 - 29.9,30 - 34,30
Y12H0131032P01T01,Y12H0131032P01,Y12H0131032,1,1,8,510,8,520,10,10,0,2.71,Survey Home,At or Go Home,My Workplace,Own Workplace,Work Related,Vehicle Driver,2 - 2.9,10. - 14.,10
Y12H0131032P01T02,Y12H0131032P01,Y12H0131032,1,2,17,1065,17,1070,5,5,0,2.71,My Workplace,Own Workplace,Survey Home,At or Go Home,Work Related,Vehicle Driver,2 - 2.9,5. - 9.,5
Y12H0140108P01T01,Y12H0140108P01,Y12H0140108,1,1,8,510,9,540,30,30,0,17.64,Survey Home,At or Go Home,My Workplace,Own Workplace,Work Related,Vehicle Driver,17 - 17.9,30 - 34,30
Y12H0140108P01T02,Y12H0140108P01,Y12H0140108,1,2,20,1200,20,1225,25,25,0,17.64,My Workplace,Own Workplace,Survey Home,At or Go Home,Work Related,Vehicle Driver,17 - 17.9,25 - 29,25
Y12H0140108P02T01,Y12H0140108P02,Y12H0140108,1,1,8,525,9,550,25,25,0,10.96,Survey Home,At or Go Home,My Workplace,Own Workplace,Work Related,Vehicle Driver,10 - 10.9,25 - 29,25
Y12H0140108P02T02,Y12H0140108P02,Y12H0140108,1,2,18,1110,18,1130,20,20,0,10.96,My Workplace,Own Workplace,Survey Home,At or Go Home,Work Related,Vehicle Driver,10 - 10.9,20 - 24,20
Y12H0140111P03T01,Y12H0140111P03,Y12H0140111,1,1,11,698,12,722,24,24,0,10.03,Survey Home,At or Go Home,My Workplace,Own Workplace,Work Related,Vehicle Driver,10 - 10.9,20 - 24,24
Y12H0140111P03T02,Y12H0140111P03,Y12H0140111,1,2,21,1262,21,1277,15,15,0,10.03,My Workplace,Own Workplace,Survey Home,At or Go Home,Work Related,Vehicle Driver,10 - 10.9,15 - 19,15
Y12H0140122P01T01,Y12H0140122P01,Y12H0140122,2,1,8,490,9,550,60,60,0,34.17,Survey Home,At or Go Home,My Workplace,Own Workplace,Work Related,Vehicle Driver,30 - 34.9,60 - 69,50
Y12H0140122P01T02,Y12H0140122P01,Y12H0140122,2,2,19,1140,20,1200,60,60,0,34.17,My Workplace,Own Workplace,Survey Home,At or Go Home,Work Related,Vehicle Driver,30 - 34.9,60 - 69,10
Y12H0140517P01T01,Y12H0140517P01,Y12H0140517,1,1,8,520,9,570,50,50,0,23.19,Survey Home,At or Go Home,My Workplace,Own Workplace,Work Related,Vehicle Driver,20 - 24.9,50 - 54,50
Y12H0140517P01T02,Y12H0140517P01,Y12H0140517,1,2,18,1080,19,1140,60,60,0,23.19,My Workplace,Own Workplace,Survey Home,At or Go Home,Work Related,Vehicle Driver,20 - 24.9,60 - 69,60
Y12H0140533P02T01,Y12H0140533P02,Y12H0140533,1,1,8,510,8,535,25,25,0,8.88,Survey Home,At or Go Home,My Workplace,Own Workplace,Work Related,Vehicle Driver,8 - 8.9,25 - 29,25
Y12H0140533P02T02,Y12H0140533P02,Y12H0140533,1,2,17,1050,18,1080,30,30,0,8.88,My Workplace,Own Workplace,Survey Home,At or Go Home,Work Related,Vehicle Driver,8 - 8.9,30 - 34,30
Y12H0150226P01T01,Y12H0150226P01,Y12H0150226,1,1,8,480,9,540,60,60,0,40.97,Survey Home,At or Go Home,My Workplace,Own Workplace,Work Related,Vehicle Driver,40 - 44.9,60 - 69,60
Y12H0150226P01T02,Y12H0150226P01,Y12H0150226,1,2,17,1050,18,1110,60,60,0,40.97,My Workplace,Own Workplace,Survey Home,At or Go Home,Work Related,Vehicle Driver,40 - 44.9,60 - 69,60
Y12H0150339P02T01,Y12H0150339P02,Y12H0150339,1,1,9,540,9,570,30,30,0,11.07,Survey Home,At or Go Home,My Workplace,Own Workplace,Work Related,Vehicle Driver,11 - 11.9,30 - 34,30
Y12H0150339P02T02,Y12H0150339P02,Y12H0150339,1,2,18,1085,18,1115,30,30,0,11.07,My Workplace,Own Workplace,Survey Home,At or Go Home,Work Related,Vehicle Driver,11 - 11.9,30 - 34,30
Y12H0160115P01T01,Y12H0160115P01,Y12H0160115,1,1,8,480,8,495,15,15,0,5.01,Survey Home,At or Go Home,My Workplace,Own Workplace,Work Related,Vehicle Driver,5 - 5.9,15 - 19,15
Y12H0160115P01T02,Y12H0160115P01,Y12H0160115,1,2,18,1080,18,1095,15,15,0,5.01,My Workplace,Own Workplace,Survey Home,At or Go Home,Work Related,Vehicle Driver,5 - 5.9,15 - 19,15
Y12H0160115P03T01,Y12H0160115P03,Y12H0160115,1,1,8,510,9,540,30,30,0,11.25,Survey Home,At or Go Home,My Workplace,Own Workplace,Work Related,Vehicle Driver,11 - 11.9,30 - 34,30
Y12H0160115P03T02,Y12H0160115P03,Y12H0160115,1,2,18,1080,18,1110,30,30,0,11.25,My Workplace,Own Workplace,Survey Home,At or Go Home,Work Related,Vehicle Driver,11 - 11.9,30 - 34,30
Y12H0160310P01T01,Y12H0160310P01,Y12H0160310,1,1,9,540,9,585,45,45,0,15.81,Survey Home,At or Go Home,My Workplace,Own Workplace,Work Related,Vehicle Driver,15 - 15.9,45 - 49,45
Y12H0160310P01T02,Y12H0160310P01,Y12H0160310,1,2,18,1085,18,1130,45,45,0,15.81,My Workplace,Own Workplace,Survey Home,At or Go Home,Work Related,Vehicle Driver,15 - 15.9,45 - 49,45
Y12H0170115P01T01,Y12H0170115P01,Y12H0170115,1,1,8,480,8,510,30,30,0,9.65,Survey Home,At or Go Home,My Workplace,Own Workplace,Work Related,Vehicle Driver,9 - 9.9,30 - 34,30
Y12H0170115P01T02,Y12H0170115P01,Y12H0170115,1,2,18,1080,18,1105,25,25,0,9.65,My Workplace,Own Workplace,Survey Home,At or Go Home,Work Related,Vehicle Driver,9 - 9.9,25 - 29,25
Y12H0170322P02T01,Y12H0170322P02,Y12H0170322,1,1,8,525,9,540,15,15,0,9.47,Survey Home,At or Go Home,My Workplace,Own Workplace,Work Related,Vehicle Driver,9 - 9.9,15 - 19,15
Y12H0170322P02T02,Y12H0170322P02,Y12H0170322,1,2,18,1080,18,1095,15,15,0,9.47,My Workplace,Own Workplace,Survey Home,At or Go Home,Work Related,Vehicle Driver,9 - 9.9,15 - 19,15
Y12H0170323P01T01,Y12H0170323P01,Y12H0170323,1,1,8,495,8,525,30,30,0,11.21,Survey Home,At or Go Home,My Workplace,Own Workplace,Work Related,Vehicle Driver,11 - 11.9,30 - 34,30
Y12H0170323P01T02,Y12H0170323P01,Y12H0170323,1,2,18,1080,18,1110,30,30,0,11.21,My Workplace,Own Workplace,Survey Home,At or Go Home,Work Related,Vehicle Driver,11 - 11.9,30 - 34,30
Y12H0170438P01T01,Y12H0170438P01,Y12H0170438,1,1,9,540,9,570,30,30,0,9.23,Survey Home,At or Go Home,My Workplace,Own Workplace,Work Related,Vehicle Driver,9 - 9.9,30 - 34,30
Y12H0170438P01T02,Y12H0170438P01,Y12H0170438,1,2,18,1110,19,1140,30,30,0,9.23,My Workplace,Own Workplace,Survey Home,At or Go Home,Work Related,Vehicle Driver,9 - 9.9,30 - 34,30
Y12H0170510P02T01,Y12H0170510P02,Y12H0170510,1,1,8,510,9,540,30,30,0,11.28,Survey Home,At or Go Home,My Workplace,Own Workplace,Work Related,Vehicle Driver,11 - 11.9,30 - 34,30
Y12H0170510P02T02,Y12H0170510P02,Y12H0170510,1,2,18,1080,18,1110,30,30,0,11.28,My Workplace,Own Workplace,Survey Home,At or Go Home,Work Related,Vehicle Driver,11 - 11.9,30 - 34,30
Y12H0180122P01T01,Y12H0180122P01,Y12H0180122,1,1,8,510,8,530,20,20,0,15.02,Survey Home,At or Go Home,My Workplace,Own Workplace,Work Related,Vehicle Driver,15 - 15.9,20 - 24,20
Y12H0180122P01T02,Y12H0180122P01,Y12H0180122,1,2,17,1050,17,1070,20,20,0,15.02,My Workplace,Own Workplace,Survey Home,At or Go Home,Work Related,Vehicle Driver,15 - 15.9,20 - 24,20
Y12H0180538P01T01,Y12H0180538P01,Y12H0180538,1,1,8,480,9,540,60,60,0,21.62,Survey Home,At or Go Home,My Workplace,Own Workplace,Work Related,Vehicle Driver,20 - 24.9,60 - 69,60
Y12H0180538P01T02,Y12H0180538P01,Y12H0180538,1,2,18,1080,19,1140,60,60,0,21.62,My Workplace,Own Workplace,Survey Home,At or Go Home,Work Related,Vehicle Driver,20 - 24.9,60 - 69,60
Y12H0190501P03T01,Y12H0190501P03,Y12H0190501,1,1,9,540,9,570,30,30,0,11.3,Survey Home,At or Go Home,My Workplace,Own Workplace,Work Related,Vehicle Driver,11 - 11.9,30 - 34,30
Y12H0190501P03T02,Y12H0190501P03,Y12H0190501,1,2,19,1140,19,1170,30,30,0,11.3,My Workplace,Own Workplace,Survey Home,At or Go Home,Work Related,Vehicle Driver,11 - 11.9,30 - 34,30
Y12H0190511P01T01,Y12H0190511P01,Y12H0190511,1,1,8,510,8,535,25,25,0,8.83,Survey Home,At or Go Home,My Workplace,Own Workplace,Work Related,Vehicle Driver,8 - 8.9,25 - 29,25
Y12H0190511P01T02,Y12H0190511P01,Y12H0190511,1,2,18,1135,19,1155,20,20,0,8.83,My Workplace,Own Workplace,Survey Home,At or Go Home,Work Related,Vehicle Driver,8 - 8.9,20 - 24,20
Y12H0200129P01T01,Y12H0200129P01,Y12H0200129,1,1,8,480,9,540,60,60,0,15.57,Survey Home,At or Go Home,My Workplace,Own Workplace,Work Related,Vehicle Driver,15 - 15.9,60 - 69,60
Y12H0200129P01T02,Y12H0200129P01,Y12H0200129,1,2,18,1080,18,1120,40,40,0,15.57,My Workplace,Own Workplace,Survey Home,At or Go Home,Work Related,Vehicle Driver,15 - 15.9,40 - 44,40
Y12H0200138P01T01,Y12H0200138P01,Y12H0200138,1,1,8,480,8,495,15,15,0,1.56,Survey Home,At or Go Home,My Workplace,Own Workplace,Work Related,Vehicle Driver,1 - 1.9,15 - 19,15
Y12H0200138P01T02,Y12H0200138P01,Y12H0200138,1,2,17,1065,18,1080,15,15,0,1.56,My Workplace,Own Workplace,Survey Home,At or Go Home,Work Related,Vehicle Driver,1 - 1.9,15 - 19,15
Y12H0200140P04T01,Y12H0200140P04,Y12H0200140,1,1,9,580,9,590,10,10,0,6.04,Survey Home,At or Go Home,My Workplace,Own Workplace,Work Related,Vehicle Driver,6 - 6.9,10. - 14.,10
Y12H0200140P04T02,Y12H0200140P04,Y12H0200140,1,2,18,1110,18,1125,15,15,0,6.04,My Workplace,Own Workplace,Survey Home,At or Go Home,Work Related,Vehicle Driver,6 - 6.9,15 - 19,15
Y12H0200522P01T01,Y12H0200522P01,Y12H0200522,1,1,9,540,9,585,45,45,0,13.21,Survey Home,At or Go Home,My Workplace,Own Workplace,Work Related,Vehicle Driver,13 - 13.9,45 - 49,45
Y12H0200522P01T02,Y12H0200522P01,Y12H0200522,1,2,19,1140,19,1170,30,30,0,13.21,My Workplace,Own Workplace,Survey Home,At or Go Home,Work Related,Vehicle Driver,13 - 13.9,30 - 34,30
Y12H0210211P01T01,Y12H0210211P01,Y12H0210211,1,1,8,480,8,515,35,35,0,26.09,Survey Home,At or Go Home,My Workplace,Own Workplace,Work Related,Vehicle Driver,25 - 29.9,35 - 39,35
Y12H0210211P01T02,Y12H0210211P01,Y12H0210211,1,2,17,1060,18,1095,35,35,0,26.09,My Workplace,Own Workplace,Survey Home,At or Go Home,Work Related,Vehicle Driver,25 - 29.9,35 - 39,35
Y12H0210307P02T01,Y12H0210307P02,Y12H0210307,1,1,8,510,8,530,20,20,0,5.77,Survey Home,At or Go Home,My Workplace,Own Workplace,Work Related,Vehicle Driver,5 - 5.9,20 - 24,20
Y12H0210307P02T02,Y12H0210307P02,Y12H0210307,1,2,18,1115,18,1135,20,20,0,5.77,My Workplace,Own Workplace,Survey Home,At or Go Home,Work Related,Vehicle Driver,5 - 5.9,20 - 24,20
Y13H0230233P03T01,Y13H0230233P03,Y13H0230233,1,1,9,540,9,565,25,25,0,25.53,Survey Home,At or Go Home,My Workplace,Own Workplace,Work Related,Vehicle Driver,25 - 29.9,25 - 29,25
Y13H0230233P03T02,Y13H0230233P03,Y13H0230233,1,2,17,1050,18,1095,45,45,0,25.53,My Workplace,Own Workplace,Survey Home,At or Go Home,Work Related,Vehicle Driver,25 - 29.9,45 - 49,45
Y13H0230233P04T01,Y13H0230233P04,Y13H0230233,1,1,8,510,8,525,15,15,0,5.46,Survey Home,At or Go Home,My Workplace,Own Workplace,Work Related,Vehicle Driver,5 - 5.9,15 - 19,15
Y13H0230233P04T02,Y13H0230233P04,Y13H0230233,1,2,17,1050,17,1060,10,10,0,5.46,My Workplace,Own Workplace,Survey Home,At or Go Home,Work Related,Vehicle Driver,5 - 5.9,10. - 14.,10
Y13H0240323P01T01,Y13H0240323P01,Y13H0240323,1,1,9,555,9,590,35,35,0,23.04,Survey Home,At or Go Home,My Workplace,Own Workplace,Work Related,Vehicle Driver,20 - 24.9,35 - 39,35
Y13H0240323P01T02,Y13H0240323P01,Y13H0240323,1,2,20,1230,21,1260,30,30,0,23.04,My Workplace,Own Workplace,Survey Home,At or Go Home,Work Related,Vehicle Driver,20 - 24.9,30 - 34,30
Y13H0240323P02T01,Y13H0240323P02,Y13H0240323,1,1,8,495,9,540,45,45,0,23.04,Survey Home,At or Go Home,My Workplace,Own Workplace,Work Related,Vehicle Driver,20 - 24.9,45 - 49,45
Y13H0240323P02T02,Y13H0240323P02,Y13H0240323,1,2,20,1215,20,1245,30,30,0,23.04,My Workplace,Own Workplace,Survey Home,At or Go Home,Work Related,Vehicle Driver,20 - 24.9,30 - 34,30
Y13H0240326P02T01,Y13H0240326P02,Y13H0240326,1,1,9,540,9,585,45,45,0,32.93,Survey Home,At or Go Home,My Workplace,Own Workplace,Work Related,Vehicle Driver,30 - 34.9,45 - 49,45
Y13H0240326P02T02,Y13H0240326P02,Y13H0240326,1,2,17,1070,18,1120,50,50,0,32.93,My Workplace,Own Workplace,Survey Home,At or Go Home,Work Related,Vehicle Driver,30 - 34.9,50 - 54,50
Y13H0250104P01T01,Y13H0250104P01,Y13H0250104,1,1,8,495,8,510,15,15,0,5.0,Survey Home,At or Go Home,My Workplace,Own Workplace,Work Related,Vehicle Driver,5 - 5.9,15 - 19,15
Y13H0250104P01T02,Y13H0250104P01,Y13H0250104,1,2,18,1080,18,1095,15,15,0,5.0,My Workplace,Own Workplace,Survey Home,At or Go Home,Work Related,Vehicle Driver,5 - 5.9,15 - 19,15
Y13H0250222P02T01,Y13H0250222P02,Y13H0250222,1,1,9,570,10,607,37,37,0,19.98,Survey Home,At or Go Home,My Workplace,Own Workplace,Work Related,Vehicle Driver,19 - 19.9,35 - 39,37
Y13H0250222P02T02,Y13H0250222P02,Y13H0250222,1,2,19,1140,19,1174,34,34,0,19.98,My Workplace,Own Workplace,Survey Home,At or Go Home,Work Related,Vehicle Driver,19 - 19.9,30 - 34,34
Y13H0250240P02T01,Y13H0250240P02,Y13H0250240,1,1,9,540,9,570,30,30,0,17.99,Survey Home,At or Go Home,My Workplace,Own Workplace,Work Related,Vehicle Driver,17 - 17.9,30 - 34,30
Y13H0250240P02T02,Y13H0250240P02,Y13H0250240,1,2,18,1088,18,1110,22,22,0,17.99,My Workplace,Own Workplace,Survey Home,At or Go Home,Work Related,Vehicle Driver,17 - 17.9,20 - 24,22
Y13H0260110P01T01,Y13H0260110P01,Y13H0260110,1,1,8,480,8,525,45,45,0,18.52,Survey Home,At or Go Home,My Workplace,Own Workplace,Work Related,Vehicle Driver,18 - 18.9,45 - 49,45
Y13H0260110P01T02,Y13H0260110P01,Y13H0260110,1,2,17,1050,18,1090,40,40,0,18.52,My Workplace,Own Workplace,Survey Home,At or Go Home,Work Related,Vehicle Driver,18 - 18.9,40 - 44,40
Y13H0260133P01T01,Y13H0260133P01,Y13H0260133,1,1,8,480,8,510,30,30,0,14.49,Survey Home,At or Go Home,My Workplace,Own Workplace,Work Related,Vehicle Driver,14 - 14.9,30 - 34,30
Y13H0260133P01T02,Y13H0260133P01,Y13H0260133,1,2,18,1110,19,1140,30,30,0,14.49,My Workplace,Own Workplace,Survey Home,At or Go Home,Work Related,Vehicle Driver,14 - 14.9,30 - 34,30
Y13H0260137P03T01,Y13H0260137P03,Y13H0260137,1,1,8,480,9,540,60,60,0,18.08,Survey Home,At or Go Home,My Workplace,Own Workplace,Work Related,Vehicle Driver,18 - 18.9,60 - 69,60
Y13H0260137P03T02,Y13H0260137P03,Y13H0260137,1,2,18,1080,19,1140,60,60,0,18.08,My Workplace,Own Workplace,Survey Home,At or Go Home,Work Related,Vehicle Driver,18 - 18.9,60 - 69,60
Y13H0260318P02T01,Y13H0260318P02,Y13H0260318,1,1,8,510,9,540,30,30,0,15.73,Survey Home,At or Go Home,My Workplace,Own Workplace,Work Related,Vehicle Driver,15 - 15.9,30 - 34,30
Y13H0260318P02T02,Y13H0260318P02,Y13H0260318,1,2,18,1106,19,1140,34,34,0,15.73,My Workplace,Own Workplace,Survey Home,At or Go Home,Work Related,Vehicle Driver,15 - 15.9,30 - 34,34
Y13H0260505P02T01,Y13H0260505P02,Y13H0260505,1,1,11,680,11,700,20,20,0,15.83,Survey Home,At or Go Home,My Workplace,Own Workplace,Work Related,Vehicle Driver,15 - 15.9,20 - 24,20
Y13H0260505P02T02,Y13H0260505P02,Y13H0260505,1,2,18,1110,19,1140,30,30,0,15.83,My Workplace,Own Workplace,Survey Home,At or Go Home,Work Related,Vehicle Driver,15 - 15.9,30 - 34,30
Y13H0280326P02T01,Y13H0280326P02,Y13H0280326,1,1,9,570,9,590,20,20,0,10.6,Survey Home,At or Go Home,My Workplace,Own Workplace,Work Related,Vehicle Driver,10 - 10.9,20 - 24,20
Y13H0280326P02T02,Y13H0280326P02,Y13H0280326,1,2,17,1050,17,1070,20,20,0,10.6,My Workplace,Own Workplace,Survey Home,At or Go Home,Work Related,Vehicle Driver,10 - 10.9,20 - 24,20
Y13H0280329P02T01,Y13H0280329P02,Y13H0280329,1,1,8,510,9,540,30,30,0,14.8,Survey Home,At or Go Home,My Workplace,Own Workplace,Work Related,Vehicle Driver,14 - 14.9,30 - 34,30
Y13H0280329P02T02,Y13H0280329P02,Y13H0280329,1,2,17,1050,18,1095,45,45,0,14.8,My Workplace,Own Workplace,Survey Home,At or Go Home,Work Related,Vehicle Driver,14 - 14.9,45 - 49,45
Y13H0280509P03T01,Y13H0280509P03,Y13H0280509,1,1,8,500,8,510,10,10,0,6.84,Survey Home,At or Go Home,My Workplace,Own Workplace,Work Related,Vehicle Driver,6 - 6.9,10. - 14.,10
Y13H0280509P03T02,Y13H0280509P03,Y13H0280509,1,2,17,1050,17,1065,15,15,0,6.84,My Workplace,Own Workplace,Survey Home,At or Go Home,Work Related,Vehicle Driver,6 - 6.9,15 - 19,15
Y13H0280516P02T01,Y13H0280516P02,Y13H0280516,1,1,9,570,9,575,5,5,0,1.58,Survey Home,At or Go Home,My Workplace,Own Workplace,Work Related,Vehicle Driver,1 - 1.9,5. - 9.,5
Y13H0280516P02T02,Y13H0280516P02,Y13H0280516,1,2,18,1110,18,1120,10,10,0,1.58,My Workplace,Own Workplace,Survey Home,At or Go Home,Work Related,Vehicle Driver,1 - 1.9,10. - 14.,10
Y13H0280517P01T01,Y13H0280517P01,Y13H0280517,1,1,8,480,8,495,15,15,0,5.32,Survey Home,At or Go Home,My Workplace,Own Workplace,Work Related,Vehicle Driver,5 - 5.9,15 - 19,15
Y13H0280517P01T02,Y13H0280517P01,Y13H0280517,1,2,18,1080,18,1095,15,15,0,5.32,My Workplace,Own Workplace,Survey Home,At or Go Home,Work Related,Vehicle Driver,5 - 5.9,15 - 19,15
Y13H0290523P02T01,Y13H0290523P02,Y13H0290523,1,1,8,480,8,510,30,30,0,8.92,Survey Home,At or Go Home,My Workplace,Own Workplace,Work Related,Vehicle Driver,8 - 8.9,30 - 34,30
Y13H0290523P02T02,Y13H0290523P02,Y13H0290523,1,2,17,1050,18,1080,30,30,0,8.92,My Workplace,Own Workplace,Survey Home,At or Go Home,Work Related,Vehicle Driver,8 - 8.9,30 - 34,30
Y13H0291024P01T01,Y13H0291024P01,Y13H0291024,1,1,9,580,9,590,10,10,0,11.38,Survey Home,At or Go Home,My Workplace,Own Workplace,Work Related,Vehicle Driver,11 - 11.9,10. - 14.,10
Y13H0291024P01T02,Y13H0291024P01,Y13H0291024,1,2,18,1095,18,1105,10,10,0,11.38,My Workplace,Own Workplace,Survey Home,At or Go Home,Work Related,Vehicle Driver,11 - 11.9,10. - 14.,10
Y13H0291031P01T01,Y13H0291031P01,Y13H0291031,1,1,8,480,8,500,20,20,0,7.04,Survey Home,At or Go Home,My Workplace,Own Workplace,Work Related,Vehicle Driver,7 - 7.9,20 - 24,20
Y13H0291031P01T02,Y13H0291031P01,Y13H0291031,1,2,18,1080,18,1100,20,20,0,7.04,My Workplace,Own Workplace,Survey Home,At or Go Home,Work Related,Vehicle Driver,7 - 7.9,20 - 24,20
Y13H0300107P02T01,Y13H0300107P02,Y13H0300107,1,1,9,555,9,585,30,30,0,17.99,Survey Home,At or Go Home,My Workplace,Own Workplace,Work Related,Vehicle Driver,17 - 17.9,30 - 34,30
Y13H0300107P02T02,Y13H0300107P02,Y13H0300107,1,2,17,1055,18,1085,30,30,0,17.99,My Workplace,Own Workplace,Survey Home,At or Go Home,Work Related,Vehicle Driver,17 - 17.9,30 - 34,30
Y13H0300301P02T01,Y13H0300301P02,Y13H0300301,1,1,8,480,8,495,15,15,0,3.29,Survey Home,At or Go Home,My Workplace,Own Workplace,Work Related,Vehicle Driver,3 - 3.9,15 - 19,15
Y13H0300301P02T02,Y13H0300301P02,Y13H0300301,1,2,18,1110,18,1125,15,15,0,3.29,My Workplace,Own Workplace,Survey Home,At or Go Home,Work Related,Vehicle Driver,3 - 3.9,15 - 19,15
Y13H0310229P02T01,Y13H0310229P02,Y13H0310229,1,1,9,555,9,570,15,15,0,5.94,Survey Home,At or Go Home,My Workplace,Own Workplace,Work Related,Vehicle Driver,5 - 5.9,15 - 19,15
Y13H0310229P02T02,Y13H0310229P02,Y13H0310229,1,2,18,1110,18,1125,15,15,0,5.94,My Workplace,Own Workplace,Survey Home,At or Go Home,Work Related,Vehicle Driver,5 - 5.9,15 - 19,15
Y13H0310316P02T01,Y13H0310316P02,Y13H0310316,1,1,8,480,9,540,60,60,0,7.86,Survey Home,At or Go Home,My Workplace,Own Workplace,Work Related,Vehicle Driver,7 - 7.9,60 - 69,60
Y13H0310316P02T02,Y13H0310316P02,Y13H0310316,1,2,17,1050,18,1080,30,30,0,7.86,My Workplace,Own Workplace,Survey Home,At or Go Home,Work Related,Vehicle Driver,7 - 7.9,30 - 34,30
Y13H0310340P01T01,Y13H0310340P01,Y13H0310340,2,1,10,600,10,640,30,40,10,10.99,Survey Home,At or Go Home,My Workplace,Own Workplace,Work Related,Vehicle Driver,10 - 10.9,40 - 44,5
Y13H0310340P01T02,Y13H0310340P01,Y13H0310340,1,2,18,1080,18,1115,35,35,0,9.73,My Workplace,Own Workplace,Survey Home,At or Go Home,Work Related,Vehicle Driver,9 - 9.9,35 - 39,35
Y13H0310422P01T01,Y13H0310422P01,Y13H0310422,1,1,8,483,8,501,18,18,0,5.7,Survey Home,At or Go Home,My Workplace,Own Workplace,Work Related,Vehicle Driver,5 - 5.9,15 - 19,18
Y13H0310422P01T02,Y13H0310422P01,Y13H0310422,1,2,17,1075,18,1100,25,25,0,5.7,My Workplace,Own Workplace,Survey Home,At or Go Home,Work Related,Vehicle Driver,5 - 5.9,25 - 29,25
Y13H0310423P01T01,Y13H0310423P01,Y13H0310423,1,1,8,480,8,505,25,25,0,3.32,Survey Home,At or Go Home,My Workplace,Own Workplace,Work Related,Vehicle Driver,3 - 3.9,25 - 29,25
Y13H0310423P01T02,Y13H0310423P01,Y13H0310423,1,2,20,1200,20,1215,15,15,0,3.32,My Workplace,Own Workplace,Survey Home,At or Go Home,Work Related,Vehicle Driver,3 - 3.9,15 - 19,15
Y13H0310512P01T01,Y13H0310512P01,Y13H0310512,1,1,8,480,8,520,40,40,0,6.8,Survey Home,At or Go Home,My Workplace,Own Workplace,Work Related,Vehicle Driver,6 - 6.9,40 - 44,40
Y13H0310512P01T02,Y13H0310512P01,Y13H0310512,1,2,18,1080,18,1125,45,45,0,6.8,My Workplace,Own Workplace,Survey Home,At or Go Home,Work Related,Vehicle Driver,6 - 6.9,45 - 49,45
Y13H0310539P01T01,Y13H0310539P01,Y13H0310539,1,1,8,495,9,540,45,45,0,10.82,Survey Home,At or Go Home,My Workplace,Own Workplace,Work Related,Vehicle Driver,10 - 10.9,45 - 49,45
Y13H0310539P01T02,Y13H0310539P01,Y13H0310539,1,2,19,1160,19,1185,25,25,0,10.82,My Workplace,Own Workplace,Survey Home,At or Go Home,Work Related,Vehicle Driver,10 - 10.9,25 - 29,25
Y13H0330117P03T01,Y13H0330117P03,Y13H0330117,1,1,8,510,8,535,25,25,0,9.92,Survey Home,At or Go Home,My Workplace,Own Workplace,Work Related,Vehicle Driver,9 - 9.9,25 - 29,25
Y13H0330117P03T02,Y13H0330117P03,Y13H0330117,1,2,18,1100,18,1120,20,20,0,9.92,My Workplace,Own Workplace,Survey Home,At or Go Home,Work Related,Vehicle Driver,9 - 9.9,20 - 24,20
Y13H0330238P01T01,Y13H0330238P01,Y13H0330238,1,1,8,480,8,510,30,30,0,14.02,Survey Home,At or Go Home,My Workplace,Own Workplace,Work Related,Vehicle Driver,14 - 14.9,30 - 34,30
Y13H0330238P01T02,Y13H0330238P01,Y13H0330238,1,2,17,1050,18,1080,30,30,0,14.02,My Workplace,Own Workplace,Survey Home,At or Go Home,Work Related,Vehicle Driver,14 - 14.9,30 - 34,30
Y13H0330324P01T01,Y13H0330324P01,Y13H0330324,1,1,8,510,9,540,30,30,0,11.82,Survey Home,At or Go Home,My Workplace,Own Workplace,Work Related,Vehicle Driver,11 - 11.9,30 - 34,30
Y13H0330324P01T02,Y13H0330324P01,Y13H0330324,1,2,17,1055,18,1095,40,40,0,11.82,My Workplace,Own Workplace,Survey Home,At or Go Home,Work Related,Vehicle Driver,11 - 11.9,40 - 44,40
Y13H0331020P01T01,Y13H0331020P01,Y13H0331020,1,1,8,510,8,520,10,10,0,4.51,Survey Home,At or Go Home,My Workplace,Own Workplace,Work Related,Vehicle Driver,4 - 4.9,10. - 14.,10
Y13H0331020P01T02,Y13H0331020P01,Y13H0331020,1,2,17,1050,17,1065,15,15,0,4.51,My Workplace,Own Workplace,Survey Home,At or Go Home,Work Related,Vehicle Driver,4 - 4.9,15 - 19,15
Y13H0340224P03T01,Y13H0340224P03,Y13H0340224,1,1,8,510,9,580,70,70,0,40.42,Survey Home,At or Go Home,My Workplace,Own Workplace,Work Related,Vehicle Driver,40 - 44.9,70 - 79,70
Y13H0340224P03T02,Y13H0340224P03,Y13H0340224,1,2,17,1075,19,1140,65,65,0,40.42,My Workplace,Own Workplace,Survey Home,At or Go Home,Work Related,Vehicle Driver,40 - 44.9,60 - 69,65
Y13H0340337P01T01,Y13H0340337P01,Y13H0340337,1,1,8,495,8,505,10,10,0,1.45,Survey Home,At or Go Home,My Workplace,Own Workplace,Work Related,Vehicle Driver,1 - 1.9,10. - 14.,10
Y13H0340337P01T02,Y13H0340337P01,Y13H0340337,1,2,17,1050,17,1070,20,20,0,1.45,My Workplace,Own Workplace,Survey Home,At or Go Home,Work Related,Vehicle Driver,1 - 1.9,20 - 24,20
Y13H0350132P01T01,Y13H0350132P01,Y13H0350132,1,1,8,480,8,525,45,45,0,30.58,Survey Home,At or Go Home,My Workplace,Own Workplace,Work Related,Vehicle Driver,30 - 34.9,45 - 49,45
Y13H0350132P01T02,Y13H0350132P01,Y13H0350132,1,2,19,1170,20,1220,50,50,0,30.58,My Workplace,Own Workplace,Survey Home,At or Go Home,Work Related,Vehicle Driver,30 - 34.9,50 - 54,50
Y13H0350310P02T01,Y13H0350310P02,Y13H0350310,1,1,8,480,8,495,15,15,0,4.12,Survey Home,At or Go Home,My Workplace,Own Workplace,Work Related,Vehicle Driver,4 - 4.9,15 - 19,15
Y13H0350310P02T02,Y13H0350310P02,Y13H0350310,1,2,18,1080,18,1090,10,10,0,4.12,My Workplace,Own Workplace,Survey Home,At or Go Home,Work Related,Vehicle Driver,4 - 4.9,10. - 14.,10
Y13H0350431P03T01,Y13H0350431P03,Y13H0350431,1,1,8,510,8,522,12,12,0,3.56,Survey Home,At or Go Home,My Workplace,Own Workplace,Work Related,Vehicle Driver,3 - 3.9,10. - 14.,12
Y13H0350431P03T02,Y13H0350431P03,Y13H0350431,1,2,18,1115,18,1130,15,15,0,3.56,My Workplace,Own Workplace,Survey Home,At or Go Home,Work Related,Vehicle Driver,3 - 3.9,15 - 19,15
Y13H0350511P01T01,Y13H0350511P01,Y13H0350511,1,1,12,720,12,730,10,10,0,2.01,Survey Home,At or Go Home,My Workplace,Own Workplace,Work Related,Vehicle Driver,2 - 2.9,10. - 14.,10
Y13H0350511P01T02,Y13H0350511P01,Y13H0350511,1,2,20,1230,20,1240,10,10,0,2.01,My Workplace,Own Workplace,Survey Home,At or Go Home,Work Related,Vehicle Driver,2 - 2.9,10. - 14.,10
Y13H0360118P01T01,Y13H0360118P01,Y13H0360118,1,1,9,570,9,595,25,25,0,15.85,Survey Home,At or Go Home,My Workplace,Own Workplace,Work Related,Vehicle Driver,15 - 15.9,25 - 29,25
Y13H0360118P01T02,Y13H0360118P01,Y13H0360118,1,2,18,1080,18,1105,25,25,0,15.85,My Workplace,Own Workplace,Survey Home,At or Go Home,Work Related,Vehicle Driver,15 - 15.9,25 - 29,25
Y13H0360233P02T01,Y13H0360233P02,Y13H0360233,1,1,8,480,8,505,25,25,0,11.44,Survey Home,At or Go Home,My Workplace,Own Workplace,Work Related,Vehicle Driver,11 - 11.9,25 - 29,25
Y13H0360233P02T02,Y13H0360233P02,Y13H0360233,1,2,17,1050,18,1095,45,45,0,11.44,My Workplace,Own Workplace,Survey Home,At or Go Home,Work Related,Vehicle Driver,11 - 11.9,45 - 49,45
Y13H0360319P04T01,Y13H0360319P04,Y13H0360319,1,1,9,585,9,595,10,10,0,4.96,Survey Home,At or Go Home,My Workplace,Own Workplace,Work Related,Vehicle Driver,4 - 4.9,10. - 14.,10
Y13H0360319P04T02,Y13H0360319P04,Y13H0360319,1,2,17,1050,17,1065,15,15,0,4.96,My Workplace,Own Workplace,Survey Home,At or Go Home,Work Related,Vehicle Driver,4 - 4.9,15 - 19,15
Y13H0360431P02T01,Y13H0360431P02,Y13H0360431,1,1,8,490,8,510,20,20,0,4.33,Survey Home,At or Go Home,My Workplace,Own Workplace,Work Related,Vehicle Driver,4 - 4.9,20 - 24,20
Y13H0360431P02T02,Y13H0360431P02,Y13H0360431,1,2,18,1080,18,1110,30,30,0,4.33,My Workplace,Own Workplace,Survey Home,At or Go Home,Work Related,Vehicle Driver,4 - 4.9,30 - 34,30
Y13H0360529P02T01,Y13H0360529P02,Y13H0360529,1,1,9,570,9,590,20,20,0,6.06,Survey Home,At or Go Home,My Workplace,Own Workplace,Work Related,Vehicle Driver,6 - 6.9,20 - 24,20
Y13H0360529P02T02,Y13H0360529P02,Y13H0360529,1,2,18,1095,18,1110,15,15,0,6.06,My Workplace,Own Workplace,Survey Home,At or Go Home,Work Related,Vehicle Driver,6 - 6.9,15 - 19,15
Y13H0380219P01T01,Y13H0380219P01,Y13H0380219,1,1,8,480,8,487,7,7,0,4.1,Survey Home,At or Go Home,My Workplace,Own Workplace,Work Related,Vehicle Driver,4 - 4.9,5. - 9.,7
Y13H0380219P01T02,Y13H0380219P01,Y13H0380219,1,2,17,1050,17,1060,10,10,0,4.1,My Workplace,Own Workplace,Survey Home,At or Go Home,Work Related,Vehicle Driver,4 - 4.9,10. - 14.,10
Y13H0380234P03T01,Y13H0380234P03,Y13H0380234,1,1,8,530,9,540,10,10,0,3.37,Survey Home,At or Go Home,My Workplace,Own Workplace,Work Related,Vehicle Driver,3 - 3.9,10. - 14.,10
Y13H0380234P03T02,Y13H0380234P03,Y13H0380234,1,2,18,1130,19,1140,10,10,0,3.37,My Workplace,Own Workplace,Survey Home,At or Go Home,Work Related,Vehicle Driver,3 - 3.9,10. - 14.,10
Y13H0380236P03T01,Y13H0380236P03,Y13H0380236,1,1,8,505,8,535,30,30,0,14.45,Survey Home,At or Go Home,My Workplace,Own Workplace,Work Related,Vehicle Driver,14 - 14.9,30 - 34,30
Y13H0380236P03T02,Y13H0380236P03,Y13H0380236,1,2,17,1065,18,1085,20,20,0,14.45,My Workplace,Own Workplace,Survey Home,At or Go Home,Work Related,Vehicle Driver,14 - 14.9,20 - 24,20
Y13H0380326P01T01,Y13H0380326P01,Y13H0380326,1,1,8,520,9,540,20,20,0,3.21,Survey Home,At or Go Home,My Workplace,Own Workplace,Work Related,Vehicle Driver,3 - 3.9,20 - 24,20
Y13H0380326P01T02,Y13H0380326P01,Y13H0380326,1,2,19,1140,19,1170,30,30,0,3.21,My Workplace,Own Workplace,Survey Home,At or Go Home,Work Related,Vehicle Driver,3 - 3.9,30 - 34,30
Y13H0380326P02T01,Y13H0380326P02,Y13H0380326,1,1,8,520,9,540,20,20,0,2.86,Survey Home,At or Go Home,My Workplace,Own Workplace,Work Related,Vehicle Driver,2 - 2.9,20 - 24,20
Y13H0380326P02T02,Y13H0380326P02,Y13H0380326,1,2,19,1140,19,1155,15,15,0,2.86,My Workplace,Own Workplace,Survey Home,At or Go Home,Work Related,Vehicle Driver,2 - 2.9,15 - 19,15
Y13H0380523P01T01,Y13H0380523P01,Y13H0380523,1,1,9,560,9,580,20,20,0,16.09,Survey Home,At or Go Home,My Workplace,Own Workplace,Work Related,Vehicle Driver,16 - 16.9,20 - 24,20
Y13H0380523P01T02,Y13H0380523P01,Y13H0380523,1,2,17,1050,17,1070,20,20,0,16.09,My Workplace,Own Workplace,Survey Home,At or Go Home,Work Related,Vehicle Driver,16 - 16.9,20 - 24,20
Y13H0390309P03T01,Y13H0390309P03,Y13H0390309,1,1,9,540,9,570,30,30,0,9.23,Survey Home,At or Go Home,My Workplace,Own Workplace,Work Related,Vehicle Driver,9 - 9.9,30 - 34,30
Y13H0390309P03T02,Y13H0390309P03,Y13H0390309,1,2,18,1080,18,1110,30,30,0,9.23,My Workplace,Own Workplace,Survey Home,At or Go Home,Work Related,Vehicle Driver,9 - 9.9,30 - 34,30
Y13H0400131P01T01,Y13H0400131P01,Y13H0400131,1,1,8,510,9,555,45,45,0,26.52,Survey Home,At or Go Home,My Workplace,Own Workplace,Work Related,Vehicle Driver,25 - 29.9,45 - 49,45
Y13H0400131P01T02,Y13H0400131P01,Y13H0400131,1,2,20,1230,21,1275,45,45,0,26.52,My Workplace,Own Workplace,Survey Home,At or Go Home,Work Related,Vehicle Driver,25 - 29.9,45 - 49,45
Y13H0400502P01T01,Y13H0400502P01,Y13H0400502,1,1,8,480,8,510,30,30,0,13.02,Survey Home,At or Go Home,My Workplace,Own Workplace,Work Related,Vehicle Driver,13 - 13.9,30 - 34,30
Y13H0400502P01T02,Y13H0400502P01,Y13H0400502,1,2,17,1050,18,1090,40,40,0,13.02,My Workplace,Own Workplace,Survey Home,At or Go Home,Work Related,Vehicle Driver,13 - 13.9,40 - 44,40
Y13H0410103P02T01,Y13H0410103P02,Y13H0410103,1,1,8,480,8,510,30,30,0,12.76,Survey Home,At or Go Home,My Workplace,Own Workplace,Work Related,Vehicle Driver,12 - 12.9,30 - 34,30
Y13H0410103P02T02,Y13H0410103P02,Y13H0410103,1,2,18,1080,18,1110,30,30,0,12.76,My Workplace,Own Workplace,Survey Home,At or Go Home,Work Related,Vehicle Driver,12 - 12.9,30 - 34,30
Y13H0410224P02T01,Y13H0410224P02,Y13H0410224,1,1,8,510,9,550,40,40,0,30.86,Survey Home,At or Go Home,My Workplace,Own Workplace,Work Related,Vehicle Driver,30 - 34.9,40 - 44,40
Y13H0410224P02T02,Y13H0410224P02,Y13H0410224,1,2,19,1170,20,1200,30,30,0,30.86,My Workplace,Own Workplace,Survey Home,At or Go Home,Work Related,Vehicle Driver,30 - 34.9,30 - 34,30
Y13H0410229P01T01,Y13H0410229P01,Y13H0410229,1,1,8,480,8,505,25,25,0,22.13,Survey Home,At or Go Home,My Workplace,Own Workplace,Work Related,Vehicle Driver,20 - 24.9,25 - 29,25
Y13H0410229P01T02,Y13H0410229P01,Y13H0410229,1,2,17,1050,17,1070,20,20,0,22.13,My Workplace,Own Workplace,Survey Home,At or Go Home,Work Related,Vehicle Driver,20 - 24.9,20 - 24,20
Y13H0410531P01T01,Y13H0410531P01,Y13H0410531,1,1,9,570,10,600,30,30,0,11.13,Survey Home,At or Go Home,My Workplace,Own Workplace,Work Related,Vehicle Driver,11 - 11.9,30 - 34,30
Y13H0410531P01T02,Y13H0410531P01,Y13H0410531,1,2,19,1140,19,1160,20,20,0,11.13,My Workplace,Own Workplace,Survey Home,At or Go Home,Work Related,Vehicle Driver,11 - 11.9,20 - 24,20
Y13H0420318P02T01,Y13H0420318P02,Y13H0420318,1,1,8,535,9,560,25,25,0,13.44,Survey Home,At or Go Home,My Workplace,Own Workplace,Work Related,Vehicle Driver,13 - 13.9,25 - 29,25
Y13H0420318P02T02,Y13H0420318P02,Y13H0420318,1,2,17,1070,18,1095,25,25,0,13.44,My Workplace,Own Workplace,Survey Home,At or Go Home,Work Related,Vehicle Driver,13 - 13.9,25 - 29,25
Y13H0420511P02T01,Y13H0420511P02,Y13H0420511,1,1,8,520,9,545,25,25,0,8.04,Survey Home,At or Go Home,My Workplace,Own Workplace,Work Related,Vehicle Driver,8 - 8.9,25 - 29,25
Y13H0420511P02T02,Y13H0420511P02,Y13H0420511,1,2,17,1050,17,1075,25,25,0,8.04,My Workplace,Own Workplace,Survey Home,At or Go Home,Work Related,Vehicle Driver,8 - 8.9,25 - 29,25
Y13H0420516P01T01,Y13H0420516P01,Y13H0420516,1,1,9,545,9,570,25,25,0,10.73,Survey Home,At or Go Home,My Workplace,Own Workplace,Work Related,Vehicle Driver,10 - 10.9,25 - 29,25
Y13H0420516P01T02,Y13H0420516P01,Y13H0420516,1,2,20,1250,21,1265,15,15,0,10.73,My Workplace,Own Workplace,Survey Home,At or Go Home,Work Related,Vehicle Driver,10 - 10.9,15 - 19,15
Y13H0430103P01T01,Y13H0430103P01,Y13H0430103,1,1,8,490,8,505,15,15,0,6.16,Survey Home,At or Go Home,My Workplace,Own Workplace,Work Related,Vehicle Driver,6 - 6.9,15 - 19,15
Y13H0430103P01T02,Y13H0430103P01,Y13H0430103,1,2,18,1090,18,1120,30,30,0,6.16,My Workplace,Own Workplace,Survey Home,At or Go Home,Work Related,Vehicle Driver,6 - 6.9,30 - 34,30
Y13H0430129P01T01,Y13H0430129P01,Y13H0430129,1,1,8,480,8,490,10,10,0,5.24,Survey Home,At or Go Home,My Workplace,Own Workplace,Work Related,Vehicle Driver,5 - 5.9,10. - 14.,10
Y13H0430129P01T02,Y13H0430129P01,Y13H0430129,1,2,18,1080,18,1090,10,10,0,5.24,My Workplace,Own Workplace,Survey Home,At or Go Home,Work Related,Vehicle Driver,5 - 5.9,10. - 14.,10
Y13H0430525P02T01,Y13H0430525P02,Y13H0430525,1,1,8,500,9,552,52,52,0,12.93,Survey Home,At or Go Home,My Workplace,Own Workplace,Work Related,Vehicle Driver,12 - 12.9,50 - 54,52
Y13H0430525P02T02,Y13H0430525P02,Y13H0430525,1,2,19,1160,19,1190,30,30,0,12.93,My Workplace,Own Workplace,Survey Home,At or Go Home,Work Related,Vehicle Driver,12 - 12.9,30 - 34,30
Y13H0430532P01T01,Y13H0430532P01,Y13H0430532,1,1,8,480,8,500,20,20,0,6.15,Survey Home,At or Go Home,My Workplace,Own Workplace,Work Related,Vehicle Driver,6 - 6.9,20 - 24,20
Y13H0430532P01T02,Y13H0430532P01,Y13H0430532,1,2,17,1050,17,1070,20,20,0,6.15,My Workplace,Own Workplace,Survey Home,At or Go Home,Work Related,Vehicle Driver,6 - 6.9,20 - 24,20
Y13H0430532P02T01,Y13H0430532P02,Y13H0430532,1,1,8,480,8,505,25,25,0,14.8,Survey Home,At or Go Home,My Workplace,Own Workplace,Work Related,Vehicle Driver,14 - 14.9,25 - 29,25
Y13H0430532P02T02,Y13H0430532P02,Y13H0430532,1,2,18,1080,18,1105,25,25,0,14.8,My Workplace,Own Workplace,Survey Home,At or Go Home,Work Related,Vehicle Driver,14 - 14.9,25 - 29,25
Y13H0430538P02T01,Y13H0430538P02,Y13H0430538,1,1,8,490,8,505,15,15,0,5.76,Survey Home,At or Go Home,My Workplace,Own Workplace,Work Related,Vehicle Driver,5 - 5.9,15 - 19,15
Y13H0430538P02T02,Y13H0430538P02,Y13H0430538,1,2,18,1110,18,1120,10,10,0,5.76,My Workplace,Own Workplace,Survey Home,At or Go Home,Work Related,Vehicle Driver,5 - 5.9,10. - 14.,10
Y13H0431016P01T01,Y13H0431016P01,Y13H0431016,1,1,9,540,9,544,4,4,0,2.03,Survey Home,At or Go Home,My Workplace,Own Workplace,Work Related,Vehicle Driver,2 - 2.9,0 - 4,4
Y13H0431016P01T02,Y13H0431016P01,Y13H0431016,1,2,17,1065,18,1080,15,15,0,2.03,My Workplace,Own Workplace,Survey Home,At or Go Home,Work Related,Vehicle Driver,2 - 2.9,15 - 19,15
Y13H0450316P01T01,Y13H0450316P01,Y13H0450316,1,1,9,540,9,570,30,30,0,10.02,Survey Home,At or Go Home,My Workplace,Own Workplace,Work Related,Vehicle Driver,10 - 10.9,30 - 34,30
Y13H0450316P01T02,Y13H0450316P01,Y13H0450316,1,2,18,1080,18,1110,30,30,0,10.02,My Workplace,Own Workplace,Survey Home,At or Go Home,Work Related,Vehicle Driver,10 - 10.9,30 - 34,30
Y13H0450316P03T01,Y13H0450316P03,Y13H0450316,1,1,10,630,11,660,30,30,0,11.23,Survey Home,At or Go Home,My Workplace,Own Workplace,Work Related,Vehicle Driver,11 - 11.9,30 - 34,30
Y13H0450316P03T02,Y13H0450316P03,Y13H0450316,1,2,18,1080,18,1110,30,30,0,11.23,My Workplace,Own Workplace,Survey Home,At or Go Home,Work Related,Vehicle Driver,11 - 11.9,30 - 34,30
Y13H0450509P02T01,Y13H0450509P02,Y13H0450509,1,1,8,480,8,510,30,30,0,8.24,Survey Home,At or Go Home,My Workplace,Own Workplace,Work Related,Vehicle Driver,8 - 8.9,30 - 34,30
Y13H0450509P02T02,Y13H0450509P02,Y13H0450509,1,2,18,1080,18,1110,30,30,0,8.24,My Workplace,Own Workplace,Survey Home,At or Go Home,Work Related,Vehicle Driver,8 - 8.9,30 - 34,30
Y13H0460115P01T01,Y13H0460115P01,Y13H0460115,1,1,8,510,9,540,30,30,0,18.37,Survey Home,At or Go Home,My Workplace,Own Workplace,Work Related,Vehicle Driver,18 - 18.9,30 - 34,30
Y13H0460115P01T02,Y13H0460115P01,Y13H0460115,1,2,20,1230,21,1260,30,30,0,18.37,My Workplace,Own Workplace,Survey Home,At or Go Home,Work Related,Vehicle Driver,18 - 18.9,30 - 34,30
Y13H0460216P01T01,Y13H0460216P01,Y13H0460216,2,1,8,480,8,515,35,35,0,11.79,Survey Home,At or Go Home,My Workplace,Own Workplace,Work Related,Vehicle Driver,11 - 11.9,35 - 39,25
Y13H0460216P01T02,Y13H0460216P01,Y13H0460216,2,2,18,1105,18,1125,20,20,0,11.79,My Workplace,Own Workplace,Survey Home,At or Go Home,Work Related,Vehicle Driver,11 - 11.9,20 - 24,10
Y13H0461019P01T01,Y13H0461019P01,Y13H0461019,1,1,8,480,8,520,40,40,0,27.91,Survey Home,At or Go Home,My Workplace,Own Workplace,Work Related,Vehicle Driver,25 - 29.9,40 - 44,40
Y13H0461019P01T02,Y13H0461019P01,Y13H0461019,1,2,18,1080,18,1120,40,40,0,27.91,My Workplace,Own Workplace,Survey Home,At or Go Home,Work Related,Vehicle Driver,25 - 29.9,40 - 44,40
Y13H0461023P01T01,Y13H0461023P01,Y13H0461023,1,1,10,600,10,640,40,40,0,23.64,Survey Home,At or Go Home,My Workplace,Own Workplace,Work Related,Vehicle Driver,20 - 24.9,40 - 44,40
Y13H0461023P01T02,Y13H0461023P01,Y13H0461023,1,2,18,1135,19,1175,40,40,0,23.64,My Workplace,Own Workplace,Survey Home,At or Go Home,Work Related,Vehicle Driver,20 - 24.9,40 - 44,40
Y13H0470215P01T01,Y13H0470215P01,Y13H0470215,1,1,8,510,9,540,30,30,0,10.88,Survey Home,At or Go Home,My Workplace,Own Workplace,Work Related,Vehicle Driver,10 - 10.9,30 - 34,30
Y13H0470215P01T02,Y13H0470215P01,Y13H0470215,1,2,17,1060,18,1110,50,50,0,10.88,My Workplace,Own Workplace,Survey Home,At or Go Home,Work Related,Vehicle Driver,10 - 10.9,50 - 54,50
Y13H0470215P02T01,Y13H0470215P02,Y13H0470215,1,1,8,480,9,540,60,60,0,33.25,Survey Home,At or Go Home,My Workplace,Own Workplace,Work Related,Vehicle Driver,30 - 34.9,60 - 69,60
Y13H0470215P02T02,Y13H0470215P02,Y13H0470215,1,2,17,1060,19,1140,80,80,0,33.25,My Workplace,Own Workplace,Survey Home,At or Go Home,Work Related,Vehicle Driver,30 - 34.9,80 - 89,80
Y13H0470234P03T01,Y13H0470234P03,Y13H0470234,1,1,12,723,12,747,24,24,0,15.76,Survey Home,At or Go Home,My Workplace,Own Workplace,Work Related,Vehicle Driver,15 - 15.9,20 - 24,24
Y13H0470234P03T02,Y13H0470234P03,Y13H0470234,1,2,18,1085,18,1110,25,25,0,15.76,My Workplace,Own Workplace,Survey Home,At or Go Home,Work Related,Vehicle Driver,15 - 15.9,25 - 29,25
Y13H0470237P01T01,Y13H0470237P01,Y13H0470237,1,1,8,490,8,500,10,10,0,2.74,Survey Home,At or Go Home,My Workplace,Own Workplace,Work Related,Vehicle Driver,2 - 2.9,10. - 14.,10
Y13H0470237P01T02,Y13H0470237P01,Y13H0470237,1,2,17,1065,17,1075,10,10,0,2.74,My Workplace,Own Workplace,Survey Home,At or Go Home,Work Related,Vehicle Driver,2 - 2.9,10. - 14.,10
Y13H0480224P02T01,Y13H0480224P02,Y13H0480224,1,1,9,555,9,565,10,10,0,2.47,Survey Home,At or Go Home,My Workplace,Own Workplace,Work Related,Vehicle Driver,2 - 2.9,10. - 14.,10
Y13H0480224P02T02,Y13H0480224P02,Y13H0480224,1,2,17,1050,17,1065,15,15,0,2.47,My Workplace,Own Workplace,Survey Home,At or Go Home,Work Related,Vehicle Driver,2 - 2.9,15 - 19,15
Y13H0480238P01T01,Y13H0480238P01,Y13H0480238,1,1,11,675,11,705,30,30,0,8.28,Survey Home,At or Go Home,My Workplace,Own Workplace,Work Related,Vehicle Driver,8 - 8.9,30 - 34,30
Y13H0480238P01T02,Y13H0480238P01,Y13H0480238,1,2,18,1095,18,1110,15,15,0,8.28,My Workplace,Own Workplace,Survey Home,At or Go Home,Work Related,Vehicle Driver,8 - 8.9,15 - 19,15
Y13H0500309P02T01,Y13H0500309P02,Y13H0500309,1,1,8,510,9,540,30,30,0,9.91,Survey Home,At or Go Home,My Workplace,Own Workplace,Work Related,Vehicle Driver,9 - 9.9,30 - 34,30
Y13H0500309P02T02,Y13H0500309P02,Y13H0500309,1,2,17,1050,18,1080,30,30,0,9.91,My Workplace,Own Workplace,Survey Home,At or Go Home,Work Related,Vehicle Driver,9 - 9.9,30 - 34,30
Y13H0500526P01T01,Y13H0500526P01,Y13H0500526,1,1,8,510,8,520,10,10,0,2.66,Survey Home,At or Go Home,My Workplace,Own Workplace,Work Related,Vehicle Driver,2 - 2.9,10. - 14.,10
Y13H0500526P01T02,Y13H0500526P01,Y13H0500526,1,2,17,1050,17,1060,10,10,0,2.66,My Workplace,Own Workplace,Survey Home,At or Go Home,Work Related,Vehicle Driver,2 - 2.9,10. - 14.,10
Y13H0500526P02T01,Y13H0500526P02,Y13H0500526,1,1,8,480,8,490,10,10,0,4.26,Survey Home,At or Go Home,My Workplace,Own Workplace,Work Related,Vehicle Driver,4 - 4.9,10. - 14.,10
Y13H0500526P02T02,Y13H0500526P02,Y13H0500526,1,2,18,1090,18,1100,10,10,0,4.26,My Workplace,Own Workplace,Survey Home,At or Go Home,Work Related,Vehicle Driver,4 - 4.9,10. - 14.,10
Y13H0501020P01T01,Y13H0501020P01,Y13H0501020,1,1,8,510,8,530,20,20,0,15.24,Survey Home,At or Go Home,My Workplace,Own Workplace,Work Related,Vehicle Driver,15 - 15.9,20 - 24,20
Y13H0501020P01T02,Y13H0501020P01,Y13H0501020,1,2,18,1080,18,1100,20,20,0,15.24,My Workplace,Own Workplace,Survey Home,At or Go Home,Work Related,Vehicle Driver,15 - 15.9,20 - 24,20
Y13H0510104P02T01,Y13H0510104P02,Y13H0510104,1,1,9,540,9,560,20,20,0,5.81,Survey Home,At or Go Home,My Workplace,Own Workplace,Work Related,Vehicle Driver,5 - 5.9,20 - 24,20
Y13H0510104P02T02,Y13H0510104P02,Y13H0510104,1,2,18,1110,18,1125,15,15,0,5.81,My Workplace,Own Workplace,Survey Home,At or Go Home,Work Related,Vehicle Driver,5 - 5.9,15 - 19,15
Y13H0510123P05T01,Y13H0510123P05,Y13H0510123,1,1,10,603,11,660,57,57,0,17.35,Survey Home,At or Go Home,My Workplace,Own Workplace,Work Related,Vehicle Driver,17 - 17.9,55 - 59,57
Y13H0510123P05T02,Y13H0510123P05,Y13H0510123,1,2,20,1200,20,1230,30,30,0,17.35,My Workplace,Own Workplace,Survey Home,At or Go Home,Work Related,Vehicle Driver,17 - 17.9,30 - 34,30
Y13H0510123P06T01,Y13H0510123P06,Y13H0510123,1,1,8,510,9,540,30,30,0,5.6,Survey Home,At or Go Home,My Workplace,Own Workplace,Work Related,Vehicle Driver,5 - 5.9,30 - 34,30
Y13H0510123P06T02,Y13H0510123P06,Y13H0510123,1,2,18,1080,18,1085,5,5,0,5.6,My Workplace,Own Workplace,Survey Home,At or Go Home,Work Related,Vehicle Driver,5 - 5.9,5. - 9.,5
Y13H0510126P02T01,Y13H0510126P02,Y13H0510126,1,1,8,485,8,495,10,10,0,6.48,Survey Home,At or Go Home,My Workplace,Own Workplace,Work Related,Vehicle Driver,6 - 6.9,10. - 14.,10
Y13H0510126P02T02,Y13H0510126P02,Y13H0510126,1,2,17,1065,17,1075,10,10,0,6.48,My Workplace,Own Workplace,Survey Home,At or Go Home,Work Related,Vehicle Driver,6 - 6.9,10. - 14.,10
Y13H0510405P01T01,Y13H0510405P01,Y13H0510405,1,1,8,510,9,555,45,45,0,3.98,Survey Home,At or Go Home,My Workplace,Own Workplace,Work Related,Vehicle Driver,3 - 3.9,45 - 49,45
Y13H0510405P01T02,Y13H0510405P01,Y13H0510405,1,2,17,1065,18,1100,35,35,0,3.98,My Workplace,Own Workplace,Survey Home,At or Go Home,Work Related,Vehicle Driver,3 - 3.9,35 - 39,35
Y13H0510433P01T01,Y13H0510433P01,Y13H0510433,1,1,8,510,9,540,30,30,0,10.33,Survey Home,At or Go Home,My Workplace,Own Workplace,Work Related,Vehicle Driver,10 - 10.9,30 - 34,30
Y13H0510433P01T02,Y13H0510433P01,Y13H0510433,1,2,18,1110,18,1130,20,20,0,10.33,My Workplace,Own Workplace,Survey Home,At or Go Home,Work Related,Vehicle Driver,10 - 10.9,20 - 24,20
Y13H0521009P02T01,Y13H0521009P02,Y13H0521009,1,1,8,480,8,515,35,35,0,14.17,Survey Home,At or Go Home,My Workplace,Own Workplace,Work Related,Vehicle Driver,14 - 14.9,35 - 39,35
Y13H0521009P02T02,Y13H0521009P02,Y13H0521009,1,2,18,1080,18,1115,35,35,0,14.17,My Workplace,Own Workplace,Survey Home,At or Go Home,Work Related,Vehicle Driver,14 - 14.9,35 - 39,35
Y13H0530108P02T01,Y13H0530108P02,Y13H0530108,1,1,8,495,8,535,40,40,0,11.81,Survey Home,At or Go Home,My Workplace,Own Workplace,Work Related,Vehicle Driver,11 - 11.9,40 - 44,40
Y13H0530108P02T02,Y13H0530108P02,Y13H0530108,1,2,19,1140,19,1160,20,20,0,11.81,My Workplace,Own Workplace,Survey Home,At or Go Home,Work Related,Vehicle Driver,11 - 11.9,20 - 24,20
Y13H0530111P01T01,Y13H0530111P01,Y13H0530111,1,1,8,520,9,550,30,30,0,15.43,Survey Home,At or Go Home,My Workplace,Own Workplace,Work Related,Vehicle Driver,15 - 15.9,30 - 34,30
Y13H0530111P01T02,Y13H0530111P01,Y13H0530111,1,2,17,1060,18,1125,65,65,0,15.43,My Workplace,Own Workplace,Survey Home,At or Go Home,Work Related,Vehicle Driver,15 - 15.9,60 - 69,65
Y13H0530111P02T01,Y13H0530111P02,Y13H0530111,1,1,8,505,9,560,55,55,0,14.71,Survey Home,At or Go Home,My Workplace,Own Workplace,Work Related,Vehicle Driver,14 - 14.9,55 - 59,55
Y13H0530111P02T02,Y13H0530111P02,Y13H0530111,1,2,17,1060,18,1110,50,50,0,14.71,My Workplace,Own Workplace,Survey Home,At or Go Home,Work Related,Vehicle Driver,14 - 14.9,50 - 54,50
Y13H0530139P02T01,Y13H0530139P02,Y13H0530139,1,1,8,480,8,520,40,40,0,15.14,Survey Home,At or Go Home,My Workplace,Own Workplace,Work Related,Vehicle Driver,15 - 15.9,40 - 44,40
Y13H0530139P02T02,Y13H0530139P02,Y13H0530139,1,2,18,1110,19,1150,40,40,0,15.14,My Workplace,Own Workplace,Survey Home,At or Go Home,Work Related,Vehicle Driver,15 - 15.9,40 - 44,40
Y13H0540410P03T01,Y13H0540410P03,Y13H0540410,1,1,8,480,8,530,50,50,0,20.46,Survey Home,At or Go Home,My Workplace,Own Workplace,Work Related,Vehicle Driver,20 - 24.9,50 - 54,50
Y13H0540410P03T02,Y13H0540410P03,Y13H0540410,1,2,18,1110,19,1155,45,45,0,20.46,My Workplace,Own Workplace,Survey Home,At or Go Home,Work Related,Vehicle Driver,20 - 24.9,45 - 49,45
Y13H0541004P01T01,Y13H0541004P01,Y13H0541004,1,1,9,570,9,590,20,20,0,9.22,Survey Home,At or Go Home,My Workplace,Own Workplace,Work Related,Vehicle Driver,9 - 9.9,20 - 24,20
Y13H0541004P01T02,Y13H0541004P01,Y13H0541004,1,2,19,1170,20,1200,30,30,0,9.22,My Workplace,Own Workplace,Survey Home,At or Go Home,Work Related,Vehicle Driver,9 - 9.9,30 - 34,30
Y13H0541023P02T01,Y13H0541023P02,Y13H0541023,1,1,8,525,8,535,10,10,0,4.22,Survey Home,At or Go Home,My Workplace,Own Workplace,Work Related,Vehicle Driver,4 - 4.9,10. - 14.,10
Y13H0541023P02T02,Y13H0541023P02,Y13H0541023,1,2,17,1050,17,1063,13,13,0,4.22,My Workplace,Own Workplace,Survey Home,At or Go Home,Work Related,Vehicle Driver,4 - 4.9,10. - 14.,13
Y13H0550109P04T01,Y13H0550109P04,Y13H0550109,1,1,8,510,8,530,20,20,0,3.25,Survey Home,At or Go Home,My Workplace,Own Workplace,Work Related,Vehicle Driver,3 - 3.9,20 - 24,20
Y13H0550109P04T02,Y13H0550109P04,Y13H0550109,1,2,17,1054,17,1075,21,21,0,3.25,My Workplace,Own Workplace,Survey Home,At or Go Home,Work Related,Vehicle Driver,3 - 3.9,20 - 24,21
Y13H0550337P01T01,Y13H0550337P01,Y13H0550337,1,1,8,480,8,490,10,10,0,7.63,Survey Home,At or Go Home,My Workplace,Own Workplace,Work Related,Vehicle Driver,7 - 7.9,10. - 14.,10
Y13H0550337P01T02,Y13H0550337P01,Y13H0550337,1,2,20,1200,20,1210,10,10,0,7.63,My Workplace,Own Workplace,Survey Home,At or Go Home,Work Related,Vehicle Driver,7 - 7.9,10. - 14.,10
Y13H0570202P01T01,Y13H0570202P01,Y13H0570202,2,1,9,540,9,585,45,45,0,13.77,Survey Home,At or Go Home,My Workplace,Own Workplace,Work Related,Vehicle Driver,13 - 13.9,45 - 49,35
Y13H0570202P01T02,Y13H0570202P01,Y13H0570202,2,2,18,1115,19,1160,45,45,0,13.77,My Workplace,Own Workplace,Survey Home,At or Go Home,Work Related,Vehicle Driver,13 - 13.9,45 - 49,10
Y13H0580424P01T01,Y13H0580424P01,Y13H0580424,1,1,8,510,8,511,1,1,0,0.73,Survey Home,At or Go Home,My Workplace,Own Workplace,Work Related,Vehicle Driver,0 - 0.9,0 - 4,1
Y13H0580424P01T02,Y13H0580424P01,Y13H0580424,1,2,17,1050,17,1052,2,2,0,0.73,My Workplace,Own Workplace,Survey Home,At or Go Home,Work Related,Vehicle Driver,0 - 0.9,0 - 4,2
Y13H0581038P01T01,Y13H0581038P01,Y13H0581038,1,1,8,495,8,510,15,15,0,4.19,Survey Home,At or Go Home,My Workplace,Own Workplace,Work Related,Vehicle Driver,4 - 4.9,15 - 19,15
Y13H0581038P01T02,Y13H0581038P01,Y13H0581038,1,2,18,1080,18,1095,15,15,0,4.19,My Workplace,Own Workplace,Survey Home,At or Go Home,Work Related,Vehicle Driver,4 - 4.9,15 - 19,15
Y13H0590140P01T01,Y13H0590140P01,Y13H0590140,1,1,8,480,8,510,30,30,0,29.35,Survey Home,At or Go Home,My Workplace,Own Workplace,Work Related,Vehicle Driver,25 - 29.9,30 - 34,30
Y13H0590140P01T02,Y13H0590140P01,Y13H0590140,1,2,18,1110,19,1140,30,30,0,29.35,My Workplace,Own Workplace,Survey Home,At or Go Home,Work Related,Vehicle Driver,25 - 29.9,30 - 34,30
Y13H0600236P02T01,Y13H0600236P02,Y13H0600236,1,1,8,480,8,500,20,20,0,16.96,Survey Home,At or Go Home,My Workplace,Own Workplace,Work Related,Vehicle Driver,16 - 16.9,20 - 24,20
Y13H0600236P02T02,Y13H0600236P02,Y13H0600236,1,2,17,1050,18,1080,30,30,0,16.96,My Workplace,Own Workplace,Survey Home,At or Go Home,Work Related,Vehicle Driver,16 - 16.9,30 - 34,30
Y13H0600303P01T01,Y13H0600303P01,Y13H0600303,1,1,8,510,9,540,30,30,0,17.45,Survey Home,At or Go Home,My Workplace,Own Workplace,Work Related,Vehicle Driver,17 - 17.9,30 - 34,30
Y13H0600303P01T02,Y13H0600303P01,Y13H0600303,1,2,17,1050,18,1095,45,45,0,17.45,My Workplace,Own Workplace,Survey Home,At or Go Home,Work Related,Vehicle Driver,17 - 17.9,45 - 49,45
Y13H0600303P02T01,Y13H0600303P02,Y13H0600303,1,1,11,710,12,750,40,40,0,16.68,Survey Home,At or Go Home,My Workplace,Own Workplace,Work Related,Vehicle Driver,16 - 16.9,40 - 44,40
Y13H0600303P02T02,Y13H0600303P02,Y13H0600303,1,2,18,1085,18,1115,30,30,0,16.68,My Workplace,Own Workplace,Survey Home,At or Go Home,Work Related,Vehicle Driver,16 - 16.9,30 - 34,30
Y13H0610205P01T01,Y13H0610205P01,Y13H0610205,1,1,10,600,10,645,45,45,0,22.73,Survey Home,At or Go Home,My Workplace,Own Workplace,Work Related,Vehicle Driver,20 - 24.9,45 - 49,45
Y13H0610205P01T02,Y13H0610205P01,Y13H0610205,1,2,18,1080,19,1170,90,90,0,22.73,My Workplace,Own Workplace,Survey Home,At or Go Home,Work Related,Vehicle Driver,20 - 24.9,90 - 99,90
Y13H0620104P01T01,Y13H0620104P01,Y13H0620104,1,1,8,480,9,555,75,75,0,21.33,Survey Home,At or Go Home,My Workplace,Own Workplace,Work Related,Vehicle Driver,20 - 24.9,70 - 79,75
Y13H0620104P01T02,Y13H0620104P01,Y13H0620104,1,2,17,1050,18,1110,60,60,0,21.33,My Workplace,Own Workplace,Survey Home,At or Go Home,Work Related,Vehicle Driver,20 - 24.9,60 - 69,60
Y13H0620110P03T01,Y13H0620110P03,Y13H0620110,1,1,9,540,9,580,40,40,0,23.85,Survey Home,At or Go Home,My Workplace,Own Workplace,Work Related,Vehicle Driver,20 - 24.9,40 - 44,40
Y13H0620110P03T02,Y13H0620110P03,Y13H0620110,1,2,18,1080,18,1120,40,40,0,23.85,My Workplace,Own Workplace,Survey Home,At or Go Home,Work Related,Vehicle Driver,20 - 24.9,40 - 44,40
Y13H0620115P01T01,Y13H0620115P01,Y13H0620115,1,1,8,480,8,510,30,30,0,13.06,Survey Home,At or Go Home,My Workplace,Own Workplace,Work Related,Vehicle Driver,13 - 13.9,30 - 34,30
Y13H0620115P01T02,Y13H0620115P01,Y13H0620115,1,2,17,1050,18,1080,30,30,0,13.06,My Workplace,Own Workplace,Survey Home,At or Go Home,Work Related,Vehicle Driver,13 - 13.9,30 - 34,30
Y13H0620217P01T01,Y13H0620217P01,Y13H0620217,1,1,8,480,8,510,30,30,0,13.74,Survey Home,At or Go Home,My Workplace,Own Workplace,Work Related,Vehicle Driver,13 - 13.9,30 - 34,30
Y13H0620217P01T02,Y13H0620217P01,Y13H0620217,1,2,18,1080,18,1110,30,30,0,13.74,My Workplace,Own Workplace,Survey Home,At or Go Home,Work Related,Vehicle Driver,13 - 13.9,30 - 34,30
Y13H0630336P01T01,Y13H0630336P01,Y13H0630336,1,1,9,570,10,600,30,30,0,16.87,Survey Home,At or Go Home,My Workplace,Own Workplace,Work Related,Vehicle Driver,16 - 16.9,30 - 34,30
Y13H0630336P01T02,Y13H0630336P01,Y13H0630336,1,2,18,1080,18,1115,35,35,0,16.87,My Workplace,Own Workplace,Survey Home,At or Go Home,Work Related,Vehicle Driver,16 - 16.9,35 - 39,35
Y13H0640202P02T01,Y13H0640202P02,Y13H0640202,1,1,8,510,9,570,60,60,0,10.48,Survey Home,At or Go Home,My Workplace,Own Workplace,Work Related,Vehicle Driver,10 - 10.9,60 - 69,60
Y13H0640202P02T02,Y13H0640202P02,Y13H0640202,1,2,18,1110,19,1140,30,30,0,10.48,My Workplace,Own Workplace,Survey Home,At or Go Home,Work Related,Vehicle Driver,10 - 10.9,30 - 34,30
Y13H0640510P03T01,Y13H0640510P03,Y13H0640510,1,1,8,510,9,550,40,40,0,16.72,Survey Home,At or Go Home,My Workplace,Own Workplace,Work Related,Vehicle Driver,16 - 16.9,40 - 44,40
Y13H0640510P03T02,Y13H0640510P03,Y13H0640510,1,2,17,1050,18,1090,40,40,0,16.72,My Workplace,Own Workplace,Survey Home,At or Go Home,Work Related,Vehicle Driver,16 - 16.9,40 - 44,40
Y13H0650433P03T01,Y13H0650433P03,Y13H0650433,1,1,8,480,9,570,90,90,0,58.72,Survey Home,At or Go Home,My Workplace,Own Workplace,Work Related,Vehicle Driver,50 - 59.9,90 - 99,90
Y13H0650433P03T02,Y13H0650433P03,Y13H0650433,1,2,18,1110,19,1170,60,60,0,58.72,My Workplace,Own Workplace,Survey Home,At or Go Home,Work Related,Vehicle Driver,50 - 59.9,60 - 69,60
Y13H0660203P03T01,Y13H0660203P03,Y13H0660203,1,1,8,493,9,540,47,47,0,13.25,Survey Home,At or Go Home,My Workplace,Own Workplace,Work Related,Vehicle Driver,13 - 13.9,45 - 49,47
Y13H0660203P03T02,Y13H0660203P03,Y13H0660203,1,2,17,1050,18,1095,45,45,0,13.25,My Workplace,Own Workplace,Survey Home,At or Go Home,Work Related,Vehicle Driver,13 - 13.9,45 - 49,45
Y13H0660432P03T01,Y13H0660432P03,Y13H0660432,1,1,9,570,9,595,25,25,0,26.21,Survey Home,At or Go Home,My Workplace,Own Workplace,Work Related,Vehicle Driver,25 - 29.9,25 - 29,25
Y13H0660432P03T02,Y13H0660432P03,Y13H0660432,1,2,18,1080,18,1130,50,50,0,26.21,My Workplace,Own Workplace,Survey Home,At or Go Home,Work Related,Vehicle Driver,25 - 29.9,50 - 54,50
Y13H0660441P01T01,Y13H0660441P01,Y13H0660441,1,1,10,600,10,625,25,25,0,12.26,Survey Home,At or Go Home,My Workplace,Own Workplace,Work Related,Vehicle Driver,12 - 12.9,25 - 29,25
Y13H0660441P01T02,Y13H0660441P01,Y13H0660441,1,2,18,1105,18,1130,25,25,0,12.26,My Workplace,Own Workplace,Survey Home,At or Go Home,Work Related,Vehicle Driver,12 - 12.9,25 - 29,25
Y13H0670401P01T01,Y13H0670401P01,Y13H0670401,1,1,9,585,10,615,30,30,0,28.51,Survey Home,At or Go Home,My Workplace,Own Workplace,Work Related,Vehicle Driver,25 - 29.9,30 - 34,30
Y13H0670401P01T02,Y13H0670401P01,Y13H0670401,1,2,19,1140,19,1170,30,30,0,28.51,My Workplace,Own Workplace,Survey Home,At or Go Home,Work Related,Vehicle Driver,25 - 29.9,30 - 34,30
Y13H0680136P02T01,Y13H0680136P02,Y13H0680136,1,1,8,530,9,550,20,20,0,6.77,Survey Home,At or Go Home,My Workplace,Own Workplace,Work Related,Vehicle Driver,6 - 6.9,20 - 24,20
Y13H0680136P02T02,Y13H0680136P02,Y13H0680136,1,2,17,1050,17,1070,20,20,0,6.77,My Workplace,Own Workplace,Survey Home,At or Go Home,Work Related,Vehicle Driver,6 - 6.9,20 - 24,20
Y13H0680506P02T01,Y13H0680506P02,Y13H0680506,1,1,9,540,9,570,30,30,0,3.46,Survey Home,At or Go Home,My Workplace,Own Workplace,Work Related,Vehicle Driver,3 - 3.9,30 - 34,30
Y13H0680506P02T02,Y13H0680506P02,Y13H0680506,1,2,20,1200,20,1230,30,30,0,3.46,My Workplace,Own Workplace,Survey Home,At or Go Home,Work Related,Vehicle Driver,3 - 3.9,30 - 34,30
Y13H0680511P01T01,Y13H0680511P01,Y13H0680511,1,1,8,525,9,540,15,15,0,2.64,Survey Home,At or Go Home,My Workplace,Own Workplace,Work Related,Vehicle Driver,2 - 2.9,15 - 19,15
Y13H0680511P01T02,Y13H0680511P01,Y13H0680511,1,2,17,1050,18,1080,30,30,0,2.64,My Workplace,Own Workplace,Survey Home,At or Go Home,Work Related,Vehicle Driver,2 - 2.9,30 - 34,30
Y13H0680524P02T01,Y13H0680524P02,Y13H0680524,1,1,8,500,9,541,41,41,0,8.5,Survey Home,At or Go Home,My Workplace,Own Workplace,Work Related,Vehicle Driver,8 - 8.9,40 - 44,41
Y13H0680524P02T02,Y13H0680524P02,Y13H0680524,1,2,17,1060,18,1100,40,40,0,8.5,My Workplace,Own Workplace,Survey Home,At or Go Home,Work Related,Vehicle Driver,8 - 8.9,40 - 44,40
Y13H0680538P01T01,Y13H0680538P01,Y13H0680538,1,1,8,525,9,550,25,25,0,5.16,Survey Home,At or Go Home,My Workplace,Own Workplace,Work Related,Vehicle Driver,5 - 5.9,25 - 29,25
Y13H0680538P01T02,Y13H0680538P01,Y13H0680538,1,2,17,1060,18,1095,35,35,0,5.16,My Workplace,Own Workplace,Survey Home,At or Go Home,Work Related,Vehicle Driver,5 - 5.9,35 - 39,35
Y13H0701023P02T01,Y13H0701023P02,Y13H0701023,1,1,8,510,8,515,5,5,0,2.06,Survey Home,At or Go Home,My Workplace,Own Workplace,Work Related,Vehicle Driver,2 - 2.9,5. - 9.,5
Y13H0701023P02T02,Y13H0701023P02,Y13H0701023,1,2,17,1050,17,1055,5,5,0,2.06,My Workplace,Own Workplace,Survey Home,At or Go Home,Work Related,Vehicle Driver,2 - 2.9,5. - 9.,5
Y13H0710115P01T01,Y13H0710115P01,Y13H0710115,1,1,8,480,8,505,25,25,0,9.7,Survey Home,At or Go Home,My Workplace,Own Workplace,Work Related,Vehicle Driver,9 - 9.9,25 - 29,25
Y13H0710115P01T02,Y13H0710115P01,Y13H0710115,1,2,17,1050,18,1080,30,30,0,9.7,My Workplace,Own Workplace,Survey Home,At or Go Home,Work Related,Vehicle Driver,9 - 9.9,30 - 34,30
Y13H0730125P03T01,Y13H0730125P03,Y13H0730125,1,1,8,485,8,525,40,40,0,15.78,Survey Home,At or Go Home,My Workplace,Own Workplace,Work Related,Vehicle Driver,15 - 15.9,40 - 44,40
Y13H0730125P03T02,Y13H0730125P03,Y13H0730125,1,2,19,1140,19,1185,45,45,0,15.78,My Workplace,Own Workplace,Survey Home,At or Go Home,Work Related,Vehicle Driver,15 - 15.9,45 - 49,45
Y13H0730237P02T01,Y13H0730237P02,Y13H0730237,1,1,10,600,10,610,10,10,0,3.04,Survey Home,At or Go Home,My Workplace,Own Workplace,Work Related,Vehicle Driver,3 - 3.9,10. - 14.,10
Y13H0730237P02T02,Y13H0730237P02,Y13H0730237,1,2,18,1080,18,1095,15,15,0,3.04,My Workplace,Own Workplace,Survey Home,At or Go Home,Work Related,Vehicle Driver,3 - 3.9,15 - 19,15
Y13H0730401P04T01,Y13H0730401P04,Y13H0730401,1,1,8,510,9,540,30,30,0,12.06,Survey Home,At or Go Home,My Workplace,Own Workplace,Work Related,Vehicle Driver,12 - 12.9,30 - 34,30
Y13H0730401P04T02,Y13H0730401P04,Y13H0730401,1,2,17,1050,18,1080,30,30,0,12.06,My Workplace,Own Workplace,Survey Home,At or Go Home,Work Related,Vehicle Driver,12 - 12.9,30 - 34,30
Y13H0730404P02T01,Y13H0730404P02,Y13H0730404,1,1,10,615,10,645,30,30,0,9.93,Survey Home,At or Go Home,My Workplace,Own Workplace,Work Related,Vehicle Driver,9 - 9.9,30 - 34,30
Y13H0730404P02T02,Y13H0730404P02,Y13H0730404,1,2,21,1260,21,1275,15,15,0,9.93,My Workplace,Own Workplace,Survey Home,At or Go Home,Work Related,Vehicle Driver,9 - 9.9,15 - 19,15
Y13H0730422P02T01,Y13H0730422P02,Y13H0730422,1,1,8,480,8,510,30,30,0,8.52,Survey Home,At or Go Home,My Workplace,Own Workplace,Work Related,Vehicle Driver,8 - 8.9,30 - 34,30
Y13H0730422P02T02,Y13H0730422P02,Y13H0730422,1,2,18,1080,18,1100,20,20,0,8.52,My Workplace,Own Workplace,Survey Home,At or Go Home,Work Related,Vehicle Driver,8 - 8.9,20 - 24,20
Y13H0730533P02T01,Y13H0730533P02,Y13H0730533,1,1,9,540,9,585,45,45,0,25.36,Survey Home,At or Go Home,My Workplace,Own Workplace,Work Related,Vehicle Driver,25 - 29.9,45 - 49,45
Y13H0730533P02T02,Y13H0730533P02,Y13H0730533,1,2,17,1050,18,1125,75,75,0,25.36,My Workplace,Own Workplace,Survey Home,At or Go Home,Work Related,Vehicle Driver,25 - 29.9,70 - 79,75
Y13H0740313P01T01,Y13H0740313P01,Y13H0740313,1,1,8,510,8,525,15,15,0,4.54,Survey Home,At or Go Home,My Workplace,Own Workplace,Work Related,Vehicle Driver,4 - 4.9,15 - 19,15
Y13H0740313P01T02,Y13H0740313P01,Y13H0740313,1,2,18,1090,18,1095,5,5,0,4.54,My Workplace,Own Workplace,Survey Home,At or Go Home,Work Related,Vehicle Driver,4 - 4.9,5. - 9.,5
Y13H0740423P01T01,Y13H0740423P01,Y13H0740423,1,1,8,525,9,560,35,35,0,7.65,Survey Home,At or Go Home,My Workplace,Own Workplace,Work Related,Vehicle Driver,7 - 7.9,35 - 39,35
Y13H0740423P01T02,Y13H0740423P01,Y13H0740423,1,2,17,1050,17,1070,20,20,0,7.65,My Workplace,Own Workplace,Survey Home,At or Go Home,Work Related,Vehicle Driver,7 - 7.9,20 - 24,20
Y14H0760229P01T01,Y14H0760229P01,Y14H0760229,1,1,8,510,8,530,20,20,0,4.35,Survey Home,At or Go Home,My Workplace,Own Workplace,Work Related,Vehicle Driver,4 - 4.9,20 - 24,20
Y14H0760229P01T02,Y14H0760229P01,Y14H0760229,1,2,17,1050,17,1065,15,15,0,4.35,My Workplace,Own Workplace,Survey Home,At or Go Home,Work Related,Vehicle Driver,4 - 4.9,15 - 19,15
Y14H0770131P02T01,Y14H0770131P02,Y14H0770131,1,1,10,600,10,625,25,25,0,10.43,Survey Home,At or Go Home,My Workplace,Own Workplace,Work Related,Vehicle Driver,10 - 10.9,25 - 29,25
Y14H0770131P02T02,Y14H0770131P02,Y14H0770131,1,2,18,1110,18,1135,25,25,0,10.43,My Workplace,Own Workplace,Survey Home,At or Go Home,Work Related,Vehicle Driver,10 - 10.9,25 - 29,25
Y14H0770222P01T01,Y14H0770222P01,Y14H0770222,1,1,9,540,9,570,30,30,0,15.37,Survey Home,At or Go Home,My Workplace,Own Workplace,Work Related,Vehicle Driver,15 - 15.9,30 - 34,30
Y14H0770222P01T02,Y14H0770222P01,Y14H0770222,1,2,17,1050,18,1095,45,45,0,15.37,My Workplace,Own Workplace,Survey Home,At or Go Home,Work Related,Vehicle Driver,15 - 15.9,45 - 49,45
Y14H0770236P02T01,Y14H0770236P02,Y14H0770236,1,1,8,480,8,505,25,25,0,18.47,Survey Home,At or Go Home,My Workplace,Own Workplace,Work Related,Vehicle Driver,18 - 18.9,25 - 29,25
Y14H0770236P02T02,Y14H0770236P02,Y14H0770236,1,2,17,1050,18,1080,30,30,0,18.47,My Workplace,Own Workplace,Survey Home,At or Go Home,Work Related,Vehicle Driver,18 - 18.9,30 - 34,30
Y14H0780540P02T01,Y14H0780540P02,Y14H0780540,1,1,11,660,11,690,30,30,0,5.51,Survey Home,At or Go Home,My Workplace,Own Workplace,Work Related,Vehicle Driver,5 - 5.9,30 - 34,30
Y14H0780540P02T02,Y14H0780540P02,Y14H0780540,1,2,20,1200,20,1230,30,30,0,5.51,My Workplace,Own Workplace,Survey Home,At or Go Home,Work Related,Vehicle Driver,5 - 5.9,30 - 34,30
Y14H0790236P03T01,Y14H0790236P03,Y14H0790236,1,1,11,675,11,705,30,30,0,14.99,Survey Home,At or Go Home,My Workplace,Own Workplace,Work Related,Vehicle Driver,14 - 14.9,30 - 34,30
Y14H0790236P03T02,Y14H0790236P03,Y14H0790236,1,2,20,1245,21,1275,30,30,0,14.99,My Workplace,Own Workplace,Survey Home,At or Go Home,Work Related,Vehicle Driver,14 - 14.9,30 - 34,30
Y14H0790418P02T01,Y14H0790418P02,Y14H0790418,1,1,8,480,8,520,40,40,0,24.25,Survey Home,At or Go Home,My Workplace,Own Workplace,Work Related,Vehicle Driver,20 - 24.9,40 - 44,40
Y14H0790418P02T02,Y14H0790418P02,Y14H0790418,1,2,19,1140,19,1180,40,40,0,24.25,My Workplace,Own Workplace,Survey Home,At or Go Home,Work Related,Vehicle Driver,20 - 24.9,40 - 44,40
Y14H0800103P01T01,Y14H0800103P01,Y14H0800103,1,1,8,480,8,525,45,45,0,13.8,Survey Home,At or Go Home,My Workplace,Own Workplace,Work Related,Vehicle Driver,13 - 13.9,45 - 49,45
Y14H0800103P01T02,Y14H0800103P01,Y14H0800103,1,2,17,1065,18,1110,45,45,0,13.8,My Workplace,Own Workplace,Survey Home,At or Go Home,Work Related,Vehicle Driver,13 - 13.9,45 - 49,45
Y14H0800115P02T01,Y14H0800115P02,Y14H0800115,1,1,8,510,9,540,30,30,0,5.24,Survey Home,At or Go Home,My Workplace,Own Workplace,Work Related,Vehicle Driver,5 - 5.9,30 - 34,30
Y14H0800115P02T02,Y14H0800115P02,Y14H0800115,1,2,19,1180,20,1200,20,20,0,5.24,My Workplace,Own Workplace,Survey Home,At or Go Home,Work Related,Vehicle Driver,5 - 5.9,20 - 24,20
Y14H0800325P02T01,Y14H0800325P02,Y14H0800325,1,1,8,495,8,530,35,35,0,29.97,Survey Home,At or Go Home,My Workplace,Own Workplace,Work Related,Vehicle Driver,25 - 29.9,35 - 39,35
Y14H0800325P02T02,Y14H0800325P02,Y14H0800325,1,2,17,1050,18,1090,40,40,0,29.97,My Workplace,Own Workplace,Survey Home,At or Go Home,Work Related,Vehicle Driver,25 - 29.9,40 - 44,40
Y14H0820338P01T01,Y14H0820338P01,Y14H0820338,1,1,8,510,8,530,20,20,0,14.75,Survey Home,At or Go Home,My Workplace,Own Workplace,Work Related,Vehicle Driver,14 - 14.9,20 - 24,20
Y14H0820338P01T02,Y14H0820338P01,Y14H0820338,1,2,17,1050,17,1070,20,20,0,14.75,My Workplace,Own Workplace,Survey Home,At or Go Home,Work Related,Vehicle Driver,14 - 14.9,20 - 24,20
Y14H0830512P04T01,Y14H0830512P04,Y14H0830512,1,1,8,480,8,510,30,30,0,8.04,Survey Home,At or Go Home,My Workplace,Own Workplace,Work Related,Vehicle Driver,8 - 8.9,30 - 34,30
Y14H0830512P04T02,Y14H0830512P04,Y14H0830512,1,2,18,1080,18,1110,30,30,0,8.04,My Workplace,Own Workplace,Survey Home,At or Go Home,Work Related,Vehicle Driver,8 - 8.9,30 - 34,30
Y14H0830520P05T01,Y14H0830520P05,Y14H0830520,1,1,8,480,9,540,60,60,0,21.4,Survey Home,At or Go Home,My Workplace,Own Workplace,Work Related,Vehicle Driver,20 - 24.9,60 - 69,60
Y14H0830520P05T02,Y14H0830520P05,Y14H0830520,1,2,18,1080,19,1140,60,60,0,21.4,My Workplace,Own Workplace,Survey Home,At or Go Home,Work Related,Vehicle Driver,20 - 24.9,60 - 69,60
Y14H0841016P02T01,Y14H0841016P02,Y14H0841016,1,1,8,510,8,530,20,20,0,16.66,Survey Home,At or Go Home,My Workplace,Own Workplace,Work Related,Vehicle Driver,16 - 16.9,20 - 24,20
Y14H0841016P02T02,Y14H0841016P02,Y14H0841016,1,2,18,1100,19,1140,40,40,0,16.66,My Workplace,Own Workplace,Survey Home,At or Go Home,Work Related,Vehicle Driver,16 - 16.9,40 - 44,40
Y14H0850125P01T01,Y14H0850125P01,Y14H0850125,1,1,8,480,8,510,30,30,0,31.45,Survey Home,At or Go Home,My Workplace,Own Workplace,Work Related,Vehicle Driver,30 - 34.9,30 - 34,30
Y14H0850125P01T02,Y14H0850125P01,Y14H0850125,1,2,18,1080,18,1110,30,30,0,31.45,My Workplace,Own Workplace,Survey Home,At or Go Home,Work Related,Vehicle Driver,30 - 34.9,30 - 34,30
Y14H0850515P03T01,Y14H0850515P03,Y14H0850515,1,1,8,510,8,515,5,5,0,1.16,Survey Home,At or Go Home,My Workplace,Own Workplace,Work Related,Vehicle Driver,1 - 1.9,5. - 9.,5
Y14H0850515P03T02,Y14H0850515P03,Y14H0850515,1,2,19,1170,19,1171,1,1,0,1.16,My Workplace,Own Workplace,Survey Home,At or Go Home,Work Related,Vehicle Driver,1 - 1.9,0 - 4,1
Y14H0860104P01T01,Y14H0860104P01,Y14H0860104,1,1,8,495,8,520,25,25,0,7.95,Survey Home,At or Go Home,My Workplace,Own Workplace,Work Related,Vehicle Driver,7 - 7.9,25 - 29,25
Y14H0860104P01T02,Y14H0860104P01,Y14H0860104,1,2,17,1050,18,1090,40,40,0,7.95,My Workplace,Own Workplace,Survey Home,At or Go Home,Work Related,Vehicle Driver,7 - 7.9,40 - 44,40
Y14H0860109P04T01,Y14H0860109P04,Y14H0860109,1,1,8,505,9,540,35,35,0,13.67,Survey Home,At or Go Home,My Workplace,Own Workplace,Work Related,Vehicle Driver,13 - 13.9,35 - 39,35
Y14H0860109P04T02,Y14H0860109P04,Y14H0860109,1,2,18,1110,19,1140,30,30,0,13.67,My Workplace,Own Workplace,Survey Home,At or Go Home,Work Related,Vehicle Driver,13 - 13.9,30 - 34,30
Y14H0860230P01T01,Y14H0860230P01,Y14H0860230,1,1,8,495,8,530,35,35,0,17.17,Survey Home,At or Go Home,My Workplace,Own Workplace,Work Related,Vehicle Driver,17 - 17.9,35 - 39,35
Y14H0860230P01T02,Y14H0860230P01,Y14H0860230,1,2,17,1050,18,1095,45,45,0,17.17,My Workplace,Own Workplace,Survey Home,At or Go Home,Work Related,Vehicle Driver,17 - 17.9,45 - 49,45
Y14H0860416P02T01,Y14H0860416P02,Y14H0860416,1,1,10,630,10,645,15,15,0,8.7,Survey Home,At or Go Home,My Workplace,Own Workplace,Work Related,Vehicle Driver,8 - 8.9,15 - 19,15
Y14H0860416P02T02,Y14H0860416P02,Y14H0860416,1,2,18,1080,18,1095,15,15,0,8.7,My Workplace,Own Workplace,Survey Home,At or Go Home,Work Related,Vehicle Driver,8 - 8.9,15 - 19,15
Y14H0860522P01T01,Y14H0860522P01,Y14H0860522,1,1,11,660,11,675,15,15,0,4.03,Survey Home,At or Go Home,My Workplace,Own Workplace,Work Related,Vehicle Driver,4 - 4.9,15 - 19,15
Y14H0860522P01T02,Y14H0860522P01,Y14H0860522,1,2,20,1200,20,1210,10,10,0,4.03,My Workplace,Own Workplace,Survey Home,At or Go Home,Work Related,Vehicle Driver,4 - 4.9,10. - 14.,10
Y14H0860526P01T01,Y14H0860526P01,Y14H0860526,1,1,8,480,8,495,15,15,0,4.73,Survey Home,At or Go Home,My Workplace,Own Workplace,Work Related,Vehicle Driver,4 - 4.9,15 - 19,15
Y14H0860526P01T02,Y14H0860526P01,Y14H0860526,1,2,17,1050,17,1065,15,15,0,4.73,My Workplace,Own Workplace,Survey Home,At or Go Home,Work Related,Vehicle Driver,4 - 4.9,15 - 19,15
Y14H0870411P01T01,Y14H0870411P01,Y14H0870411,1,1,9,540,9,570,30,30,0,15.27,Survey Home,At or Go Home,My Workplace,Own Workplace,Work Related,Vehicle Driver,15 - 15.9,30 - 34,30
Y14H0870411P01T02,Y14H0870411P01,Y14H0870411,1,2,17,1050,18,1110,60,60,0,15.27,My Workplace,Own Workplace,Survey Home,At or Go Home,Work Related,Vehicle Driver,15 - 15.9,60 - 69,60
Y14H0870422P01T01,Y14H0870422P01,Y14H0870422,1,1,8,525,9,555,30,30,0,10.04,Survey Home,At or Go Home,My Workplace,Own Workplace,Work Related,Vehicle Driver,10 - 10.9,30 - 34,30
Y14H0870422P01T02,Y14H0870422P01,Y14H0870422,1,2,19,1165,19,1190,25,25,0,10.04,My Workplace,Own Workplace,Survey Home,At or Go Home,Work Related,Vehicle Driver,10 - 10.9,25 - 29,25
Y14H0880233P01T01,Y14H0880233P01,Y14H0880233,1,1,8,515,9,565,50,50,0,21.27,Survey Home,At or Go Home,My Workplace,Own Workplace,Work Related,Vehicle Driver,20 - 24.9,50 - 54,50
Y14H0880233P01T02,Y14H0880233P01,Y14H0880233,1,2,18,1135,19,1175,40,40,0,21.27,My Workplace,Own Workplace,Survey Home,At or Go Home,Work Related,Vehicle Driver,20 - 24.9,40 - 44,40
Y14H0890522P02T01,Y14H0890522P02,Y14H0890522,1,1,8,530,9,550,20,20,0,2.91,Survey Home,At or Go Home,My Workplace,Own Workplace,Work Related,Vehicle Driver,2 - 2.9,20 - 24,20
Y14H0890522P02T02,Y14H0890522P02,Y14H0890522,1,2,17,1050,17,1070,20,20,0,2.91,My Workplace,Own Workplace,Survey Home,At or Go Home,Work Related,Vehicle Driver,2 - 2.9,20 - 24,20
Y14H0900124P02T01,Y14H0900124P02,Y14H0900124,1,1,8,510,9,540,30,30,0,27.22,Survey Home,At or Go Home,My Workplace,Own Workplace,Work Related,Vehicle Driver,25 - 29.9,30 - 34,30
Y14H0900124P02T02,Y14H0900124P02,Y14H0900124,1,2,18,1100,18,1130,30,30,0,27.22,My Workplace,Own Workplace,Survey Home,At or Go Home,Work Related,Vehicle Driver,25 - 29.9,30 - 34,30
Y14H0900539P01T01,Y14H0900539P01,Y14H0900539,1,1,8,495,8,520,25,25,0,5.72,Survey Home,At or Go Home,My Workplace,Own Workplace,Work Related,Vehicle Driver,5 - 5.9,25 - 29,25
Y14H0900539P01T02,Y14H0900539P01,Y14H0900539,1,2,17,1060,18,1080,20,20,0,5.72,My Workplace,Own Workplace,Survey Home,At or Go Home,Work Related,Vehicle Driver,5 - 5.9,20 - 24,20
Y14H0910516P01T01,Y14H0910516P01,Y14H0910516,1,1,8,500,8,510,10,10,0,2.76,Survey Home,At or Go Home,My Workplace,Own Workplace,Work Related,Vehicle Driver,2 - 2.9,10. - 14.,10
Y14H0910516P01T02,Y14H0910516P01,Y14H0910516,1,2,18,1080,18,1100,20,20,0,2.76,My Workplace,Own Workplace,Survey Home,At or Go Home,Work Related,Vehicle Driver,2 - 2.9,20 - 24,20
Y14H0920111P02T01,Y14H0920111P02,Y14H0920111,1,1,9,550,9,580,30,30,0,8.75,Survey Home,At or Go Home,My Workplace,Own Workplace,Work Related,Vehicle Driver,8 - 8.9,30 - 34,30
Y14H0920111P02T02,Y14H0920111P02,Y14H0920111,1,2,17,1050,18,1080,30,30,0,8.75,My Workplace,Own Workplace,Survey Home,At or Go Home,Work Related,Vehicle Driver,8 - 8.9,30 - 34,30
Y14H0920531P02T01,Y14H0920531P02,Y14H0920531,1,1,8,480,8,530,50,50,0,15.49,Survey Home,At or Go Home,My Workplace,Own Workplace,Work Related,Vehicle Driver,15 - 15.9,50 - 54,50
Y14H0920531P02T02,Y14H0920531P02,Y14H0920531,1,2,17,1065,18,1095,30,30,0,15.49,My Workplace,Own Workplace,Survey Home,At or Go Home,Work Related,Vehicle Driver,15 - 15.9,30 - 34,30
Y14H0920539P02T01,Y14H0920539P02,Y14H0920539,1,1,8,480,9,540,60,60,0,12.33,Survey Home,At or Go Home,My Workplace,Own Workplace,Work Related,Vehicle Driver,12 - 12.9,60 - 69,60
Y14H0920539P02T02,Y14H0920539P02,Y14H0920539,1,2,20,1200,20,1245,45,45,0,12.33,My Workplace,Own Workplace,Survey Home,At or Go Home,Work Related,Vehicle Driver,12 - 12.9,45 - 49,45
Y14H0940338P02T01,Y14H0940338P02,Y14H0940338,1,1,8,537,9,565,28,28,0,16.58,Survey Home,At or Go Home,My Workplace,Own Workplace,Work Related,Vehicle Driver,16 - 16.9,25 - 29,28
Y14H0940338P02T02,Y14H0940338P02,Y14H0940338,1,2,18,1135,19,1165,30,30,0,16.58,My Workplace,Own Workplace,Survey Home,At or Go Home,Work Related,Vehicle Driver,16 - 16.9,30 - 34,30
Y14H0950410P01T01,Y14H0950410P01,Y14H0950410,1,1,9,540,9,575,35,35,0,16.21,Survey Home,At or Go Home,My Workplace,Own Workplace,Work Related,Vehicle Driver,16 - 16.9,35 - 39,35
Y14H0950410P01T02,Y14H0950410P01,Y14H0950410,1,2,20,1200,20,1230,30,30,0,16.21,My Workplace,Own Workplace,Survey Home,At or Go Home,Work Related,Vehicle Driver,16 - 16.9,30 - 34,30
Y14H0960211P02T01,Y14H0960211P02,Y14H0960211,1,1,9,585,10,600,15,15,0,4.93,Survey Home,At or Go Home,My Workplace,Own Workplace,Work Related,Vehicle Driver,4 - 4.9,15 - 19,15
Y14H0960211P02T02,Y14H0960211P02,Y14H0960211,1,2,18,1110,18,1125,15,15,0,4.93,My Workplace,Own Workplace,Survey Home,At or Go Home,Work Related,Vehicle Driver,4 - 4.9,15 - 19,15
Y14H0960440P02T01,Y14H0960440P02,Y14H0960440,1,1,8,500,8,505,5,5,0,4.41,Survey Home,At or Go Home,My Workplace,Own Workplace,Work Related,Vehicle Driver,4 - 4.9,5. - 9.,5
Y14H0960440P02T02,Y14H0960440P02,Y14H0960440,1,2,17,1050,17,1055,5,5,0,4.41,My Workplace,Own Workplace,Survey Home,At or Go Home,Work Related,Vehicle Driver,4 - 4.9,5. - 9.,5
Y14H0970236P01T01,Y14H0970236P01,Y14H0970236,1,1,9,540,9,560,20,20,0,7.68,Survey Home,At or Go Home,My Workplace,Own Workplace,Work Related,Vehicle Driver,7 - 7.9,20 - 24,20
Y14H0970236P01T02,Y14H0970236P01,Y14H0970236,1,2,18,1080,18,1100,20,20,0,7.68,My Workplace,Own Workplace,Survey Home,At or Go Home,Work Related,Vehicle Driver,7 - 7.9,20 - 24,20
Y14H0970324P01T01,Y14H0970324P01,Y14H0970324,1,1,9,540,9,550,10,10,0,3.82,Survey Home,At or Go Home,My Workplace,Own Workplace,Work Related,Vehicle Driver,3 - 3.9,10. - 14.,10
Y14H0970324P01T02,Y14H0970324P01,Y14H0970324,1,2,18,1110,18,1120,10,10,0,3.82,My Workplace,Own Workplace,Survey Home,At or Go Home,Work Related,Vehicle Driver,3 - 3.9,10. - 14.,10
Y14H0980226P02T01,Y14H0980226P02,Y14H0980226,1,1,8,510,8,525,15,15,0,3.35,Survey Home,At or Go Home,My Workplace,Own Workplace,Work Related,Vehicle Driver,3 - 3.9,15 - 19,15
Y14H0980226P02T02,Y14H0980226P02,Y14H0980226,1,2,17,1050,18,1080,30,30,0,3.35,My Workplace,Own Workplace,Survey Home,At or Go Home,Work Related,Vehicle Driver,3 - 3.9,30 - 34,30
Y14H0990123P01T01,Y14H0990123P01,Y14H0990123,1,1,8,495,8,525,30,30,0,16.89,Survey Home,At or Go Home,My Workplace,Own Workplace,Work Related,Vehicle Driver,16 - 16.9,30 - 34,30
Y14H0990123P01T02,Y14H0990123P01,Y14H0990123,1,2,18,1100,18,1125,25,25,0,16.89,My Workplace,Own Workplace,Survey Home,At or Go Home,Work Related,Vehicle Driver,16 - 16.9,25 - 29,25
Y14H0990205P02T01,Y14H0990205P02,Y14H0990205,1,1,8,510,9,545,35,35,0,16.12,Survey Home,At or Go Home,My Workplace,Own Workplace,Work Related,Vehicle Driver,16 - 16.9,35 - 39,35
Y14H0990205P02T02,Y14H0990205P02,Y14H0990205,1,2,17,1050,18,1095,45,45,0,16.12,My Workplace,Own Workplace,Survey Home,At or Go Home,Work Related,Vehicle Driver,16 - 16.9,45 - 49,45
Y14H1000310P01T01,Y14H1000310P01,Y14H1000310,1,1,8,520,8,536,16,16,0,5.2,Survey Home,At or Go Home,My Workplace,Own Workplace,Work Related,Vehicle Driver,5 - 5.9,15 - 19,16
Y14H1000310P01T02,Y14H1000310P01,Y14H1000310,1,2,17,1055,17,1075,20,20,0,5.2,My Workplace,Own Workplace,Survey Home,At or Go Home,Work Related,Vehicle Driver,5 - 5.9,20 - 24,20
Y14H1010315P04T01,Y14H1010315P04,Y14H1010315,1,1,8,490,8,497,7,7,0,3.24,Survey Home,At or Go Home,My Workplace,Own Workplace,Work Related,Vehicle Driver,3 - 3.9,5. - 9.,7
Y14H1010315P04T02,Y14H1010315P04,Y14H1010315,1,2,18,1090,18,1100,10,10,0,3.24,My Workplace,Own Workplace,Survey Home,At or Go Home,Work Related,Vehicle Driver,3 - 3.9,10. - 14.,10
Y14H1020125P01T01,Y14H1020125P01,Y14H1020125,1,1,8,480,8,510,30,30,0,9.79,Survey Home,At or Go Home,My Workplace,Own Workplace,Work Related,Vehicle Driver,9 - 9.9,30 - 34,30
Y14H1020125P01T02,Y14H1020125P01,Y14H1020125,1,2,17,1050,18,1090,40,40,0,9.79,My Workplace,Own Workplace,Survey Home,At or Go Home,Work Related,Vehicle Driver,9 - 9.9,40 - 44,40
Y14H1020317P01T01,Y14H1020317P01,Y14H1020317,1,1,8,480,8,515,35,35,0,22.83,Survey Home,At or Go Home,My Workplace,Own Workplace,Work Related,Vehicle Driver,20 - 24.9,35 - 39,35
Y14H1020317P01T02,Y14H1020317P01,Y14H1020317,1,2,17,1050,18,1100,50,50,0,22.83,My Workplace,Own Workplace,Survey Home,At or Go Home,Work Related,Vehicle Driver,20 - 24.9,50 - 54,50
Y14H1040118P03T01,Y14H1040118P03,Y14H1040118,1,1,9,540,9,570,30,30,0,23.54,Survey Home,At or Go Home,My Workplace,Own Workplace,Work Related,Vehicle Driver,20 - 24.9,30 - 34,30
Y14H1040118P03T02,Y14H1040118P03,Y14H1040118,1,2,18,1080,18,1110,30,30,0,23.54,My Workplace,Own Workplace,Survey Home,At or Go Home,Work Related,Vehicle Driver,20 - 24.9,30 - 34,30
Y14H1040339P02T01,Y14H1040339P02,Y14H1040339,1,1,8,510,9,540,30,30,0,9.0,Survey Home,At or Go Home,My Workplace,Own Workplace,Work Related,Vehicle Driver,9 - 9.9,30 - 34,30
Y14H1040339P02T02,Y14H1040339P02,Y14H1040339,1,2,17,1050,18,1080,30,30,0,9.0,My Workplace,Own Workplace,Survey Home,At or Go Home,Work Related,Vehicle Driver,9 - 9.9,30 - 34,30
Y14H1050108P01T01,Y14H1050108P01,Y14H1050108,1,1,10,645,11,660,15,15,0,16.53,Survey Home,At or Go Home,My Workplace,Own Workplace,Work Related,Vehicle Driver,16 - 16.9,15 - 19,15
Y14H1050108P01T02,Y14H1050108P01,Y14H1050108,1,2,19,1170,19,1185,15,15,0,16.53,My Workplace,Own Workplace,Survey Home,At or Go Home,Work Related,Vehicle Driver,16 - 16.9,15 - 19,15
Y14H1070311P01T01,Y14H1070311P01,Y14H1070311,1,1,8,530,9,545,15,15,0,5.4,Survey Home,At or Go Home,My Workplace,Own Workplace,Work Related,Vehicle Driver,5 - 5.9,15 - 19,15
Y14H1070311P01T02,Y14H1070311P01,Y14H1070311,1,2,18,1105,18,1125,20,20,0,5.4,My Workplace,Own Workplace,Survey Home,At or Go Home,Work Related,Vehicle Driver,5 - 5.9,20 - 24,20
Y14H1070404P02T01,Y14H1070404P02,Y14H1070404,1,1,8,480,8,520,40,40,0,35.9,Survey Home,At or Go Home,My Workplace,Own Workplace,Work Related,Vehicle Driver,35 - 39.9,40 - 44,40
Y14H1070404P02T02,Y14H1070404P02,Y14H1070404,1,2,17,1050,18,1120,70,70,0,35.9,My Workplace,Own Workplace,Survey Home,At or Go Home,Work Related,Vehicle Driver,35 - 39.9,70 - 79,70
Y14H1070422P04T01,Y14H1070422P04,Y14H1070422,1,1,8,500,8,525,25,25,0,5.39,Survey Home,At or Go Home,My Workplace,Own Workplace,Work Related,Vehicle Driver,5 - 5.9,25 - 29,25
Y14H1070422P04T02,Y14H1070422P04,Y14H1070422,1,2,17,1050,18,1080,30,30,0,5.39,My Workplace,Own Workplace,Survey Home,At or Go Home,Work Related,Vehicle Driver,5 - 5.9,30 - 34,30
Y14H1080126P01T01,Y14H1080126P01,Y14H1080126,1,1,8,510,9,540,30,30,0,13.39,Survey Home,At or Go Home,My Workplace,Own Workplace,Work Related,Vehicle Driver,13 - 13.9,30 - 34,30
Y14H1080126P01T02,Y14H1080126P01,Y14H1080126,1,2,17,1060,18,1093,33,33,0,13.39,My Workplace,Own Workplace,Survey Home,At or Go Home,Work Related,Vehicle Driver,13 - 13.9,30 - 34,33
Y14H1080211P01T01,Y14H1080211P01,Y14H1080211,1,1,8,516,8,521,5,5,0,2.01,Survey Home,At or Go Home,My Workplace,Own Workplace,Work Related,Vehicle Driver,2 - 2.9,5. - 9.,5
Y14H1080211P01T02,Y14H1080211P01,Y14H1080211,1,2,18,1083,18,1087,4,4,0,2.01,My Workplace,Own Workplace,Survey Home,At or Go Home,Work Related,Vehicle Driver,2 - 2.9,0 - 4,4
Y14H1080332P03T01,Y14H1080332P03,Y14H1080332,1,1,8,480,9,540,60,60,0,22.3,Survey Home,At or Go Home,My Workplace,Own Workplace,Work Related,Vehicle Driver,20 - 24.9,60 - 69,60
Y14H1080332P03T02,Y14H1080332P03,Y14H1080332,1,2,17,1065,18,1115,50,50,0,22.3,My Workplace,Own Workplace,Survey Home,At or Go Home,Work Related,Vehicle Driver,20 - 24.9,50 - 54,50
Y14H1080415P02T01,Y14H1080415P02,Y14H1080415,1,1,8,481,8,505,24,24,0,8.13,Survey Home,At or Go Home,My Workplace,Own Workplace,Work Related,Vehicle Driver,8 - 8.9,20 - 24,24
Y14H1080415P02T02,Y14H1080415P02,Y14H1080415,1,2,20,1200,20,1225,25,25,0,8.13,My Workplace,Own Workplace,Survey Home,At or Go Home,Work Related,Vehicle Driver,8 - 8.9,25 - 29,25
Y14H1080423P01T01,Y14H1080423P01,Y14H1080423,1,1,8,520,9,540,20,20,0,12.0,Survey Home,At or Go Home,My Workplace,Own Workplace,Work Related,Vehicle Driver,12 - 12.9,20 - 24,20
Y14H1080423P01T02,Y14H1080423P01,Y14H1080423,1,2,18,1080,18,1105,25,25,0,12.0,My Workplace,Own Workplace,Survey Home,At or Go Home,Work Related,Vehicle Driver,12 - 12.9,25 - 29,25
Y14H1090104P01T01,Y14H1090104P01,Y14H1090104,1,1,8,510,8,525,15,15,0,8.93,Survey Home,At or Go Home,My Workplace,Own Workplace,Work Related,Vehicle Driver,8 - 8.9,15 - 19,15
Y14H1090104P01T02,Y14H1090104P01,Y14H1090104,1,2,18,1080,18,1095,15,15,0,8.93,My Workplace,Own Workplace,Survey Home,At or Go Home,Work Related,Vehicle Driver,8 - 8.9,15 - 19,15
Y14H1090224P02T01,Y14H1090224P02,Y14H1090224,1,1,8,510,8,530,20,20,0,12.73,Survey Home,At or Go Home,My Workplace,Own Workplace,Work Related,Vehicle Driver,12 - 12.9,20 - 24,20
Y14H1090224P02T02,Y14H1090224P02,Y14H1090224,1,2,18,1080,18,1100,20,20,0,12.73,My Workplace,Own Workplace,Survey Home,At or Go Home,Work Related,Vehicle Driver,12 - 12.9,20 - 24,20
Y14H1090322P01T01,Y14H1090322P01,Y14H1090322,1,1,9,570,9,575,5,5,0,0.7,Survey Home,At or Go Home,My Workplace,Own Workplace,Work Related,Vehicle Driver,0 - 0.9,5. - 9.,5
Y14H1090322P01T02,Y14H1090322P01,Y14H1090322,1,2,17,1050,17,1055,5,5,0,0.7,My Workplace,Own Workplace,Survey Home,At or Go Home,Work Related,Vehicle Driver,0 - 0.9,5. - 9.,5
Y14H1100432P01T01,Y14H1100432P01,Y14H1100432,1,1,8,525,9,545,20,20,0,13.96,Survey Home,At or Go Home,My Workplace,Own Workplace,Work Related,Vehicle Driver,13 - 13.9,20 - 24,20
Y14H1100432P01T02,Y14H1100432P01,Y14H1100432,1,2,17,1050,18,1080,30,30,0,13.96,My Workplace,Own Workplace,Survey Home,At or Go Home,Work Related,Vehicle Driver,13 - 13.9,30 - 34,30
Y14H1100441P02T01,Y14H1100441P02,Y14H1100441,1,1,8,520,9,540,20,20,0,12.19,Survey Home,At or Go Home,My Workplace,Own Workplace,Work Related,Vehicle Driver,12 - 12.9,20 - 24,20
Y14H1100441P02T02,Y14H1100441P02,Y14H1100441,1,2,19,1160,19,1180,20,20,0,12.19,My Workplace,Own Workplace,Survey Home,At or Go Home,Work Related,Vehicle Driver,12 - 12.9,20 - 24,20
Y14H1100508P04T01,Y14H1100508P04,Y14H1100508,1,1,8,517,9,577,60,60,0,58.73,Survey Home,At or Go Home,My Workplace,Own Workplace,Work Related,Vehicle Driver,50 - 59.9,60 - 69,60
Y14H1100508P04T02,Y14H1100508P04,Y14H1100508,1,2,19,1140,20,1202,62,62,0,58.73,My Workplace,Own Workplace,Survey Home,At or Go Home,Work Related,Vehicle Driver,50 - 59.9,60 - 69,62
Y14H1120110P01T01,Y14H1120110P01,Y14H1120110,1,1,8,510,9,540,30,30,0,10.54,Survey Home,At or Go Home,My Workplace,Own Workplace,Work Related,Vehicle Driver,10 - 10.9,30 - 34,30
Y14H1120110P01T02,Y14H1120110P01,Y14H1120110,1,2,19,1140,19,1160,20,20,0,10.54,My Workplace,Own Workplace,Survey Home,At or Go Home,Work Related,Vehicle Driver,10 - 10.9,20 - 24,20
Y14H1120123P01T01,Y14H1120123P01,Y14H1120123,1,1,8,480,8,500,20,20,0,6.68,Survey Home,At or Go Home,My Workplace,Own Workplace,Work Related,Vehicle Driver,6 - 6.9,20 - 24,20
Y14H1120123P01T02,Y14H1120123P01,Y14H1120123,1,2,18,1080,18,1095,15,15,0,6.68,My Workplace,Own Workplace,Survey Home,At or Go Home,Work Related,Vehicle Driver,6 - 6.9,15 - 19,15
Y14H1120204P02T01,Y14H1120204P02,Y14H1120204,1,1,8,520,8,530,10,10,0,5.41,Survey Home,At or Go Home,My Workplace,Own Workplace,Work Related,Vehicle Driver,5 - 5.9,10. - 14.,10
Y14H1120204P02T02,Y14H1120204P02,Y14H1120204,1,2,17,1050,17,1070,20,20,0,5.41,My Workplace,Own Workplace,Survey Home,At or Go Home,Work Related,Vehicle Driver,5 - 5.9,20 - 24,20
Y14H1120518P01T01,Y14H1120518P01,Y14H1120518,1,1,8,510,9,545,35,35,0,19.0,Survey Home,At or Go Home,My Workplace,Own Workplace,Work Related,Vehicle Driver,19 - 19.9,35 - 39,35
Y14H1120518P01T02,Y14H1120518P01,Y14H1120518,1,2,18,1115,19,1150,35,35,0,19.0,My Workplace,Own Workplace,Survey Home,At or Go Home,Work Related,Vehicle Driver,19 - 19.9,35 - 39,35
Y14H1130222P01T01,Y14H1130222P01,Y14H1130222,1,1,8,500,8,535,35,35,0,11.14,Survey Home,At or Go Home,My Workplace,Own Workplace,Work Related,Vehicle Driver,11 - 11.9,35 - 39,35
Y14H1130222P01T02,Y14H1130222P01,Y14H1130222,1,2,18,1110,19,1140,30,30,0,11.14,My Workplace,Own Workplace,Survey Home,At or Go Home,Work Related,Vehicle Driver,11 - 11.9,30 - 34,30
Y14H1130316P01T01,Y14H1130316P01,Y14H1130316,1,1,9,540,9,555,15,15,0,9.56,Survey Home,At or Go Home,My Workplace,Own Workplace,Work Related,Vehicle Driver,9 - 9.9,15 - 19,15
Y14H1130316P01T02,Y14H1130316P01,Y14H1130316,1,2,17,1060,18,1090,30,30,0,9.56,My Workplace,Own Workplace,Survey Home,At or Go Home,Work Related,Vehicle Driver,9 - 9.9,30 - 34,30
Y14H1130422P01T01,Y14H1130422P01,Y14H1130422,1,1,8,510,8,530,20,20,0,5.17,Survey Home,At or Go Home,My Workplace,Own Workplace,Work Related,Vehicle Driver,5 - 5.9,20 - 24,20
Y14H1130422P01T02,Y14H1130422P01,Y14H1130422,1,2,17,1050,17,1075,25,25,0,5.17,My Workplace,Own Workplace,Survey Home,At or Go Home,Work Related,Vehicle Driver,5 - 5.9,25 - 29,25
Y14H1130433P01T01,Y14H1130433P01,Y14H1130433,1,1,8,510,9,550,40,40,0,8.19,Survey Home,At or Go Home,My Workplace,Own Workplace,Work Related,Vehicle Driver,8 - 8.9,40 - 44,40
Y14H1130433P01T02,Y14H1130433P01,Y14H1130433,1,2,17,1050,18,1100,50,50,0,8.19,My Workplace,Own Workplace,Survey Home,At or Go Home,Work Related,Vehicle Driver,8 - 8.9,50 - 54,50
Y14H1140408P01T01,Y14H1140408P01,Y14H1140408,1,1,8,480,8,505,25,25,0,8.12,Survey Home,At or Go Home,My Workplace,Own Workplace,Work Related,Vehicle Driver,8 - 8.9,25 - 29,25
Y14H1140408P01T02,Y14H1140408P01,Y14H1140408,1,2,18,1100,18,1125,25,25,0,8.12,My Workplace,Own Workplace,Survey Home,At or Go Home,Work Related,Vehicle Driver,8 - 8.9,25 - 29,25
Y14H1160324P01T01,Y14H1160324P01,Y14H1160324,1,1,8,510,8,515,5,5,0,1.88,Survey Home,At or Go Home,My Workplace,Own Workplace,Work Related,Vehicle Driver,1 - 1.9,5. - 9.,5
Y14H1160324P01T02,Y14H1160324P01,Y14H1160324,1,2,17,1050,17,1055,5,5,0,1.88,My Workplace,Own Workplace,Survey Home,At or Go Home,Work Related,Vehicle Driver,1 - 1.9,5. - 9.,5
Y14H1160437P01T01,Y14H1160437P01,Y14H1160437,1,1,11,690,12,720,30,30,0,10.87,Survey Home,At or Go Home,My Workplace,Own Workplace,Work Related,Vehicle Driver,10 - 10.9,30 - 34,30
Y14H1160437P01T02,Y14H1160437P01,Y14H1160437,1,2,20,1200,20,1230,30,30,0,10.87,My Workplace,Own Workplace,Survey Home,At or Go Home,Work Related,Vehicle Driver,10 - 10.9,30 - 34,30
Y14H1160523P01T01,Y14H1160523P01,Y14H1160523,1,1,8,480,8,510,30,30,0,13.46,Survey Home,At or Go Home,My Workplace,Own Workplace,Work Related,Vehicle Driver,13 - 13.9,30 - 34,30
Y14H1160523P01T02,Y14H1160523P01,Y14H1160523,1,2,17,1050,18,1080,30,30,0,13.46,My Workplace,Own Workplace,Survey Home,At or Go Home,Work Related,Vehicle Driver,13 - 13.9,30 - 34,30
Y14H1160524P02T01,Y14H1160524P02,Y14H1160524,1,1,8,525,8,535,10,10,0,5.69,Survey Home,At or Go Home,My Workplace,Own Workplace,Work Related,Vehicle Driver,5 - 5.9,10. - 14.,10
Y14H1160524P02T02,Y14H1160524P02,Y14H1160524,1,2,18,1090,18,1100,10,10,0,5.69,My Workplace,Own Workplace,Survey Home,At or Go Home,Work Related,Vehicle Driver,5 - 5.9,10. - 14.,10
Y14H1160540P03T01,Y14H1160540P03,Y14H1160540,1,1,9,570,10,600,30,30,0,12.51,Survey Home,At or Go Home,My Workplace,Own Workplace,Work Related,Vehicle Driver,12 - 12.9,30 - 34,30
Y14H1160540P03T02,Y14H1160540P03,Y14H1160540,1,2,18,1100,18,1130,30,30,0,12.51,My Workplace,Own Workplace,Survey Home,At or Go Home,Work Related,Vehicle Driver,12 - 12.9,30 - 34,30
Y14H1170101P01T01,Y14H1170101P01,Y14H1170101,1,1,8,480,8,499,19,19,0,16.02,Survey Home,At or Go Home,My Workplace,Own Workplace,Work Related,Vehicle Driver,16 - 16.9,15 - 19,19
Y14H1170101P01T02,Y14H1170101P01,Y14H1170101,1,2,17,1050,18,1095,45,45,0,16.02,My Workplace,Own Workplace,Survey Home,At or Go Home,Work Related,Vehicle Driver,16 - 16.9,45 - 49,45
Y14H1170217P02T01,Y14H1170217P02,Y14H1170217,2,1,9,550,9,576,26,26,0,10.65,Survey Home,At or Go Home,My Workplace,Own Workplace,Work Related,Vehicle Driver,10 - 10.9,25 - 29,20
Y14H1170217P02T02,Y14H1170217P02,Y14H1170217,2,2,17,1050,17,1076,26,26,0,10.65,My Workplace,Own Workplace,Survey Home,At or Go Home,Work Related,Vehicle Driver,10 - 10.9,25 - 29,6
Y14H1170531P02T01,Y14H1170531P02,Y14H1170531,1,1,11,660,12,720,60,60,0,50.1,Survey Home,At or Go Home,My Workplace,Own Workplace,Work Related,Vehicle Driver,50 - 59.9,60 - 69,60
Y14H1170531P02T02,Y14H1170531P02,Y14H1170531,1,2,20,1200,21,1275,75,75,0,50.1,My Workplace,Own Workplace,Survey Home,At or Go Home,Work Related,Vehicle Driver,50 - 59.9,70 - 79,75
Y14H1180108P03T01,Y14H1180108P03,Y14H1180108,1,1,10,600,10,630,30,30,0,13.68,Survey Home,At or Go Home,My Workplace,Own Workplace,Work Related,Vehicle Driver,13 - 13.9,30 - 34,30
Y14H1180108P03T02,Y14H1180108P03,Y14H1180108,1,2,18,1110,19,1140,30,30,0,13.68,My Workplace,Own Workplace,Survey Home,At or Go Home,Work Related,Vehicle Driver,13 - 13.9,30 - 34,30
Y14H1190132P03T01,Y14H1190132P03,Y14H1190132,1,1,8,480,8,510,30,30,0,30.43,Survey Home,At or Go Home,My Workplace,Own Workplace,Work Related,Vehicle Driver,30 - 34.9,30 - 34,30
Y14H1190132P03T02,Y14H1190132P03,Y14H1190132,1,2,17,1050,18,1080,30,30,0,30.43,My Workplace,Own Workplace,Survey Home,At or Go Home,Work Related,Vehicle Driver,30 - 34.9,30 - 34,30
Y14H1190408P01T01,Y14H1190408P01,Y14H1190408,1,1,12,720,12,735,15,15,0,5.83,Survey Home,At or Go Home,My Workplace,Own Workplace,Work Related,Vehicle Driver,5 - 5.9,15 - 19,15
Y14H1190408P01T02,Y14H1190408P01,Y14H1190408,1,2,20,1230,20,1245,15,15,0,5.83,My Workplace,Own Workplace,Survey Home,At or Go Home,Work Related,Vehicle Driver,5 - 5.9,15 - 19,15
Y14H1200323P03T01,Y14H1200323P03,Y14H1200323,1,1,8,525,8,539,14,14,0,2.8,Survey Home,At or Go Home,My Workplace,Own Workplace,Work Related,Vehicle Driver,2 - 2.9,10. - 14.,14
Y14H1200323P03T02,Y14H1200323P03,Y14H1200323,1,2,20,1205,20,1221,16,16,0,2.8,My Workplace,Own Workplace,Survey Home,At or Go Home,Work Related,Vehicle Driver,2 - 2.9,15 - 19,16
Y14H1200404P02T01,Y14H1200404P02,Y14H1200404,1,1,10,630,11,660,30,30,0,17.28,Survey Home,At or Go Home,My Workplace,Own Workplace,Work Related,Vehicle Driver,17 - 17.9,30 - 34,30
Y14H1200404P02T02,Y14H1200404P02,Y14H1200404,1,2,18,1080,18,1110,30,30,0,17.28,My Workplace,Own Workplace,Survey Home,At or Go Home,Work Related,Vehicle Driver,17 - 17.9,30 - 34,30
Y14H1210319P01T01,Y14H1210319P01,Y14H1210319,1,1,9,540,9,555,15,15,0,7.75,Survey Home,At or Go Home,My Workplace,Own Workplace,Work Related,Vehicle Driver,7 - 7.9,15 - 19,15
Y14H1210319P01T02,Y14H1210319P01,Y14H1210319,1,2,17,1050,17,1065,15,15,0,7.75,My Workplace,Own Workplace,Survey Home,At or Go Home,Work Related,Vehicle Driver,7 - 7.9,15 - 19,15
Y14H1210333P01T01,Y14H1210333P01,Y14H1210333,1,1,8,480,8,490,10,10,0,1.6,Survey Home,At or Go Home,My Workplace,Own Workplace,Work Related,Vehicle Driver,1 - 1.9,10. - 14.,10
Y14H1210333P01T02,Y14H1210333P01,Y14H1210333,1,2,18,1080,18,1090,10,10,0,1.6,My Workplace,Own Workplace,Survey Home,At or Go Home,Work Related,Vehicle Driver,1 - 1.9,10. - 14.,10
Y14H1211036P01T01,Y14H1211036P01,Y14H1211036,1,1,8,480,8,495,15,15,0,5.86,Survey Home,At or Go Home,My Workplace,Own Workplace,Work Related,Vehicle Driver,5 - 5.9,15 - 19,15
Y14H1211036P01T02,Y14H1211036P01,Y14H1211036,1,2,18,1100,18,1120,20,20,0,5.86,My Workplace,Own Workplace,Survey Home,At or Go Home,Work Related,Vehicle Driver,5 - 5.9,20 - 24,20
Y14H1211038P02T01,Y14H1211038P02,Y14H1211038,1,1,8,510,8,525,15,15,0,1.47,Survey Home,At or Go Home,My Workplace,Own Workplace,Work Related,Vehicle Driver,1 - 1.9,15 - 19,15
Y14H1211038P02T02,Y14H1211038P02,Y14H1211038,1,2,18,1110,18,1125,15,15,0,1.47,My Workplace,Own Workplace,Survey Home,At or Go Home,Work Related,Vehicle Driver,1 - 1.9,15 - 19,15
Y14H1220109P01T01,Y14H1220109P01,Y14H1220109,1,1,8,480,8,510,30,30,0,30.51,Survey Home,At or Go Home,My Workplace,Own Workplace,Work Related,Vehicle Driver,30 - 34.9,30 - 34,30
Y14H1220109P01T02,Y14H1220109P01,Y14H1220109,1,2,18,1080,20,1200,120,120,0,30.51,My Workplace,Own Workplace,Survey Home,At or Go Home,Work Related,Vehicle Driver,30 - 34.9,120 - 149,120
Y14H1220212P02T01,Y14H1220212P02,Y14H1220212,1,1,8,495,9,545,50,50,0,29.41,Survey Home,At or Go Home,My Workplace,Own Workplace,Work Related,Vehicle Driver,25 - 29.9,50 - 54,50
Y14H1220212P02T02,Y14H1220212P02,Y14H1220212,1,2,18,1080,19,1150,70,70,0,29.41,My Workplace,Own Workplace,Survey Home,At or Go Home,Work Related,Vehicle Driver,25 - 29.9,70 - 79,70
Y14H1220302P01T01,Y14H1220302P01,Y14H1220302,1,1,8,495,8,510,15,15,0,17.87,Survey Home,At or Go Home,My Workplace,Own Workplace,Work Related,Vehicle Driver,17 - 17.9,15 - 19,15
Y14H1220302P01T02,Y14H1220302P01,Y14H1220302,1,2,18,1080,18,1095,15,15,0,17.87,My Workplace,Own Workplace,Survey Home,At or Go Home,Work Related,Vehicle Driver,17 - 17.9,15 - 19,15
Y14H1220332P03T01,Y14H1220332P03,Y14H1220332,1,1,10,630,10,650,20,20,0,11.65,Survey Home,At or Go Home,My Workplace,Own Workplace,Work Related,Vehicle Driver,11 - 11.9,20 - 24,20
Y14H1220332P03T02,Y14H1220332P03,Y14H1220332,1,2,20,1215,20,1230,15,15,0,11.65,My Workplace,Own Workplace,Survey Home,At or Go Home,Work Related,Vehicle Driver,11 - 11.9,15 - 19,15
Y14H1230309P01T01,Y14H1230309P01,Y14H1230309,1,1,9,570,9,585,15,15,0,3.63,Survey Home,At or Go Home,My Workplace,Own Workplace,Work Related,Vehicle Driver,3 - 3.9,15 - 19,15
Y14H1230309P01T02,Y14H1230309P01,Y14H1230309,1,2,21,1260,21,1270,10,10,0,3.63,My Workplace,Own Workplace,Survey Home,At or Go Home,Work Related,Vehicle Driver,3 - 3.9,10. - 14.,10
Y14H1230438P01T01,Y14H1230438P01,Y14H1230438,1,1,9,540,9,570,30,30,0,6.68,Survey Home,At or Go Home,My Workplace,Own Workplace,Work Related,Vehicle Driver,6 - 6.9,30 - 34,30
Y14H1230438P01T02,Y14H1230438P01,Y14H1230438,1,2,18,1080,18,1110,30,30,0,6.68,My Workplace,Own Workplace,Survey Home,At or Go Home,Work Related,Vehicle Driver,6 - 6.9,30 - 34,30
Y14H1240323P03T01,Y14H1240323P03,Y14H1240323,1,1,8,480,8,495,15,15,0,7.05,Survey Home,At or Go Home,My Workplace,Own Workplace,Work Related,Vehicle Driver,7 - 7.9,15 - 19,15
Y14H1240323P03T02,Y14H1240323P03,Y14H1240323,1,2,17,1050,17,1065,15,15,0,7.05,My Workplace,Own Workplace,Survey Home,At or Go Home,Work Related,Vehicle Driver,7 - 7.9,15 - 19,15
Y14H1250222P01T01,Y14H1250222P01,Y14H1250222,1,1,8,510,8,530,20,20,0,11.07,Survey Home,At or Go Home,My Workplace,Own Workplace,Work Related,Vehicle Driver,11 - 11.9,20 - 24,20
Y14H1250222P01T02,Y14H1250222P01,Y14H1250222,1,2,17,1065,18,1080,15,15,0,11.07,My Workplace,Own Workplace,Survey Home,At or Go Home,Work Related,Vehicle Driver,11 - 11.9,15 - 19,15
Y14H1250324P01T01,Y14H1250324P01,Y14H1250324,1,1,8,480,8,530,50,50,0,12.31,Survey Home,At or Go Home,My Workplace,Own Workplace,Work Related,Vehicle Driver,12 - 12.9,50 - 54,50
Y14H1250324P01T02,Y14H1250324P01,Y14H1250324,1,2,18,1095,19,1150,55,55,0,12.31,My Workplace,Own Workplace,Survey Home,At or Go Home,Work Related,Vehicle Driver,12 - 12.9,55 - 59,55
Y15H1280205P02T01,Y15H1280205P02,Y15H1280205,1,1,8,480,8,525,45,45,0,26.63,Survey Home,At or Go Home,My Workplace,Own Workplace,Work Related,Vehicle Driver,25 - 29.9,45 - 49,45
Y15H1280205P02T02,Y15H1280205P02,Y15H1280205,1,2,17,1050,18,1095,45,45,0,26.63,My Workplace,Own Workplace,Survey Home,At or Go Home,Work Related,Vehicle Driver,25 - 29.9,45 - 49,45
Y15H1290241P01T01,Y15H1290241P01,Y15H1290241,1,1,8,525,9,555,30,30,0,18.95,Survey Home,At or Go Home,My Workplace,Own Workplace,Work Related,Vehicle Driver,18 - 18.9,30 - 34,30
Y15H1290241P01T02,Y15H1290241P01,Y15H1290241,1,2,18,1080,18,1110,30,30,0,18.95,My Workplace,Own Workplace,Survey Home,At or Go Home,Work Related,Vehicle Driver,18 - 18.9,30 - 34,30
Y15H1300404P02T01,Y15H1300404P02,Y15H1300404,1,1,9,540,9,585,45,45,0,10.96,Survey Home,At or Go Home,My Workplace,Own Workplace,Work Related,Vehicle Driver,10 - 10.9,45 - 49,45
Y15H1300404P02T02,Y15H1300404P02,Y15H1300404,1,2,20,1200,20,1230,30,30,0,10.96,My Workplace,Own Workplace,Survey Home,At or Go Home,Work Related,Vehicle Driver,10 - 10.9,30 - 34,30
Y15H1300431P02T01,Y15H1300431P02,Y15H1300431,1,1,8,510,8,525,15,15,0,1.82,Survey Home,At or Go Home,My Workplace,Own Workplace,Work Related,Vehicle Driver,1 - 1.9,15 - 19,15
Y15H1300431P02T02,Y15H1300431P02,Y15H1300431,1,2,17,1050,17,1065,15,15,0,1.82,My Workplace,Own Workplace,Survey Home,At or Go Home,Work Related,Vehicle Driver,1 - 1.9,15 - 19,15
Y15H1310102P01T01,Y15H1310102P01,Y15H1310102,1,1,8,510,9,540,30,30,0,10.76,Survey Home,At or Go Home,My Workplace,Own Workplace,Work Related,Vehicle Driver,10 - 10.9,30 - 34,30
Y15H1310102P01T02,Y15H1310102P01,Y15H1310102,1,2,17,1050,18,1080,30,30,0,10.76,My Workplace,Own Workplace,Survey Home,At or Go Home,Work Related,Vehicle Driver,10 - 10.9,30 - 34,30
Y15H1310126P01T01,Y15H1310126P01,Y15H1310126,1,1,8,530,9,540,10,10,0,2.68,Survey Home,At or Go Home,My Workplace,Own Workplace,Work Related,Vehicle Driver,2 - 2.9,10. - 14.,10
Y15H1310126P01T02,Y15H1310126P01,Y15H1310126,1,2,21,1260,21,1270,10,10,0,2.68,My Workplace,Own Workplace,Survey Home,At or Go Home,Work Related,Vehicle Driver,2 - 2.9,10. - 14.,10
Y15H1310231P03T01,Y15H1310231P03,Y15H1310231,1,1,9,540,9,560,20,20,0,4.16,Survey Home,At or Go Home,My Workplace,Own Workplace,Work Related,Vehicle Driver,4 - 4.9,20 - 24,20
Y15H1310231P03T02,Y15H1310231P03,Y15H1310231,1,2,17,1050,17,1070,20,20,0,4.16,My Workplace,Own Workplace,Survey Home,At or Go Home,Work Related,Vehicle Driver,4 - 4.9,20 - 24,20
Y15H1310410P01T01,Y15H1310410P01,Y15H1310410,1,1,8,510,9,540,30,30,0,5.96,Survey Home,At or Go Home,My Workplace,Own Workplace,Work Related,Vehicle Driver,5 - 5.9,30 - 34,30
Y15H1310410P01T02,Y15H1310410P01,Y15H1310410,1,2,17,1065,18,1095,30,30,0,5.96,My Workplace,Own Workplace,Survey Home,At or Go Home,Work Related,Vehicle Driver,5 - 5.9,30 - 34,30
Y15H1320105P05T01,Y15H1320105P05,Y15H1320105,1,1,9,560,10,600,40,40,0,28.26,Survey Home,At or Go Home,My Workplace,Own Workplace,Work Related,Vehicle Driver,25 - 29.9,40 - 44,40
Y15H1320105P05T02,Y15H1320105P05,Y15H1320105,1,2,18,1080,18,1110,30,30,0,28.26,My Workplace,Own Workplace,Survey Home,At or Go Home,Work Related,Vehicle Driver,25 - 29.9,30 - 34,30
Y15H1330229P02T01,Y15H1330229P02,Y15H1330229,1,1,8,510,8,535,25,25,0,11.49,Survey Home,At or Go Home,My Workplace,Own Workplace,Work Related,Vehicle Driver,11 - 11.9,25 - 29,25
Y15H1330229P02T02,Y15H1330229P02,Y15H1330229,1,2,17,1075,18,1100,25,25,0,11.49,My Workplace,Own Workplace,Survey Home,At or Go Home,Work Related,Vehicle Driver,11 - 11.9,25 - 29,25
Y15H1330239P01T01,Y15H1330239P01,Y15H1330239,1,1,8,510,9,570,60,60,0,22.17,Survey Home,At or Go Home,My Workplace,Own Workplace,Work Related,Vehicle Driver,20 - 24.9,60 - 69,60
Y15H1330239P01T02,Y15H1330239P01,Y15H1330239,1,2,18,1100,18,1130,30,30,0,22.17,My Workplace,Own Workplace,Survey Home,At or Go Home,Work Related,Vehicle Driver,20 - 24.9,30 - 34,30
Y15H1340121P01T01,Y15H1340121P01,Y15H1340121,1,1,8,520,8,530,10,10,0,3.99,Survey Home,At or Go Home,My Workplace,Own Workplace,Work Related,Vehicle Driver,3 - 3.9,10. - 14.,10
Y15H1340121P01T02,Y15H1340121P01,Y15H1340121,1,2,18,1085,18,1095,10,10,0,3.99,My Workplace,Own Workplace,Survey Home,At or Go Home,Work Related,Vehicle Driver,3 - 3.9,10. - 14.,10
Y15H1340224P02T01,Y15H1340224P02,Y15H1340224,1,1,10,630,11,690,60,60,0,41.83,Survey Home,At or Go Home,My Workplace,Own Workplace,Work Related,Vehicle Driver,40 - 44.9,60 - 69,60
Y15H1340224P02T02,Y15H1340224P02,Y15H1340224,1,2,17,1050,18,1095,45,45,0,41.83,My Workplace,Own Workplace,Survey Home,At or Go Home,Work Related,Vehicle Driver,40 - 44.9,45 - 49,45
Y15H1360136P01T01,Y15H1360136P01,Y15H1360136,1,1,8,500,8,510,10,10,0,2.26,Survey Home,At or Go Home,My Workplace,Own Workplace,Work Related,Vehicle Driver,2 - 2.9,10. - 14.,10
Y15H1360136P01T02,Y15H1360136P01,Y15H1360136,1,2,18,1100,18,1110,10,10,0,2.26,My Workplace,Own Workplace,Survey Home,At or Go Home,Work Related,Vehicle Driver,2 - 2.9,10. - 14.,10
Y15H1360322P03T01,Y15H1360322P03,Y15H1360322,1,1,9,565,9,585,20,20,0,8.37,Survey Home,At or Go Home,My Workplace,Own Workplace,Work Related,Vehicle Driver,8 - 8.9,20 - 24,20
Y15H1360322P03T02,Y15H1360322P03,Y15H1360322,1,2,18,1095,18,1110,15,15,0,8.37,My Workplace,Own Workplace,Survey Home,At or Go Home,Work Related,Vehicle Driver,8 - 8.9,15 - 19,15
Y15H1370203P03T01,Y15H1370203P03,Y15H1370203,1,1,8,510,9,540,30,30,0,9.94,Survey Home,At or Go Home,My Workplace,Own Workplace,Work Related,Vehicle Driver,9 - 9.9,30 - 34,30
Y15H1370203P03T02,Y15H1370203P03,Y15H1370203,1,2,18,1110,19,1140,30,30,0,9.94,My Workplace,Own Workplace,Survey Home,At or Go Home,Work Related,Vehicle Driver,9 - 9.9,30 - 34,30
Y15H1380304P04T01,Y15H1380304P04,Y15H1380304,1,1,8,510,9,555,45,45,0,10.09,Survey Home,At or Go Home,My Workplace,Own Workplace,Work Related,Vehicle Driver,10 - 10.9,45 - 49,45
Y15H1380304P04T02,Y15H1380304P04,Y15H1380304,1,2,17,1050,18,1080,30,30,0,10.09,My Workplace,Own Workplace,Survey Home,At or Go Home,Work Related,Vehicle Driver,10 - 10.9,30 - 34,30
Y15H1380333P02T01,Y15H1380333P02,Y15H1380333,1,1,8,495,8,515,20,20,0,7.07,Survey Home,At or Go Home,My Workplace,Own Workplace,Work Related,Vehicle Driver,7 - 7.9,20 - 24,20
Y15H1380333P02T02,Y15H1380333P02,Y15H1380333,1,2,17,1070,18,1089,19,19,0,7.07,My Workplace,Own Workplace,Survey Home,At or Go Home,Work Related,Vehicle Driver,7 - 7.9,15 - 19,19
Y15H1391011P02T01,Y15H1391011P02,Y15H1391011,1,1,9,540,9,550,10,10,0,3.41,Survey Home,At or Go Home,My Workplace,Own Workplace,Work Related,Vehicle Driver,3 - 3.9,10. - 14.,10
Y15H1391011P02T02,Y15H1391011P02,Y15H1391011,1,2,18,1080,18,1087,7,7,0,3.41,My Workplace,Own Workplace,Survey Home,At or Go Home,Work Related,Vehicle Driver,3 - 3.9,5. - 9.,7
Y15H1400501P01T01,Y15H1400501P01,Y15H1400501,1,1,9,550,10,650,100,100,0,52.88,Survey Home,At or Go Home,My Workplace,Own Workplace,Work Related,Vehicle Driver,50 - 59.9,100 - 109,100
Y15H1400501P01T02,Y15H1400501P01,Y15H1400501,1,2,18,1110,20,1200,90,90,0,52.88,My Workplace,Own Workplace,Survey Home,At or Go Home,Work Related,Vehicle Driver,50 - 59.9,90 - 99,90
Y15H1420225P01T01,Y15H1420225P01,Y15H1420225,2,1,9,540,9,585,45,45,0,14.52,Survey Home,At or Go Home,My Workplace,Own Workplace,Work Related,Vehicle Driver,14 - 14.9,45 - 49,30
Y15H1420225P01T02,Y15H1420225P01,Y15H1420225,2,2,19,1140,19,1195,55,55,0,14.52,My Workplace,Own Workplace,Survey Home,At or Go Home,Work Related,Vehicle Driver,14 - 14.9,55 - 59,15
Y15H1440331P02T01,Y15H1440331P02,Y15H1440331,1,1,8,485,9,540,55,55,0,18.84,Survey Home,At or Go Home,My Workplace,Own Workplace,Work Related,Vehicle Driver,18 - 18.9,55 - 59,55
Y15H1440331P02T02,Y15H1440331P02,Y15H1440331,1,2,18,1130,19,1170,40,40,0,18.84,My Workplace,Own Workplace,Survey Home,At or Go Home,Work Related,Vehicle Driver,18 - 18.9,40 - 44,40
Y15H1450105P02T01,Y15H1450105P02,Y15H1450105,1,1,8,480,8,520,40,40,0,25.35,Survey Home,At or Go Home,My Workplace,Own Workplace,Work Related,Vehicle Driver,25 - 29.9,40 - 44,40
Y15H1450105P02T02,Y15H1450105P02,Y15H1450105,1,2,18,1125,19,1170,45,45,0,25.35,My Workplace,Own Workplace,Survey Home,At or Go Home,Work Related,Vehicle Driver,25 - 29.9,45 - 49,45
Y15H1450205P02T01,Y15H1450205P02,Y15H1450205,1,1,8,480,8,500,20,20,0,7.09,Survey Home,At or Go Home,My Workplace,Own Workplace,Work Related,Vehicle Driver,7 - 7.9,20 - 24,20
Y15H1450205P02T02,Y15H1450205P02,Y15H1450205,1,2,17,1055,18,1080,25,25,0,7.09,My Workplace,Own Workplace,Survey Home,At or Go Home,Work Related,Vehicle Driver,7 - 7.9,25 - 29,25
Y15H1450208P01T01,Y15H1450208P01,Y15H1450208,1,1,9,570,10,600,30,30,0,10.11,Survey Home,At or Go Home,My Workplace,Own Workplace,Work Related,Vehicle Driver,10 - 10.9,30 - 34,30
Y15H1450208P01T02,Y15H1450208P01,Y15H1450208,1,2,21,1260,21,1290,30,30,0,10.11,My Workplace,Own Workplace,Survey Home,At or Go Home,Work Related,Vehicle Driver,10 - 10.9,30 - 34,30
Y15H1450208P03T01,Y15H1450208P03,Y15H1450208,1,1,9,555,10,600,45,45,0,14.64,Survey Home,At or Go Home,My Workplace,Own Workplace,Work Related,Vehicle Driver,14 - 14.9,45 - 49,45
Y15H1450208P03T02,Y15H1450208P03,Y15H1450208,1,2,19,1140,19,1185,45,45,0,14.64,My Workplace,Own Workplace,Survey Home,At or Go Home,Work Related,Vehicle Driver,14 - 14.9,45 - 49,45
Y15H1450212P02T01,Y15H1450212P02,Y15H1450212,1,1,8,510,8,525,15,15,0,2.78,Survey Home,At or Go Home,My Workplace,Own Workplace,Work Related,Vehicle Driver,2 - 2.9,15 - 19,15
Y15H1450212P02T02,Y15H1450212P02,Y15H1450212,1,2,17,1050,17,1057,7,7,0,2.78,My Workplace,Own Workplace,Survey Home,At or Go Home,Work Related,Vehicle Driver,2 - 2.9,5. - 9.,7
Y15H1450220P01T01,Y15H1450220P01,Y15H1450220,1,1,11,690,12,730,40,40,0,34.45,Survey Home,At or Go Home,My Workplace,Own Workplace,Work Related,Vehicle Driver,30 - 34.9,40 - 44,40
Y15H1450220P01T02,Y15H1450220P01,Y15H1450220,1,2,17,1050,18,1080,30,30,0,34.45,My Workplace,Own Workplace,Survey Home,At or Go Home,Work Related,Vehicle Driver,30 - 34.9,30 - 34,30
Y15H1451010P02T01,Y15H1451010P02,Y15H1451010,1,1,8,520,9,545,25,25,0,20.69,Survey Home,At or Go Home,My Workplace,Own Workplace,Work Related,Vehicle Driver,20 - 24.9,25 - 29,25
Y15H1451010P02T02,Y15H1451010P02,Y15H1451010,1,2,18,1080,18,1105,25,25,0,20.69,My Workplace,Own Workplace,Survey Home,At or Go Home,Work Related,Vehicle Driver,20 - 24.9,25 - 29,25
Y15H1460330P01T01,Y15H1460330P01,Y15H1460330,1,1,9,540,9,570,30,30,0,9.91,Survey Home,At or Go Home,My Workplace,Own Workplace,Work Related,Vehicle Driver,9 - 9.9,30 - 34,30
Y15H1460330P01T02,Y15H1460330P01,Y15H1460330,1,2,17,1050,18,1085,35,35,0,9.91,My Workplace,Own Workplace,Survey Home,At or Go Home,Work Related,Vehicle Driver,9 - 9.9,35 - 39,35
Y15H1470225P02T01,Y15H1470225P02,Y15H1470225,1,1,8,530,9,560,30,30,0,9.36,Survey Home,At or Go Home,My Workplace,Own Workplace,Work Related,Vehicle Driver,9 - 9.9,30 - 34,30
Y15H1470225P02T02,Y15H1470225P02,Y15H1470225,1,2,17,1065,18,1095,30,30,0,9.36,My Workplace,Own Workplace,Survey Home,At or Go Home,Work Related,Vehicle Driver,9 - 9.9,30 - 34,30
Y15H1470301P03T01,Y15H1470301P03,Y15H1470301,1,1,8,480,9,555,75,75,0,21.07,Survey Home,At or Go Home,My Workplace,Own Workplace,Work Related,Vehicle Driver,20 - 24.9,70 - 79,75
Y15H1470301P03T02,Y15H1470301P03,Y15H1470301,1,2,18,1080,19,1140,60,60,0,21.07,My Workplace,Own Workplace,Survey Home,At or Go Home,Work Related,Vehicle Driver,20 - 24.9,60 - 69,60
Y15H1470310P02T01,Y15H1470310P02,Y15H1470310,1,1,8,500,9,549,49,49,0,15.33,Survey Home,At or Go Home,My Workplace,Own Workplace,Work Related,Vehicle Driver,15 - 15.9,45 - 49,49
Y15H1470310P02T02,Y15H1470310P02,Y15H1470310,1,2,18,1080,18,1110,30,30,0,15.33,My Workplace,Own Workplace,Survey Home,At or Go Home,Work Related,Vehicle Driver,15 - 15.9,30 - 34,30
Y15H1470319P01T01,Y15H1470319P01,Y15H1470319,1,1,8,510,9,555,45,45,0,19.87,Survey Home,At or Go Home,My Workplace,Own Workplace,Work Related,Vehicle Driver,19 - 19.9,45 - 49,45
Y15H1470319P01T02,Y15H1470319P01,Y15H1470319,1,2,19,1170,20,1200,30,30,0,19.87,My Workplace,Own Workplace,Survey Home,At or Go Home,Work Related,Vehicle Driver,19 - 19.9,30 - 34,30
Y15H1470332P01T01,Y15H1470332P01,Y15H1470332,1,1,8,480,9,540,60,60,0,23.56,Survey Home,At or Go Home,My Workplace,Own Workplace,Work Related,Vehicle Driver,20 - 24.9,60 - 69,60
Y15H1470332P01T02,Y15H1470332P01,Y15H1470332,1,2,17,1050,18,1095,45,45,0,23.56,My Workplace,Own Workplace,Survey Home,At or Go Home,Work Related,Vehicle Driver,20 - 24.9,45 - 49,45
Y15H1470430P01T01,Y15H1470430P01,Y15H1470430,1,1,8,480,8,525,45,45,0,3.67,Survey Home,At or Go Home,My Workplace,Own Workplace,Work Related,Vehicle Driver,3 - 3.9,45 - 49,45
Y15H1470430P01T02,Y15H1470430P01,Y15H1470430,1,2,18,1080,18,1110,30,30,0,3.67,My Workplace,Own Workplace,Survey Home,At or Go Home,Work Related,Vehicle Driver,3 - 3.9,30 - 34,30
Y15H1470439P01T01,Y15H1470439P01,Y15H1470439,1,1,8,510,9,540,30,30,0,9.99,Survey Home,At or Go Home,My Workplace,Own Workplace,Work Related,Vehicle Driver,9 - 9.9,30 - 34,30
Y15H1470439P01T02,Y15H1470439P01,Y15H1470439,1,2,19,1140,19,1170,30,30,0,9.99,My Workplace,Own Workplace,Survey Home,At or Go Home,Work Related,Vehicle Driver,9 - 9.9,30 - 34,30
Y15H1480310P01T01,Y15H1480310P01,Y15H1480310,1,1,8,510,8,530,20,20,0,2.64,Survey Home,At or Go Home,My Workplace,Own Workplace,Work Related,Vehicle Driver,2 - 2.9,20 - 24,20
Y15H1480310P01T02,Y15H1480310P01,Y15H1480310,1,2,18,1080,18,1095,15,15,0,2.64,My Workplace,Own Workplace,Survey Home,At or Go Home,Work Related,Vehicle Driver,2 - 2.9,15 - 19,15
Y15H1480418P02T01,Y15H1480418P02,Y15H1480418,1,1,8,480,8,510,30,30,0,9.9,Survey Home,At or Go Home,My Workplace,Own Workplace,Work Related,Vehicle Driver,9 - 9.9,30 - 34,30
Y15H1480418P02T02,Y15H1480418P02,Y15H1480418,1,2,17,1050,18,1080,30,30,0,9.9,My Workplace,Own Workplace,Survey Home,At or Go Home,Work Related,Vehicle Driver,9 - 9.9,30 - 34,30
Y15H1480518P01T01,Y15H1480518P01,Y15H1480518,1,1,9,540,10,600,60,60,0,23.83,Survey Home,At or Go Home,My Workplace,Own Workplace,Work Related,Vehicle Driver,20 - 24.9,60 - 69,60
Y15H1480518P01T02,Y15H1480518P01,Y15H1480518,1,2,18,1080,18,1120,40,40,0,23.83,My Workplace,Own Workplace,Survey Home,At or Go Home,Work Related,Vehicle Driver,20 - 24.9,40 - 44,40
Y15H1490227P02T01,Y15H1490227P02,Y15H1490227,1,1,11,710,12,735,25,25,0,10.34,Survey Home,At or Go Home,My Workplace,Own Workplace,Work Related,Vehicle Driver,10 - 10.9,25 - 29,25
Y15H1490227P02T02,Y15H1490227P02,Y15H1490227,1,2,18,1085,18,1105,20,20,0,10.34,My Workplace,Own Workplace,Survey Home,At or Go Home,Work Related,Vehicle Driver,10 - 10.9,20 - 24,20
Y15H1490238P02T01,Y15H1490238P02,Y15H1490238,1,1,9,540,9,560,20,20,0,8.92,Survey Home,At or Go Home,My Workplace,Own Workplace,Work Related,Vehicle Driver,8 - 8.9,20 - 24,20
Y15H1490238P02T02,Y15H1490238P02,Y15H1490238,1,2,18,1080,18,1100,20,20,0,8.92,My Workplace,Own Workplace,Survey Home,At or Go Home,Work Related,Vehicle Driver,8 - 8.9,20 - 24,20
Y15H1490336P01T01,Y15H1490336P01,Y15H1490336,1,1,8,480,8,495,15,15,0,3.1,Survey Home,At or Go Home,My Workplace,Own Workplace,Work Related,Vehicle Driver,3 - 3.9,15 - 19,15
Y15H1490336P01T02,Y15H1490336P01,Y15H1490336,1,2,18,1110,18,1120,10,10,0,3.1,My Workplace,Own Workplace,Survey Home,At or Go Home,Work Related,Vehicle Driver,3 - 3.9,10. - 14.,10
Y15H1490416P01T01,Y15H1490416P01,Y15H1490416,1,1,8,510,9,540,30,30,0,11.91,Survey Home,At or Go Home,My Workplace,Own Workplace,Work Related,Vehicle Driver,11 - 11.9,30 - 34,30
Y15H1490416P01T02,Y15H1490416P01,Y15H1490416,1,2,18,1080,18,1135,55,55,0,11.91,My Workplace,Own Workplace,Survey Home,At or Go Home,Work Related,Vehicle Driver,11 - 11.9,55 - 59,55
Y15H1510332P01T01,Y15H1510332P01,Y15H1510332,1,1,8,510,9,540,30,30,0,7.97,Survey Home,At or Go Home,My Workplace,Own Workplace,Work Related,Vehicle Driver,7 - 7.9,30 - 34,30
Y15H1510332P01T02,Y15H1510332P01,Y15H1510332,1,2,18,1080,18,1110,30,30,0,7.97,My Workplace,Own Workplace,Survey Home,At or Go Home,Work Related,Vehicle Driver,7 - 7.9,30 - 34,30
Y15H1510525P01T01,Y15H1510525P01,Y15H1510525,1,1,8,510,9,540,30,30,0,3.46,Survey Home,At or Go Home,My Workplace,Own Workplace,Work Related,Vehicle Driver,3 - 3.9,30 - 34,30
Y15H1510525P01T02,Y15H1510525P01,Y15H1510525,1,2,18,1110,19,1140,30,30,0,3.46,My Workplace,Own Workplace,Survey Home,At or Go Home,Work Related,Vehicle Driver,3 - 3.9,30 - 34,30
Y15H1510532P01T01,Y15H1510532P01,Y15H1510532,1,1,10,600,10,615,15,15,0,9.1,Survey Home,At or Go Home,My Workplace,Own Workplace,Work Related,Vehicle Driver,9 - 9.9,15 - 19,15
Y15H1510532P01T02,Y15H1510532P01,Y15H1510532,1,2,17,1065,18,1080,15,15,0,9.1,My Workplace,Own Workplace,Survey Home,At or Go Home,Work Related,Vehicle Driver,9 - 9.9,15 - 19,15
Y15H1520237P02T01,Y15H1520237P02,Y15H1520237,1,1,9,540,9,555,15,15,0,4.51,Survey Home,At or Go Home,My Workplace,Own Workplace,Work Related,Vehicle Driver,4 - 4.9,15 - 19,15
Y15H1520237P02T02,Y15H1520237P02,Y15H1520237,1,2,19,1145,19,1165,20,20,0,4.51,My Workplace,Own Workplace,Survey Home,At or Go Home,Work Related,Vehicle Driver,4 - 4.9,20 - 24,20
Y15H1530101P02T01,Y15H1530101P02,Y15H1530101,1,1,8,510,9,570,60,60,0,45.13,Survey Home,At or Go Home,My Workplace,Own Workplace,Work Related,Vehicle Driver,45 - 49.9,60 - 69,60
Y15H1530101P02T02,Y15H1530101P02,Y15H1530101,1,2,18,1080,19,1140,60,60,0,45.13,My Workplace,Own Workplace,Survey Home,At or Go Home,Work Related,Vehicle Driver,45 - 49.9,60 - 69,60
Y15H1530311P01T01,Y15H1530311P01,Y15H1530311,1,1,8,480,8,495,15,15,0,5.59,Survey Home,At or Go Home,My Workplace,Own Workplace,Work Related,Vehicle Driver,5 - 5.9,15 - 19,15
Y15H1530311P01T02,Y15H1530311P01,Y15H1530311,1,2,17,1050,17,1065,15,15,0,5.59,My Workplace,Own Workplace,Survey Home,At or Go Home,Work Related,Vehicle Driver,5 - 5.9,15 - 19,15
Y15H1530430P03T01,Y15H1530430P03,Y15H1530430,1,1,11,660,11,670,10,10,0,6.07,Survey Home,At or Go Home,My Workplace,Own Workplace,Work Related,Vehicle Driver,6 - 6.9,10. - 14.,10
Y15H1530430P03T02,Y15H1530430P03,Y15H1530430,1,2,21,1260,21,1275,15,15,0,6.07,My Workplace,Own Workplace,Survey Home,At or Go Home,Work Related,Vehicle Driver,6 - 6.9,15 - 19,15
Y15H1540230P01T01,Y15H1540230P01,Y15H1540230,1,1,8,505,9,540,35,35,0,13.6,Survey Home,At or Go Home,My Workplace,Own Workplace,Work Related,Vehicle Driver,13 - 13.9,35 - 39,35
Y15H1540230P01T02,Y15H1540230P01,Y15H1540230,1,2,17,1050,18,1095,45,45,0,13.6,My Workplace,Own Workplace,Survey Home,At or Go Home,Work Related,Vehicle Driver,13 - 13.9,45 - 49,45
Y15H1550223P01T01,Y15H1550223P01,Y15H1550223,1,1,8,510,8,535,25,25,0,12.34,Survey Home,At or Go Home,My Workplace,Own Workplace,Work Related,Vehicle Driver,12 - 12.9,25 - 29,25
Y15H1550223P01T02,Y15H1550223P01,Y15H1550223,1,2,17,1050,18,1095,45,45,0,12.34,My Workplace,Own Workplace,Survey Home,At or Go Home,Work Related,Vehicle Driver,12 - 12.9,45 - 49,45
Y15H1560523P01T01,Y15H1560523P01,Y15H1560523,1,1,9,540,9,585,45,45,0,35.02,Survey Home,At or Go Home,My Workplace,Own Workplace,Work Related,Vehicle Driver,35 - 39.9,45 - 49,45
Y15H1560523P01T02,Y15H1560523P01,Y15H1560523,1,2,18,1080,18,1125,45,45,0,35.02,My Workplace,Own Workplace,Survey Home,At or Go Home,Work Related,Vehicle Driver,35 - 39.9,45 - 49,45
Y15H1570239P04T01,Y15H1570239P04,Y15H1570239,1,1,9,540,9,560,20,20,0,3.54,Survey Home,At or Go Home,My Workplace,Own Workplace,Work Related,Vehicle Driver,3 - 3.9,20 - 24,20
Y15H1570239P04T02,Y15H1570239P04,Y15H1570239,1,2,17,1050,17,1065,15,15,0,3.54,My Workplace,Own Workplace,Survey Home,At or Go Home,Work Related,Vehicle Driver,3 - 3.9,15 - 19,15
Y15H1590102P01T01,Y15H1590102P01,Y15H1590102,1,1,10,630,10,650,20,20,0,9.96,Survey Home,At or Go Home,My Workplace,Own Workplace,Work Related,Vehicle Driver,9 - 9.9,20 - 24,20
Y15H1590102P01T02,Y15H1590102P01,Y15H1590102,1,2,21,1260,21,1290,30,30,0,9.96,My Workplace,Own Workplace,Survey Home,At or Go Home,Work Related,Vehicle Driver,9 - 9.9,30 - 34,30
Y15H1590242P01T01,Y15H1590242P01,Y15H1590242,1,1,10,630,11,660,30,30,0,15.3,Survey Home,At or Go Home,My Workplace,Own Workplace,Work Related,Vehicle Driver,15 - 15.9,30 - 34,30
Y15H1590242P01T02,Y15H1590242P01,Y15H1590242,1,2,17,1050,18,1080,30,30,0,15.3,My Workplace,Own Workplace,Survey Home,At or Go Home,Work Related,Vehicle Driver,15 - 15.9,30 - 34,30
Y15H1590318P02T01,Y15H1590318P02,Y15H1590318,1,1,8,510,8,535,25,25,0,7.28,Survey Home,At or Go Home,My Workplace,Own Workplace,Work Related,Vehicle Driver,7 - 7.9,25 - 29,25
Y15H1590318P02T02,Y15H1590318P02,Y15H1590318,1,2,17,1055,18,1095,40,40,0,7.28,My Workplace,Own Workplace,Survey Home,At or Go Home,Work Related,Vehicle Driver,7 - 7.9,40 - 44,40
Y15H1591001P02T01,Y15H1591001P02,Y15H1591001,1,1,8,510,8,525,15,15,0,7.17,Survey Home,At or Go Home,My Workplace,Own Workplace,Work Related,Vehicle Driver,7 - 7.9,15 - 19,15
Y15H1591001P02T02,Y15H1591001P02,Y15H1591001,1,2,17,1050,17,1065,15,15,0,7.17,My Workplace,Own Workplace,Survey Home,At or Go Home,Work Related,Vehicle Driver,7 - 7.9,15 - 19,15
Y15H1591015P01T01,Y15H1591015P01,Y15H1591015,1,1,8,480,8,495,15,15,0,4.44,Survey Home,At or Go Home,My Workplace,Own Workplace,Work Related,Vehicle Driver,4 - 4.9,15 - 19,15
Y15H1591015P01T02,Y15H1591015P01,Y15H1591015,1,2,17,1050,17,1060,10,10,0,4.44,My Workplace,Own Workplace,Survey Home,At or Go Home,Work Related,Vehicle Driver,4 - 4.9,10. - 14.,10
Y15H1600122P03T01,Y15H1600122P03,Y15H1600122,1,1,10,600,10,630,30,30,0,20.39,Survey Home,At or Go Home,My Workplace,Own Workplace,Work Related,Vehicle Driver,20 - 24.9,30 - 34,30
Y15H1600122P03T02,Y15H1600122P03,Y15H1600122,1,2,17,1050,18,1080,30,30,0,20.39,My Workplace,Own Workplace,Survey Home,At or Go Home,Work Related,Vehicle Driver,20 - 24.9,30 - 34,30
Y15H1600236P02T01,Y15H1600236P02,Y15H1600236,2,1,9,540,9,585,45,45,0,13.53,Survey Home,At or Go Home,My Workplace,Own Workplace,Work Related,Vehicle Driver,13 - 13.9,45 - 49,35
Y15H1600236P02T02,Y15H1600236P02,Y15H1600236,2,2,18,1100,19,1150,50,50,0,13.53,My Workplace,Own Workplace,Survey Home,At or Go Home,Work Related,Vehicle Driver,13 - 13.9,50 - 54,10
Y15H1610224P02T01,Y15H1610224P02,Y15H1610224,1,1,9,540,9,570,30,30,0,10.82,Survey Home,At or Go Home,My Workplace,Own Workplace,Work Related,Vehicle Driver,10 - 10.9,30 - 34,30
Y15H1610224P02T02,Y15H1610224P02,Y15H1610224,1,2,18,1110,19,1140,30,30,0,10.82,My Workplace,Own Workplace,Survey Home,At or Go Home,Work Related,Vehicle Driver,10 - 10.9,30 - 34,30
Y15H1610436P01T01,Y15H1610436P01,Y15H1610436,1,1,8,480,8,510,30,30,0,12.19,Survey Home,At or Go Home,My Workplace,Own Workplace,Work Related,Vehicle Driver,12 - 12.9,30 - 34,30
Y15H1610436P01T02,Y15H1610436P01,Y15H1610436,1,2,18,1080,18,1125,45,45,0,12.19,My Workplace,Own Workplace,Survey Home,At or Go Home,Work Related,Vehicle Driver,12 - 12.9,45 - 49,45
Y15H1620330P01T01,Y15H1620330P01,Y15H1620330,1,1,8,495,8,520,25,25,0,7.09,Survey Home,At or Go Home,My Workplace,Own Workplace,Work Related,Vehicle Driver,7 - 7.9,25 - 29,25
Y15H1620330P01T02,Y15H1620330P01,Y15H1620330,1,2,17,1067,18,1105,38,38,0,7.09,My Workplace,Own Workplace,Survey Home,At or Go Home,Work Related,Vehicle Driver,7 - 7.9,35 - 39,38
Y15H1620503P01T01,Y15H1620503P01,Y15H1620503,1,1,9,540,9,574,34,34,0,14.51,Survey Home,At or Go Home,My Workplace,Own Workplace,Work Related,Vehicle Driver,14 - 14.9,30 - 34,34
Y15H1620503P01T02,Y15H1620503P01,Y15H1620503,1,2,18,1080,18,1114,34,34,0,14.51,My Workplace,Own Workplace,Survey Home,At or Go Home,Work Related,Vehicle Driver,14 - 14.9,30 - 34,34
Y15H1630218P02T01,Y15H1630218P02,Y15H1630218,1,1,8,510,8,535,25,25,0,18.36,Survey Home,At or Go Home,My Workplace,Own Workplace,Work Related,Vehicle Driver,18 - 18.9,25 - 29,25
Y15H1630218P02T02,Y15H1630218P02,Y15H1630218,1,2,18,1080,18,1110,30,30,0,18.36,My Workplace,Own Workplace,Survey Home,At or Go Home,Work Related,Vehicle Driver,18 - 18.9,30 - 34,30
Y15H1630229P01T01,Y15H1630229P01,Y15H1630229,1,1,9,560,10,600,40,40,0,9.18,Survey Home,At or Go Home,My Workplace,Own Workplace,Work Related,Vehicle Driver,9 - 9.9,40 - 44,40
Y15H1630229P01T02,Y15H1630229P01,Y15H1630229,1,2,18,1080,18,1095,15,15,0,9.18,My Workplace,Own Workplace,Survey Home,At or Go Home,Work Related,Vehicle Driver,9 - 9.9,15 - 19,15
Y15H1640133P03T01,Y15H1640133P03,Y15H1640133,1,1,9,585,10,600,15,15,0,6.08,Survey Home,At or Go Home,My Workplace,Own Workplace,Work Related,Vehicle Driver,6 - 6.9,15 - 19,15
Y15H1640133P03T02,Y15H1640133P03,Y15H1640133,1,2,18,1090,18,1105,15,15,0,6.08,My Workplace,Own Workplace,Survey Home,At or Go Home,Work Related,Vehicle Driver,6 - 6.9,15 - 19,15
Y15H1640205P01T01,Y15H1640205P01,Y15H1640205,1,1,8,480,9,540,60,60,0,23.48,Survey Home,At or Go Home,My Workplace,Own Workplace,Work Related,Vehicle Driver,20 - 24.9,60 - 69,60
Y15H1640205P01T02,Y15H1640205P01,Y15H1640205,1,2,17,1065,18,1110,45,45,0,23.48,My Workplace,Own Workplace,Survey Home,At or Go Home,Work Related,Vehicle Driver,20 - 24.9,45 - 49,45
Y15H1640222P02T01,Y15H1640222P02,Y15H1640222,1,1,8,495,9,540,45,45,0,19.92,Survey Home,At or Go Home,My Workplace,Own Workplace,Work Related,Vehicle Driver,19 - 19.9,45 - 49,45
Y15H1640222P02T02,Y15H1640222P02,Y15H1640222,1,2,17,1060,18,1110,50,50,0,19.92,My Workplace,Own Workplace,Survey Home,At or Go Home,Work Related,Vehicle Driver,19 - 19.9,50 - 54,50
Y15H1640410P04T01,Y15H1640410P04,Y15H1640410,1,1,8,500,9,540,40,40,0,21.95,Survey Home,At or Go Home,My Workplace,Own Workplace,Work Related,Vehicle Driver,20 - 24.9,40 - 44,40
Y15H1640410P04T02,Y15H1640410P04,Y15H1640410,1,2,18,1130,19,1170,40,40,0,21.95,My Workplace,Own Workplace,Survey Home,At or Go Home,Work Related,Vehicle Driver,20 - 24.9,40 - 44,40
Y15H1640426P03T01,Y15H1640426P03,Y15H1640426,1,1,8,530,8,532,2,2,0,0.34,Survey Home,At or Go Home,My Workplace,Own Workplace,Work Related,Vehicle Driver,0 - 0.9,0 - 4,2
Y15H1640426P03T02,Y15H1640426P03,Y15H1640426,1,2,18,1080,18,1082,2,2,0,0.34,My Workplace,Own Workplace,Survey Home,At or Go Home,Work Related,Vehicle Driver,0 - 0.9,0 - 4,2
Y15H1650126P03T01,Y15H1650126P03,Y15H1650126,1,1,8,500,8,520,20,20,0,11.49,Survey Home,At or Go Home,My Workplace,Own Workplace,Work Related,Vehicle Driver,11 - 11.9,20 - 24,20
Y15H1650126P03T02,Y15H1650126P03,Y15H1650126,1,2,18,1110,18,1125,15,15,0,11.49,My Workplace,Own Workplace,Survey Home,At or Go Home,Work Related,Vehicle Driver,11 - 11.9,15 - 19,15
Y15H1650318P03T01,Y15H1650318P03,Y15H1650318,1,1,8,490,8,525,35,35,0,8.26,Survey Home,At or Go Home,My Workplace,Own Workplace,Work Related,Vehicle Driver,8 - 8.9,35 - 39,35
Y15H1650318P03T02,Y15H1650318P03,Y15H1650318,1,2,18,1080,18,1130,50,50,0,8.26,My Workplace,Own Workplace,Survey Home,At or Go Home,Work Related,Vehicle Driver,8 - 8.9,50 - 54,50
Y15H1650416P01T01,Y15H1650416P01,Y15H1650416,1,1,9,540,9,563,23,23,0,9.38,Survey Home,At or Go Home,My Workplace,Own Workplace,Work Related,Vehicle Driver,9 - 9.9,20 - 24,23
Y15H1650416P01T02,Y15H1650416P01,Y15H1650416,1,2,17,1050,17,1075,25,25,0,9.38,My Workplace,Own Workplace,Survey Home,At or Go Home,Work Related,Vehicle Driver,9 - 9.9,25 - 29,25
Y15H1650516P02T01,Y15H1650516P02,Y15H1650516,1,1,8,525,9,570,45,45,0,11.52,Survey Home,At or Go Home,My Workplace,Own Workplace,Work Related,Vehicle Driver,11 - 11.9,45 - 49,45
Y15H1650516P02T02,Y15H1650516P02,Y15H1650516,1,2,17,1050,18,1080,30,30,0,11.52,My Workplace,Own Workplace,Survey Home,At or Go Home,Work Related,Vehicle Driver,11 - 11.9,30 - 34,30
Y15H1660509P02T01,Y15H1660509P02,Y15H1660509,1,1,8,525,9,540,15,15,0,5.64,Survey Home,At or Go Home,My Workplace,Own Workplace,Work Related,Vehicle Driver,5 - 5.9,15 - 19,15
Y15H1660509P02T02,Y15H1660509P02,Y15H1660509,1,2,17,1065,18,1080,15,15,0,5.64,My Workplace,Own Workplace,Survey Home,At or Go Home,Work Related,Vehicle Driver,5 - 5.9,15 - 19,15
Y15H1670202P01T01,Y15H1670202P01,Y15H1670202,1,1,8,480,8,510,30,30,0,11.93,Survey Home,At or Go Home,My Workplace,Own Workplace,Work Related,Vehicle Driver,11 - 11.9,30 - 34,30
Y15H1670202P01T02,Y15H1670202P01,Y15H1670202,1,2,18,1080,18,1120,40,40,0,11.93,My Workplace,Own Workplace,Survey Home,At or Go Home,Work Related,Vehicle Driver,11 - 11.9,40 - 44,40
Y15H1680325P02T01,Y15H1680325P02,Y15H1680325,1,1,9,540,9,580,40,40,0,9.24,Survey Home,At or Go Home,My Workplace,Own Workplace,Work Related,Vehicle Driver,9 - 9.9,40 - 44,40
Y15H1680325P02T02,Y15H1680325P02,Y15H1680325,1,2,19,1140,19,1170,30,30,0,9.24,My Workplace,Own Workplace,Survey Home,At or Go Home,Work Related,Vehicle Driver,9 - 9.9,30 - 34,30
Y15H1680437P02T01,Y15H1680437P02,Y15H1680437,1,1,8,500,9,545,45,45,0,23.53,Survey Home,At or Go Home,My Workplace,Own Workplace,Work Related,Vehicle Driver,20 - 24.9,45 - 49,45
Y15H1680437P02T02,Y15H1680437P02,Y15H1680437,1,2,17,1050,18,1080,30,30,0,23.53,My Workplace,Own Workplace,Survey Home,At or Go Home,Work Related,Vehicle Driver,20 - 24.9,30 - 34,30
Y15H1680532P03T01,Y15H1680532P03,Y15H1680532,1,1,8,510,8,530,20,20,0,6.95,Survey Home,At or Go Home,My Workplace,Own Workplace,Work Related,Vehicle Driver,6 - 6.9,20 - 24,20
Y15H1680532P03T02,Y15H1680532P03,Y15H1680532,1,2,18,1110,18,1130,20,20,0,6.95,My Workplace,Own Workplace,Survey Home,At or Go Home,Work Related,Vehicle Driver,6 - 6.9,20 - 24,20
Y15H1690301P04T01,Y15H1690301P04,Y15H1690301,1,1,9,570,9,580,10,10,0,4.45,Survey Home,At or Go Home,My Workplace,Own Workplace,Work Related,Vehicle Driver,4 - 4.9,10. - 14.,10
Y15H1690301P04T02,Y15H1690301P04,Y15H1690301,1,2,19,1140,19,1155,15,15,0,4.45,My Workplace,Own Workplace,Survey Home,At or Go Home,Work Related,Vehicle Driver,4 - 4.9,15 - 19,15
Y15H1690327P03T01,Y15H1690327P03,Y15H1690327,1,1,8,510,8,525,15,15,0,5.27,Survey Home,At or Go Home,My Workplace,Own Workplace,Work Related,Vehicle Driver,5 - 5.9,15 - 19,15
Y15H1690327P03T02,Y15H1690327P03,Y15H1690327,1,2,17,1065,18,1095,30,30,0,5.27,My Workplace,Own Workplace,Survey Home,At or Go Home,Work Related,Vehicle Driver,5 - 5.9,30 - 34,30
Y15H1690338P01T01,Y15H1690338P01,Y15H1690338,1,1,9,570,10,600,30,30,0,7.71,Survey Home,At or Go Home,My Workplace,Own Workplace,Work Related,Vehicle Driver,7 - 7.9,30 - 34,30
Y15H1690338P01T02,Y15H1690338P01,Y15H1690338,1,2,18,1110,19,1140,30,30,0,7.71,My Workplace,Own Workplace,Survey Home,At or Go Home,Work Related,Vehicle Driver,7 - 7.9,30 - 34,30
Y15H1690532P01T01,Y15H1690532P01,Y15H1690532,2,1,8,495,9,540,45,45,0,8.64,Survey Home,At or Go Home,My Workplace,Own Workplace,Work Related,Vehicle Driver,8 - 8.9,45 - 49,30
Y15H1690532P01T02,Y15H1690532P01,Y15H1690532,2,2,18,1100,18,1125,25,25,0,8.64,My Workplace,Own Workplace,Survey Home,At or Go Home,Work Related,Vehicle Driver,8 - 8.9,25 - 29,15
Y15H1700104P01T01,Y15H1700104P01,Y15H1700104,1,1,8,480,9,540,60,60,0,30.49,Survey Home,At or Go Home,My Workplace,Own Workplace,Work Related,Vehicle Driver,30 - 34.9,60 - 69,60
Y15H1700104P01T02,Y15H1700104P01,Y15H1700104,1,2,17,1050,18,1110,60,60,0,30.49,My Workplace,Own Workplace,Survey Home,At or Go Home,Work Related,Vehicle Driver,30 - 34.9,60 - 69,60
Y15H1700214P03T01,Y15H1700214P03,Y15H1700214,1,1,10,600,10,625,25,25,0,12.25,Survey Home,At or Go Home,My Workplace,Own Workplace,Work Related,Vehicle Driver,12 - 12.9,25 - 29,25
Y15H1700214P03T02,Y15H1700214P03,Y15H1700214,1,2,20,1230,20,1250,20,20,0,12.25,My Workplace,Own Workplace,Survey Home,At or Go Home,Work Related,Vehicle Driver,12 - 12.9,20 - 24,20
Y15H1700237P03T01,Y15H1700237P03,Y15H1700237,1,1,8,510,8,530,20,20,0,7.31,Survey Home,At or Go Home,My Workplace,Own Workplace,Work Related,Vehicle Driver,7 - 7.9,20 - 24,20
Y15H1700237P03T02,Y15H1700237P03,Y15H1700237,1,2,17,1050,17,1065,15,15,0,7.31,My Workplace,Own Workplace,Survey Home,At or Go Home,Work Related,Vehicle Driver,7 - 7.9,15 - 19,15
Y15H1700322P01T01,Y15H1700322P01,Y15H1700322,1,1,8,480,8,505,25,25,0,5.69,Survey Home,At or Go Home,My Workplace,Own Workplace,Work Related,Vehicle Driver,5 - 5.9,25 - 29,25
Y15H1700322P01T02,Y15H1700322P01,Y15H1700322,1,2,17,1050,18,1080,30,30,0,5.69,My Workplace,Own Workplace,Survey Home,At or Go Home,Work Related,Vehicle Driver,5 - 5.9,30 - 34,30
Y15H1710124P01T01,Y15H1710124P01,Y15H1710124,1,1,8,480,8,520,40,40,0,33.76,Survey Home,At or Go Home,My Workplace,Own Workplace,Work Related,Vehicle Driver,30 - 34.9,40 - 44,40
Y15H1710124P01T02,Y15H1710124P01,Y15H1710124,1,2,18,1080,18,1125,45,45,0,33.76,My Workplace,Own Workplace,Survey Home,At or Go Home,Work Related,Vehicle Driver,30 - 34.9,45 - 49,45
Y15H1720404P01T01,Y15H1720404P01,Y15H1720404,1,1,8,480,8,494,14,14,0,6.78,Survey Home,At or Go Home,My Workplace,Own Workplace,Work Related,Vehicle Driver,6 - 6.9,10. - 14.,14
Y15H1720404P01T02,Y15H1720404P01,Y15H1720404,1,2,18,1110,18,1119,9,9,0,6.78,My Workplace,Own Workplace,Survey Home,At or Go Home,Work Related,Vehicle Driver,6 - 6.9,5. - 9.,9
Y15H1720433P01T01,Y15H1720433P01,Y15H1720433,1,1,11,660,11,665,5,5,0,1.09,Survey Home,At or Go Home,My Workplace,Own Workplace,Work Related,Vehicle Driver,1 - 1.9,5. - 9.,5
Y15H1720433P01T02,Y15H1720433P01,Y15H1720433,1,2,19,1180,19,1185,5,5,0,1.09,My Workplace,Own Workplace,Survey Home,At or Go Home,Work Related,Vehicle Driver,1 - 1.9,5. - 9.,5
Y15H1730117P02T01,Y15H1730117P02,Y15H1730117,1,1,12,720,12,735,15,15,0,3.96,Survey Home,At or Go Home,My Workplace,Own Workplace,Work Related,Vehicle Driver,3 - 3.9,15 - 19,15
Y15H1730117P02T02,Y15H1730117P02,Y15H1730117,1,2,18,1080,18,1095,15,15,0,3.96,My Workplace,Own Workplace,Survey Home,At or Go Home,Work Related,Vehicle Driver,3 - 3.9,15 - 19,15
Y15H1730232P02T01,Y15H1730232P02,Y15H1730232,1,1,9,570,10,600,30,30,0,10.56,Survey Home,At or Go Home,My Workplace,Own Workplace,Work Related,Vehicle Driver,10 - 10.9,30 - 34,30
Y15H1730232P02T02,Y15H1730232P02,Y15H1730232,1,2,18,1125,19,1160,35,35,0,10.56,My Workplace,Own Workplace,Survey Home,At or Go Home,Work Related,Vehicle Driver,10 - 10.9,35 - 39,35
Y15H1730436P02T01,Y15H1730436P02,Y15H1730436,1,1,8,495,9,570,75,75,0,24.77,Survey Home,At or Go Home,My Workplace,Own Workplace,Work Related,Vehicle Driver,20 - 24.9,70 - 79,75
Y15H1730436P02T02,Y15H1730436P02,Y15H1730436,1,2,18,1110,19,1180,70,70,0,24.77,My Workplace,Own Workplace,Survey Home,At or Go Home,Work Related,Vehicle Driver,20 - 24.9,70 - 79,70
Y15H1740109P02T01,Y15H1740109P02,Y15H1740109,1,1,8,480,8,510,30,30,0,11.75,Survey Home,At or Go Home,My Workplace,Own Workplace,Work Related,Vehicle Driver,11 - 11.9,30 - 34,30
Y15H1740109P02T02,Y15H1740109P02,Y15H1740109,1,2,17,1065,18,1095,30,30,0,11.75,My Workplace,Own Workplace,Survey Home,At or Go Home,Work Related,Vehicle Driver,11 - 11.9,30 - 34,30
Y15H1740337P01T01,Y15H1740337P01,Y15H1740337,1,1,11,660,11,690,30,30,0,4.35,Survey Home,At or Go Home,My Workplace,Own Workplace,Work Related,Vehicle Driver,4 - 4.9,30 - 34,30
Y15H1740337P01T02,Y15H1740337P01,Y15H1740337,1,2,18,1090,18,1110,20,20,0,4.35,My Workplace,Own Workplace,Survey Home,At or Go Home,Work Related,Vehicle Driver,4 - 4.9,20 - 24,20
Y15H1740436P01T01,Y15H1740436P01,Y15H1740436,1,1,8,480,8,530,50,50,0,20.51,Survey Home,At or Go Home,My Workplace,Own Workplace,Work Related,Vehicle Driver,20 - 24.9,50 - 54,50
Y15H1740436P01T02,Y15H1740436P01,Y15H1740436,1,2,18,1095,18,1130,35,35,0,20.51,My Workplace,Own Workplace,Survey Home,At or Go Home,Work Related,Vehicle Driver,20 - 24.9,35 - 39,35
Y15H1741012P02T01,Y15H1741012P02,Y15H1741012,1,1,9,570,9,590,20,20,0,1.36,Survey Home,At or Go Home,My Workplace,Own Workplace,Work Related,Vehicle Driver,1 - 1.9,20 - 24,20
Y15H1741012P02T02,Y15H1741012P02,Y15H1741012,1,2,18,1110,18,1120,10,10,0,1.36,My Workplace,Own Workplace,Survey Home,At or Go Home,Work Related,Vehicle Driver,1 - 1.9,10. - 14.,10
Y15H1741026P01T01,Y15H1741026P01,Y15H1741026,1,1,10,600,10,610,10,10,0,6.19,Survey Home,At or Go Home,My Workplace,Own Workplace,Work Related,Vehicle Driver,6 - 6.9,10. - 14.,10
Y15H1741026P01T02,Y15H1741026P01,Y15H1741026,1,2,20,1245,21,1260,15,15,0,6.19,My Workplace,Own Workplace,Survey Home,At or Go Home,Work Related,Vehicle Driver,6 - 6.9,15 - 19,15
Y15H1760220P01T01,Y15H1760220P01,Y15H1760220,1,1,8,520,9,560,40,40,0,16.12,Survey Home,At or Go Home,My Workplace,Own Workplace,Work Related,Vehicle Driver,16 - 16.9,40 - 44,40
Y15H1760220P01T02,Y15H1760220P01,Y15H1760220,1,2,20,1200,20,1230,30,30,0,16.12,My Workplace,Own Workplace,Survey Home,At or Go Home,Work Related,Vehicle Driver,16 - 16.9,30 - 34,30
Y15H1760309P03T01,Y15H1760309P03,Y15H1760309,1,1,8,500,8,530,30,30,0,4.09,Survey Home,At or Go Home,My Workplace,Own Workplace,Work Related,Vehicle Driver,4 - 4.9,30 - 34,30
Y15H1760309P03T02,Y15H1760309P03,Y15H1760309,1,2,17,1050,18,1080,30,30,0,4.09,My Workplace,Own Workplace,Survey Home,At or Go Home,Work Related,Vehicle Driver,4 - 4.9,30 - 34,30
Y15H1761031P02T01,Y15H1761031P02,Y15H1761031,1,1,9,585,9,598,13,13,0,6.17,Survey Home,At or Go Home,My Workplace,Own Workplace,Work Related,Vehicle Driver,6 - 6.9,10. - 14.,13
Y15H1761031P02T02,Y15H1761031P02,Y15H1761031,1,2,18,1080,18,1095,15,15,0,6.17,My Workplace,Own Workplace,Survey Home,At or Go Home,Work Related,Vehicle Driver,6 - 6.9,15 - 19,15
Y15H1780115P02T01,Y15H1780115P02,Y15H1780115,1,1,10,615,10,625,10,10,0,1.44,Survey Home,At or Go Home,My Workplace,Own Workplace,Work Related,Vehicle Driver,1 - 1.9,10. - 14.,10
Y15H1780115P02T02,Y15H1780115P02,Y15H1780115,1,2,18,1085,18,1095,10,10,0,1.44,My Workplace,Own Workplace,Survey Home,At or Go Home,Work Related,Vehicle Driver,1 - 1.9,10. - 14.,10
Y15H1780209P01T01,Y15H1780209P01,Y15H1780209,1,1,8,510,8,520,10,10,0,2.08,Survey Home,At or Go Home,My Workplace,Own Workplace,Work Related,Vehicle Driver,2 - 2.9,10. - 14.,10
Y15H1780209P01T02,Y15H1780209P01,Y15H1780209,1,2,18,1080,18,1090,10,10,0,2.08,My Workplace,Own Workplace,Survey Home,At or Go Home,Work Related,Vehicle Driver,2 - 2.9,10. - 14.,10
Y15H1790118P01T01,Y15H1790118P01,Y15H1790118,1,1,8,485,8,495,10,10,0,10.78,Survey Home,At or Go Home,My Workplace,Own Workplace,Work Related,Vehicle Driver,10 - 10.9,10. - 14.,10
Y15H1790118P01T02,Y15H1790118P01,Y15H1790118,1,2,18,1080,18,1100,20,20,0,10.78,My Workplace,Own Workplace,Survey Home,At or Go Home,Work Related,Vehicle Driver,10 - 10.9,20 - 24,20
Y16H1800317P01T01,Y16H1800317P01,Y16H1800317,1,1,8,510,8,520,10,10,0,3.81,Survey Home,At or Go Home,My Workplace,Own Workplace,Work Related,Vehicle Driver,3 - 3.9,10. - 14.,10
Y16H1800317P01T02,Y16H1800317P01,Y16H1800317,1,2,18,1080,18,1090,10,10,0,3.81,My Workplace,Own Workplace,Survey Home,At or Go Home,Work Related,Vehicle Driver,3 - 3.9,10. - 14.,10
Y16H1800319P01T01,Y16H1800319P01,Y16H1800319,1,1,8,480,8,500,20,20,0,4.05,Survey Home,At or Go Home,My Workplace,Own Workplace,Work Related,Vehicle Driver,4 - 4.9,20 - 24,20
Y16H1800319P01T02,Y16H1800319P01,Y16H1800319,1,2,17,1050,18,1080,30,30,0,4.05,My Workplace,Own Workplace,Survey Home,At or Go Home,Work Related,Vehicle Driver,4 - 4.9,30 - 34,30
Y16H1801026P01T01,Y16H1801026P01,Y16H1801026,1,1,11,660,11,680,20,20,0,8.42,Survey Home,At or Go Home,My Workplace,Own Workplace,Work Related,Vehicle Driver,8 - 8.9,20 - 24,20
Y16H1801026P01T02,Y16H1801026P01,Y16H1801026,1,2,17,1050,17,1065,15,15,0,8.42,My Workplace,Own Workplace,Survey Home,At or Go Home,Work Related,Vehicle Driver,8 - 8.9,15 - 19,15
Y16H1810240P01T01,Y16H1810240P01,Y16H1810240,1,1,8,520,9,540,20,20,0,6.63,Survey Home,At or Go Home,My Workplace,Own Workplace,Work Related,Vehicle Driver,6 - 6.9,20 - 24,20
Y16H1810240P01T02,Y16H1810240P01,Y16H1810240,1,2,18,1080,18,1100,20,20,0,6.63,My Workplace,Own Workplace,Survey Home,At or Go Home,Work Related,Vehicle Driver,6 - 6.9,20 - 24,20
Y16H1810532P01T01,Y16H1810532P01,Y16H1810532,1,1,8,480,8,497,17,17,0,13.74,Survey Home,At or Go Home,My Workplace,Own Workplace,Work Related,Vehicle Driver,13 - 13.9,15 - 19,17
Y16H1810532P01T02,Y16H1810532P01,Y16H1810532,1,2,17,1050,17,1065,15,15,0,13.74,My Workplace,Own Workplace,Survey Home,At or Go Home,Work Related,Vehicle Driver,13 - 13.9,15 - 19,15
Y16H1830405P03T01,Y16H1830405P03,Y16H1830405,1,1,9,540,9,560,20,20,0,13.9,Survey Home,At or Go Home,My Workplace,Own Workplace,Work Related,Vehicle Driver,13 - 13.9,20 - 24,20
Y16H1830405P03T02,Y16H1830405P03,Y16H1830405,1,2,17,1050,17,1065,15,15,0,13.9,My Workplace,Own Workplace,Survey Home,At or Go Home,Work Related,Vehicle Driver,13 - 13.9,15 - 19,15
Y16H1840109P01T01,Y16H1840109P01,Y16H1840109,1,1,8,480,8,520,40,40,0,11.47,Survey Home,At or Go Home,My Workplace,Own Workplace,Work Related,Vehicle Driver,11 - 11.9,40 - 44,40
Y16H1840109P01T02,Y16H1840109P01,Y16H1840109,1,2,20,1230,20,1245,15,15,0,11.47,My Workplace,Own Workplace,Survey Home,At or Go Home,Work Related,Vehicle Driver,11 - 11.9,15 - 19,15
Y16H1840430P03T01,Y16H1840430P03,Y16H1840430,2,1,9,540,10,610,70,70,0,22.22,Survey Home,At or Go Home,My Workplace,Own Workplace,Work Related,Vehicle Driver,20 - 24.9,70 - 79,60
Y16H1840430P03T02,Y16H1840430P03,Y16H1840430,2,2,19,1170,20,1215,45,45,0,22.22,My Workplace,Own Workplace,Survey Home,At or Go Home,Work Related,Vehicle Driver,20 - 24.9,45 - 49,15
Y16H1840524P02T01,Y16H1840524P02,Y16H1840524,1,1,11,690,12,720,30,30,0,22.59,Survey Home,At or Go Home,My Workplace,Own Workplace,Work Related,Vehicle Driver,20 - 24.9,30 - 34,30
Y16H1840524P02T02,Y16H1840524P02,Y16H1840524,1,2,21,1260,22,1320,60,60,0,22.59,My Workplace,Own Workplace,Survey Home,At or Go Home,Work Related,Vehicle Driver,20 - 24.9,60 - 69,60
Y16H1840531P03T01,Y16H1840531P03,Y16H1840531,1,1,9,570,10,600,30,30,0,20.39,Survey Home,At or Go Home,My Workplace,Own Workplace,Work Related,Vehicle Driver,20 - 24.9,30 - 34,30
Y16H1840531P03T02,Y16H1840531P03,Y16H1840531,1,2,18,1080,19,1140,60,60,0,20.39,My Workplace,Own Workplace,Survey Home,At or Go Home,Work Related,Vehicle Driver,20 - 24.9,60 - 69,60
Y16H1850119P03T01,Y16H1850119P03,Y16H1850119,1,1,10,630,11,690,60,60,0,46.84,Survey Home,At or Go Home,My Workplace,Own Workplace,Work Related,Vehicle Driver,45 - 49.9,60 - 69,60
Y16H1850119P03T02,Y16H1850119P03,Y16H1850119,1,2,20,1200,21,1260,60,60,0,46.84,My Workplace,Own Workplace,Survey Home,At or Go Home,Work Related,Vehicle Driver,45 - 49.9,60 - 69,60
Y16H1850129P02T01,Y16H1850129P02,Y16H1850129,1,1,8,480,8,510,30,30,0,15.09,Survey Home,At or Go Home,My Workplace,Own Workplace,Work Related,Vehicle Driver,15 - 15.9,30 - 34,30
Y16H1850129P02T02,Y16H1850129P02,Y16H1850129,1,2,17,1050,18,1080,30,30,0,15.09,My Workplace,Own Workplace,Survey Home,At or Go Home,Work Related,Vehicle Driver,15 - 15.9,30 - 34,30
Y16H1850136P01T01,Y16H1850136P01,Y16H1850136,1,1,8,480,8,510,30,30,0,21.63,Survey Home,At or Go Home,My Workplace,Own Workplace,Work Related,Vehicle Driver,20 - 24.9,30 - 34,30
Y16H1850136P01T02,Y16H1850136P01,Y16H1850136,1,2,17,1050,18,1110,60,60,0,21.63,My Workplace,Own Workplace,Survey Home,At or Go Home,Work Related,Vehicle Driver,20 - 24.9,60 - 69,60
Y16H1850304P01T01,Y16H1850304P01,Y16H1850304,1,1,8,510,9,540,30,30,0,6.27,Survey Home,At or Go Home,My Workplace,Own Workplace,Work Related,Vehicle Driver,6 - 6.9,30 - 34,30
Y16H1850304P01T02,Y16H1850304P01,Y16H1850304,1,2,18,1110,19,1140,30,30,0,6.27,My Workplace,Own Workplace,Survey Home,At or Go Home,Work Related,Vehicle Driver,6 - 6.9,30 - 34,30
Y16H1850330P02T01,Y16H1850330P02,Y16H1850330,1,1,9,570,9,585,15,15,0,3.54,Survey Home,At or Go Home,My Workplace,Own Workplace,Work Related,Vehicle Driver,3 - 3.9,15 - 19,15
Y16H1850330P02T02,Y16H1850330P02,Y16H1850330,1,2,18,1125,19,1140,15,15,0,3.54,My Workplace,Own Workplace,Survey Home,At or Go Home,Work Related,Vehicle Driver,3 - 3.9,15 - 19,15
Y16H1850433P01T01,Y16H1850433P01,Y16H1850433,1,1,8,480,8,500,20,20,0,4.41,Survey Home,At or Go Home,My Workplace,Own Workplace,Work Related,Vehicle Driver,4 - 4.9,20 - 24,20
Y16H1850433P01T02,Y16H1850433P01,Y16H1850433,1,2,18,1100,18,1120,20,20,0,4.41,My Workplace,Own Workplace,Survey Home,At or Go Home,Work Related,Vehicle Driver,4 - 4.9,20 - 24,20
Y16H1850530P02T01,Y16H1850530P02,Y16H1850530,1,1,8,480,9,540,60,60,0,17.63,Survey Home,At or Go Home,My Workplace,Own Workplace,Work Related,Vehicle Driver,17 - 17.9,60 - 69,60
Y16H1850530P02T02,Y16H1850530P02,Y16H1850530,1,2,18,1080,18,1125,45,45,0,17.63,My Workplace,Own Workplace,Survey Home,At or Go Home,Work Related,Vehicle Driver,17 - 17.9,45 - 49,45
Y16H1860129P01T01,Y16H1860129P01,Y16H1860129,1,1,8,480,8,485,5,5,0,1.64,Survey Home,At or Go Home,My Workplace,Own Workplace,Work Related,Vehicle Driver,1 - 1.9,5. - 9.,5
Y16H1860129P01T02,Y16H1860129P01,Y16H1860129,1,2,18,1080,18,1087,7,7,0,1.64,My Workplace,Own Workplace,Survey Home,At or Go Home,Work Related,Vehicle Driver,1 - 1.9,5. - 9.,7
Y16H1860226P02T01,Y16H1860226P02,Y16H1860226,1,1,8,480,9,540,60,60,0,15.19,Survey Home,At or Go Home,My Workplace,Own Workplace,Work Related,Vehicle Driver,15 - 15.9,60 - 69,60
Y16H1860226P02T02,Y16H1860226P02,Y16H1860226,1,2,17,1050,18,1080,30,30,0,15.19,My Workplace,Own Workplace,Survey Home,At or Go Home,Work Related,Vehicle Driver,15 - 15.9,30 - 34,30
Y16H1860324P01T01,Y16H1860324P01,Y16H1860324,1,1,8,480,8,510,30,30,0,7.79,Survey Home,At or Go Home,My Workplace,Own Workplace,Work Related,Vehicle Driver,7 - 7.9,30 - 34,30
Y16H1860324P01T02,Y16H1860324P01,Y16H1860324,1,2,18,1080,18,1125,45,45,0,7.79,My Workplace,Own Workplace,Survey Home,At or Go Home,Work Related,Vehicle Driver,7 - 7.9,45 - 49,45
Y16H1870220P01T01,Y16H1870220P01,Y16H1870220,1,1,8,525,8,535,10,10,0,5.11,Survey Home,At or Go Home,My Workplace,Own Workplace,Work Related,Vehicle Driver,5 - 5.9,10. - 14.,10
Y16H1870220P01T02,Y16H1870220P01,Y16H1870220,1,2,17,1050,17,1065,15,15,0,5.11,My Workplace,Own Workplace,Survey Home,At or Go Home,Work Related,Vehicle Driver,5 - 5.9,15 - 19,15
Y16H1870232P02T01,Y16H1870232P02,Y16H1870232,1,1,8,480,8,510,30,30,0,7.94,Survey Home,At or Go Home,My Workplace,Own Workplace,Work Related,Vehicle Driver,7 - 7.9,30 - 34,30
Y16H1870232P02T02,Y16H1870232P02,Y16H1870232,1,2,17,1050,17,1072,22,22,0,7.94,My Workplace,Own Workplace,Survey Home,At or Go Home,Work Related,Vehicle Driver,7 - 7.9,20 - 24,22
Y16H1870417P01T01,Y16H1870417P01,Y16H1870417,1,1,8,480,8,500,20,20,0,3.12,Survey Home,At or Go Home,My Workplace,Own Workplace,Work Related,Vehicle Driver,3 - 3.9,20 - 24,20
Y16H1870417P01T02,Y16H1870417P01,Y16H1870417,1,2,18,1110,18,1120,10,10,0,3.12,My Workplace,Own Workplace,Survey Home,At or Go Home,Work Related,Vehicle Driver,3 - 3.9,10. - 14.,10
Y16H1880111P01T01,Y16H1880111P01,Y16H1880111,1,1,8,495,9,540,45,45,0,38.9,Survey Home,At or Go Home,My Workplace,Own Workplace,Work Related,Vehicle Driver,35 - 39.9,45 - 49,45
Y16H1880111P01T02,Y16H1880111P01,Y16H1880111,1,2,19,1140,19,1190,50,50,0,38.9,My Workplace,Own Workplace,Survey Home,At or Go Home,Work Related,Vehicle Driver,35 - 39.9,50 - 54,50
Y16H1880136P02T01,Y16H1880136P02,Y16H1880136,1,1,8,480,8,510,30,30,0,35.34,Survey Home,At or Go Home,My Workplace,Own Workplace,Work Related,Vehicle Driver,35 - 39.9,30 - 34,30
Y16H1880136P02T02,Y16H1880136P02,Y16H1880136,1,2,19,1140,19,1170,30,30,0,35.34,My Workplace,Own Workplace,Survey Home,At or Go Home,Work Related,Vehicle Driver,35 - 39.9,30 - 34,30
Y16H1880139P02T01,Y16H1880139P02,Y16H1880139,1,1,8,505,8,525,20,20,0,12.25,Survey Home,At or Go Home,My Workplace,Own Workplace,Work Related,Vehicle Driver,12 - 12.9,20 - 24,20
Y16H1880139P02T02,Y16H1880139P02,Y16H1880139,1,2,18,1080,18,1095,15,15,0,12.25,My Workplace,Own Workplace,Survey Home,At or Go Home,Work Related,Vehicle Driver,12 - 12.9,15 - 19,15
Y16H1880211P03T01,Y16H1880211P03,Y16H1880211,1,1,9,540,9,590,50,50,0,45.2,Survey Home,At or Go Home,My Workplace,Own Workplace,Work Related,Vehicle Driver,45 - 49.9,50 - 54,50
Y16H1880211P03T02,Y16H1880211P03,Y16H1880211,1,2,18,1080,19,1150,70,70,0,45.2,My Workplace,Own Workplace,Survey Home,At or Go Home,Work Related,Vehicle Driver,45 - 49.9,70 - 79,70
Y16H1880322P01T01,Y16H1880322P01,Y16H1880322,1,1,8,480,8,485,5,5,0,2.16,Survey Home,At or Go Home,My Workplace,Own Workplace,Work Related,Vehicle Driver,2 - 2.9,5. - 9.,5
Y16H1880322P01T02,Y16H1880322P01,Y16H1880322,1,2,18,1135,19,1140,5,5,0,2.16,My Workplace,Own Workplace,Survey Home,At or Go Home,Work Related,Vehicle Driver,2 - 2.9,5. - 9.,5
Y16H1890116P01T01,Y16H1890116P01,Y16H1890116,1,1,9,540,9,545,5,5,0,6.57,Survey Home,At or Go Home,My Workplace,Own Workplace,Work Related,Vehicle Driver,6 - 6.9,5. - 9.,5
Y16H1890116P01T02,Y16H1890116P01,Y16H1890116,1,2,20,1200,20,1235,35,35,0,6.57,My Workplace,Own Workplace,Survey Home,At or Go Home,Work Related,Vehicle Driver,6 - 6.9,35 - 39,35
Y16H1900123P02T01,Y16H1900123P02,Y16H1900123,1,1,10,645,11,660,15,15,0,14.93,Survey Home,At or Go Home,My Workplace,Own Workplace,Work Related,Vehicle Driver,14 - 14.9,15 - 19,15
Y16H1900123P02T02,Y16H1900123P02,Y16H1900123,1,2,21,1290,21,1305,15,15,0,14.93,My Workplace,Own Workplace,Survey Home,At or Go Home,Work Related,Vehicle Driver,14 - 14.9,15 - 19,15
Y16H1900234P02T01,Y16H1900234P02,Y16H1900234,1,1,10,645,10,655,10,10,0,5.57,Survey Home,At or Go Home,My Workplace,Own Workplace,Work Related,Vehicle Driver,5 - 5.9,10. - 14.,10
Y16H1900234P02T02,Y16H1900234P02,Y16H1900234,1,2,19,1185,20,1205,20,20,0,5.57,My Workplace,Own Workplace,Survey Home,At or Go Home,Work Related,Vehicle Driver,5 - 5.9,20 - 24,20
Y16H1900517P02T01,Y16H1900517P02,Y16H1900517,1,1,8,500,8,525,25,25,0,24.12,Survey Home,At or Go Home,My Workplace,Own Workplace,Work Related,Vehicle Driver,20 - 24.9,25 - 29,25
Y16H1900517P02T02,Y16H1900517P02,Y16H1900517,1,2,17,1050,17,1075,25,25,0,24.12,My Workplace,Own Workplace,Survey Home,At or Go Home,Work Related,Vehicle Driver,20 - 24.9,25 - 29,25
Y16H1910201P03T01,Y16H1910201P03,Y16H1910201,1,1,8,480,9,550,70,70,0,19.74,Survey Home,At or Go Home,My Workplace,Own Workplace,Work Related,Vehicle Driver,19 - 19.9,70 - 79,70
Y16H1910201P03T02,Y16H1910201P03,Y16H1910201,1,2,19,1155,20,1200,45,45,0,19.74,My Workplace,Own Workplace,Survey Home,At or Go Home,Work Related,Vehicle Driver,19 - 19.9,45 - 49,45
Y16H1930116P02T01,Y16H1930116P02,Y16H1930116,1,1,8,480,8,490,10,10,0,6.12,Survey Home,At or Go Home,My Workplace,Own Workplace,Work Related,Vehicle Driver,6 - 6.9,10. - 14.,10
Y16H1930116P02T02,Y16H1930116P02,Y16H1930116,1,2,18,1090,18,1100,10,10,0,6.12,My Workplace,Own Workplace,Survey Home,At or Go Home,Work Related,Vehicle Driver,6 - 6.9,10. - 14.,10
Y16H1930201P02T01,Y16H1930201P02,Y16H1930201,1,1,8,510,8,525,15,15,0,4.56,Survey Home,At or Go Home,My Workplace,Own Workplace,Work Related,Vehicle Driver,4 - 4.9,15 - 19,15
Y16H1930201P02T02,Y16H1930201P02,Y16H1930201,1,2,17,1065,18,1080,15,15,0,4.56,My Workplace,Own Workplace,Survey Home,At or Go Home,Work Related,Vehicle Driver,4 - 4.9,15 - 19,15
Y16H1930204P01T01,Y16H1930204P01,Y16H1930204,1,1,9,540,9,570,30,30,0,17.47,Survey Home,At or Go Home,My Workplace,Own Workplace,Work Related,Vehicle Driver,17 - 17.9,30 - 34,30
Y16H1930204P01T02,Y16H1930204P01,Y16H1930204,1,2,18,1110,19,1140,30,30,0,17.47,My Workplace,Own Workplace,Survey Home,At or Go Home,Work Related,Vehicle Driver,17 - 17.9,30 - 34,30
Y16H1930216P02T01,Y16H1930216P02,Y16H1930216,1,1,8,480,8,510,30,30,0,12.53,Survey Home,At or Go Home,My Workplace,Own Workplace,Work Related,Vehicle Driver,12 - 12.9,30 - 34,30
Y16H1930216P02T02,Y16H1930216P02,Y16H1930216,1,2,17,1050,18,1095,45,45,0,12.53,My Workplace,Own Workplace,Survey Home,At or Go Home,Work Related,Vehicle Driver,12 - 12.9,45 - 49,45
Y16H1930318P01T01,Y16H1930318P01,Y16H1930318,1,1,8,525,9,540,15,15,0,5.09,Survey Home,At or Go Home,My Workplace,Own Workplace,Work Related,Vehicle Driver,5 - 5.9,15 - 19,15
Y16H1930318P01T02,Y16H1930318P01,Y16H1930318,1,2,18,1080,18,1095,15,15,0,5.09,My Workplace,Own Workplace,Survey Home,At or Go Home,Work Related,Vehicle Driver,5 - 5.9,15 - 19,15
Y16H1930432P03T01,Y16H1930432P03,Y16H1930432,1,1,8,510,8,530,20,20,0,10.74,Survey Home,At or Go Home,My Workplace,Own Workplace,Work Related,Vehicle Driver,10 - 10.9,20 - 24,20
Y16H1930432P03T02,Y16H1930432P03,Y16H1930432,1,2,17,1065,18,1090,25,25,0,10.74,My Workplace,Own Workplace,Survey Home,At or Go Home,Work Related,Vehicle Driver,10 - 10.9,25 - 29,25
Y16H1960314P01T01,Y16H1960314P01,Y16H1960314,1,1,8,500,8,510,10,10,0,2.28,Survey Home,At or Go Home,My Workplace,Own Workplace,Work Related,Vehicle Driver,2 - 2.9,10. - 14.,10
Y16H1960314P01T02,Y16H1960314P01,Y16H1960314,1,2,17,1050,17,1065,15,15,0,2.28,My Workplace,Own Workplace,Survey Home,At or Go Home,Work Related,Vehicle Driver,2 - 2.9,15 - 19,15
Y16H1970109P02T01,Y16H1970109P02,Y16H1970109,1,1,8,480,8,490,10,10,0,5.38,Survey Home,At or Go Home,My Workplace,Own Workplace,Work Related,Vehicle Driver,5 - 5.9,10. - 14.,10
Y16H1970109P02T02,Y16H1970109P02,Y16H1970109,1,2,19,1170,19,1185,15,15,0,5.38,My Workplace,Own Workplace,Survey Home,At or Go Home,Work Related,Vehicle Driver,5 - 5.9,15 - 19,15
Y16H1970319P01T01,Y16H1970319P01,Y16H1970319,1,1,8,495,9,545,50,50,0,10.82,Survey Home,At or Go Home,My Workplace,Own Workplace,Work Related,Vehicle Driver,10 - 10.9,50 - 54,50
Y16H1970319P01T02,Y16H1970319P01,Y16H1970319,1,2,17,1065,18,1110,45,45,0,10.82,My Workplace,Own Workplace,Survey Home,At or Go Home,Work Related,Vehicle Driver,10 - 10.9,45 - 49,45
Y16H1970420P01T01,Y16H1970420P01,Y16H1970420,1,1,8,480,8,510,30,30,0,7.65,Survey Home,At or Go Home,My Workplace,Own Workplace,Work Related,Vehicle Driver,7 - 7.9,30 - 34,30
Y16H1970420P01T02,Y16H1970420P01,Y16H1970420,1,2,19,1140,19,1160,20,20,0,7.65,My Workplace,Own Workplace,Survey Home,At or Go Home,Work Related,Vehicle Driver,7 - 7.9,20 - 24,20
Y16H1990118P01T01,Y16H1990118P01,Y16H1990118,1,1,8,500,8,521,21,21,0,16.12,Survey Home,At or Go Home,My Workplace,Own Workplace,Work Related,Vehicle Driver,16 - 16.9,20 - 24,21
Y16H1990118P01T02,Y16H1990118P01,Y16H1990118,1,2,19,1170,19,1188,18,18,0,16.12,My Workplace,Own Workplace,Survey Home,At or Go Home,Work Related,Vehicle Driver,16 - 16.9,15 - 19,18
Y16H1990133P01T01,Y16H1990133P01,Y16H1990133,1,1,8,480,8,500,20,20,0,13.36,Survey Home,At or Go Home,My Workplace,Own Workplace,Work Related,Vehicle Driver,13 - 13.9,20 - 24,20
Y16H1990133P01T02,Y16H1990133P01,Y16H1990133,1,2,18,1080,18,1110,30,30,0,13.36,My Workplace,Own Workplace,Survey Home,At or Go Home,Work Related,Vehicle Driver,13 - 13.9,30 - 34,30
Y16H1990138P03T01,Y16H1990138P03,Y16H1990138,1,1,8,495,8,510,15,15,0,15.03,Survey Home,At or Go Home,My Workplace,Own Workplace,Work Related,Vehicle Driver,15 - 15.9,15 - 19,15
Y16H1990138P03T02,Y16H1990138P03,Y16H1990138,1,2,17,1050,18,1080,30,30,0,15.03,My Workplace,Own Workplace,Survey Home,At or Go Home,Work Related,Vehicle Driver,15 - 15.9,30 - 34,30
Y16H1990308P02T01,Y16H1990308P02,Y16H1990308,1,1,8,480,8,505,25,25,0,11.47,Survey Home,At or Go Home,My Workplace,Own Workplace,Work Related,Vehicle Driver,11 - 11.9,25 - 29,25
Y16H1990308P02T02,Y16H1990308P02,Y16H1990308,1,2,17,1050,18,1080,30,30,0,11.47,My Workplace,Own Workplace,Survey Home,At or Go Home,Work Related,Vehicle Driver,11 - 11.9,30 - 34,30
Y16H1990330P04T01,Y16H1990330P04,Y16H1990330,1,1,10,600,11,660,60,60,0,10.77,Survey Home,At or Go Home,My Workplace,Own Workplace,Work Related,Vehicle Driver,10 - 10.9,60 - 69,60
Y16H1990330P04T02,Y16H1990330P04,Y16H1990330,1,2,17,1071,18,1131,60,60,0,10.77,My Workplace,Own Workplace,Survey Home,At or Go Home,Work Related,Vehicle Driver,10 - 10.9,60 - 69,60
Y16H2000205P03T01,Y16H2000205P03,Y16H2000205,1,1,9,570,10,600,30,30,0,9.92,Survey Home,At or Go Home,My Workplace,Own Workplace,Work Related,Vehicle Driver,9 - 9.9,30 - 34,30
Y16H2000205P03T02,Y16H2000205P03,Y16H2000205,1,2,18,1110,19,1140,30,30,0,9.92,My Workplace,Own Workplace,Survey Home,At or Go Home,Work Related,Vehicle Driver,9 - 9.9,30 - 34,30
Y16H2010532P01T01,Y16H2010532P01,Y16H2010532,1,1,8,525,9,540,15,15,0,9.45,Survey Home,At or Go Home,My Workplace,Own Workplace,Work Related,Vehicle Driver,9 - 9.9,15 - 19,15
Y16H2010532P01T02,Y16H2010532P01,Y16H2010532,1,2,17,1050,18,1080,30,30,0,9.45,My Workplace,Own Workplace,Survey Home,At or Go Home,Work Related,Vehicle Driver,9 - 9.9,30 - 34,30
Y16H2030121P04T01,Y16H2030121P04,Y16H2030121,1,1,8,480,9,570,90,90,0,76.75,Survey Home,At or Go Home,My Workplace,Own Workplace,Work Related,Vehicle Driver,70 - 79.9,90 - 99,90
Y16H2030121P04T02,Y16H2030121P04,Y16H2030121,1,2,18,1095,20,1200,105,105,0,76.75,My Workplace,Own Workplace,Survey Home,At or Go Home,Work Related,Vehicle Driver,70 - 79.9,100 - 109,105
Y16H2030223P01T01,Y16H2030223P01,Y16H2030223,1,1,8,500,9,580,80,80,0,36.89,Survey Home,At or Go Home,My Workplace,Own Workplace,Work Related,Vehicle Driver,35 - 39.9,80 - 89,80
Y16H2030223P01T02,Y16H2030223P01,Y16H2030223,1,2,17,1050,18,1110,60,60,0,36.89,My Workplace,Own Workplace,Survey Home,At or Go Home,Work Related,Vehicle Driver,35 - 39.9,60 - 69,60
Y16H2030330P01T01,Y16H2030330P01,Y16H2030330,1,1,8,525,9,540,15,15,0,5.7,Survey Home,At or Go Home,My Workplace,Own Workplace,Work Related,Vehicle Driver,5 - 5.9,15 - 19,15
Y16H2030330P01T02,Y16H2030330P01,Y16H2030330,1,2,18,1080,18,1095,15,15,0,5.7,My Workplace,Own Workplace,Survey Home,At or Go Home,Work Related,Vehicle Driver,5 - 5.9,15 - 19,15
Y16H2031032P01T01,Y16H2031032P01,Y16H2031032,1,1,10,600,10,645,45,45,0,25.91,Survey Home,At or Go Home,My Workplace,Own Workplace,Work Related,Vehicle Driver,25 - 29.9,45 - 49,45
Y16H2031032P01T02,Y16H2031032P01,Y16H2031032,1,2,19,1170,20,1230,60,60,0,25.91,My Workplace,Own Workplace,Survey Home,At or Go Home,Work Related,Vehicle Driver,25 - 29.9,60 - 69,60
Y16H2040412P01T01,Y16H2040412P01,Y16H2040412,1,1,8,490,9,540,50,50,0,21.04,Survey Home,At or Go Home,My Workplace,Own Workplace,Work Related,Vehicle Driver,20 - 24.9,50 - 54,50
Y16H2040412P01T02,Y16H2040412P01,Y16H2040412,1,2,17,1050,18,1100,50,50,0,21.04,My Workplace,Own Workplace,Survey Home,At or Go Home,Work Related,Vehicle Driver,20 - 24.9,50 - 54,50
Y16H2050132P02T01,Y16H2050132P02,Y16H2050132,1,1,12,720,12,735,15,15,0,5.75,Survey Home,At or Go Home,My Workplace,Own Workplace,Work Related,Vehicle Driver,5 - 5.9,15 - 19,15
Y16H2050132P02T02,Y16H2050132P02,Y16H2050132,1,2,18,1080,18,1095,15,15,0,5.75,My Workplace,Own Workplace,Survey Home,At or Go Home,Work Related,Vehicle Driver,5 - 5.9,15 - 19,15
Y16H2050319P02T01,Y16H2050319P02,Y16H2050319,1,1,8,480,8,505,25,25,0,12.38,Survey Home,At or Go Home,My Workplace,Own Workplace,Work Related,Vehicle Driver,12 - 12.9,25 - 29,25
Y16H2050319P02T02,Y16H2050319P02,Y16H2050319,1,2,17,1050,17,1075,25,25,0,12.38,My Workplace,Own Workplace,Survey Home,At or Go Home,Work Related,Vehicle Driver,12 - 12.9,25 - 29,25
Y16H2070210P01T01,Y16H2070210P01,Y16H2070210,2,1,8,480,8,510,30,30,0,18.9,Survey Home,At or Go Home,My Workplace,Own Workplace,Work Related,Vehicle Driver,18 - 18.9,30 - 34,10
Y16H2070210P01T02,Y16H2070210P01,Y16H2070210,1,2,17,1050,18,1080,30,30,0,8.31,My Workplace,Own Workplace,Survey Home,At or Go Home,Work Related,Vehicle Driver,8 - 8.9,30 - 34,30
Y16H2070236P04T01,Y16H2070236P04,Y16H2070236,1,1,9,540,9,560,20,20,0,4.28,Survey Home,At or Go Home,My Workplace,Own Workplace,Work Related,Vehicle Driver,4 - 4.9,20 - 24,20
Y16H2070236P04T02,Y16H2070236P04,Y16H2070236,1,2,17,1050,18,1080,30,30,0,4.28,My Workplace,Own Workplace,Survey Home,At or Go Home,Work Related,Vehicle Driver,4 - 4.9,30 - 34,30
Y16H2070402P02T01,Y16H2070402P02,Y16H2070402,1,1,10,630,10,650,20,20,0,10.64,Survey Home,At or Go Home,My Workplace,Own Workplace,Work Related,Vehicle Driver,10 - 10.9,20 - 24,20
Y16H2070402P02T02,Y16H2070402P02,Y16H2070402,1,2,18,1085,18,1105,20,20,0,10.64,My Workplace,Own Workplace,Survey Home,At or Go Home,Work Related,Vehicle Driver,10 - 10.9,20 - 24,20
Y16H2070417P01T01,Y16H2070417P01,Y16H2070417,1,1,8,480,8,510,30,30,0,12.39,Survey Home,At or Go Home,My Workplace,Own Workplace,Work Related,Vehicle Driver,12 - 12.9,30 - 34,30
Y16H2070417P01T02,Y16H2070417P01,Y16H2070417,1,2,17,1050,18,1090,40,40,0,12.39,My Workplace,Own Workplace,Survey Home,At or Go Home,Work Related,Vehicle Driver,12 - 12.9,40 - 44,40
Y16H2070517P01T01,Y16H2070517P01,Y16H2070517,1,1,9,555,10,605,50,50,0,22.09,Survey Home,At or Go Home,My Workplace,Own Workplace,Work Related,Vehicle Driver,20 - 24.9,50 - 54,50
Y16H2070517P01T02,Y16H2070517P01,Y16H2070517,1,2,18,1085,18,1135,50,50,0,22.09,My Workplace,Own Workplace,Survey Home,At or Go Home,Work Related,Vehicle Driver,20 - 24.9,50 - 54,50
Y16H2080106P01T01,Y16H2080106P01,Y16H2080106,1,1,8,510,9,540,30,30,0,24.84,Survey Home,At or Go Home,My Workplace,Own Workplace,Work Related,Vehicle Driver,20 - 24.9,30 - 34,30
Y16H2080106P01T02,Y16H2080106P01,Y16H2080106,1,2,20,1250,21,1275,25,25,0,24.84,My Workplace,Own Workplace,Survey Home,At or Go Home,Work Related,Vehicle Driver,20 - 24.9,25 - 29,25
Y16H2080115P02T01,Y16H2080115P02,Y16H2080115,1,1,8,490,9,570,80,80,0,31.69,Survey Home,At or Go Home,My Workplace,Own Workplace,Work Related,Vehicle Driver,30 - 34.9,80 - 89,80
Y16H2080115P02T02,Y16H2080115P02,Y16H2080115,1,2,18,1110,19,1170,60,60,0,31.69,My Workplace,Own Workplace,Survey Home,At or Go Home,Work Related,Vehicle Driver,30 - 34.9,60 - 69,60
Y16H2080226P01T01,Y16H2080226P01,Y16H2080226,1,1,9,570,10,600,30,30,0,14.72,Survey Home,At or Go Home,My Workplace,Own Workplace,Work Related,Vehicle Driver,14 - 14.9,30 - 34,30
Y16H2080226P01T02,Y16H2080226P01,Y16H2080226,1,2,18,1080,19,1140,60,60,0,14.72,My Workplace,Own Workplace,Survey Home,At or Go Home,Work Related,Vehicle Driver,14 - 14.9,60 - 69,60
Y16H2080433P01T01,Y16H2080433P01,Y16H2080433,1,1,8,510,9,585,75,75,0,24.36,Survey Home,At or Go Home,My Workplace,Own Workplace,Work Related,Vehicle Driver,20 - 24.9,70 - 79,75
Y16H2080433P01T02,Y16H2080433P01,Y16H2080433,1,2,18,1095,19,1170,75,75,0,24.36,My Workplace,Own Workplace,Survey Home,At or Go Home,Work Related,Vehicle Driver,20 - 24.9,70 - 79,75
Y16H2080437P01T01,Y16H2080437P01,Y16H2080437,1,1,9,540,9,545,5,5,0,1.81,Survey Home,At or Go Home,My Workplace,Own Workplace,Work Related,Vehicle Driver,1 - 1.9,5. - 9.,5
Y16H2080437P01T02,Y16H2080437P01,Y16H2080437,1,2,18,1110,18,1113,3,3,0,1.81,My Workplace,Own Workplace,Survey Home,At or Go Home,Work Related,Vehicle Driver,1 - 1.9,0 - 4,3
Y16H2100231P02T01,Y16H2100231P02,Y16H2100231,1,1,8,480,9,540,60,60,0,12.3,Survey Home,At or Go Home,My Workplace,Own Workplace,Work Related,Vehicle Driver,12 - 12.9,60 - 69,60
Y16H2100231P02T02,Y16H2100231P02,Y16H2100231,1,2,18,1110,19,1155,45,45,0,12.86,My Workplace,Own Workplace,Survey Home,At or Go Home,Work Related,Vehicle Driver,12 - 12.9,45 - 49,45
Y16H2100232P01T01,Y16H2100232P01,Y16H2100232,1,1,9,540,9,555,15,15,0,5.73,Survey Home,At or Go Home,My Workplace,Own Workplace,Work Related,Vehicle Driver,5 - 5.9,15 - 19,15
Y16H2100232P01T02,Y16H2100232P01,Y16H2100232,1,2,19,1140,19,1155,15,15,0,5.88,My Workplace,Own Workplace,Survey Home,At or Go Home,Work Related,Vehicle Driver,5 - 5.9,15 - 19,15
Y16H2100315P01T01,Y16H2100315P01,Y16H2100315,1,1,8,520,8,530,10,10,0,2.27,Survey Home,At or Go Home,My Workplace,Own Workplace,Work Related,Vehicle Driver,2 - 2.9,10. - 14.,10
Y16H2100315P01T02,Y16H2100315P01,Y16H2100315,1,2,18,1080,18,1085,5,5,0,2.2,My Workplace,Own Workplace,Survey Home,At or Go Home,Work Related,Vehicle Driver,2 - 2.9,5. - 9.,5
Y16H2100327P02T01,Y16H2100327P02,Y16H2100327,1,1,9,540,9,560,20,20,0,6.42,Survey Home,At or Go Home,My Workplace,Own Workplace,Work Related,Vehicle Driver,6 - 6.9,20 - 24,20
Y16H2100327P02T02,Y16H2100327P02,Y16H2100327,1,2,18,1080,19,1140,60,60,0,6.93,My Workplace,Own Workplace,Survey Home,At or Go Home,Work Related,Vehicle Driver,6 - 6.9,60 - 69,60
Y16H2100337P01T01,Y16H2100337P01,Y16H2100337,1,1,11,660,11,670,10,10,0,5.1,Survey Home,At or Go Home,My Workplace,Own Workplace,Work Related,Vehicle Driver,5 - 5.9,10. - 14.,10
Y16H2100337P01T02,Y16H2100337P01,Y16H2100337,1,2,17,1050,17,1065,15,15,0,5.07,My Workplace,Own Workplace,Survey Home,At or Go Home,Work Related,Vehicle Driver,5 - 5.9,15 - 19,15
Y16H2120110P02T01,Y16H2120110P02,Y16H2120110,1,1,8,500,8,510,10,10,0,2.93,Survey Home,At or Go Home,My Workplace,Own Workplace,Work Related,Vehicle Driver,2 - 2.9,10. - 14.,10
Y16H2120110P02T02,Y16H2120110P02,Y16H2120110,1,2,18,1110,18,1120,10,10,0,2.69,My Workplace,Own Workplace,Survey Home,At or Go Home,Work Related,Vehicle Driver,2 - 2.9,10. - 14.,10
Y16H2120222P02T01,Y16H2120222P02,Y16H2120222,1,1,10,610,10,620,10,10,0,5.52,Survey Home,At or Go Home,My Workplace,Own Workplace,Work Related,Vehicle Driver,5 - 5.9,10. - 14.,10
Y16H2120222P02T02,Y16H2120222P02,Y16H2120222,1,2,21,1290,21,1303,13,13,0,5.56,My Workplace,Own Workplace,Survey Home,At or Go Home,Work Related,Vehicle Driver,5 - 5.9,10. - 14.,13
Y16H2120230P01T01,Y16H2120230P01,Y16H2120230,1,1,9,540,9,546,6,6,0,3.79,Survey Home,At or Go Home,My Workplace,Own Workplace,Work Related,Vehicle Driver,3 - 3.9,5. - 9.,6
Y16H2120230P01T02,Y16H2120230P01,Y16H2120230,1,2,18,1080,18,1087,7,7,0,3.79,My Workplace,Own Workplace,Survey Home,At or Go Home,Work Related,Vehicle Driver,3 - 3.9,5. - 9.,7
Y16H2130429P02T01,Y16H2130429P02,Y16H2130429,1,1,10,630,11,700,70,70,0,34.31,Survey Home,At or Go Home,My Workplace,Own Workplace,Work Related,Vehicle Driver,30 - 34.9,70 - 79,70
Y16H2130429P02T02,Y16H2130429P02,Y16H2130429,1,2,20,1210,21,1270,60,60,0,35.89,My Workplace,Own Workplace,Survey Home,At or Go Home,Work Related,Vehicle Driver,35 - 39.9,60 - 69,60
Y16H2140439P02T01,Y16H2140439P02,Y16H2140439,1,1,10,600,10,630,30,30,0,10.62,Survey Home,At or Go Home,My Workplace,Own Workplace,Work Related,Vehicle Driver,10 - 10.9,30 - 34,30
Y16H2140439P02T02,Y16H2140439P02,Y16H2140439,1,2,21,1260,21,1300,40,40,0,10.63,My Workplace,Own Workplace,Survey Home,At or Go Home,Work Related,Vehicle Driver,10 - 10.9,40 - 44,40
Y16H2160219P02T01,Y16H2160219P02,Y16H2160219,1,1,9,585,9,590,5,5,0,0.72,Survey Home,At or Go Home,My Workplace,Own Workplace,Work Related,Vehicle Driver,0 - 0.9,5. - 9.,5
Y16H2160219P02T02,Y16H2160219P02,Y16H2160219,1,2,18,1080,18,1085,5,5,0,0.72,My Workplace,Own Workplace,Survey Home,At or Go Home,Work Related,Vehicle Driver,0 - 0.9,5. - 9.,5
Y16H2160508P01T01,Y16H2160508P01,Y16H2160508,1,1,9,570,9,590,20,20,0,9.47,Survey Home,At or Go Home,My Workplace,Own Workplace,Work Related,Vehicle Driver,9 - 9.9,20 - 24,20
Y16H2160508P01T02,Y16H2160508P01,Y16H2160508,1,2,19,1170,19,1192,22,22,0,9.65,My Workplace,Own Workplace,Survey Home,At or Go Home,Work Related,Vehicle Driver,9 - 9.9,20 - 24,22
Y16H2170408P01T01,Y16H2170408P01,Y16H2170408,1,1,8,480,8,495,15,15,0,12.06,Survey Home,At or Go Home,My Workplace,Own Workplace,Work Related,Vehicle Driver,12 - 12.9,15 - 19,15
Y16H2170408P01T02,Y16H2170408P01,Y16H2170408,1,2,17,1050,17,1070,20,20,0,12.74,My Workplace,Own Workplace,Survey Home,At or Go Home,Work Related,Vehicle Driver,12 - 12.9,20 - 24,20
Y16H2180416P02T01,Y16H2180416P02,Y16H2180416,1,1,8,480,9,540,60,60,0,34.45,Survey Home,At or Go Home,My Workplace,Own Workplace,Work Related,Vehicle Driver,30 - 34.9,60 - 69,60
Y16H2180416P02T02,Y16H2180416P02,Y16H2180416,1,2,18,1110,19,1170,60,60,0,34.72,My Workplace,Own Workplace,Survey Home,At or Go Home,Work Related,Vehicle Driver,30 - 34.9,60 - 69,60
Y16H2180438P02T01,Y16H2180438P02,Y16H2180438,1,1,11,675,11,705,30,30,0,20.88,Survey Home,At or Go Home,My Workplace,Own Workplace,Work Related,Vehicle Driver,20 - 24.9,30 - 34,30
Y16H2180438P02T02,Y16H2180438P02,Y16H2180438,1,2,17,1050,18,1080,30,30,0,20.88,My Workplace,Own Workplace,Survey Home,At or Go Home,Work Related,Vehicle Driver,20 - 24.9,30 - 34,30
Y16H2200323P01T01,Y16H2200323P01,Y16H2200323,1,1,8,530,9,540,10,10,0,2.04,Survey Home,At or Go Home,My Workplace,Own Workplace,Work Related,Vehicle Driver,2 - 2.9,10. - 14.,10
Y16H2200323P01T02,Y16H2200323P01,Y16H2200323,1,2,17,1050,17,1060,10,10,0,2.04,My Workplace,Own Workplace,Survey Home,At or Go Home,Work Related,Vehicle Driver,2 - 2.9,10. - 14.,10
Y16H2220204P01T01,Y16H2220204P01,Y16H2220204,1,1,8,480,8,515,35,35,0,11.22,Survey Home,At or Go Home,My Workplace,Own Workplace,Work Related,Vehicle Driver,11 - 11.9,35 - 39,35
Y16H2220204P01T02,Y16H2220204P01,Y16H2220204,1,2,17,1050,18,1080,30,30,0,11.46,My Workplace,Own Workplace,Survey Home,At or Go Home,Work Related,Vehicle Driver,11 - 11.9,30 - 34,30
Y16H2240230P03T01,Y16H2240230P03,Y16H2240230,1,1,8,495,8,520,25,25,0,10.61,Survey Home,At or Go Home,My Workplace,Own Workplace,Work Related,Vehicle Driver,10 - 10.9,25 - 29,25
Y16H2240230P03T02,Y16H2240230P03,Y16H2240230,1,2,17,1050,18,1080,30,30,0,10.61,My Workplace,Own Workplace,Survey Home,At or Go Home,Work Related,Vehicle Driver,10 - 10.9,30 - 34,30
Y16H2240233P01T01,Y16H2240233P01,Y16H2240233,1,1,8,480,8,515,35,35,0,20.21,Survey Home,At or Go Home,My Workplace,Own Workplace,Work Related,Vehicle Driver,20 - 24.9,35 - 39,35
Y16H2240233P01T02,Y16H2240233P01,Y16H2240233,1,2,18,1080,18,1115,35,35,0,19.83,My Workplace,Own Workplace,Survey Home,At or Go Home,Work Related,Vehicle Driver,19 - 19.9,35 - 39,35
Y16H2250509P01T01,Y16H2250509P01,Y16H2250509,1,1,8,510,9,540,30,30,0,11.57,Survey Home,At or Go Home,My Workplace,Own Workplace,Work Related,Vehicle Driver,11 - 11.9,30 - 34,30
Y16H2250509P01T02,Y16H2250509P01,Y16H2250509,1,2,17,1050,17,1075,25,25,0,11.75,My Workplace,Own Workplace,Survey Home,At or Go Home,Work Related,Vehicle Driver,11 - 11.9,25 - 29,25
Y16H2250535P01T01,Y16H2250535P01,Y16H2250535,1,1,8,510,8,520,10,10,0,2.43,Survey Home,At or Go Home,My Workplace,Own Workplace,Work Related,Vehicle Driver,2 - 2.9,10. - 14.,10
Y16H2250535P01T02,Y16H2250535P01,Y16H2250535,1,2,19,1140,19,1150,10,10,0,2.5,My Workplace,Own Workplace,Survey Home,At or Go Home,Work Related,Vehicle Driver,2 - 2.9,10. - 14.,10
Y16H2260139P01T01,Y16H2260139P01,Y16H2260139,1,1,8,510,9,540,30,30,0,13.9,Survey Home,At or Go Home,My Workplace,Own Workplace,Work Related,Vehicle Driver,13 - 13.9,30 - 34,30
Y16H2260139P01T02,Y16H2260139P01,Y16H2260139,1,2,17,1050,18,1085,35,35,0,14.14,My Workplace,Own Workplace,Survey Home,At or Go Home,Work Related,Vehicle Driver,14 - 14.9,35 - 39,35
Y16H2270212P04T01,Y16H2270212P04,Y16H2270212,1,1,8,510,8,535,25,25,0,5.15,Survey Home,At or Go Home,My Workplace,Own Workplace,Work Related,Vehicle Driver,5 - 5.9,25 - 29,25
Y16H2270212P04T02,Y16H2270212P04,Y16H2270212,1,2,17,1050,17,1065,15,15,0,5.17,My Workplace,Own Workplace,Survey Home,At or Go Home,Work Related,Vehicle Driver,5 - 5.9,15 - 19,15
Y16H2270219P03T01,Y16H2270219P03,Y16H2270219,1,1,8,510,9,570,60,60,0,18.16,Survey Home,At or Go Home,My Workplace,Own Workplace,Work Related,Vehicle Driver,18 - 18.9,60 - 69,60
Y16H2270219P03T02,Y16H2270219P03,Y16H2270219,1,2,17,1065,18,1115,50,50,0,18.97,My Workplace,Own Workplace,Survey Home,At or Go Home,Work Related,Vehicle Driver,18 - 18.9,50 - 54,50
Y16H2270432P04T01,Y16H2270432P04,Y16H2270432,1,1,8,480,8,510,30,30,0,11.66,Survey Home,At or Go Home,My Workplace,Own Workplace,Work Related,Vehicle Driver,11 - 11.9,30 - 34,30
Y16H2270432P04T02,Y16H2270432P04,Y16H2270432,1,2,18,1080,18,1110,30,30,0,13.49,My Workplace,Own Workplace,Survey Home,At or Go Home,Work Related,Vehicle Driver,13 - 13.9,30 - 34,30
Y16H2280305P01T01,Y16H2280305P01,Y16H2280305,1,1,8,480,8,515,35,35,0,13.22,Survey Home,At or Go Home,My Workplace,Own Workplace,Work Related,Vehicle Driver,13 - 13.9,35 - 39,35
Y16H2280305P01T02,Y16H2280305P01,Y16H2280305,1,2,17,1050,18,1090,40,40,0,13.29,My Workplace,Own Workplace,Survey Home,At or Go Home,Work Related,Vehicle Driver,13 - 13.9,40 - 44,40
Y16H2280517P02T01,Y16H2280517P02,Y16H2280517,1,1,9,540,9,570,30,30,0,17.15,Survey Home,At or Go Home,My Workplace,Own Workplace,Work Related,Vehicle Driver,17 - 17.9,30 - 34,30
Y16H2280517P02T02,Y16H2280517P02,Y16H2280517,1,2,18,1080,18,1110,30,30,0,16.3,My Workplace,Own Workplace,Survey Home,At or Go Home,Work Related,Vehicle Driver,16 - 16.9,30 - 34,30
Y16H2290319P01T01,Y16H2290319P01,Y16H2290319,1,1,8,480,8,495,15,15,0,3.34,Survey Home,At or Go Home,My Workplace,Own Workplace,Work Related,Vehicle Driver,3 - 3.9,15 - 19,15
Y16H2290319P01T02,Y16H2290319P01,Y16H2290319,1,2,17,1050,17,1065,15,15,0,3.34,My Workplace,Own Workplace,Survey Home,At or Go Home,Work Related,Vehicle Driver,3 - 3.9,15 - 19,15
Y16H2290402P01T01,Y16H2290402P01,Y16H2290402,1,1,8,480,8,535,55,55,0,28.97,Survey Home,At or Go Home,My Workplace,Own Workplace,Work Related,Vehicle Driver,25 - 29.9,55 - 59,55
Y16H2290402P01T02,Y16H2290402P01,Y16H2290402,1,2,17,1050,18,1080,30,30,0,26.58,My Workplace,Own Workplace,Survey Home,At or Go Home,Work Related,Vehicle Driver,25 - 29.9,30 - 34,30
Y17H2320116P01T01,Y17H2320116P01,Y17H2320116,1,1,8,510,9,540,30,30,0,29.49,Survey Home,At or Go Home,My Workplace,Own Workplace,Work Related,Vehicle Driver,25 - 29.9,30 - 34,30
Y17H2320116P01T02,Y17H2320116P01,Y17H2320116,1,2,17,1050,17,1070,20,20,0,29.36,My Workplace,Own Workplace,Survey Home,At or Go Home,Work Related,Vehicle Driver,25 - 29.9,20 - 24,20
Y17H2330110P03T01,Y17H2330110P03,Y17H2330110,1,1,8,495,8,500,5,5,0,2.52,Survey Home,At or Go Home,My Workplace,Own Workplace,Work Related,Vehicle Driver,2 - 2.9,5. - 9.,5
Y17H2330110P03T02,Y17H2330110P03,Y17H2330110,1,2,18,1110,18,1115,5,5,0,2.24,My Workplace,Own Workplace,Survey Home,At or Go Home,Work Related,Vehicle Driver,2 - 2.9,5. - 9.,5
Y17H2330425P02T01,Y17H2330425P02,Y17H2330425,2,1,8,525,9,560,35,35,0,10.64,Survey Home,At or Go Home,My Workplace,Own Workplace,Work Related,Vehicle Driver,10 - 10.9,35 - 39,25
Y17H2330425P02T02,Y17H2330425P02,Y17H2330425,2,2,17,1055,18,1116,61,61,0,12.01,My Workplace,Own Workplace,Survey Home,At or Go Home,Work Related,Vehicle Driver,12 - 12.9,60 - 69,10
Y17H2330508P03T01,Y17H2330508P03,Y17H2330508,1,1,8,510,9,540,30,30,0,8.12,Survey Home,At or Go Home,My Workplace,Own Workplace,Work Related,Vehicle Driver,8 - 8.9,30 - 34,30
Y17H2330508P03T02,Y17H2330508P03,Y17H2330508,1,2,17,1065,18,1100,35,35,0,8.08,My Workplace,Own Workplace,Survey Home,At or Go Home,Work Related,Vehicle Driver,8 - 8.9,35 - 39,35
Y17H2340208P03T01,Y17H2340208P03,Y17H2340208,1,1,8,480,8,510,30,30,0,13.46,Survey Home,At or Go Home,My Workplace,Own Workplace,Work Related,Vehicle Driver,13 - 13.9,30 - 34,30
Y17H2340208P03T02,Y17H2340208P03,Y17H2340208,1,2,20,1200,20,1225,25,25,0,13.48,My Workplace,Own Workplace,Survey Home,At or Go Home,Work Related,Vehicle Driver,13 - 13.9,25 - 29,25
Y17H2340216P03T01,Y17H2340216P03,Y17H2340216,1,1,8,495,8,530,35,35,0,35.76,Survey Home,At or Go Home,My Workplace,Own Workplace,Work Related,Vehicle Driver,35 - 39.9,35 - 39,35
Y17H2340216P03T02,Y17H2340216P03,Y17H2340216,1,2,17,1050,18,1085,35,35,0,36.2,My Workplace,Own Workplace,Survey Home,At or Go Home,Work Related,Vehicle Driver,35 - 39.9,35 - 39,35
Y17H2340517P03T01,Y17H2340517P03,Y17H2340517,1,1,9,570,10,600,30,30,0,12.61,Survey Home,At or Go Home,My Workplace,Own Workplace,Work Related,Vehicle Driver,12 - 12.9,30 - 34,30
Y17H2340517P03T02,Y17H2340517P03,Y17H2340517,1,2,21,1260,21,1280,20,20,0,15.82,My Workplace,Own Workplace,Survey Home,At or Go Home,Work Related,Vehicle Driver,15 - 15.9,20 - 24,20
Y17H2350224P02T01,Y17H2350224P02,Y17H2350224,1,1,8,490,8,510,20,20,0,15.91,Survey Home,At or Go Home,My Workplace,Own Workplace,Work Related,Vehicle Driver,15 - 15.9,20 - 24,20
Y17H2350224P02T02,Y17H2350224P02,Y17H2350224,1,2,17,1050,17,1070,20,20,0,15.91,My Workplace,Own Workplace,Survey Home,At or Go Home,Work Related,Vehicle Driver,15 - 15.9,20 - 24,20
Y17H2350302P02T01,Y17H2350302P02,Y17H2350302,1,1,8,480,8,500,20,20,0,2.92,Survey Home,At or Go Home,My Workplace,Own Workplace,Work Related,Vehicle Driver,2 - 2.9,20 - 24,20
Y17H2350302P02T02,Y17H2350302P02,Y17H2350302,1,2,18,1080,18,1100,20,20,0,3.42,My Workplace,Own Workplace,Survey Home,At or Go Home,Work Related,Vehicle Driver,3 - 3.9,20 - 24,20
Y17H2350317P02T01,Y17H2350317P02,Y17H2350317,1,1,8,495,8,530,35,35,0,19.2,Survey Home,At or Go Home,My Workplace,Own Workplace,Work Related,Vehicle Driver,19 - 19.9,35 - 39,35
Y17H2350317P02T02,Y17H2350317P02,Y17H2350317,1,2,17,1070,18,1105,35,35,0,19.22,My Workplace,Own Workplace,Survey Home,At or Go Home,Work Related,Vehicle Driver,19 - 19.9,35 - 39,35
Y17H2360229P03T01,Y17H2360229P03,Y17H2360229,1,1,11,690,11,705,15,15,0,8.74,Survey Home,At or Go Home,My Workplace,Own Workplace,Work Related,Vehicle Driver,8 - 8.9,15 - 19,15
Y17H2360229P03T02,Y17H2360229P03,Y17H2360229,1,2,21,1260,21,1275,15,15,0,9.49,My Workplace,Own Workplace,Survey Home,At or Go Home,Work Related,Vehicle Driver,9 - 9.9,15 - 19,15
Y17H2360312P01T01,Y17H2360312P01,Y17H2360312,1,1,9,540,9,580,40,40,0,27.32,Survey Home,At or Go Home,My Workplace,Own Workplace,Work Related,Vehicle Driver,25 - 29.9,40 - 44,40
Y17H2360312P01T02,Y17H2360312P01,Y17H2360312,1,2,18,1110,19,1150,40,40,0,27.58,My Workplace,Own Workplace,Survey Home,At or Go Home,Work Related,Vehicle Driver,25 - 29.9,40 - 44,40
Y17H2370301P01T01,Y17H2370301P01,Y17H2370301,1,1,9,555,9,580,25,25,0,12.36,Survey Home,At or Go Home,My Workplace,Own Workplace,Work Related,Vehicle Driver,12 - 12.9,25 - 29,25
Y17H2370301P01T02,Y17H2370301P01,Y17H2370301,1,2,18,1080,18,1110,30,30,0,11.14,My Workplace,Own Workplace,Survey Home,At or Go Home,Work Related,Vehicle Driver,11 - 11.9,30 - 34,30
Y17H2370303P02T01,Y17H2370303P02,Y17H2370303,1,1,8,525,9,540,15,15,0,4.32,Survey Home,At or Go Home,My Workplace,Own Workplace,Work Related,Vehicle Driver,4 - 4.9,15 - 19,15
Y17H2370303P02T02,Y17H2370303P02,Y17H2370303,1,2,18,1110,18,1125,15,15,0,4.73,My Workplace,Own Workplace,Survey Home,At or Go Home,Work Related,Vehicle Driver,4 - 4.9,15 - 19,15
Y17H2380301P02T01,Y17H2380301P02,Y17H2380301,1,1,8,510,9,555,45,45,0,11.41,Survey Home,At or Go Home,My Workplace,Own Workplace,Work Related,Vehicle Driver,11 - 11.9,45 - 49,45
Y17H2380301P02T02,Y17H2380301P02,Y17H2380301,1,2,18,1080,18,1110,30,30,0,12.2,My Workplace,Own Workplace,Survey Home,At or Go Home,Work Related,Vehicle Driver,12 - 12.9,30 - 34,30
Y17H2390209P01T01,Y17H2390209P01,Y17H2390209,1,1,11,660,11,690,30,30,0,18.64,Survey Home,At or Go Home,My Workplace,Own Workplace,Work Related,Vehicle Driver,18 - 18.9,30 - 34,30
Y17H2390209P01T02,Y17H2390209P01,Y17H2390209,1,2,18,1080,18,1120,40,40,0,17.56,My Workplace,Own Workplace,Survey Home,At or Go Home,Work Related,Vehicle Driver,17 - 17.9,40 - 44,40
Y17H2390212P03T01,Y17H2390212P03,Y17H2390212,1,1,8,485,8,505,20,20,0,12.83,Survey Home,At or Go Home,My Workplace,Own Workplace,Work Related,Vehicle Driver,12 - 12.9,20 - 24,20
Y17H2390212P03T02,Y17H2390212P03,Y17H2390212,1,2,18,1080,18,1100,20,20,0,12.92,My Workplace,Own Workplace,Survey Home,At or Go Home,Work Related,Vehicle Driver,12 - 12.9,20 - 24,20
Y17H2410102P02T01,Y17H2410102P02,Y17H2410102,1,1,8,525,9,540,15,15,0,3.74,Survey Home,At or Go Home,My Workplace,Own Workplace,Work Related,Vehicle Driver,3 - 3.9,15 - 19,15
Y17H2410102P02T02,Y17H2410102P02,Y17H2410102,1,2,17,1050,17,1065,15,15,0,4.52,My Workplace,Own Workplace,Survey Home,At or Go Home,Work Related,Vehicle Driver,4 - 4.9,15 - 19,15
Y17H2410515P07T01,Y17H2410515P07,Y17H2410515,1,1,8,480,8,520,40,40,0,18.06,Survey Home,At or Go Home,My Workplace,Own Workplace,Work Related,Vehicle Driver,18 - 18.9,40 - 44,40
Y17H2410515P07T02,Y17H2410515P07,Y17H2410515,1,2,17,1050,18,1080,30,30,0,28.41,My Workplace,Own Workplace,Survey Home,At or Go Home,Work Related,Vehicle Driver,25 - 29.9,30 - 34,30
Y17H2420137P02T01,Y17H2420137P02,Y17H2420137,1,1,8,480,8,495,15,15,0,4.42,Survey Home,At or Go Home,My Workplace,Own Workplace,Work Related,Vehicle Driver,4 - 4.9,15 - 19,15
Y17H2420137P02T02,Y17H2420137P02,Y17H2420137,1,2,19,1140,19,1155,15,15,0,5.29,My Workplace,Own Workplace,Survey Home,At or Go Home,Work Related,Vehicle Driver,5 - 5.9,15 - 19,15
Y17H2420205P03T01,Y17H2420205P03,Y17H2420205,1,1,8,480,8,505,25,25,0,31.88,Survey Home,At or Go Home,My Workplace,Own Workplace,Work Related,Vehicle Driver,30 - 34.9,25 - 29,25
Y17H2420205P03T02,Y17H2420205P03,Y17H2420205,1,2,19,1140,19,1170,30,30,0,31.67,My Workplace,Own Workplace,Survey Home,At or Go Home,Work Related,Vehicle Driver,30 - 34.9,30 - 34,30
Y17H2430103P03T01,Y17H2430103P03,Y17H2430103,1,1,8,525,9,540,15,15,0,6.23,Survey Home,At or Go Home,My Workplace,Own Workplace,Work Related,Vehicle Driver,6 - 6.9,15 - 19,15
Y17H2430103P03T02,Y17H2430103P03,Y17H2430103,1,2,17,1050,17,1070,20,20,0,6.42,My Workplace,Own Workplace,Survey Home,At or Go Home,Work Related,Vehicle Driver,6 - 6.9,20 - 24,20
Y17H2430115P02T01,Y17H2430115P02,Y17H2430115,1,1,9,540,9,560,20,20,0,9.75,Survey Home,At or Go Home,My Workplace,Own Workplace,Work Related,Vehicle Driver,9 - 9.9,20 - 24,20
Y17H2430115P02T02,Y17H2430115P02,Y17H2430115,1,2,18,1090,18,1115,25,25,0,6.5,My Workplace,Own Workplace,Survey Home,At or Go Home,Work Related,Vehicle Driver,6 - 6.9,25 - 29,25
Y17H2432201P03T01,Y17H2432201P03,Y17H2432201,1,1,10,600,10,645,45,45,0,35.51,Survey Home,At or Go Home,My Workplace,Own Workplace,Work Related,Vehicle Driver,35 - 39.9,45 - 49,45
Y17H2432201P03T02,Y17H2432201P03,Y17H2432201,1,2,18,1110,19,1155,45,45,0,35.83,My Workplace,Own Workplace,Survey Home,At or Go Home,Work Related,Vehicle Driver,35 - 39.9,45 - 49,45
Y17H2440223P02T01,Y17H2440223P02,Y17H2440223,1,1,8,510,8,530,20,20,0,7.44,Survey Home,At or Go Home,My Workplace,Own Workplace,Work Related,Vehicle Driver,7 - 7.9,20 - 24,20
Y17H2440223P02T02,Y17H2440223P02,Y17H2440223,1,2,17,1050,17,1070,20,20,0,7.47,My Workplace,Own Workplace,Survey Home,At or Go Home,Work Related,Vehicle Driver,7 - 7.9,20 - 24,20
Y17H2460525P01T01,Y17H2460525P01,Y17H2460525,1,1,8,510,9,540,30,30,0,13.48,Survey Home,At or Go Home,My Workplace,Own Workplace,Work Related,Vehicle Driver,13 - 13.9,30 - 34,30
Y17H2460525P01T02,Y17H2460525P01,Y17H2460525,1,2,18,1080,18,1110,30,30,0,12.01,My Workplace,Own Workplace,Survey Home,At or Go Home,Work Related,Vehicle Driver,12 - 12.9,30 - 34,30
Y17H2490229P04T01,Y17H2490229P04,Y17H2490229,1,1,8,480,8,510,30,30,0,20.52,Survey Home,At or Go Home,My Workplace,Own Workplace,Work Related,Vehicle Driver,20 - 24.9,30 - 34,30
Y17H2490229P04T02,Y17H2490229P04,Y17H2490229,1,2,17,1050,18,1090,40,40,0,20.16,My Workplace,Own Workplace,Survey Home,At or Go Home,Work Related,Vehicle Driver,20 - 24.9,40 - 44,40
Y17H2490411P01T01,Y17H2490411P01,Y17H2490411,1,1,8,485,8,530,45,45,0,21.59,Survey Home,At or Go Home,My Workplace,Own Workplace,Work Related,Vehicle Driver,20 - 24.9,45 - 49,45
Y17H2490411P01T02,Y17H2490411P01,Y17H2490411,1,2,18,1080,19,1155,75,75,0,21.7,My Workplace,Own Workplace,Survey Home,At or Go Home,Work Related,Vehicle Driver,20 - 24.9,70 - 79,75
Y17H2490411P04T01,Y17H2490411P04,Y17H2490411,1,1,10,640,11,660,20,20,0,5.43,Survey Home,At or Go Home,My Workplace,Own Workplace,Work Related,Vehicle Driver,5 - 5.9,20 - 24,20
Y17H2490411P04T02,Y17H2490411P04,Y17H2490411,1,2,18,1110,18,1130,20,20,0,5.64,My Workplace,Own Workplace,Survey Home,At or Go Home,Work Related,Vehicle Driver,5 - 5.9,20 - 24,20
Y17H2490440P01T01,Y17H2490440P01,Y17H2490440,1,1,9,542,9,579,37,37,0,16.72,Survey Home,At or Go Home,My Workplace,Own Workplace,Work Related,Vehicle Driver,16 - 16.9,35 - 39,37
Y17H2490440P01T02,Y17H2490440P01,Y17H2490440,1,2,17,1051,18,1108,57,57,0,16.86,My Workplace,Own Workplace,Survey Home,At or Go Home,Work Related,Vehicle Driver,16 - 16.9,55 - 59,57
Y17H2500437P02T01,Y17H2500437P02,Y17H2500437,1,1,9,540,9,590,50,50,0,14.5,Survey Home,At or Go Home,My Workplace,Own Workplace,Work Related,Vehicle Driver,14 - 14.9,50 - 54,50
Y17H2500437P02T02,Y17H2500437P02,Y17H2500437,1,2,18,1080,18,1125,45,45,0,14.71,My Workplace,Own Workplace,Survey Home,At or Go Home,Work Related,Vehicle Driver,14 - 14.9,45 - 49,45
Y17H2510208P02T01,Y17H2510208P02,Y17H2510208,1,1,8,480,8,495,15,15,0,5.71,Survey Home,At or Go Home,My Workplace,Own Workplace,Work Related,Vehicle Driver,5 - 5.9,15 - 19,15
Y17H2510208P02T02,Y17H2510208P02,Y17H2510208,1,2,17,1065,17,1075,10,10,0,5.39,My Workplace,Own Workplace,Survey Home,At or Go Home,Work Related,Vehicle Driver,5 - 5.9,10. - 14.,10
Y17H2510216P01T01,Y17H2510216P01,Y17H2510216,1,1,8,480,8,510,30,30,0,11.97,Survey Home,At or Go Home,My Workplace,Own Workplace,Work Related,Vehicle Driver,11 - 11.9,30 - 34,30
Y17H2510216P01T02,Y17H2510216P01,Y17H2510216,1,2,18,1080,18,1110,30,30,0,11.99,My Workplace,Own Workplace,Survey Home,At or Go Home,Work Related,Vehicle Driver,11 - 11.9,30 - 34,30
Y17H2510311P01T01,Y17H2510311P01,Y17H2510311,1,1,8,480,8,510,30,30,0,13.72,Survey Home,At or Go Home,My Workplace,Own Workplace,Work Related,Vehicle Driver,13 - 13.9,30 - 34,30
Y17H2510311P01T02,Y17H2510311P01,Y17H2510311,1,2,18,1080,18,1110,30,30,0,14.83,My Workplace,Own Workplace,Survey Home,At or Go Home,Work Related,Vehicle Driver,14 - 14.9,30 - 34,30
Y17H2520324P02T01,Y17H2520324P02,Y17H2520324,1,1,8,500,9,555,55,55,0,16.63,Survey Home,At or Go Home,My Workplace,Own Workplace,Work Related,Vehicle Driver,16 - 16.9,55 - 59,55
Y17H2520324P02T02,Y17H2520324P02,Y17H2520324,1,2,18,1080,18,1130,50,50,0,17.93,My Workplace,Own Workplace,Survey Home,At or Go Home,Work Related,Vehicle Driver,17 - 17.9,50 - 54,50
Y17H2520331P01T01,Y17H2520331P01,Y17H2520331,1,1,9,580,9,585,5,5,0,3.38,Survey Home,At or Go Home,My Workplace,Own Workplace,Work Related,Vehicle Driver,3 - 3.9,5. - 9.,5
Y17H2520331P01T02,Y17H2520331P01,Y17H2520331,1,2,18,1090,18,1095,5,5,0,3.39,My Workplace,Own Workplace,Survey Home,At or Go Home,Work Related,Vehicle Driver,3 - 3.9,5. - 9.,5
Y17H2520403P01T01,Y17H2520403P01,Y17H2520403,1,1,11,660,11,695,35,35,0,13.97,Survey Home,At or Go Home,My Workplace,Own Workplace,Work Related,Vehicle Driver,13 - 13.9,35 - 39,35
Y17H2520403P01T02,Y17H2520403P01,Y17H2520403,1,2,19,1140,19,1180,40,40,0,14.15,My Workplace,Own Workplace,Survey Home,At or Go Home,Work Related,Vehicle Driver,14 - 14.9,40 - 44,40
Y17H2520426P01T01,Y17H2520426P01,Y17H2520426,1,1,8,480,8,485,5,5,0,1.79,Survey Home,At or Go Home,My Workplace,Own Workplace,Work Related,Vehicle Driver,1 - 1.9,5. - 9.,5
Y17H2520426P01T02,Y17H2520426P01,Y17H2520426,1,2,20,1200,20,1205,5,5,0,1.79,My Workplace,Own Workplace,Survey Home,At or Go Home,Work Related,Vehicle Driver,1 - 1.9,5. - 9.,5
Y17H2530537P01T01,Y17H2530537P01,Y17H2530537,1,1,9,570,9,590,20,20,0,14.58,Survey Home,At or Go Home,My Workplace,Own Workplace,Work Related,Vehicle Driver,14 - 14.9,20 - 24,20
Y17H2530537P01T02,Y17H2530537P01,Y17H2530537,1,2,18,1090,18,1120,30,30,0,14.82,My Workplace,Own Workplace,Survey Home,At or Go Home,Work Related,Vehicle Driver,14 - 14.9,30 - 34,30
Y17H2540129P01T01,Y17H2540129P01,Y17H2540129,1,1,8,480,8,525,45,45,0,20.97,Survey Home,At or Go Home,My Workplace,Own Workplace,Work Related,Vehicle Driver,20 - 24.9,45 - 49,45
Y17H2540129P01T02,Y17H2540129P01,Y17H2540129,1,2,18,1110,19,1160,50,50,0,20.76,My Workplace,Own Workplace,Survey Home,At or Go Home,Work Related,Vehicle Driver,20 - 24.9,50 - 54,50
Y17H2551016P01T01,Y17H2551016P01,Y17H2551016,1,1,8,510,8,535,25,25,0,7.49,Survey Home,At or Go Home,My Workplace,Own Workplace,Work Related,Vehicle Driver,7 - 7.9,25 - 29,25
Y17H2551016P01T02,Y17H2551016P01,Y17H2551016,1,2,18,1080,18,1110,30,30,0,7.38,My Workplace,Own Workplace,Survey Home,At or Go Home,Work Related,Vehicle Driver,7 - 7.9,30 - 34,30
Y17H2551032P01T01,Y17H2551032P01,Y17H2551032,1,1,8,510,8,525,15,15,0,7.26,Survey Home,At or Go Home,My Workplace,Own Workplace,Work Related,Vehicle Driver,7 - 7.9,15 - 19,15
Y17H2551032P01T02,Y17H2551032P01,Y17H2551032,1,2,17,1050,17,1065,15,15,0,7.26,My Workplace,Own Workplace,Survey Home,At or Go Home,Work Related,Vehicle Driver,7 - 7.9,15 - 19,15
Y17H2560132P02T01,Y17H2560132P02,Y17H2560132,1,1,9,575,9,596,21,21,0,3.81,Survey Home,At or Go Home,My Workplace,Own Workplace,Work Related,Vehicle Driver,3 - 3.9,20 - 24,21
Y17H2560132P02T02,Y17H2560132P02,Y17H2560132,1,2,20,1200,20,1207,7,7,0,4.22,My Workplace,Own Workplace,Survey Home,At or Go Home,Work Related,Vehicle Driver,4 - 4.9,5. - 9.,7
Y17H2580432P01T01,Y17H2580432P01,Y17H2580432,1,1,8,495,8,515,20,20,0,5.98,Survey Home,At or Go Home,My Workplace,Own Workplace,Work Related,Vehicle Driver,5 - 5.9,20 - 24,20
Y17H2580432P01T02,Y17H2580432P01,Y17H2580432,1,2,19,1150,19,1170,20,20,0,6.0,My Workplace,Own Workplace,Survey Home,At or Go Home,Work Related,Vehicle Driver,6 - 6.9,20 - 24,20
Y17H2580432P02T01,Y17H2580432P02,Y17H2580432,1,1,10,600,10,620,20,20,0,5.98,Survey Home,At or Go Home,My Workplace,Own Workplace,Work Related,Vehicle Driver,5 - 5.9,20 - 24,20
Y17H2580432P02T02,Y17H2580432P02,Y17H2580432,1,2,17,1050,17,1070,20,20,0,6.0,My Workplace,Own Workplace,Survey Home,At or Go Home,Work Related,Vehicle Driver,6 - 6.9,20 - 24,20
Y17H2590132P04T01,Y17H2590132P04,Y17H2590132,1,1,11,660,11,710,50,50,0,16.67,Survey Home,At or Go Home,My Workplace,Own Workplace,Work Related,Vehicle Driver,16 - 16.9,50 - 54,50
Y17H2590132P04T02,Y17H2590132P04,Y17H2590132,1,2,18,1080,18,1110,30,30,0,16.38,My Workplace,Own Workplace,Survey Home,At or Go Home,Work Related,Vehicle Driver,16 - 16.9,30 - 34,30
Y17H2590136P02T01,Y17H2590136P02,Y17H2590136,1,1,8,510,8,520,10,10,0,3.11,Survey Home,At or Go Home,My Workplace,Own Workplace,Work Related,Vehicle Driver,3 - 3.9,10. - 14.,10
Y17H2590136P02T02,Y17H2590136P02,Y17H2590136,1,2,18,1080,18,1090,10,10,0,3.15,My Workplace,Own Workplace,Survey Home,At or Go Home,Work Related,Vehicle Driver,3 - 3.9,10. - 14.,10
Y17H2600418P01T01,Y17H2600418P01,Y17H2600418,1,1,8,480,8,535,55,55,0,23.96,Survey Home,At or Go Home,My Workplace,Own Workplace,Work Related,Vehicle Driver,20 - 24.9,55 - 59,55
Y17H2600418P01T02,Y17H2600418P01,Y17H2600418,1,2,17,1050,18,1100,50,50,0,23.41,My Workplace,Own Workplace,Survey Home,At or Go Home,Work Related,Vehicle Driver,20 - 24.9,50 - 54,50
Y17H2810411P02T01,Y17H2810411P02,Y17H2810411,2,1,8,480,8,521,40,41,1,17.28,Survey Home,At or Go Home,My Workplace,Own Workplace,Work Related,Vehicle Driver,17 - 17.9,40 - 44,35
Y17H2810411P02T02,Y17H2810411P02,Y17H2810411,2,2,17,1065,18,1110,44,45,1,16.79,My Workplace,Own Workplace,Survey Home,At or Go Home,Work Related,Vehicle Driver,16 - 16.9,45 - 49,10
Y17H2820115P01T01,Y17H2820115P01,Y17H2820115,1,1,8,480,8,485,5,5,0,3.21,Survey Home,At or Go Home,My Workplace,Own Workplace,Work Related,Vehicle Driver,3 - 3.9,5. - 9.,5
Y17H2820115P01T02,Y17H2820115P01,Y17H2820115,1,2,18,1105,18,1122,17,17,0,3.21,My Workplace,Own Workplace,Survey Home,At or Go Home,Work Related,Vehicle Driver,3 - 3.9,15 - 19,17
Y17H2820219P01T01,Y17H2820219P01,Y17H2820219,1,1,8,480,9,540,60,60,0,32.73,Survey Home,At or Go Home,My Workplace,Own Workplace,Work Related,Vehicle Driver,30 - 34.9,60 - 69,60
Y17H2820219P01T02,Y17H2820219P01,Y17H2820219,1,2,17,1050,18,1125,75,75,0,32.5,My Workplace,Own Workplace,Survey Home,At or Go Home,Work Related,Vehicle Driver,30 - 34.9,70 - 79,75
Y17H2820223P01T01,Y17H2820223P01,Y17H2820223,1,1,8,510,8,535,25,25,0,12.79,Survey Home,At or Go Home,My Workplace,Own Workplace,Work Related,Vehicle Driver,12 - 12.9,25 - 29,25
Y17H2820223P01T02,Y17H2820223P01,Y17H2820223,1,2,19,1175,20,1200,25,25,0,12.88,My Workplace,Own Workplace,Survey Home,At or Go Home,Work Related,Vehicle Driver,12 - 12.9,25 - 29,25
Y17H2830217P02T01,Y17H2830217P02,Y17H2830217,1,1,8,490,8,520,30,30,0,19.21,Survey Home,At or Go Home,My Workplace,Own Workplace,Work Related,Vehicle Driver,19 - 19.9,30 - 34,30
Y17H2830217P02T02,Y17H2830217P02,Y17H2830217,1,2,17,1050,18,1080,30,30,0,16.62,My Workplace,Own Workplace,Survey Home,At or Go Home,Work Related,Vehicle Driver,16 - 16.9,30 - 34,30
Y17H2830409P02T01,Y17H2830409P02,Y17H2830409,1,1,10,600,10,620,20,20,0,19.53,Survey Home,At or Go Home,My Workplace,Own Workplace,Work Related,Vehicle Driver,19 - 19.9,20 - 24,20
Y17H2830409P02T02,Y17H2830409P02,Y17H2830409,1,2,17,1050,17,1070,20,20,0,19.88,My Workplace,Own Workplace,Survey Home,At or Go Home,Work Related,Vehicle Driver,19 - 19.9,20 - 24,20
Y18H2840411P01T01,Y18H2840411P01,Y18H2840411,1,1,8,510,9,570,60,60,0,15.03,Survey Home,At or Go Home,My Workplace,Own Workplace,Work Related,Vehicle Driver,15 - 15.9,60 - 69,60
Y18H2840411P01T02,Y18H2840411P01,Y18H2840411,1,2,17,1050,18,1090,40,40,0,15.05,My Workplace,Own Workplace,Survey Home,At or Go Home,Work Related,Vehicle Driver,15 - 15.9,40 - 44,40
Y18H2850132P02T01,Y18H2850132P02,Y18H2850132,1,1,10,645,10,650,5,5,0,1.21,Survey Home,At or Go Home,My Workplace,Own Workplace,Work Related,Vehicle Driver,1 - 1.9,5. - 9.,5
Y18H2850132P02T02,Y18H2850132P02,Y18H2850132,1,2,21,1290,21,1295,5,5,0,1.2,My Workplace,Own Workplace,Survey Home,At or Go Home,Work Related,Vehicle Driver,1 - 1.9,5. - 9.,5
Y18H2850228P01T01,Y18H2850228P01,Y18H2850228,1,1,10,630,11,660,30,30,0,1.57,Survey Home,At or Go Home,My Workplace,Own Workplace,Work Related,Vehicle Driver,1 - 1.9,30 - 34,30
Y18H2850228P01T02,Y18H2850228P01,Y18H2850228,1,2,18,1080,18,1110,30,30,0,1.91,My Workplace,Own Workplace,Survey Home,At or Go Home,Work Related,Vehicle Driver,1 - 1.9,30 - 34,30
Y18H2850238P01T01,Y18H2850238P01,Y18H2850238,1,1,9,560,10,615,55,55,0,44.03,Survey Home,At or Go Home,My Workplace,Own Workplace,Work Related,Vehicle Driver,40 - 44.9,55 - 59,55
Y18H2850238P01T02,Y18H2850238P01,Y18H2850238,1,2,19,1140,19,1190,50,50,0,44.03,My Workplace,Own Workplace,Survey Home,At or Go Home,Work Related,Vehicle Driver,40 - 44.9,50 - 54,50
Y18H2850338P01T01,Y18H2850338P01,Y18H2850338,1,1,9,570,10,600,30,30,0,31.1,Survey Home,At or Go Home,My Workplace,Own Workplace,Work Related,Vehicle Driver,30 - 34.9,30 - 34,30
Y18H2850338P01T02,Y18H2850338P01,Y18H2850338,1,2,18,1080,19,1140,60,60,0,33.12,My Workplace,Own Workplace,Survey Home,At or Go Home,Work Related,Vehicle Driver,30 - 34.9,60 - 69,60
Y18H2860233P03T01,Y18H2860233P03,Y18H2860233,1,1,9,540,9,570,30,30,0,8.31,Survey Home,At or Go Home,My Workplace,Own Workplace,Work Related,Vehicle Driver,8 - 8.9,30 - 34,30
Y18H2860233P03T02,Y18H2860233P03,Y18H2860233,1,2,18,1110,19,1140,30,30,0,8.29,My Workplace,Own Workplace,Survey Home,At or Go Home,Work Related,Vehicle Driver,8 - 8.9,30 - 34,30
Y18H2860233P04T01,Y18H2860233P04,Y18H2860233,1,1,8,480,8,525,45,45,0,27.26,Survey Home,At or Go Home,My Workplace,Own Workplace,Work Related,Vehicle Driver,25 - 29.9,45 - 49,45
Y18H2860233P04T02,Y18H2860233P04,Y18H2860233,1,2,18,1095,19,1140,45,45,0,30.43,My Workplace,Own Workplace,Survey Home,At or Go Home,Work Related,Vehicle Driver,30 - 34.9,45 - 49,45
Y18H2860312P01T01,Y18H2860312P01,Y18H2860312,1,1,8,480,8,510,30,30,0,11.79,Survey Home,At or Go Home,My Workplace,Own Workplace,Work Related,Vehicle Driver,11 - 11.9,30 - 34,30
Y18H2860312P01T02,Y18H2860312P01,Y18H2860312,1,2,17,1065,18,1095,30,30,0,11.88,My Workplace,Own Workplace,Survey Home,At or Go Home,Work Related,Vehicle Driver,11 - 11.9,30 - 34,30
Y18H2870439P01T01,Y18H2870439P01,Y18H2870439,1,1,9,570,9,590,20,20,0,5.35,Survey Home,At or Go Home,My Workplace,Own Workplace,Work Related,Vehicle Driver,5 - 5.9,20 - 24,20
Y18H2870439P01T02,Y18H2870439P01,Y18H2870439,1,2,18,1110,18,1130,20,20,0,5.32,My Workplace,Own Workplace,Survey Home,At or Go Home,Work Related,Vehicle Driver,5 - 5.9,20 - 24,20
Y18H2870536P01T01,Y18H2870536P01,Y18H2870536,1,1,12,720,12,725,5,5,0,5.57,Survey Home,At or Go Home,My Workplace,Own Workplace,Work Related,Vehicle Driver,5 - 5.9,5. - 9.,5
Y18H2870536P01T02,Y18H2870536P01,Y18H2870536,1,2,21,1290,21,1295,5,5,0,4.65,My Workplace,Own Workplace,Survey Home,At or Go Home,Work Related,Vehicle Driver,4 - 4.9,5. - 9.,5
Y18H2870537P01T01,Y18H2870537P01,Y18H2870537,1,1,8,495,8,520,25,25,0,8.53,Survey Home,At or Go Home,My Workplace,Own Workplace,Work Related,Vehicle Driver,8 - 8.9,25 - 29,25
Y18H2870537P01T02,Y18H2870537P01,Y18H2870537,1,2,17,1060,18,1080,20,20,0,8.12,My Workplace,Own Workplace,Survey Home,At or Go Home,Work Related,Vehicle Driver,8 - 8.9,20 - 24,20
Y18H2880222P02T01,Y18H2880222P02,Y18H2880222,1,1,8,480,8,510,30,30,0,14.11,Survey Home,At or Go Home,My Workplace,Own Workplace,Work Related,Vehicle Driver,14 - 14.9,30 - 34,30
Y18H2880222P02T02,Y18H2880222P02,Y18H2880222,1,2,18,1080,18,1115,35,35,0,14.19,My Workplace,Own Workplace,Survey Home,At or Go Home,Work Related,Vehicle Driver,14 - 14.9,35 - 39,35
Y18H2880303P02T01,Y18H2880303P02,Y18H2880303,1,1,8,480,8,485,5,5,0,1.58,Survey Home,At or Go Home,My Workplace,Own Workplace,Work Related,Vehicle Driver,1 - 1.9,5. - 9.,5
Y18H2880303P02T02,Y18H2880303P02,Y18H2880303,1,2,20,1230,20,1235,5,5,0,1.4,My Workplace,Own Workplace,Survey Home,At or Go Home,Work Related,Vehicle Driver,1 - 1.9,5. - 9.,5
Y18H2880418P03T01,Y18H2880418P03,Y18H2880418,1,1,9,540,9,570,30,30,0,11.41,Survey Home,At or Go Home,My Workplace,Own Workplace,Work Related,Vehicle Driver,11 - 11.9,30 - 34,30
Y18H2880418P03T02,Y18H2880418P03,Y18H2880418,1,2,17,1050,18,1080,30,30,0,11.48,My Workplace,Own Workplace,Survey Home,At or Go Home,Work Related,Vehicle Driver,11 - 11.9,30 - 34,30
Y18H2881011P02T01,Y18H2881011P02,Y18H2881011,1,1,8,495,8,500,5,5,0,2.41,Survey Home,At or Go Home,My Workplace,Own Workplace,Work Related,Vehicle Driver,2 - 2.9,5. - 9.,5
Y18H2881011P02T02,Y18H2881011P02,Y18H2881011,1,2,19,1140,19,1145,5,5,0,2.37,My Workplace,Own Workplace,Survey Home,At or Go Home,Work Related,Vehicle Driver,2 - 2.9,5. - 9.,5
Y18H2890118P02T01,Y18H2890118P02,Y18H2890118,1,1,8,490,8,510,20,20,0,10.5,Survey Home,At or Go Home,My Workplace,Own Workplace,Work Related,Vehicle Driver,10 - 10.9,20 - 24,20
Y18H2890118P02T02,Y18H2890118P02,Y18H2890118,1,2,17,1050,18,1080,30,30,0,14.0,My Workplace,Own Workplace,Survey Home,At or Go Home,Work Related,Vehicle Driver,14 - 14.9,30 - 34,30
Y18H2890240P02T01,Y18H2890240P02,Y18H2890240,1,1,9,570,10,600,30,30,0,19.19,Survey Home,At or Go Home,My Workplace,Own Workplace,Work Related,Vehicle Driver,19 - 19.9,30 - 34,30
Y18H2890240P02T02,Y18H2890240P02,Y18H2890240,1,2,18,1080,18,1110,30,30,0,19.34,My Workplace,Own Workplace,Survey Home,At or Go Home,Work Related,Vehicle Driver,19 - 19.9,30 - 34,30
Y18H2890401P02T01,Y18H2890401P02,Y18H2890401,1,1,8,480,8,525,45,45,0,17.63,Survey Home,At or Go Home,My Workplace,Own Workplace,Work Related,Vehicle Driver,17 - 17.9,45 - 49,45
Y18H2890401P02T02,Y18H2890401P02,Y18H2890401,1,2,18,1080,18,1125,45,45,0,17.49,My Workplace,Own Workplace,Survey Home,At or Go Home,Work Related,Vehicle Driver,17 - 17.9,45 - 49,45
Y18H2900315P01T01,Y18H2900315P01,Y18H2900315,1,1,9,585,10,610,25,25,0,17.64,Survey Home,At or Go Home,My Workplace,Own Workplace,Work Related,Vehicle Driver,17 - 17.9,25 - 29,25
Y18H2900315P01T02,Y18H2900315P01,Y18H2900315,1,2,17,1065,18,1095,30,30,0,18.2,My Workplace,Own Workplace,Survey Home,At or Go Home,Work Related,Vehicle Driver,18 - 18.9,30 - 34,30
Y18H2910219P01T01,Y18H2910219P01,Y18H2910219,1,1,8,510,9,540,30,30,0,10.48,Survey Home,At or Go Home,My Workplace,Own Workplace,Work Related,Vehicle Driver,10 - 10.9,30 - 34,30
Y18H2910219P01T02,Y18H2910219P01,Y18H2910219,1,2,17,1050,18,1080,30,30,0,10.49,My Workplace,Own Workplace,Survey Home,At or Go Home,Work Related,Vehicle Driver,10 - 10.9,30 - 34,30
Y18H2920116P02T01,Y18H2920116P02,Y18H2920116,1,1,8,480,8,525,45,45,0,25.41,Survey Home,At or Go Home,My Workplace,Own Workplace,Work Related,Vehicle Driver,25 - 29.9,45 - 49,45
Y18H2920116P02T02,Y18H2920116P02,Y18H2920116,1,2,18,1080,18,1115,35,35,0,26.15,My Workplace,Own Workplace,Survey Home,At or Go Home,Work Related,Vehicle Driver,25 - 29.9,35 - 39,35
Y18H2920218P02T01,Y18H2920218P02,Y18H2920218,1,1,8,509,9,567,58,58,0,26.9,Survey Home,At or Go Home,My Workplace,Own Workplace,Work Related,Vehicle Driver,25 - 29.9,55 - 59,58
Y18H2920218P02T02,Y18H2920218P02,Y18H2920218,1,2,17,1050,18,1110,60,60,0,29.14,My Workplace,Own Workplace,Survey Home,At or Go Home,Work Related,Vehicle Driver,25 - 29.9,60 - 69,60
Y18H2930139P03T01,Y18H2930139P03,Y18H2930139,1,1,10,630,10,640,10,10,0,1.43,Survey Home,At or Go Home,My Workplace,Own Workplace,Work Related,Vehicle Driver,1 - 1.9,10. - 14.,10
Y18H2930139P03T02,Y18H2930139P03,Y18H2930139,1,2,18,1080,18,1090,10,10,0,1.63,My Workplace,Own Workplace,Survey Home,At or Go Home,Work Related,Vehicle Driver,1 - 1.9,10. - 14.,10
Y18H2940327P02T01,Y18H2940327P02,Y18H2940327,1,1,8,530,9,540,10,10,0,3.55,Survey Home,At or Go Home,My Workplace,Own Workplace,Work Related,Vehicle Driver,3 - 3.9,10. - 14.,10
Y18H2940327P02T02,Y18H2940327P02,Y18H2940327,1,2,17,1050,17,1060,10,10,0,3.59,My Workplace,Own Workplace,Survey Home,At or Go Home,Work Related,Vehicle Driver,3 - 3.9,10. - 14.,10
Y18H2980310P01T01,Y18H2980310P01,Y18H2980310,1,1,8,490,9,540,50,50,0,27.14,Survey Home,At or Go Home,My Workplace,Own Workplace,Work Related,Vehicle Driver,25 - 29.9,50 - 54,50
Y18H2980310P01T02,Y18H2980310P01,Y18H2980310,1,2,17,1070,18,1130,60,60,0,27.48,My Workplace,Own Workplace,Survey Home,At or Go Home,Work Related,Vehicle Driver,25 - 29.9,60 - 69,60
Y18H2980315P01T01,Y18H2980315P01,Y18H2980315,1,1,8,480,8,520,40,40,0,22.85,Survey Home,At or Go Home,My Workplace,Own Workplace,Work Related,Vehicle Driver,20 - 24.9,40 - 44,40
Y18H2980315P01T02,Y18H2980315P01,Y18H2980315,1,2,17,1050,18,1100,50,50,0,22.92,My Workplace,Own Workplace,Survey Home,At or Go Home,Work Related,Vehicle Driver,20 - 24.9,50 - 54,50
Y18H2980337P01T01,Y18H2980337P01,Y18H2980337,1,1,8,480,9,540,60,60,0,13.71,Survey Home,At or Go Home,My Workplace,Own Workplace,Work Related,Vehicle Driver,13 - 13.9,60 - 69,60
Y18H2980337P01T02,Y18H2980337P01,Y18H2980337,1,2,17,1050,18,1110,60,60,0,14.3,My Workplace,Own Workplace,Survey Home,At or Go Home,Work Related,Vehicle Driver,14 - 14.9,60 - 69,60
Y18H2980430P01T01,Y18H2980430P01,Y18H2980430,1,1,8,480,9,540,60,60,0,14.44,Survey Home,At or Go Home,My Workplace,Own Workplace,Work Related,Vehicle Driver,14 - 14.9,60 - 69,60
Y18H2980430P01T02,Y18H2980430P01,Y18H2980430,1,2,17,1050,18,1110,60,60,0,14.43,My Workplace,Own Workplace,Survey Home,At or Go Home,Work Related,Vehicle Driver,14 - 14.9,60 - 69,60
Y18H2990324P02T01,Y18H2990324P02,Y18H2990324,1,1,10,600,10,625,25,25,0,18.67,Survey Home,At or Go Home,My Workplace,Own Workplace,Work Related,Vehicle Driver,18 - 18.9,25 - 29,25
Y18H2990324P02T02,Y18H2990324P02,Y18H2990324,1,2,19,1140,19,1180,40,40,0,19.29,My Workplace,Own Workplace,Survey Home,At or Go Home,Work Related,Vehicle Driver,19 - 19.9,40 - 44,40
Y18H2990330P03T01,Y18H2990330P03,Y18H2990330,1,1,9,570,10,630,60,60,0,23.55,Survey Home,At or Go Home,My Workplace,Own Workplace,Work Related,Vehicle Driver,20 - 24.9,60 - 69,60
Y18H2990330P03T02,Y18H2990330P03,Y18H2990330,1,2,18,1110,19,1155,45,45,0,24.27,My Workplace,Own Workplace,Survey Home,At or Go Home,Work Related,Vehicle Driver,20 - 24.9,45 - 49,45
Y18H2990422P01T01,Y18H2990422P01,Y18H2990422,1,1,11,660,11,685,25,25,0,13.99,Survey Home,At or Go Home,My Workplace,Own Workplace,Work Related,Vehicle Driver,13 - 13.9,25 - 29,25
Y18H2990422P01T02,Y18H2990422P01,Y18H2990422,1,2,17,1050,18,1095,45,45,0,14.06,My Workplace,Own Workplace,Survey Home,At or Go Home,Work Related,Vehicle Driver,14 - 14.9,45 - 49,45
Y18H2990530P02T01,Y18H2990530P02,Y18H2990530,1,1,8,480,8,500,20,20,0,0.0,Survey Home,At or Go Home,My Workplace,Own Workplace,Work Related,Vehicle Driver,0 - 0.9,20 - 24,20
Y18H2990530P02T02,Y18H2990530P02,Y18H2990530,1,2,17,1050,17,1075,25,25,0,0.0,My Workplace,Own Workplace,Survey Home,At or Go Home,Work Related,Vehicle Driver,0 - 0.9,25 - 29,25
Y18H2992305P01T01,Y18H2992305P01,Y18H2992305,1,1,11,705,12,735,30,30,0,8.64,Survey Home,At or Go Home,My Workplace,Own Workplace,Work Related,Vehicle Driver,8 - 8.9,30 - 34,30
Y18H2992305P01T02,Y18H2992305P01,Y18H2992305,1,2,17,1050,17,1070,20,20,0,8.63,My Workplace,Own Workplace,Survey Home,At or Go Home,Work Related,Vehicle Driver,8 - 8.9,20 - 24,20
Y18H3000326P02T01,Y18H3000326P02,Y18H3000326,1,1,8,485,9,576,91,91,0,15.8,Survey Home,At or Go Home,My Workplace,Own Workplace,Work Related,Vehicle Driver,15 - 15.9,90 - 99,91
Y18H3000326P02T02,Y18H3000326P02,Y18H3000326,1,2,18,1090,18,1126,36,36,0,17.04,My Workplace,Own Workplace,Survey Home,At or Go Home,Work Related,Vehicle Driver,17 - 17.9,35 - 39,36
Y18H3002336P02T01,Y18H3002336P02,Y18H3002336,1,1,9,540,9,565,25,25,0,9.46,Survey Home,At or Go Home,My Workplace,Own Workplace,Work Related,Vehicle Driver,9 - 9.9,25 - 29,25
Y18H3002336P02T02,Y18H3002336P02,Y18H3002336,1,2,18,1110,18,1135,25,25,0,7.03,My Workplace,Own Workplace,Survey Home,At or Go Home,Work Related,Vehicle Driver,7 - 7.9,25 - 29,25
Y18H3010117P03T01,Y18H3010117P03,Y18H3010117,1,1,9,540,9,550,10,10,0,2.9,Survey Home,At or Go Home,My Workplace,Own Workplace,Work Related,Vehicle Driver,2 - 2.9,10. - 14.,10
Y18H3010117P03T02,Y18H3010117P03,Y18H3010117,1,2,18,1080,18,1095,15,15,0,2.93,My Workplace,Own Workplace,Survey Home,At or Go Home,Work Related,Vehicle Driver,2 - 2.9,15 - 19,15
Y18H3010416P03T01,Y18H3010416P03,Y18H3010416,1,1,9,570,10,600,30,30,0,1.49,Survey Home,At or Go Home,My Workplace,Own Workplace,Work Related,Vehicle Driver,1 - 1.9,30 - 34,30
Y18H3010416P03T02,Y18H3010416P03,Y18H3010416,1,2,19,1140,19,1170,30,30,0,1.49,My Workplace,Own Workplace,Survey Home,At or Go Home,Work Related,Vehicle Driver,1 - 1.9,30 - 34,30
Y18H3010419P02T01,Y18H3010419P02,Y18H3010419,1,1,8,480,8,525,45,45,0,17.32,Survey Home,At or Go Home,My Workplace,Own Workplace,Work Related,Vehicle Driver,17 - 17.9,45 - 49,45
Y18H3010419P02T02,Y18H3010419P02,Y18H3010419,1,2,17,1050,18,1080,30,30,0,17.42,My Workplace,Own Workplace,Survey Home,At or Go Home,Work Related,Vehicle Driver,17 - 17.9,30 - 34,30
Y18H3012340P01T01,Y18H3012340P01,Y18H3012340,1,1,8,510,9,580,70,70,0,37.67,Survey Home,At or Go Home,My Workplace,Own Workplace,Work Related,Vehicle Driver,35 - 39.9,70 - 79,70
Y18H3012340P01T02,Y18H3012340P01,Y18H3012340,1,2,19,1185,20,1220,35,35,0,0.0,My Workplace,Own Workplace,Survey Home,At or Go Home,Work Related,Vehicle Driver,0 - 0.9,35 - 39,35
Y18H3012421P01T01,Y18H3012421P01,Y18H3012421,1,1,9,540,9,570,30,30,0,20.39,Survey Home,At or Go Home,My Workplace,Own Workplace,Work Related,Vehicle Driver,20 - 24.9,30 - 34,30
Y18H3012421P01T02,Y18H3012421P01,Y18H3012421,1,2,17,1050,18,1080,30,30,0,21.63,My Workplace,Own Workplace,Survey Home,At or Go Home,Work Related,Vehicle Driver,20 - 24.9,30 - 34,30
Y18H3020117P01T01,Y18H3020117P01,Y18H3020117,1,1,8,495,9,540,45,45,0,21.14,Survey Home,At or Go Home,My Workplace,Own Workplace,Work Related,Vehicle Driver,20 - 24.9,45 - 49,45
Y18H3020117P01T02,Y18H3020117P01,Y18H3020117,1,2,17,1060,18,1100,40,40,0,20.8,My Workplace,Own Workplace,Survey Home,At or Go Home,Work Related,Vehicle Driver,20 - 24.9,40 - 44,40
Y18H3020337P01T01,Y18H3020337P01,Y18H3020337,1,1,8,480,8,482,2,2,0,0.24,Survey Home,At or Go Home,My Workplace,Own Workplace,Work Related,Vehicle Driver,0 - 0.9,0 - 4,2
Y18H3020337P01T02,Y18H3020337P01,Y18H3020337,1,2,17,1050,17,1052,2,2,0,0.22,My Workplace,Own Workplace,Survey Home,At or Go Home,Work Related,Vehicle Driver,0 - 0.9,0 - 4,2
Y18H3020403P02T01,Y18H3020403P02,Y18H3020403,1,1,8,510,9,555,45,45,0,22.3,Survey Home,At or Go Home,My Workplace,Own Workplace,Work Related,Vehicle Driver,20 - 24.9,45 - 49,45
Y18H3020403P02T02,Y18H3020403P02,Y18H3020403,1,2,17,1050,18,1095,45,45,0,23.71,My Workplace,Own Workplace,Survey Home,At or Go Home,Work Related,Vehicle Driver,20 - 24.9,45 - 49,45
Y18H3022216P01T01,Y18H3022216P01,Y18H3022216,1,1,9,555,9,580,25,25,0,14.83,Survey Home,At or Go Home,My Workplace,Own Workplace,Work Related,Vehicle Driver,14 - 14.9,25 - 29,25
Y18H3022216P01T02,Y18H3022216P01,Y18H3022216,1,2,21,1296,21,1316,20,20,0,15.7,My Workplace,Own Workplace,Survey Home,At or Go Home,Work Related,Vehicle Driver,15 - 15.9,20 - 24,20
Y18H3030136P01T01,Y18H3030136P01,Y18H3030136,1,1,9,540,9,555,15,15,0,5.12,Survey Home,At or Go Home,My Workplace,Own Workplace,Work Related,Vehicle Driver,5 - 5.9,15 - 19,15
Y18H3030136P01T02,Y18H3030136P01,Y18H3030136,1,2,17,1065,18,1080,15,15,0,5.52,My Workplace,Own Workplace,Survey Home,At or Go Home,Work Related,Vehicle Driver,5 - 5.9,15 - 19,15
Y18H3030205P02T01,Y18H3030205P02,Y18H3030205,1,1,12,720,12,750,30,30,0,21.71,Survey Home,At or Go Home,My Workplace,Own Workplace,Work Related,Vehicle Driver,20 - 24.9,30 - 34,30
Y18H3030205P02T02,Y18H3030205P02,Y18H3030205,1,2,18,1110,19,1140,30,30,0,21.25,My Workplace,Own Workplace,Survey Home,At or Go Home,Work Related,Vehicle Driver,20 - 24.9,30 - 34,30
Y18H3032230P01T01,Y18H3032230P01,Y18H3032230,1,1,8,520,9,545,25,25,0,20.42,Survey Home,At or Go Home,My Workplace,Own Workplace,Work Related,Vehicle Driver,20 - 24.9,25 - 29,25
Y18H3032230P01T02,Y18H3032230P01,Y18H3032230,1,2,18,1090,18,1120,30,30,0,20.79,My Workplace,Own Workplace,Survey Home,At or Go Home,Work Related,Vehicle Driver,20 - 24.9,30 - 34,30
Y18H3032418P02T01,Y18H3032418P02,Y18H3032418,1,1,9,555,9,570,15,15,0,1.72,Survey Home,At or Go Home,My Workplace,Own Workplace,Work Related,Vehicle Driver,1 - 1.9,15 - 19,15
Y18H3032418P02T02,Y18H3032418P02,Y18H3032418,1,2,17,1065,18,1080,15,15,0,1.71,My Workplace,Own Workplace,Survey Home,At or Go Home,Work Related,Vehicle Driver,1 - 1.9,15 - 19,15
Y18H3040216P04T01,Y18H3040216P04,Y18H3040216,1,1,8,510,9,540,30,30,0,6.83,Survey Home,At or Go Home,My Workplace,Own Workplace,Work Related,Vehicle Driver,6 - 6.9,30 - 34,30
Y18H3040216P04T02,Y18H3040216P04,Y18H3040216,1,2,17,1050,18,1080,30,30,0,6.81,My Workplace,Own Workplace,Survey Home,At or Go Home,Work Related,Vehicle Driver,6 - 6.9,30 - 34,30
Y18H3040419P01T01,Y18H3040419P01,Y18H3040419,1,1,8,510,9,540,30,30,0,5.92,Survey Home,At or Go Home,My Workplace,Own Workplace,Work Related,Vehicle Driver,5 - 5.9,30 - 34,30
Y18H3040419P01T02,Y18H3040419P01,Y18H3040419,1,2,17,1050,18,1080,30,30,0,6.39,My Workplace,Own Workplace,Survey Home,At or Go Home,Work Related,Vehicle Driver,6 - 6.9,30 - 34,30
Y18H3040419P02T01,Y18H3040419P02,Y18H3040419,1,1,8,510,9,540,30,30,0,29.54,Survey Home,At or Go Home,My Workplace,Own Workplace,Work Related,Vehicle Driver,25 - 29.9,30 - 34,30
Y18H3040419P02T02,Y18H3040419P02,Y18H3040419,1,2,17,1050,18,1080,30,30,0,31.15,My Workplace,Own Workplace,Survey Home,At or Go Home,Work Related,Vehicle Driver,30 - 34.9,30 - 34,30
Y18H3050417P01T01,Y18H3050417P01,Y18H3050417,1,1,9,595,10,610,15,15,0,7.94,Survey Home,At or Go Home,My Workplace,Own Workplace,Work Related,Vehicle Driver,7 - 7.9,15 - 19,15
Y18H3050417P01T02,Y18H3050417P01,Y18H3050417,1,2,19,1140,19,1155,15,15,0,5.9,My Workplace,Own Workplace,Survey Home,At or Go Home,Work Related,Vehicle Driver,5 - 5.9,15 - 19,15
Y18H3060405P01T01,Y18H3060405P01,Y18H3060405,1,1,9,540,9,580,40,40,0,18.69,Survey Home,At or Go Home,My Workplace,Own Workplace,Work Related,Vehicle Driver,18 - 18.9,40 - 44,40
Y18H3060405P01T02,Y18H3060405P01,Y18H3060405,1,2,18,1080,18,1125,45,45,0,18.79,My Workplace,Own Workplace,Survey Home,At or Go Home,Work Related,Vehicle Driver,18 - 18.9,45 - 49,45
Y18H3070317P01T01,Y18H3070317P01,Y18H3070317,1,1,8,510,9,540,30,30,0,2.65,Survey Home,At or Go Home,My Workplace,Own Workplace,Work Related,Vehicle Driver,2 - 2.9,30 - 34,30
Y18H3070317P01T02,Y18H3070317P01,Y18H3070317,1,2,20,1230,21,1260,30,30,0,2.55,My Workplace,Own Workplace,Survey Home,At or Go Home,Work Related,Vehicle Driver,2 - 2.9,30 - 34,30
Y18H3070441P03T01,Y18H3070441P03,Y18H3070441,1,1,9,570,9,585,15,15,0,8.45,Survey Home,At or Go Home,My Workplace,Own Workplace,Work Related,Vehicle Driver,8 - 8.9,15 - 19,15
Y18H3070441P03T02,Y18H3070441P03,Y18H3070441,1,2,18,1125,19,1140,15,15,0,7.24,My Workplace,Own Workplace,Survey Home,At or Go Home,Work Related,Vehicle Driver,7 - 7.9,15 - 19,15
Y18H3080337P02T01,Y18H3080337P02,Y18H3080337,1,1,8,510,9,555,45,45,0,20.33,Survey Home,At or Go Home,My Workplace,Own Workplace,Work Related,Vehicle Driver,20 - 24.9,45 - 49,45
Y18H3080337P02T02,Y18H3080337P02,Y18H3080337,1,2,18,1110,19,1155,45,45,0,21.13,My Workplace,Own Workplace,Survey Home,At or Go Home,Work Related,Vehicle Driver,20 - 24.9,45 - 49,45
Y18H3081015P02T01,Y18H3081015P02,Y18H3081015,1,1,8,510,9,555,45,45,0,25.41,Survey Home,At or Go Home,My Workplace,Own Workplace,Work Related,Vehicle Driver,25 - 29.9,45 - 49,45
Y18H3081015P02T02,Y18H3081015P02,Y18H3081015,1,2,18,1080,18,1125,45,45,0,25.42,My Workplace,Own Workplace,Survey Home,At or Go Home,Work Related,Vehicle Driver,25 - 29.9,45 - 49,45
Y18H3090231P02T01,Y18H3090231P02,Y18H3090231,1,1,9,540,9,570,30,30,0,18.12,Survey Home,At or Go Home,My Workplace,Own Workplace,Work Related,Vehicle Driver,18 - 18.9,30 - 34,30
Y18H3090231P02T02,Y18H3090231P02,Y18H3090231,1,2,19,1140,19,1170,30,30,0,14.5,My Workplace,Own Workplace,Survey Home,At or Go Home,Work Related,Vehicle Driver,14 - 14.9,30 - 34,30
Y18H3090503P01T01,Y18H3090503P01,Y18H3090503,1,1,8,510,9,560,50,50,0,27.25,Survey Home,At or Go Home,My Workplace,Own Workplace,Work Related,Vehicle Driver,25 - 29.9,50 - 54,50
Y18H3090503P01T02,Y18H3090503P01,Y18H3090503,1,2,18,1080,18,1130,50,50,0,27.54,My Workplace,Own Workplace,Survey Home,At or Go Home,Work Related,Vehicle Driver,25 - 29.9,50 - 54,50
Y18H3100240P02T01,Y18H3100240P02,Y18H3100240,1,1,8,520,9,560,40,40,0,31.09,Survey Home,At or Go Home,My Workplace,Own Workplace,Work Related,Vehicle Driver,30 - 34.9,40 - 44,40
Y18H3100240P02T02,Y18H3100240P02,Y18H3100240,1,2,18,1085,18,1135,50,50,0,31.22,My Workplace,Own Workplace,Survey Home,At or Go Home,Work Related,Vehicle Driver,30 - 34.9,50 - 54,50
Y18H3100523P01T01,Y18H3100523P01,Y18H3100523,1,1,8,480,8,495,15,15,0,5.69,Survey Home,At or Go Home,My Workplace,Own Workplace,Work Related,Vehicle Driver,5 - 5.9,15 - 19,15
Y18H3100523P01T02,Y18H3100523P01,Y18H3100523,1,2,17,1050,17,1070,20,20,0,0.0,My Workplace,Own Workplace,Survey Home,At or Go Home,Work Related,Vehicle Driver,0 - 0.9,20 - 24,20
Y18H3110202P01T01,Y18H3110202P01,Y18H3110202,1,1,8,510,9,545,35,35,0,6.62,Survey Home,At or Go Home,My Workplace,Own Workplace,Work Related,Vehicle Driver,6 - 6.9,35 - 39,35
Y18H3110202P01T02,Y18H3110202P01,Y18H3110202,1,2,18,1105,18,1125,20,20,0,6.69,My Workplace,Own Workplace,Survey Home,At or Go Home,Work Related,Vehicle Driver,6 - 6.9,20 - 24,20
Y18H3110208P01T01,Y18H3110208P01,Y18H3110208,1,1,8,480,8,495,15,15,0,5.76,Survey Home,At or Go Home,My Workplace,Own Workplace,Work Related,Vehicle Driver,5 - 5.9,15 - 19,15
Y18H3110208P01T02,Y18H3110208P01,Y18H3110208,1,2,18,1110,18,1130,20,20,0,4.77,My Workplace,Own Workplace,Survey Home,At or Go Home,Work Related,Vehicle Driver,4 - 4.9,20 - 24,20
Y18H3110229P01T01,Y18H3110229P01,Y18H3110229,1,1,9,540,9,570,30,30,0,17.4,Survey Home,At or Go Home,My Workplace,Own Workplace,Work Related,Vehicle Driver,17 - 17.9,30 - 34,30
Y18H3110229P01T02,Y18H3110229P01,Y18H3110229,1,2,18,1080,18,1110,30,30,0,16.37,My Workplace,Own Workplace,Survey Home,At or Go Home,Work Related,Vehicle Driver,16 - 16.9,30 - 34,30
Y18H3110231P01T01,Y18H3110231P01,Y18H3110231,1,1,8,486,8,510,24,24,0,9.7,Survey Home,At or Go Home,My Workplace,Own Workplace,Work Related,Vehicle Driver,9 - 9.9,20 - 24,24
Y18H3110231P01T02,Y18H3110231P01,Y18H3110231,1,2,17,1065,18,1096,31,31,0,15.01,My Workplace,Own Workplace,Survey Home,At or Go Home,Work Related,Vehicle Driver,15 - 15.9,30 - 34,31
Y18H3110339P01T01,Y18H3110339P01,Y18H3110339,1,1,8,510,8,530,20,20,0,5.07,Survey Home,At or Go Home,My Workplace,Own Workplace,Work Related,Vehicle Driver,5 - 5.9,20 - 24,20
Y18H3110339P01T02,Y18H3110339P01,Y18H3110339,1,2,18,1110,18,1130,20,20,0,5.27,My Workplace,Own Workplace,Survey Home,At or Go Home,Work Related,Vehicle Driver,5 - 5.9,20 - 24,20
Y18H3120212P01T01,Y18H3120212P01,Y18H3120212,1,1,10,600,10,630,30,30,0,17.93,Survey Home,At or Go Home,My Workplace,Own Workplace,Work Related,Vehicle Driver,17 - 17.9,30 - 34,30
Y18H3120212P01T02,Y18H3120212P01,Y18H3120212,1,2,19,1140,19,1185,45,45,0,17.87,My Workplace,Own Workplace,Survey Home,At or Go Home,Work Related,Vehicle Driver,17 - 17.9,45 - 49,45
Y18H3120515P01T01,Y18H3120515P01,Y18H3120515,1,1,9,570,10,600,30,30,0,13.07,Survey Home,At or Go Home,My Workplace,Own Workplace,Work Related,Vehicle Driver,13 - 13.9,30 - 34,30
Y18H3120515P01T02,Y18H3120515P01,Y18H3120515,1,2,19,1140,19,1170,30,30,0,13.07,My Workplace,Own Workplace,Survey Home,At or Go Home,Work Related,Vehicle Driver,13 - 13.9,30 - 34,30
Y18H3130223P02T01,Y18H3130223P02,Y18H3130223,1,1,9,570,10,600,30,30,0,15.45,Survey Home,At or Go Home,My Workplace,Own Workplace,Work Related,Vehicle Driver,15 - 15.9,30 - 34,30
Y18H3130223P02T02,Y18H3130223P02,Y18H3130223,1,2,19,1140,19,1170,30,30,0,17.88,My Workplace,Own Workplace,Survey Home,At or Go Home,Work Related,Vehicle Driver,17 - 17.9,30 - 34,30
Y18H3130409P01T01,Y18H3130409P01,Y18H3130409,1,1,8,510,9,540,30,30,0,6.43,Survey Home,At or Go Home,My Workplace,Own Workplace,Work Related,Vehicle Driver,6 - 6.9,30 - 34,30
Y18H3130409P01T02,Y18H3130409P01,Y18H3130409,1,2,19,1140,19,1170,30,30,0,5.9,My Workplace,Own Workplace,Survey Home,At or Go Home,Work Related,Vehicle Driver,5 - 5.9,30 - 34,30
