window_size,run_id,scenario,player_id,total_cost_ma,total_cost_waterfall,total_cost_oracle,delta_total_vs_waterfall,delta_total_vs_oracle
2,3,default_scenario,1,17.984126860619423,13.673265821200669,13.551090220812139,4.310861039418754,4.433036639807284
2,3,default_scenario,2,17.847096670384097,14.0806759009769,13.740618176008823,3.7664207694071976,4.106478494375274
2,3,default_scenario,3,17.40338084694405,13.869976876740067,13.642562454792332,3.533403970203983,3.7608183921517178
2,3,default_scenario,4,20.612616510094785,15.701753404856369,15.276548526449268,4.910863105238416,5.336067983645517
2,3,default_scenario,5,23.02081747575308,19.02452132118156,18.7781465034268,3.996296154571521,4.24267097232628
2,3,default_scenario,6,17.44279766333035,14.492406700598188,14.113781300934852,2.950390962732161,3.329016362395498
2,3,default_scenario,7,22.69999672198302,18.932402884689207,19.053688531833224,3.7675938372938127,3.646308190149796
2,3,default_scenario,8,14.290326499634002,16.72510953951982,16.445841155623423,-2.4347830398858186,-2.155514655989421
2,3,default_scenario,9,22.60734889479387,18.636619229691245,17.801251621357327,3.970729665102624,4.806097273436542
2,3,default_scenario,10,11.54544016532643,13.528689809320127,13.087622724668512,-1.9832496439936982,-1.5421825593420824
2,3,default_scenario,11,20.718221390491568,17.460216302300342,17.50695417989401,3.2580050881912257,3.2112672105975584
2,3,default_scenario,12,26.432392148505084,19.29081408608675,17.201527841213185,7.141578062418333,9.230864307291899
2,3,default_scenario,13,19.91795480240363,15.365236642407883,14.892285905014361,4.552718159995749,5.02566889738927
2,3,default_scenario,14,23.555131171826552,16.40684460310975,15.232637926017217,7.148286568716802,8.322493245809335
2,3,default_scenario,15,17.02061904843626,14.353478720288564,14.819554087261132,2.6671403281476955,2.2010649611751276
2,3,default_scenario,16,11.896471290728392,15.001273522886795,14.705994162592718,-3.104802232158402,-2.809522871864326
2,3,default_scenario,17,18.97950031628743,13.895459201507622,13.456960117907096,5.08404111477981,5.5225401983803355
2,3,default_scenario,18,15.956536999477166,12.363020665917233,11.950424865467188,3.5935163335599327,4.006112134009978
2,3,default_scenario,19,17.964191343316315,13.734704299730097,13.27146553453957,4.229487043586218,4.692725808776746
2,3,default_scenario,20,20.600322995817223,13.324813021836404,12.940179645645447,7.275509973980819,7.660143350171776
2,3,early_urgency,1,12.095484356244837,10.972808788034847,9.945098169862245,1.1226755682099903,2.150386186382592
2,3,early_urgency,2,12.887662487765702,11.7617235551433,10.62794173509999,1.125938932622402,2.2597207526657126
2,3,early_urgency,3,11.616939552374793,11.118778927483726,10.111305035970123,0.49816062489106727,1.5056345164046707
2,3,early_urgency,4,14.089539831918552,12.282437157158807,11.30740463708804,1.8071026747597454,2.782135194830513
2,3,early_urgency,5,16.889203259952563,16.143911647166238,14.851112911579039,0.7452916127863247,2.038090348373524
2,3,early_urgency,6,12.074577131310116,11.328350037294902,10.019306111319445,0.7462270940152145,2.0552710199906716
2,3,early_urgency,7,16.905687632728014,16.329650127439315,15.354059222285592,0.5760375052886992,1.5516284104424223
2,3,early_urgency,8,13.841556673237053,12.892070873416055,10.94976199303854,0.949485799820998,2.8917946801985117
2,3,early_urgency,9,20.116058922289458,17.364710740836795,14.123400902722533,2.751348181452663,5.992658019566925
2,3,early_urgency,10,11.751906844905847,10.845566345538439,9.593873778536485,0.906340499367408,2.158033066369361
2,3,early_urgency,11,15.924108884324689,15.003554868613238,14.127805182977168,0.9205540157114509,1.7963037013475205
2,3,early_urgency,12,16.619338446859278,15.673058957386775,11.947166232350684,0.9462794894725022,4.672172214508594
2,3,early_urgency,13,13.575703631271368,12.334570714626615,11.114676736932793,1.2411329166447533,2.461026894338575
2,3,early_urgency,14,14.74661255817276,13.761541652710328,10.414995029458899,0.9850709054624325,4.331617528713862
2,3,early_urgency,15,12.707959939976684,11.638756545629033,11.22425919672419,1.0692033943476513,1.4837007432524931
2,3,early_urgency,16,12.800360519597852,11.67542054751759,10.443771715519087,1.1249399720802629,2.356588804078765
2,3,early_urgency,17,12.659268574820356,11.653232954336936,9.955885298767907,1.00603562048342,2.703383276052449
2,3,early_urgency,18,11.078319583372366,9.98119471300602,8.87944915174229,1.0971248703663452,2.198870431630075
2,3,early_urgency,19,12.437794800521317,11.114472614856709,9.85449660887987,1.3233221856646082,2.583298191641447
2,3,early_urgency,20,13.743808168958072,12.726594982819831,9.919451384694046,1.0172131861382407,3.824356784264026
2,3,high_start_narrow,1,3.485014848344075,3.292426819129192,2.6751338341454365,0.19258802921488316,0.8098810141986386
2,3,high_start_narrow,2,4.133188800607204,4.151012216769364,3.7800535651796103,-0.017823416162159766,0.35313523542759384
2,3,high_start_narrow,3,2.5738294067220906,2.6009476432641674,2.342538714656649,-0.02711823654207679,0.2312906920654414
2,3,high_start_narrow,4,3.126642985677447,3.105806956603801,2.538745673446256,0.020836029073646234,0.587897312231191
2,3,high_start_narrow,5,6.450353860063337,6.465804673042368,6.211639011016022,-0.01545081297903117,0.238714849047315
2,3,high_start_narrow,6,3.1614556166378787,2.9184382505414534,2.2812823172455623,0.2430173660964252,0.8801732993923164
2,3,high_start_narrow,7,7.503660469190318,7.460610782594082,7.214874741800844,0.04304968659623576,0.28878572738947383
2,3,high_start_narrow,8,2.083868969315593,1.9725538199417334,1.4990012186052546,0.11131514937385956,0.5848677507103384
2,3,high_start_narrow,9,8.955601194667935,7.786054064895789,6.4975457318386445,1.1695471297721456,2.4580554628292903
2,3,high_start_narrow,10,3.5644773970550716,3.377263806275354,2.572945076519537,0.18721359077971744,0.9915323205355344
2,3,high_start_narrow,11,7.676655013916793,7.685699676525404,7.27351228506208,-0.00904466260861092,0.40314272885471336
2,3,high_start_narrow,12,4.028418814649045,3.9564084563548754,3.6136968504259137,0.07201035829417002,0.4147219642231317
2,3,high_start_narrow,13,3.8665045910563167,3.3985478933914504,2.8593964761484347,0.46795669766486636,1.007108114907882
2,3,high_start_narrow,14,3.0680938087468315,2.920303562818506,2.6062868268435464,0.14779024592832535,0.46180698190328506
2,3,high_start_narrow,15,5.16981145325853,5.167510180408686,4.963952011165736,0.0023012728498441604,0.2058594420927946
2,3,high_start_narrow,16,3.5541935542773126,3.172677881018754,2.4196798570230387,0.3815156732585585,1.134513697254274
2,3,high_start_narrow,17,3.183689200573685,2.7903979710524576,2.3046788246611767,0.3932912295212274,0.8790103759125083
2,3,high_start_narrow,18,2.7712080818340543,2.6684785650635847,2.1118216009395137,0.1027295167704696,0.6593864808945407
2,3,high_start_narrow,19,3.211551284824977,2.895414332229823,2.3875692856163733,0.31613695259515406,0.8239819992086037
2,3,high_start_narrow,20,3.7170636560014185,3.6508768069620543,3.2738492108461257,0.06618684903936423,0.44321444515529285
2,3,late_relaxed,1,7.908502966424034,7.576628078401287,5.971860589425351,0.3318748880227469,1.936642376998683
2,3,late_relaxed,2,8.794796858205343,8.66275596762598,6.892730006023174,0.13204089057936308,1.9020668521821689
2,3,late_relaxed,3,7.118537948720947,7.827114336134419,5.873796133277086,-0.7085763874134718,1.2447418154438612
2,3,late_relaxed,4,8.871164255855929,8.348868133318094,6.515344689432132,0.5222961225378349,2.355819566423797
2,3,late_relaxed,5,11.786221243652426,12.359742846918769,10.138672601701108,-0.573521603266343,1.6475486419513174
2,3,late_relaxed,6,7.521561645645899,7.614850177451352,5.78537441101746,-0.09328853180545327,1.7361872346284386
2,3,late_relaxed,7,12.211386116569042,12.006513989411067,10.914504049539568,0.20487212715797476,1.2968820670294736
2,3,late_relaxed,8,8.02869765936604,8.378864077522543,5.7861721323992095,-0.35016641815650296,2.2425255269668307
2,3,late_relaxed,9,15.168242967671945,13.909496384561084,9.935039112521013,1.2587465831108613,5.233203855150933
2,3,late_relaxed,10,7.694000828399504,7.792708432021456,5.751611281543904,-0.09870760362195252,1.9423895468555994
2,3,late_relaxed,11,11.747795259634277,11.873060293430692,10.38909996627231,-0.12526503379641518,1.3586952933619667
2,3,late_relaxed,12,11.321537164247147,12.376927881613424,7.385859741060544,-1.0553907173662775,3.9356774231866023
2,3,late_relaxed,13,8.688268454409426,8.6821978782084,6.5876160999762385,0.006070576201025801,2.100652354433188
2,3,late_relaxed,14,9.734715088538946,10.36754129162175,6.155699646267882,-0.6328262030828036,3.5790154422710643
2,3,late_relaxed,15,9.038830608708292,8.658532284087551,7.809546186268848,0.38029832462074076,1.2292844224394441
2,3,late_relaxed,16,8.155327420497962,8.294316487430867,6.054927528334213,-0.1389890669329059,2.1003998921637486
2,3,late_relaxed,17,8.057217653317867,7.971650896924278,5.753861612573618,0.08556675639358868,2.303356040744249
2,3,late_relaxed,18,7.02800982021053,6.916361660052324,5.173747384846105,0.11164816015820556,1.8542624353644248
2,3,late_relaxed,19,7.941663088464706,7.501221416564465,5.759870361468206,0.4404416719002411,2.1817927269965
2,3,late_relaxed,20,9.348412926459586,9.45859590519859,6.294577471875122,-0.11018297873900451,3.0538354545844637
2,3,low_start_wide,1,13.721234558890336,12.529038963545341,10.578695310385232,1.1921955953449945,3.142539248505104
2,3,low_start_wide,2,14.44521517462066,13.539138565322153,11.250477023232618,0.9060766092985073,3.1947381513880426
2,3,low_start_wide,3,13.231718803907864,12.903211657889166,10.817556519722848,0.3285071460186977,2.414162284185016
2,3,low_start_wide,4,15.681741281904706,13.805533231829465,12.064044352569574,1.8762080500752418,3.617696929335132
2,3,low_start_wide,5,18.681814281411377,18.367505510665595,15.636519629981988,0.31430877074578234,3.045294651429389
2,3,low_start_wide,6,13.433189522765664,12.84593674062291,10.695302135506967,0.5872527821427536,2.737887387258697
2,3,low_start_wide,7,18.527534042593803,17.73540264492728,16.09398508320959,0.7921313976665232,2.433548959384215
2,3,low_start_wide,8,16.031305994133564,15.580246926203149,11.854520953261606,0.45105906793041584,4.176785040871959
2,3,low_start_wide,9,23.81489853073973,22.08824040855783,14.769160148154938,1.7266581221818988,9.04573838258479
2,3,low_start_wide,10,13.147354138974013,12.312104480882066,10.204591599569104,0.8352496580919464,2.9427625394049084
2,3,low_start_wide,11,17.288336977714714,17.120545323328262,14.750922719451607,0.16779165438645194,2.537414258263107
2,3,low_start_wide,12,20.975542501707544,22.026976674576993,12.998336024327692,-1.051434172869449,7.977206477379852
2,3,low_start_wide,13,15.185839637746376,14.070152853297452,11.83913248828934,1.1156867844489238,3.3467071494570355
2,3,low_start_wide,14,18.709294826745843,19.585183419103377,11.285281583707462,-0.8758885923575335,7.424013243038381
2,3,low_start_wide,15,13.848676510884859,12.816638429757356,11.793378031280152,1.032038081127503,2.0552984796047067
2,3,low_start_wide,16,14.358504626904178,13.807756831898363,11.137594887189854,0.5507477950058153,3.2209097397143243
2,3,low_start_wide,17,14.705440837060289,14.144800293808506,10.633815883316055,0.5606405432517825,4.071624953744234
2,3,low_start_wide,18,12.262710677439681,11.241676000543853,9.446369645225584,1.0210346768958285,2.8163410322140976
2,3,low_start_wide,19,14.002726165899436,12.793125043254248,10.514740873045984,1.2096011226451875,3.487985292853452
2,3,low_start_wide,20,16.925227647620765,17.638252741834624,10.52359703687445,-0.7130250942138581,6.401630610746315
2,3,mid_start_normal,1,8.755953052087742,8.087059982363057,6.648371414405662,0.6688930697246853,2.10758163768208
2,3,mid_start_normal,2,9.620422130698252,9.097323909913568,7.515265294359748,0.5230982207846839,2.1051568363385034
2,3,mid_start_normal,3,8.035661195322389,8.04931896799907,6.580047617118868,-0.013657772676682,1.4556135782035202
2,3,mid_start_normal,4,9.917031030663356,8.64973406548609,7.334930458930362,1.267296965177266,2.582100571732994
2,3,mid_start_normal,5,12.795964039217367,12.796116607099314,10.92407931995407,-0.0001525678819476184,1.8718847192632975
2,3,mid_start_normal,6,8.418447418562621,8.190015433567401,6.5058593240785605,0.2284319849952201,1.912588094484061
2,3,mid_start_normal,7,13.141409740983775,12.76716813960869,11.654429912067966,0.37424160137508444,1.4869798289158087
2,3,mid_start_normal,8,9.22047860827311,9.330032284573047,6.643671038288753,-0.10955367629993695,2.576807569984357
2,3,mid_start_normal,9,16.319544912643497,15.284265691103391,10.659249936211616,1.0352792215401063,5.6602949764318815
2,3,mid_start_normal,10,8.49426634325143,8.040107997548523,6.406817993703746,0.4541583457029077,2.0874483495476843
2,3,mid_start_normal,11,12.711626607112532,12.265065633881349,11.012217501427875,0.4465609732311826,1.6994091056846568
2,3,mid_start_normal,12,12.72102899012167,13.73967784541945,8.140096556867464,-1.01864885529778,4.5809324332542065
2,3,mid_start_normal,13,9.644609401775067,8.961068252195997,7.3467586259860145,0.6835411495790709,2.297850775789053
2,3,mid_start_normal,14,11.037867187019783,11.95473151396172,6.865582210083642,-0.916864326941937,4.172284976936141
2,3,mid_start_normal,15,9.725980643856213,8.953746174066625,8.378665021031823,0.7722344697895878,1.3473156228243894
2,3,mid_start_normal,16,9.076274173206734,8.48055499002618,6.805226989234265,0.5957191831805542,2.2710471839724686
2,3,mid_start_normal,17,9.027368280820037,8.802382180607347,6.460775829746125,0.22498610021268917,2.5665924510739115
2,3,mid_start_normal,18,7.7982488352761905,7.276002375230234,5.808611525988142,0.5222464600459569,1.9896373092880486
2,3,mid_start_normal,19,8.838819272872184,8.107498731122364,6.443751779378656,0.7313205417498203,2.3950674934935288
2,3,mid_start_normal,20,10.453021244309442,11.003278027550696,6.898723123983498,-0.5502567832412542,3.554298120325944
2,3,stressed_ev_buffered_bess,1,13.75822831847058,12.554670020688475,11.197606135263687,1.2035582977821058,2.5606221832068936
2,3,stressed_ev_buffered_bess,2,14.808491607299388,13.428500706644817,11.873012311434982,1.3799909006545708,2.935479295864406
2,3,stressed_ev_buffered_bess,3,13.409185467969126,12.771511371102147,11.523808003493103,0.637674096866979,1.8853774644760222
2,3,stressed_ev_buffered_bess,4,15.925455294753684,13.922593838311935,12.789532440301969,2.0028614564417495,3.1359228544517155
2,3,stressed_ev_buffered_bess,5,19.10242037549842,18.171013160199077,16.421926348102822,0.9314072152993411,2.6804940273955964
2,3,stressed_ev_buffered_bess,6,13.711775393288725,12.960690302558064,11.356072762795055,0.7510850907306619,2.3557026304936706
2,3,stressed_ev_buffered_bess,7,18.77993948372325,18.114162017376557,16.833910946133564,0.6657774663466931,1.9460285375896866
2,3,stressed_ev_buffered_bess,8,16.301532785513484,15.316577687926925,12.913363309851729,0.9849550975865586,3.388169475661755
2,3,stressed_ev_buffered_bess,9,23.67876821522177,20.828055301843833,15.388070973441513,2.8507129133779365,8.290697241780256
2,3,stressed_ev_buffered_bess,10,13.278030843260323,12.279160556227245,10.800084027650636,0.9988702870330783,2.4779468156096875
2,3,stressed_ev_buffered_bess,11,17.644927119128187,16.919053355710474,15.3740402559671,0.725873763417713,2.2708868631610866
2,3,stressed_ev_buffered_bess,12,20.88894833430765,19.88364347931533,14.04947235447594,1.0053048549923176,6.839475979831709
2,3,stressed_ev_buffered_bess,13,15.345634581908834,14.004883153938637,12.517173411982643,1.340751427970197,2.8284611699261912
2,3,stressed_ev_buffered_bess,14,18.74665709128705,17.802010652062894,12.272120669863787,0.944646439224158,6.474536421423265
2,3,stressed_ev_buffered_bess,15,14.132848157698374,12.788132608554205,12.365347582542448,1.3447155491441691,1.7675005751559265
2,3,stressed_ev_buffered_bess,16,14.580963219943417,13.777364464582709,11.817088551964755,0.8035987553607082,2.763874667978662
2,3,stressed_ev_buffered_bess,17,14.760572084264632,13.818656658026276,11.28424976218284,0.9419154262383564,3.476322322081792
2,3,stressed_ev_buffered_bess,18,12.434779015793625,11.233788735524021,9.98728186973075,1.200990280269604,2.447497146062874
2,3,stressed_ev_buffered_bess,19,14.244356999273954,12.813781036098613,11.145601280630112,1.4305759631753414,3.098755718643842
2,3,stressed_ev_buffered_bess,20,17.034861973009775,16.2360698815662,11.127742689023961,0.7987920914435769,5.907119283985814
4,4,default_scenario,1,17.992518460125975,13.673265821200669,13.551090220812139,4.319252638925306,4.4414282393138365
4,4,default_scenario,2,18.72240978081384,14.0806759009769,13.740618176008823,4.641733879836941,4.981791604805018
4,4,default_scenario,3,17.430199373352913,13.869976876740067,13.642562454792332,3.5602224966128464,3.7876369185605814
4,4,default_scenario,4,21.173687836580136,15.701753404856369,15.276548526449268,5.471934431723767,5.897139310130868
4,4,default_scenario,5,23.551104077043693,19.02452132118156,18.7781465034268,4.526582755862133,4.7729575736168925
4,4,default_scenario,6,12.450835147635507,14.492406700598188,14.113781300934852,-2.0415715529626812,-1.6629461532993446
4,4,default_scenario,7,23.01970951874485,18.932402884689207,19.053688531833224,4.087306634055643,3.9660209869116265
4,4,default_scenario,8,14.893430542622948,16.72510953951982,16.445841155623423,-1.8316789968968727,-1.5524106130004753
4,4,default_scenario,9,23.08420319193264,18.636619229691245,17.801251621357327,4.447583962241396,5.282951570575314
4,4,default_scenario,10,12.005928170770328,13.528689809320127,13.087622724668512,-1.5227616385497988,-1.081694553898183
4,4,default_scenario,11,21.289091859466854,17.460216302300342,17.50695417989401,3.828875557166512,3.7821376795728447
4,4,default_scenario,12,22.512164245324648,19.29081408608675,17.201527841213185,3.221350159237897,5.310636404111463
4,4,default_scenario,13,20.14673843619539,15.365236642407883,14.892285905014361,4.7815017937875055,5.254452531181027
4,4,default_scenario,14,23.28821316773187,16.40684460310975,15.232637926017217,6.881368564622118,8.055575241714651
4,4,default_scenario,15,17.870332170136447,14.353478720288564,14.819554087261132,3.5168534498478827,3.050778082875315
4,4,default_scenario,16,12.640625784658202,15.001273522886795,14.705994162592718,-2.360647738228593,-2.065368377934517
4,4,default_scenario,17,19.148765776107638,13.895459201507622,13.456960117907096,5.253306574600016,5.691805658200542
4,4,default_scenario,18,16.153919533611454,12.363020665917233,11.950424865467188,3.790898867694221,4.203494668144266
4,4,default_scenario,19,18.363468805096584,13.734704299730097,13.27146553453957,4.628764505366487,5.092003270557015
4,4,default_scenario,20,20.365617135560065,13.324813021836404,12.940179645645447,7.040804113723661,7.425437489914618
4,4,early_urgency,1,12.344381328771785,10.972808788034847,9.945098169862245,1.3715725407369384,2.3992831589095402
4,4,early_urgency,2,13.386661072165003,11.7617235551433,10.62794173509999,1.6249375170217029,2.7587193370650134
4,4,early_urgency,3,11.932180696155829,11.118778927483726,10.111305035970123,0.8134017686721027,1.8208756601857061
4,4,early_urgency,4,14.88349300909721,12.282437157158807,11.30740463708804,2.601055851938403,3.5760883720091705
4,4,early_urgency,5,17.72176678807406,16.143911647166238,14.851112911579039,1.5778551409078219,2.8706538764950214
4,4,early_urgency,6,12.259490379550394,11.328350037294902,10.019306111319445,0.9311403422554925,2.2401842682309496
4,4,early_urgency,7,17.34190551213647,16.329650127439315,15.354059222285592,1.0122553846971556,1.9878462898508786
4,4,early_urgency,8,13.92560900335983,12.892070873416055,10.94976199303854,1.033538129943775,2.9758470103212886
4,4,early_urgency,9,20.184209418432815,17.364710740836795,14.123400902722533,2.8194986775960196,6.060808515710281
4,4,early_urgency,10,12.006247298656952,10.845566345538439,9.593873778536485,1.1606809531185132,2.4123735201204664
4,4,early_urgency,11,16.169685633147314,15.003554868613238,14.127805182977168,1.166130764534076,2.0418804501701455
4,4,early_urgency,12,16.688633233123888,15.673058957386775,11.947166232350684,1.0155742757371122,4.741467000773204
4,4,early_urgency,13,13.9476755376983,12.334570714626615,11.114676736932793,1.6131048230716853,2.832998800765507
4,4,early_urgency,14,14.365462250278075,13.761541652710328,10.414995029458899,0.6039205975677469,3.950467220819176
4,4,early_urgency,15,12.997515521803301,11.638756545629033,11.22425919672419,1.3587589761742684,1.7732563250791102
4,4,early_urgency,16,13.168277437740885,11.67542054751759,10.443771715519087,1.4928568902232957,2.7245057222217977
4,4,early_urgency,17,12.881473815339904,11.653232954336936,9.955885298767907,1.228240861002968,2.925588516571997
4,4,early_urgency,18,11.119495063899063,9.98119471300602,8.87944915174229,1.1383003508930418,2.2400459121567717
4,4,early_urgency,19,12.973477070781943,11.114472614856709,9.85449660887987,1.8590044559252341,3.1189804619020727
4,4,early_urgency,20,13.207046563474384,12.726594982819831,9.919451384694046,0.4804515806545524,3.2875951787803377
4,4,high_start_narrow,1,3.472655912667469,3.292426819129192,2.6751338341454365,0.18022909353827732,0.7975220785220327
4,4,high_start_narrow,2,4.145195729537503,4.151012216769364,3.7800535651796103,-0.005816487231861345,0.36514216435789226
4,4,high_start_narrow,3,2.5627011295709536,2.6009476432641674,2.342538714656649,-0.038246513693213746,0.22016241491430444
4,4,high_start_narrow,4,3.1037231491105874,3.105806956603801,2.538745673446256,-0.002083807493213463,0.5649774756643313
4,4,high_start_narrow,5,6.459724074614896,6.465804673042368,6.211639011016022,-0.006080598427471884,0.24808506359887428
4,4,high_start_narrow,6,3.162894687734429,2.9184382505414534,2.2812823172455623,0.2444564371929756,0.8816123704888668
4,4,high_start_narrow,7,7.533452525661897,7.460610782594082,7.214874741800844,0.07284174306781477,0.31857778386105284
4,4,high_start_narrow,8,2.179950826345217,1.9725538199417334,1.4990012186052546,0.20739700640348357,0.6809496077399624
4,4,high_start_narrow,9,8.992009850499251,7.786054064895789,6.4975457318386445,1.2059557856034617,2.4944641186606065
4,4,high_start_narrow,10,3.5688883894619208,3.377263806275354,2.572945076519537,0.1916245831865666,0.9959433129423836
4,4,high_start_narrow,11,7.676980225643776,7.685699676525404,7.27351228506208,-0.008719450881628177,0.4034679405816961
4,4,high_start_narrow,12,4.02061474851013,3.9564084563548754,3.6136968504259137,0.0642062921552542,0.40691789808421586
4,4,high_start_narrow,13,3.930986832399441,3.3985478933914504,2.8593964761484347,0.5324389390079904,1.071590356251006
4,4,high_start_narrow,14,3.0677235082756145,2.920303562818506,2.6062868268435464,0.14741994545710835,0.46143668143206806
4,4,high_start_narrow,15,5.418286439535186,5.167510180408686,4.963952011165736,0.2507762591264999,0.45433442836945037
4,4,high_start_narrow,16,3.6943713346252265,3.172677881018754,2.4196798570230387,0.5216934536064723,1.2746914776021878
4,4,high_start_narrow,17,3.2494981468493087,2.7903979710524576,2.3046788246611767,0.45910017579685114,0.944819322188132
4,4,high_start_narrow,18,2.7730785523032564,2.6684785650635847,2.1118216009395137,0.10459998723967168,0.6612569513637427
4,4,high_start_narrow,19,3.2959366207444916,2.895414332229823,2.3875692856163733,0.40052228851466865,0.9083673351281183
4,4,high_start_narrow,20,3.717410621966434,3.6508768069620543,3.2738492108461257,0.06653381500437971,0.44356141112030834
4,4,late_relaxed,1,8.02713001218046,7.576628078401287,5.971860589425351,0.450501933779174,2.05526942275511
4,4,late_relaxed,2,8.880907733880495,8.66275596762598,6.892730006023174,0.2181517662545147,1.9881777278573205
4,4,late_relaxed,3,7.406287688578396,7.827114336134419,5.873796133277086,-0.42082664755602295,1.53249155530131
4,4,late_relaxed,4,8.448139771695102,8.348868133318094,6.515344689432132,0.09927163837700803,1.9327950822629703
4,4,late_relaxed,5,12.567023411042111,12.359742846918769,10.138672601701108,0.20728056412334261,2.428350809341003
4,4,late_relaxed,6,7.742049160315117,7.614850177451352,5.78537441101746,0.1271989828637654,1.9566747492976573
4,4,late_relaxed,7,12.61046392995172,12.006513989411067,10.914504049539568,0.6039499405406534,1.6959598804121523
4,4,late_relaxed,8,8.1601931299356,8.378864077522543,5.7861721323992095,-0.2186709475869435,2.37402099753639
4,4,late_relaxed,9,15.008334179040508,13.909496384561084,9.935039112521013,1.098837794479424,5.073295066519496
4,4,late_relaxed,10,7.881722265452725,7.792708432021456,5.751611281543904,0.08901383343126845,2.1301109839088204
4,4,late_relaxed,11,12.062255877962544,11.873060293430692,10.38909996627231,0.18919558453185203,1.673155911690234
4,4,late_relaxed,12,10.806786587492912,12.376927881613424,7.385859741060544,-1.5701412941205124,3.4209268464323674
4,4,late_relaxed,13,9.005009282706403,8.6821978782084,6.5876160999762385,0.32281140449800283,2.417393182730165
4,4,late_relaxed,14,9.231703728006817,10.36754129162175,6.155699646267882,-1.135837563614933,3.076004081738935
4,4,late_relaxed,15,9.295700741708353,8.658532284087551,7.809546186268848,0.6371684576208025,1.486154555439506
4,4,late_relaxed,16,8.462291748094678,8.294316487430867,6.054927528334213,0.16797526066381074,2.407364219760465
4,4,late_relaxed,17,8.218431039775089,7.971650896924278,5.753861612573618,0.2467801428508105,2.4645694272014707
4,4,late_relaxed,18,6.957419159186668,6.916361660052324,5.173747384846105,0.04105749913434398,1.7836717743405632
4,4,late_relaxed,19,8.43062014622213,7.501221416564465,5.759870361468206,0.9293987296576658,2.6707497847539248
4,4,late_relaxed,20,8.714926634392002,9.45859590519859,6.294577471875122,-0.7436692708065884,2.42034916251688
4,4,low_start_wide,1,13.951930909934234,12.529038963545341,10.578695310385232,1.4228919463888925,3.3732355995490018
4,4,low_start_wide,2,15.467665540603655,13.539138565322153,11.250477023232618,1.9285269752815015,4.217188517371037
4,4,low_start_wide,3,13.528373121538511,12.903211657889166,10.817556519722848,0.625161463649345,2.7108166018156634
4,4,low_start_wide,4,16.532268036311816,13.805533231829465,12.064044352569574,2.7267348044823514,4.4682236837422415
4,4,low_start_wide,5,19.442197917134422,18.367505510665595,15.636519629981988,1.0746924064688272,3.8056782871524337
4,4,low_start_wide,6,13.692053389354419,12.84593674062291,10.695302135506967,0.8461166487315079,2.9967512538474512
4,4,low_start_wide,7,19.000932444451855,17.73540264492728,16.09398508320959,1.2655297995245753,2.906947361242267
4,4,low_start_wide,8,16.19644171332458,15.580246926203149,11.854520953261606,0.616194787121433,4.341920760062976
4,4,low_start_wide,9,23.779325457125122,22.08824040855783,14.769160148154938,1.6910850485672917,9.010165308970183
4,4,low_start_wide,10,13.476135252375439,12.312104480882066,10.204591599569104,1.1640307714933726,3.2715436528063346
4,4,low_start_wide,11,17.997364002828153,17.120545323328262,14.750922719451607,0.8768186794998911,3.246441283376546
4,4,low_start_wide,12,21.092714936866635,22.026976674576993,12.998336024327692,-0.9342617377103579,8.094378912538943
4,4,low_start_wide,13,15.552954289355968,14.070152853297452,11.83913248828934,1.4828014360585158,3.7138218010666275
4,4,low_start_wide,14,18.281547144613942,19.585183419103377,11.285281583707462,-1.3036362744894348,6.99626556090648
4,4,low_start_wide,15,14.580813973854687,12.816638429757356,11.793378031280152,1.7641755440973306,2.7874359425745343
4,4,low_start_wide,16,14.769498630962588,13.807756831898363,11.137594887189854,0.9617417990642245,3.6319037437727335
4,4,low_start_wide,17,15.003736612471908,14.144800293808506,10.633815883316055,0.8589363186634014,4.369920729155853
4,4,low_start_wide,18,12.557595324356782,11.241676000543853,9.446369645225584,1.3159193238129294,3.1112256791311985
4,4,low_start_wide,19,14.527025195685749,12.793125043254248,10.514740873045984,1.7339001524315005,4.012284322639765
4,4,low_start_wide,20,16.410632463983777,17.638252741834624,10.52359703687445,-1.2276202778508463,5.887035427109327
4,4,mid_start_normal,1,8.86076930862183,8.087059982363057,6.648371414405662,0.7737093262587731,2.212397894216168
4,4,mid_start_normal,2,10.02473404851193,9.097323909913568,7.515265294359748,0.9274101385983613,2.5094687541521807
4,4,mid_start_normal,3,8.28143521342123,8.04931896799907,6.580047617118868,0.23211624542215858,1.7013875963023608
4,4,mid_start_normal,4,10.33259365768851,8.64973406548609,7.334930458930362,1.6828595922024192,2.997663198758147
4,4,mid_start_normal,5,13.629808997931644,12.796116607099314,10.92407931995407,0.8336923908323293,2.7057296779775744
4,4,mid_start_normal,6,8.592507975108651,8.190015433567401,6.5058593240785605,0.4024925415412497,2.0866486510300906
4,4,mid_start_normal,7,13.503342730737872,12.76716813960869,11.654429912067966,0.7361745911291813,1.8489128186699055
4,4,mid_start_normal,8,9.273769419743953,9.330032284573047,6.643671038288753,-0.05626286482909393,2.6300983814552
4,4,mid_start_normal,9,16.186492810278615,15.284265691103391,10.659249936211616,0.9022271191752242,5.527242874066999
4,4,mid_start_normal,10,8.670993788005056,8.040107997548523,6.406817993703746,0.6308857904565333,2.26417579430131
4,4,mid_start_normal,11,12.831306507424475,12.265065633881349,11.012217501427875,0.5662408735431264,1.8190890059966005
4,4,mid_start_normal,12,12.570724739039601,13.73967784541945,8.140096556867464,-1.168953106379849,4.430628182172137
4,4,mid_start_normal,13,9.889588922704831,8.961068252195997,7.3467586259860145,0.9285206705088349,2.542830296718817
4,4,mid_start_normal,14,10.629170918280197,11.95473151396172,6.865582210083642,-1.325560595681523,3.763588708196555
4,4,mid_start_normal,15,10.01827984763337,8.953746174066625,8.378665021031823,1.0645336735667446,1.6396148266015462
4,4,mid_start_normal,16,9.388085236692113,8.48055499002618,6.805226989234265,0.9075302466659334,2.582858247457848
4,4,mid_start_normal,17,9.19737253453395,8.802382180607347,6.460775829746125,0.39499035392660176,2.736596704787824
4,4,mid_start_normal,18,7.758535892673617,7.276002375230234,5.808611525988142,0.48253351744338335,1.949924366685475
4,4,mid_start_normal,19,9.324024870549234,8.107498731122364,6.443751779378656,1.21652613942687,2.8802730911705785
4,4,mid_start_normal,20,9.902848273895016,11.003278027550696,6.898723123983498,-1.1004297536556802,3.004125149911518
4,4,stressed_ev_buffered_bess,1,14.024462984314823,12.554670020688475,11.197606135263687,1.4697929636263485,2.8268568490511363
4,4,stressed_ev_buffered_bess,2,15.900786238136497,13.428500706644817,11.873012311434982,2.4722855314916803,4.027773926701515
4,4,stressed_ev_buffered_bess,3,13.807977349950647,12.771511371102147,11.523808003493103,1.0364659788485007,2.284169346457544
4,4,stressed_ev_buffered_bess,4,16.83486005381778,13.922593838311935,12.789532440301969,2.9122662155058467,4.045327613515813
4,4,stressed_ev_buffered_bess,5,19.930001857359397,18.171013160199077,16.421926348102822,1.7589886971603192,3.5080755092565745
4,4,stressed_ev_buffered_bess,6,13.947361535416471,12.960690302558064,11.356072762795055,0.9866712328584075,2.591288772621416
4,4,stressed_ev_buffered_bess,7,19.285957172258026,18.114162017376557,16.833910946133564,1.171795154881469,2.4520462261244624
4,4,stressed_ev_buffered_bess,8,16.417314988312015,15.316577687926925,12.913363309851729,1.1007373003850898,3.503951678460286
4,4,stressed_ev_buffered_bess,9,23.684452026142246,20.828055301843833,15.388070973441513,2.8563967242984134,8.296381052700733
4,4,stressed_ev_buffered_bess,10,13.519813617826083,12.279160556227245,10.800084027650636,1.240653061598838,2.7197295901754472
4,4,stressed_ev_buffered_bess,11,18.42618356290415,16.919053355710474,15.3740402559671,1.5071302071936756,3.052143306937049
4,4,stressed_ev_buffered_bess,12,21.064444597580724,19.88364347931533,14.04947235447594,1.1808011182653928,7.0149722431047845
4,4,stressed_ev_buffered_bess,13,15.80038186153501,14.004883153938637,12.517173411982643,1.7954987075963729,3.283208449552367
4,4,stressed_ev_buffered_bess,14,18.32772891272987,17.802010652062894,12.272120669863787,0.5257182606669772,6.055608242866084
4,4,stressed_ev_buffered_bess,15,14.796220397401223,12.788132608554205,12.365347582542448,2.0080877888470177,2.430872814858775
4,4,stressed_ev_buffered_bess,16,14.967514170683032,13.777364464582709,11.817088551964755,1.190149706100323,3.150425618718277
4,4,stressed_ev_buffered_bess,17,15.101506274750841,13.818656658026276,11.28424976218284,1.2828496167245653,3.817256512568001
4,4,stressed_ev_buffered_bess,18,12.77677208009359,11.233788735524021,9.98728186973075,1.5429833445695689,2.789490210362839
4,4,stressed_ev_buffered_bess,19,14.829407958822747,12.813781036098613,11.145601280630112,2.0156269227241346,3.683806678192635
4,4,stressed_ev_buffered_bess,20,16.489542844625706,16.2360698815662,11.127742689023961,0.25347296305950806,5.361800155601745
6,5,default_scenario,1,17.97098385253956,13.673265821200669,13.551090220812139,4.297718031338892,4.4198936317274224
6,5,default_scenario,2,19.55257124807899,14.0806759009769,13.740618176008823,5.471895347102091,5.8119530720701675
6,5,default_scenario,3,17.48778694162864,13.869976876740067,13.642562454792332,3.617810064888575,3.84522448683631
6,5,default_scenario,4,21.764010418875092,15.701753404856369,15.276548526449268,6.062257014018723,6.487461892425824
6,5,default_scenario,5,23.785789597043173,19.02452132118156,18.7781465034268,4.761268275861614,5.007643093616373
6,5,default_scenario,6,12.454001919532415,14.492406700598188,14.113781300934852,-2.0384047810657737,-1.659779381402437
6,5,default_scenario,7,23.128835057250626,18.932402884689207,19.053688531833224,4.196432172561419,4.075146525417402
6,5,default_scenario,8,15.163754969920955,16.72510953951982,16.445841155623423,-1.5613545695988655,-1.2820861857024681
6,5,default_scenario,9,23.351538709240092,18.636619229691245,17.801251621357327,4.714919479548847,5.550287087882765
6,5,default_scenario,10,12.120101447551011,13.528689809320127,13.087622724668512,-1.408588361769116,-0.9675212771175001
6,5,default_scenario,11,21.630937692286448,17.460216302300342,17.50695417989401,4.170721389986106,4.123983512392439
6,5,default_scenario,12,22.98013830384122,19.29081408608675,17.201527841213185,3.689324217754468,5.778610462628034
6,5,default_scenario,13,19.909943657750087,15.365236642407883,14.892285905014361,4.544707015342205,5.017657752735726
6,5,default_scenario,14,23.058599532484536,16.40684460310975,15.232637926017217,6.6517549293747855,7.8259616064673185
6,5,default_scenario,15,17.73658427647874,14.353478720288564,14.819554087261132,3.383105556190177,2.917030189217609
6,5,default_scenario,16,13.742742395166461,15.001273522886795,14.705994162592718,-1.2585311277203335,-0.9632517674262573
6,5,default_scenario,17,19.239585321979987,13.895459201507622,13.456960117907096,5.344126120472366,5.782625204072891
6,5,default_scenario,18,16.0322995384701,12.363020665917233,11.950424865467188,3.6692788725528658,4.081874673002911
6,5,default_scenario,19,18.514592066373073,13.734704299730097,13.27146553453957,4.779887766642975,5.243126531833504
6,5,default_scenario,20,20.502810105789095,13.324813021836404,12.940179645645447,7.177997083952691,7.562630460143648
6,5,early_urgency,1,12.504054251416783,10.972808788034847,9.945098169862245,1.5312454633819357,2.5589560815545376
6,5,early_urgency,2,13.015699329596941,11.7617235551433,10.62794173509999,1.2539757744536413,2.387757594496952
6,5,early_urgency,3,12.174186946360726,11.118778927483726,10.111305035970123,1.0554080188769994,2.062881910390603
6,5,early_urgency,4,14.776598492114003,12.282437157158807,11.30740463708804,2.494161334955196,3.4691938550259636
6,5,early_urgency,5,17.759955323368207,16.143911647166238,14.851112911579039,1.6160436762019685,2.908842411789168
6,5,early_urgency,6,12.412929976092412,11.328350037294902,10.019306111319445,1.0845799387975106,2.3936238647729677
6,5,early_urgency,7,17.731058677332275,16.329650127439315,15.354059222285592,1.4014085498929596,2.3769994550466826
6,5,early_urgency,8,13.991600475706043,12.892070873416055,10.94976199303854,1.099529602289989,3.0418384826675027
6,5,early_urgency,9,19.722445239407115,17.364710740836795,14.123400902722533,2.35773449857032,5.599044336684582
6,5,early_urgency,10,12.204297272101432,10.845566345538439,9.593873778536485,1.358730926562993,2.610423493564946
6,5,early_urgency,11,16.34789287702537,15.003554868613238,14.127805182977168,1.344338008412132,2.2200876940482015
6,5,early_urgency,12,16.065258714272307,15.673058957386775,11.947166232350684,0.39219975688553177,4.118092481921623
6,5,early_urgency,13,14.235708959559805,12.334570714626615,11.114676736932793,1.9011382449331897,3.1210322226270115
6,5,early_urgency,14,14.019150639208004,13.761541652710328,10.414995029458899,0.25760898649767583,3.604155609749105
6,5,early_urgency,15,13.224502616941274,11.638756545629033,11.22425919672419,1.5857460713122418,2.0002434202170836
6,5,early_urgency,16,13.737687983412302,11.67542054751759,10.443771715519087,2.0622674358947126,3.2939162678932146
6,5,early_urgency,17,13.012258409276964,11.653232954336936,9.955885298767907,1.3590254549400278,3.056373110509057
6,5,early_urgency,18,11.238908448457332,9.98119471300602,8.87944915174229,1.2577137354513113,2.359459296715041
6,5,early_urgency,19,13.069215896080129,11.114472614856709,9.85449660887987,1.9547432812234202,3.214719287200259
6,5,early_urgency,20,12.750501970108491,12.726594982819831,9.919451384694046,0.02390698728865992,2.831050585414445
6,5,high_start_narrow,1,3.472917444075413,3.292426819129192,2.6751338341454365,0.18049062494622126,0.7977836099299767
6,5,high_start_narrow,2,4.256758166596736,4.151012216769364,3.7800535651796103,0.10574594982737207,0.4767046014171257
6,5,high_start_narrow,3,2.5507789449857134,2.6009476432641674,2.342538714656649,-0.05016869827845394,0.20824023032906425
6,5,high_start_narrow,4,4.000296332067745,3.105806956603801,2.538745673446256,0.8944893754639445,1.4615506586214893
6,5,high_start_narrow,5,6.463945454340165,6.465804673042368,6.211639011016022,-0.0018592187022026252,0.25230644332414354
6,5,high_start_narrow,6,3.360003879742732,2.9184382505414534,2.2812823172455623,0.4415656292012784,1.0787215624971696
6,5,high_start_narrow,7,7.565145214299874,7.460610782594082,7.214874741800844,0.10453443170579213,0.3502704724990302
6,5,high_start_narrow,8,2.3274895006136074,1.9725538199417334,1.4990012186052546,0.354935680671874,0.8284882820083528
6,5,high_start_narrow,9,9.014208973619604,7.786054064895789,6.4975457318386445,1.2281549087238153,2.51666324178096
6,5,high_start_narrow,10,3.5535726136879084,3.377263806275354,2.572945076519537,0.17630880741255428,0.9806275371683713
6,5,high_start_narrow,11,7.9553904789035235,7.685699676525404,7.27351228506208,0.26969080237811927,0.6818781938414435
6,5,high_start_narrow,12,4.161602009741487,3.9564084563548754,3.6136968504259137,0.2051935533866116,0.5479051593155733
6,5,high_start_narrow,13,4.0351977351926855,3.3985478933914504,2.8593964761484347,0.6366498418012352,1.1758012590442508
6,5,high_start_narrow,14,3.065128038758231,2.920303562818506,2.6062868268435464,0.1448244759397248,0.4588412119146845
6,5,high_start_narrow,15,5.313178207877302,5.167510180408686,4.963952011165736,0.1456680274686155,0.34922619671156596
6,5,high_start_narrow,16,3.953673522697284,3.172677881018754,2.4196798570230387,0.7809956416785298,1.5339936656742452
6,5,high_start_narrow,17,3.551178671936302,2.7903979710524576,2.3046788246611767,0.7607807008838443,1.2464998472751252
6,5,high_start_narrow,18,2.7511920641899565,2.6684785650635847,2.1118216009395137,0.08271349912637183,0.6393704632504429
6,5,high_start_narrow,19,3.4334195785562605,2.895414332229823,2.3875692856163733,0.5380052463264375,1.0458502929398872
6,5,high_start_narrow,20,4.009679564255465,3.6508768069620543,3.2738492108461257,0.3588027572934105,0.7358303534093391
6,5,late_relaxed,1,8.173771603660287,7.576628078401287,5.971860589425351,0.5971435252589998,2.201911014234936
6,5,late_relaxed,2,8.752790070715642,8.66275596762598,6.892730006023174,0.09003410308966231,1.860060064692468
6,5,late_relaxed,3,7.55787809719713,7.827114336134419,5.873796133277086,-0.2692362389372889,1.6840819639200442
6,5,late_relaxed,4,9.580395687096553,8.348868133318094,6.515344689432132,1.2315275537784593,3.0650509976644216
6,5,late_relaxed,5,12.264532446816725,12.359742846918769,10.138672601701108,-0.09521040010204374,2.1258598451156168
6,5,late_relaxed,6,7.887628117243654,7.614850177451352,5.78537441101746,0.27277793979230225,2.102253706226194
6,5,late_relaxed,7,12.883561712139603,12.006513989411067,10.914504049539568,0.8770477227285358,1.9690576626000347
6,5,late_relaxed,8,8.363874283280552,8.378864077522543,5.7861721323992095,-0.014989794241991206,2.5777021508813425
6,5,late_relaxed,9,14.572198315831438,13.909496384561084,9.935039112521013,0.6627019312703535,4.637159203310425
6,5,late_relaxed,10,8.044572123595332,7.792708432021456,5.751611281543904,0.25186369157387567,2.2929608420514276
6,5,late_relaxed,11,12.090339567120951,11.873060293430692,10.38909996627231,0.21727927369025934,1.7012396008486412
6,5,late_relaxed,12,10.403926738036981,12.376927881613424,7.385859741060544,-1.9730011435764432,3.0180669969764367
6,5,late_relaxed,13,9.312014547755526,8.6821978782084,6.5876160999762385,0.6298166695471252,2.7243984477792873
6,5,late_relaxed,14,8.789390305200753,10.36754129162175,6.155699646267882,-1.5781509864209973,2.6336906589328706
6,5,late_relaxed,15,9.582139067423428,8.658532284087551,7.809546186268848,0.9236067833358774,1.7725928811545808
6,5,late_relaxed,16,9.190653664245328,8.294316487430867,6.054927528334213,0.8963371768144608,3.1357261359111153
6,5,late_relaxed,17,8.566862256324981,7.971650896924278,5.753861612573618,0.5952113594007029,2.813000643751363
6,5,late_relaxed,18,7.153718431957035,6.916361660052324,5.173747384846105,0.23735677190471094,1.9799710471109302
6,5,late_relaxed,19,8.320338581023961,7.501221416564465,5.759870361468206,0.8191171644594961,2.560468219555755
6,5,late_relaxed,20,8.335978251945688,9.45859590519859,6.294577471875122,-1.1226176532529024,2.041400780070566
6,5,low_start_wide,1,14.140728343936859,12.529038963545341,10.578695310385232,1.6116893803915175,3.562033033551627
6,5,low_start_wide,2,15.886736833351277,13.539138565322153,11.250477023232618,2.347598268029124,4.636259810118659
6,5,low_start_wide,3,13.753312770700704,12.903211657889166,10.817556519722848,0.8501011128115383,2.9357562509778568
6,5,low_start_wide,4,17.102813340021378,13.805533231829465,12.064044352569574,3.297280108191913,5.038768987451803
6,5,low_start_wide,5,19.666627547951165,18.367505510665595,15.636519629981988,1.2991220372855707,4.030107917969177
6,5,low_start_wide,6,13.915971109643094,12.84593674062291,10.695302135506967,1.070034369020183,3.2206689741361263
6,5,low_start_wide,7,19.36751480350292,17.73540264492728,16.09398508320959,1.6321121585756408,3.2735297202933324
6,5,low_start_wide,8,16.27515199621452,15.580246926203149,11.854520953261606,0.694905070011373,4.420631042952916
6,5,low_start_wide,9,23.486754813347748,22.08824040855783,14.769160148154938,1.3985144047899176,8.71759466519281
6,5,low_start_wide,10,13.626722834942987,12.312104480882066,10.204591599569104,1.3146183540609204,3.4221312353738824
6,5,low_start_wide,11,18.15346362092346,17.120545323328262,14.750922719451607,1.0329182975951987,3.4025409014718537
6,5,low_start_wide,12,21.177718587963575,22.026976674576993,12.998336024327692,-0.8492580866134176,8.179382563635883
6,5,low_start_wide,13,15.81431449868418,14.070152853297452,11.83913248828934,1.7441616453867272,3.975182010394839
6,5,low_start_wide,14,17.970089778878894,19.585183419103377,11.285281583707462,-1.615093640224483,6.684808195171431
6,5,low_start_wide,15,14.339930377727773,12.816638429757356,11.793378031280152,1.5232919479704172,2.546552346447621
6,5,low_start_wide,16,15.445965424645957,13.807756831898363,11.137594887189854,1.6382085927475938,4.308370537456103
6,5,low_start_wide,17,15.141656633835137,14.144800293808506,10.633815883316055,0.9968563400266301,4.507840750519081
6,5,low_start_wide,18,12.559902380449788,11.241676000543853,9.446369645225584,1.3182263799059353,3.1135327352242044
6,5,low_start_wide,19,14.791612339105237,12.793125043254248,10.514740873045984,1.998487295850989,4.276871466059253
6,5,low_start_wide,20,16.208960022851098,17.638252741834624,10.52359703687445,-1.4292927189835254,5.6853629859766475
6,5,mid_start_normal,1,9.0319400321862,8.087059982363057,6.648371414405662,0.9448800498231424,2.3835686177805373
6,5,mid_start_normal,2,9.68705269017785,9.097323909913568,7.515265294359748,0.5897287802642825,2.171787395818102
6,5,mid_start_normal,3,8.482007383109275,8.04931896799907,6.580047617118868,0.4326884151102046,1.9019597659904068
6,5,mid_start_normal,4,10.561949027937532,8.64973406548609,7.334930458930362,1.9122149624514417,3.2270185690071695
6,5,mid_start_normal,5,13.559813080846329,12.796116607099314,10.92407931995407,0.7636964737470144,2.6357337608922595
6,5,mid_start_normal,6,8.745084231045793,8.190015433567401,6.5058593240785605,0.5550687974783912,2.239224906967232
6,5,mid_start_normal,7,13.876362523561452,12.76716813960869,11.654429912067966,1.1091943839527616,2.221932611493486
6,5,mid_start_normal,8,9.450005434045652,9.330032284573047,6.643671038288753,0.11997314947260485,2.806334395756899
6,5,mid_start_normal,9,15.825851543908874,15.284265691103391,10.659249936211616,0.5415858528054827,5.166601607697258
6,5,mid_start_normal,10,8.863741925033134,8.040107997548523,6.406817993703746,0.823633927484611,2.4569239313293876
6,5,mid_start_normal,11,12.965788047226992,12.265065633881349,11.012217501427875,0.7007224133456429,1.953570545799117
6,5,mid_start_normal,12,12.01214598908289,13.73967784541945,8.140096556867464,-1.7275318563365598,3.8720494322154266
6,5,mid_start_normal,13,10.23041322310866,8.961068252195997,7.3467586259860145,1.2693449709126643,2.8836545971226464
6,5,mid_start_normal,14,10.215112875480832,11.95473151396172,6.865582210083642,-1.7396186384808878,3.3495306653971904
6,5,mid_start_normal,15,10.265374520719961,8.953746174066625,8.378665021031823,1.311628346653336,1.8867094996881377
6,5,mid_start_normal,16,9.999289360060478,8.48055499002618,6.805226989234265,1.5187343700342986,3.194062370826213
6,5,mid_start_normal,17,9.522786023354115,8.802382180607347,6.460775829746125,0.7204038427467676,3.06201019360799
6,5,mid_start_normal,18,7.95572880439561,7.276002375230234,5.808611525988142,0.6797264291653766,2.1471172784074684
6,5,mid_start_normal,19,9.352952036829894,8.107498731122364,6.443751779378656,1.2454533057075299,2.9092002574512383
6,5,mid_start_normal,20,9.429254157193935,11.003278027550696,6.898723123983498,-1.5740238703567613,2.530531033210437
6,5,stressed_ev_buffered_bess,1,14.290892928020721,12.554670020688475,11.197606135263687,1.7362229073322464,3.093286792757034
6,5,stressed_ev_buffered_bess,2,15.96297861921037,13.428500706644817,11.873012311434982,2.5344779125655528,4.089966307775388
6,5,stressed_ev_buffered_bess,3,14.16191705591436,12.771511371102147,11.523808003493103,1.3904056848122135,2.6381090524212567
6,5,stressed_ev_buffered_bess,4,17.556532924276695,13.922593838311935,12.789532440301969,3.6339390859647605,4.767000483974726
6,5,stressed_ev_buffered_bess,5,20.227011603752665,18.171013160199077,16.421926348102822,2.0559984435535874,3.8050852556498427
6,5,stressed_ev_buffered_bess,6,14.101835618316493,12.960690302558064,11.356072762795055,1.141145315758429,2.7457628555214377
6,5,stressed_ev_buffered_bess,7,19.813585295794137,18.114162017376557,16.833910946133564,1.69942327841758,2.9796743496605735
6,5,stressed_ev_buffered_bess,8,16.541863054944226,15.316577687926925,12.913363309851729,1.2252853670173014,3.6284997450924976
6,5,stressed_ev_buffered_bess,9,23.59447236105002,20.828055301843833,15.388070973441513,2.766417059206187,8.206401387608507
6,5,stressed_ev_buffered_bess,10,13.78246308519487,12.279160556227245,10.800084027650636,1.503302528967625,2.982379057544234
6,5,stressed_ev_buffered_bess,11,18.600926111838735,16.919053355710474,15.3740402559671,1.6818727561282607,3.2268858558716342
6,5,stressed_ev_buffered_bess,12,21.15298574885509,19.88364347931533,14.04947235447594,1.2693422695397594,7.103513394379151
6,5,stressed_ev_buffered_bess,13,16.111769256497702,14.004883153938637,12.517173411982643,2.1068861025590646,3.5945958445150588
6,5,stressed_ev_buffered_bess,14,18.00317460700458,17.802010652062894,12.272120669863787,0.2011639549416877,5.7310539371407945
6,5,stressed_ev_buffered_bess,15,14.65776032677739,12.788132608554205,12.365347582542448,1.8696277182231853,2.2924127442349427
6,5,stressed_ev_buffered_bess,16,15.621012971964179,13.777364464582709,11.817088551964755,1.8436485073814701,3.803924419999424
6,5,stressed_ev_buffered_bess,17,15.337236001621013,13.818656658026276,11.28424976218284,1.5185793435947375,4.052986239438173
6,5,stressed_ev_buffered_bess,18,12.80897169069883,11.233788735524021,9.98728186973075,1.5751829551748084,2.8216898209680785
6,5,stressed_ev_buffered_bess,19,15.171121529751087,12.813781036098613,11.145601280630112,2.3573404936524742,4.025520249120975
6,5,stressed_ev_buffered_bess,20,16.17142047367,16.2360698815662,11.127742689023961,-0.06464940789619789,5.043677784646039
8,6,default_scenario,1,17.999612612593786,13.673265821200669,13.551090220812139,4.326346791393117,4.448522391781648
8,6,default_scenario,2,19.33094499212341,14.0806759009769,13.740618176008823,5.25026909114651,5.590326816114587
8,6,default_scenario,3,17.60982981624103,13.869976876740067,13.642562454792332,3.739852939500965,3.9672673614487
8,6,default_scenario,4,22.97031643313824,15.701753404856369,15.276548526449268,7.268563028281871,7.693767906688972
8,6,default_scenario,5,23.727952231757428,19.02452132118156,18.7781465034268,4.703430910575868,4.949805728330627
8,6,default_scenario,6,12.833356465961733,14.492406700598188,14.113781300934852,-1.6590502346364548,-1.2804248349731182
8,6,default_scenario,7,23.21753087224503,18.932402884689207,19.053688531833224,4.285127987555825,4.163842340411808
8,6,default_scenario,8,15.67351343664936,16.72510953951982,16.445841155623423,-1.0515961028704606,-0.7723277189740632
8,6,default_scenario,9,23.57480579838018,18.636619229691245,17.801251621357327,4.938186568688934,5.773554177022852
8,6,default_scenario,10,12.522070344289457,13.528689809320127,13.087622724668512,-1.0066194650306706,-0.5655523803790548
8,6,default_scenario,11,21.843549522784407,17.460216302300342,17.50695417989401,4.383333220484065,4.336595342890398
8,6,default_scenario,12,23.287161162455114,19.29081408608675,17.201527841213185,3.9963470763683624,6.085633321241929
8,6,default_scenario,13,20.001926705972007,15.365236642407883,14.892285905014361,4.636690063564124,5.109640800957646
8,6,default_scenario,14,22.82358301957474,16.40684460310975,15.232637926017217,6.416738416464991,7.590945093557524
8,6,default_scenario,15,17.515256944479642,14.353478720288564,14.819554087261132,3.161778224191078,2.69570285721851
8,6,default_scenario,16,14.242667532860418,15.001273522886795,14.705994162592718,-0.7586059900263766,-0.46332662973230043
8,6,default_scenario,17,19.41049742212007,13.895459201507622,13.456960117907096,5.515038220612448,5.953537304212974
8,6,default_scenario,18,16.02751248400608,12.363020665917233,11.950424865467188,3.664491818088848,4.077087618538894
8,6,default_scenario,19,18.886138473330533,13.734704299730097,13.27146553453957,5.151434173600435,5.614672938790964
8,6,default_scenario,20,20.33372647829935,13.324813021836404,12.940179645645447,7.008913456462947,7.393546832653904
8,6,early_urgency,1,12.60549366390936,10.972808788034847,9.945098169862245,1.6326848758745136,2.6603954940471155
8,6,early_urgency,2,12.931587581653154,11.7617235551433,10.62794173509999,1.1698640265098543,2.303645846553165
8,6,early_urgency,3,12.333716571922201,11.118778927483726,10.111305035970123,1.214937644438475,2.2224115359520784
8,6,early_urgency,4,14.50691122723413,12.282437157158807,11.30740463708804,2.224474070075324,3.1995065901460915
8,6,early_urgency,5,17.823861770900557,16.143911647166238,14.851112911579039,1.6799501237343186,2.972748859321518
8,6,early_urgency,6,12.50913987305952,11.328350037294902,10.019306111319445,1.1807898357646174,2.4898337617400745
8,6,early_urgency,7,17.79421313656051,16.329650127439315,15.354059222285592,1.4645630091211963,2.4401539142749193
8,6,early_urgency,8,14.067120212677567,12.892070873416055,10.94976199303854,1.1750493392615127,3.1173582196390264
8,6,early_urgency,9,19.301234575179617,17.364710740836795,14.123400902722533,1.9365238343428217,5.1778336724570835
8,6,early_urgency,10,12.322000948913256,10.845566345538439,9.593873778536485,1.476434603374818,2.728127170376771
8,6,early_urgency,11,16.37500960643796,15.003554868613238,14.127805182977168,1.3714547378247222,2.2472044234607917
8,6,early_urgency,12,15.34990307006907,15.673058957386775,11.947166232350684,-0.3231558873177054,3.402736837718386
8,6,early_urgency,13,14.53784126009836,12.334570714626615,11.114676736932793,2.203270545471746,3.4231645231655676
8,6,early_urgency,14,13.484781182576404,13.761541652710328,10.414995029458899,-0.27676047013392413,3.069786153117505
8,6,early_urgency,15,13.265125929217005,11.638756545629033,11.22425919672419,1.6263693835879725,2.0408667324928143
8,6,early_urgency,16,13.915797017306597,11.67542054751759,10.443771715519087,2.240376469789007,3.472025301787509
8,6,early_urgency,17,13.20893820277689,11.653232954336936,9.955885298767907,1.5557052484399545,3.2530529040089835
8,6,early_urgency,18,11.66509764530423,9.98119471300602,8.87944915174229,1.68390293229821,2.78564849356194
8,6,early_urgency,19,12.853663452398978,11.114472614856709,9.85449660887987,1.739190837542269,2.9991668435191077
8,6,early_urgency,20,12.511484341278237,12.726594982819831,9.919451384694046,-0.2151106415415942,2.592032956584191
8,6,high_start_narrow,1,3.459952719606364,3.292426819129192,2.6751338341454365,0.1675259004771723,0.7848188854609277
8,6,high_start_narrow,2,4.282077072828779,4.151012216769364,3.7800535651796103,0.13106485605941476,0.5020235076491684
8,6,high_start_narrow,3,2.5366821958411108,2.6009476432641674,2.342538714656649,-0.06426544742305662,0.19414348118446156
8,6,high_start_narrow,4,3.454164653680001,3.105806956603801,2.538745673446256,0.3483576970761999,0.9154189802337447
8,6,high_start_narrow,5,6.853159432753451,6.465804673042368,6.211639011016022,0.3873547597110827,0.6415204217374288
8,6,high_start_narrow,6,3.167258245226254,2.9184382505414534,2.2812823172455623,0.24881999468480043,0.8859759279806916
8,6,high_start_narrow,7,7.5676104430835505,7.460610782594082,7.214874741800844,0.10699966048946852,0.3527357012827066
8,6,high_start_narrow,8,2.402618325810203,1.9725538199417334,1.4990012186052546,0.4300645058684698,0.9036171072049486
8,6,high_start_narrow,9,9.119375251977258,7.786054064895789,6.4975457318386445,1.3333211870814692,2.621829520138614
8,6,high_start_narrow,10,3.5625131389136353,3.377263806275354,2.572945076519537,0.18524933263828114,0.9895680623940981
8,6,high_start_narrow,11,7.677965179980494,7.685699676525404,7.27351228506208,-0.007734496544910208,0.4044528949184141
8,6,high_start_narrow,12,4.002499594633652,3.9564084563548754,3.6136968504259137,0.04609113827877653,0.3888027442077382
8,6,high_start_narrow,13,4.0894847499604685,3.3985478933914504,2.8593964761484347,0.6909368565690182,1.2300882738120338
8,6,high_start_narrow,14,3.0704112217902244,2.920303562818506,2.6062868268435464,0.1501076589717183,0.464124394946678
8,6,high_start_narrow,15,5.182553756080817,5.167510180408686,4.963952011165736,0.015043575672130771,0.21860174491508122
8,6,high_start_narrow,16,3.9673654355648855,3.172677881018754,2.4196798570230387,0.7946875545461314,1.5476855785418469
8,6,high_start_narrow,17,3.5022725528893353,2.7903979710524576,2.3046788246611767,0.7118745818368777,1.1975937282281586
8,6,high_start_narrow,18,3.040368519281064,2.6684785650635847,2.1118216009395137,0.37188995421747917,0.9285469183415502
8,6,high_start_narrow,19,3.4090131148864233,2.895414332229823,2.3875692856163733,0.5135987826566004,1.02144382927005
8,6,high_start_narrow,20,4.126942252917423,3.6508768069620543,3.2738492108461257,0.47606544595536837,0.853093042071297
8,6,late_relaxed,1,8.210062447063958,7.576628078401287,5.971860589425351,0.6334343686626713,2.2382018576386074
8,6,late_relaxed,2,8.77616958579531,8.66275596762598,6.892730006023174,0.11341361816933038,1.8834395797721362
8,6,late_relaxed,3,7.627947773160199,7.827114336134419,5.873796133277086,-0.19916656297422008,1.754151639883113
8,6,late_relaxed,4,9.17046806945638,8.348868133318094,6.515344689432132,0.821599936138286,2.655123380024248
8,6,late_relaxed,5,12.520563800578378,12.359742846918769,10.138672601701108,0.16082095365960924,2.3818911988772697
8,6,late_relaxed,6,7.981250534225231,7.614850177451352,5.78537441101746,0.3664003567738794,2.1958761232077713
8,6,late_relaxed,7,12.905955118893635,12.006513989411067,10.914504049539568,0.8994411294825682,1.991451069354067
8,6,late_relaxed,8,8.443081545492443,8.378864077522543,5.7861721323992095,0.06421746796990035,2.656909413093234
8,6,late_relaxed,9,14.184727480265614,13.909496384561084,9.935039112521013,0.2752310957045303,4.249688367744602
8,6,late_relaxed,10,8.152196720710391,7.792708432021456,5.751611281543904,0.3594882886889348,2.4005854391664867
8,6,late_relaxed,11,12.170246087615398,11.873060293430692,10.38909996627231,0.29718579418470625,1.7811461213430881
8,6,late_relaxed,12,9.792810219128937,12.376927881613424,7.385859741060544,-2.5841176624844877,2.406950478068392
8,6,late_relaxed,13,9.481562743049109,8.6821978782084,6.5876160999762385,0.7993648648407081,2.89394664307287
8,6,late_relaxed,14,8.386429414502501,10.36754129162175,6.155699646267882,-1.9811118771192486,2.230729768234619
8,6,late_relaxed,15,9.428040644355574,8.658532284087551,7.809546186268848,0.7695083602680235,1.6184944580867269
8,6,late_relaxed,16,9.162136882994915,8.294316487430867,6.054927528334213,0.8678203955640473,3.107209354660702
8,6,late_relaxed,17,8.514118133973637,7.971650896924278,5.753861612573618,0.5424672370493591,2.760256521400019
8,6,late_relaxed,18,7.451374364529329,6.916361660052324,5.173747384846105,0.5350127044770048,2.277626979683224
8,6,late_relaxed,19,8.295071608476924,7.501221416564465,5.759870361468206,0.7938501919124592,2.535201247008718
8,6,late_relaxed,20,8.483015047859034,9.45859590519859,6.294577471875122,-0.9755808573395566,2.1884375759839116
8,6,low_start_wide,1,14.262306680698488,12.529038963545341,10.578695310385232,1.7332677171531472,3.6836113703132565
8,6,low_start_wide,2,15.349627062913939,13.539138565322153,11.250477023232618,1.8104884975917859,4.099150039681321
8,6,low_start_wide,3,13.991473770067381,12.903211657889166,10.817556519722848,1.0882621121782154,3.173917250344534
8,6,low_start_wide,4,16.362681563739596,13.805533231829465,12.064044352569574,2.557148331910131,4.298637211170021
8,6,low_start_wide,5,19.615589840004464,18.367505510665595,15.636519629981988,1.2480843293388695,3.979070210022476
8,6,low_start_wide,6,13.945005526701731,12.84593674062291,10.695302135506967,1.0990687860788206,3.249703391194764
8,6,low_start_wide,7,19.417276784638606,17.73540264492728,16.09398508320959,1.6818741397113257,3.3232917014290173
8,6,low_start_wide,8,16.46863799637383,15.580246926203149,11.854520953261606,0.8883910701706803,4.614117043112223
8,6,low_start_wide,9,23.00695660654136,22.08824040855783,14.769160148154938,0.9187161979835317,8.237796458386423
8,6,low_start_wide,10,13.77057343432242,12.312104480882066,10.204591599569104,1.458468953440354,3.565981834753316
8,6,low_start_wide,11,18.338429661837246,17.120545323328262,14.750922719451607,1.2178843385089841,3.587506942385639
8,6,low_start_wide,12,20.85965880054437,22.026976674576993,12.998336024327692,-1.1673178740326229,7.861322776216678
8,6,low_start_wide,13,16.053005661726047,14.070152853297452,11.83913248828934,1.9828528084285946,4.213873173436706
8,6,low_start_wide,14,17.66583052801164,19.585183419103377,11.285281583707462,-1.9193528910917372,6.380548944304177
8,6,low_start_wide,15,14.382684086484378,12.816638429757356,11.793378031280152,1.566045656727022,2.5893060552042257
8,6,low_start_wide,16,15.679859071514242,13.807756831898363,11.137594887189854,1.872102239615879,4.542264184324388
8,6,low_start_wide,17,15.239651631128948,14.144800293808506,10.633815883316055,1.094851337320442,4.605835747812893
8,6,low_start_wide,18,12.623367961801508,11.241676000543853,9.446369645225584,1.3816919612576548,3.176998316575924
8,6,low_start_wide,19,15.386158994916844,12.793125043254248,10.514740873045984,2.593033951662596,4.87141812187086
8,6,low_start_wide,20,15.714664847630095,17.638252741834624,10.52359703687445,-1.9235878942045286,5.191067810755644
8,6,mid_start_normal,1,9.1088687468331,8.087059982363057,6.648371414405662,1.0218087644700429,2.4604973324274377
8,6,mid_start_normal,2,9.659149050129395,9.097323909913568,7.515265294359748,0.5618251402158272,2.1438837557696466
8,6,mid_start_normal,3,8.666018918191133,8.04931896799907,6.580047617118868,0.6166999501920625,2.0859713010722647
8,6,mid_start_normal,4,10.289491349299917,8.64973406548609,7.334930458930362,1.639757283813827,2.954560890369555
8,6,mid_start_normal,5,13.635416501820739,12.796116607099314,10.92407931995407,0.8392998947214245,2.7113371818666696
8,6,mid_start_normal,6,8.826936088671465,8.190015433567401,6.5058593240785605,0.6369206551040634,2.3210767645929042
8,6,mid_start_normal,7,13.954279214241298,12.76716813960869,11.654429912067966,1.1871110746326075,2.2998493021733317
8,6,mid_start_normal,8,9.524694980994788,9.330032284573047,6.643671038288753,0.19466269642174083,2.881023942706035
8,6,mid_start_normal,9,15.432245788539756,15.284265691103391,10.659249936211616,0.1479800974363652,4.77299585232814
8,6,mid_start_normal,10,8.970486188296453,8.040107997548523,6.406817993703746,0.9303781907479305,2.563668194592707
8,6,mid_start_normal,11,13.136526593844065,12.265065633881349,11.012217501427875,0.8714609599627163,2.1243090924161905
8,6,mid_start_normal,12,11.328830252310397,13.73967784541945,8.140096556867464,-2.410847593109054,3.1887336954429326
8,6,mid_start_normal,13,10.50826240077382,8.961068252195997,7.3467586259860145,1.5471941485778231,3.161503774787805
8,6,mid_start_normal,14,9.656919875125,11.95473151396172,6.865582210083642,-2.29781163883672,2.7913376650413584
8,6,mid_start_normal,15,10.31467385738013,8.953746174066625,8.378665021031823,1.3609276833135056,1.9360088363483072
8,6,mid_start_normal,16,10.133488582253063,8.48055499002618,6.805226989234265,1.6529335922268835,3.328261593018798
8,6,mid_start_normal,17,9.49037263474086,8.802382180607347,6.460775829746125,0.6879904541335122,3.0295968049947346
8,6,mid_start_normal,18,8.314559836496882,7.276002375230234,5.808611525988142,1.038557461266648,2.5059483105087397
8,6,mid_start_normal,19,9.215315499869003,8.107498731122364,6.443751779378656,1.1078167687466394,2.771563720490348
8,6,mid_start_normal,20,9.33646304620979,11.003278027550696,6.898723123983498,-1.6668149813409059,2.4377399222262923
8,6,stressed_ev_buffered_bess,1,14.515945422702444,12.554670020688475,11.197606135263687,1.9612754020139693,3.318339287438757
8,6,stressed_ev_buffered_bess,2,15.505738934103674,13.428500706644817,11.873012311434982,2.0772382274588566,3.6327266226686916
8,6,stressed_ev_buffered_bess,3,14.442894276779985,12.771511371102147,11.523808003493103,1.671382905677838,2.919086273286881
8,6,stressed_ev_buffered_bess,4,16.606667953307177,13.922593838311935,12.789532440301969,2.6840741149952425,3.8171355130052085
8,6,stressed_ev_buffered_bess,5,20.176827656109033,18.171013160199077,16.421926348102822,2.0058144959099558,3.754901308006211
8,6,stressed_ev_buffered_bess,6,14.207058200956507,12.960690302558064,11.356072762795055,1.246367898398443,2.8509854381614517
8,6,stressed_ev_buffered_bess,7,19.869433112696193,18.114162017376557,16.833910946133564,1.7552710953196353,3.035522166562629
8,6,stressed_ev_buffered_bess,8,16.66664714381025,15.316577687926925,12.913363309851729,1.3500694558833235,3.7532838339585197
8,6,stressed_ev_buffered_bess,9,23.10260126660854,20.828055301843833,15.388070973441513,2.274545964764709,7.714530293167028
8,6,stressed_ev_buffered_bess,10,13.938800205651322,12.279160556227245,10.800084027650636,1.6596396494240775,3.1387161780006867
8,6,stressed_ev_buffered_bess,11,18.521916365493105,16.919053355710474,15.3740402559671,1.6028630097826309,3.1478761095260044
8,6,stressed_ev_buffered_bess,12,20.12041975645197,19.88364347931533,14.04947235447594,0.23677627713663796,6.07094740197603
8,6,stressed_ev_buffered_bess,13,16.47000834849686,14.004883153938637,12.517173411982643,2.465125194558224,3.9528349365142184
8,6,stressed_ev_buffered_bess,14,17.521983513230825,17.802010652062894,12.272120669863787,-0.2800271388320681,5.249862843367039
8,6,stressed_ev_buffered_bess,15,14.77240430388939,12.788132608554205,12.365347582542448,1.9842716953351847,2.407056721346942
8,6,stressed_ev_buffered_bess,16,15.916905976514403,13.777364464582709,11.817088551964755,2.1395415119316947,4.099817424549649
8,6,stressed_ev_buffered_bess,17,15.553345400702513,13.818656658026276,11.28424976218284,1.7346887426762372,4.269095638519673
8,6,stressed_ev_buffered_bess,18,12.933890699247891,11.233788735524021,9.98728186973075,1.7001019637238706,2.9466088295171406
8,6,stressed_ev_buffered_bess,19,15.592651942351566,12.813781036098613,11.145601280630112,2.778870906252953,4.447050661721454
8,6,stressed_ev_buffered_bess,20,15.59744462174724,16.2360698815662,11.127742689023961,-0.6386252598189586,4.469701932723279
12,7,default_scenario,1,18.49660796845938,13.673265821200669,13.551090220812139,4.82334214725871,4.945517747647241
12,7,default_scenario,2,18.98848601505989,14.0806759009769,13.740618176008823,4.9078101140829915,5.247867839051068
12,7,default_scenario,3,19.923473515504824,13.869976876740067,13.642562454792332,6.0534966387647575,6.2809110607124925
12,7,default_scenario,4,20.904831711959282,15.701753404856369,15.276548526449268,5.203078307102913,5.628283185510014
12,7,default_scenario,5,23.806110635240017,19.02452132118156,18.7781465034268,4.781589314058458,5.027964131813217
12,7,default_scenario,6,13.836660266348124,14.492406700598188,14.113781300934852,-0.6557464342500641,-0.27712103458672743
12,7,default_scenario,7,24.22379492600916,18.932402884689207,19.053688531833224,5.291392041319952,5.170106394175935
12,7,default_scenario,8,17.30424627368605,16.72510953951982,16.445841155623423,0.5791367341662301,0.8584051180626275
12,7,default_scenario,9,25.458642085841486,18.636619229691245,17.801251621357327,6.822022856150241,7.657390464484159
12,7,default_scenario,10,12.856342395371211,13.528689809320127,13.087622724668512,-0.6723474139489163,-0.23128032929730047
12,7,default_scenario,11,22.283773458074652,17.460216302300342,17.50695417989401,4.82355715577431,4.776819278180643
12,7,default_scenario,12,27.183786712794532,19.29081408608675,17.201527841213185,7.892972626707781,9.982258871581347
12,7,default_scenario,13,20.275301925245138,15.365236642407883,14.892285905014361,4.910065282837255,5.383016020230777
12,7,default_scenario,14,23.45327306300869,16.40684460310975,15.232637926017217,7.046428459898941,8.220635136991474
12,7,default_scenario,15,17.537801130504466,14.353478720288564,14.819554087261132,3.184322410215902,2.718247043243334
12,7,default_scenario,16,14.856524988729582,15.001273522886795,14.705994162592718,-0.14474853415721256,0.15053082613686364
12,7,default_scenario,17,20.37358276933262,13.895459201507622,13.456960117907096,6.4781235678249995,6.916622651425525
12,7,default_scenario,18,16.367992134054017,12.363020665917233,11.950424865467188,4.004971468136784,4.417567268586829
12,7,default_scenario,19,19.841487928193768,13.734704299730097,13.27146553453957,6.1067836284636705,6.570022393654199
12,7,default_scenario,20,20.73219496747894,13.324813021836404,12.940179645645447,7.407381945642536,7.792015321833492
12,7,early_urgency,1,13.070082084857232,10.972808788034847,9.945098169862245,2.097273296822385,3.1249839149949867
12,7,early_urgency,2,12.820856215074592,11.7617235551433,10.62794173509999,1.0591326599312918,2.1929144799746023
12,7,early_urgency,3,12.974837597858768,11.118778927483726,10.111305035970123,1.8560586703750417,2.863532561888645
12,7,early_urgency,4,15.598589203992317,12.282437157158807,11.30740463708804,3.31615204683351,4.291184566904278
12,7,early_urgency,5,18.162287718932298,16.143911647166238,14.851112911579039,2.0183760717660597,3.311174807353259
12,7,early_urgency,6,12.625149671127224,11.328350037294902,10.019306111319445,1.2967996338323218,2.605843559807779
12,7,early_urgency,7,18.359593176670327,16.329650127439315,15.354059222285592,2.0299430492310115,3.0055339543847346
12,7,early_urgency,8,15.711349865887396,12.892070873416055,10.94976199303854,2.8192789924713413,4.761587872848855
12,7,early_urgency,9,19.590083786211935,17.364710740836795,14.123400902722533,2.2253730453751395,5.466682883489401
12,7,early_urgency,10,12.535015420835633,10.845566345538439,9.593873778536485,1.689449075297194,2.941141642299147
12,7,early_urgency,11,16.256208151303245,15.003554868613238,14.127805182977168,1.252653282690007,2.1284029683260766
12,7,early_urgency,12,15.958867477391378,15.673058957386775,11.947166232350684,0.28580852000460233,4.011701245040694
12,7,early_urgency,13,15.937166517816229,12.334570714626615,11.114676736932793,3.6025958031896135,4.822489780883435
12,7,early_urgency,14,15.320314067088303,13.761541652710328,10.414995029458899,1.5587724143779749,4.905319037629404
12,7,early_urgency,15,13.391560936335171,11.638756545629033,11.22425919672419,1.7528043907061388,2.1673017396109806
12,7,early_urgency,16,14.497832667375999,11.67542054751759,10.443771715519087,2.8224121198584093,4.054060951856911
12,7,early_urgency,17,13.85041713216673,11.653232954336936,9.955885298767907,2.1971841778297936,3.8945318333988226
12,7,early_urgency,18,12.045358881838432,9.98119471300602,8.87944915174229,2.064164168832411,3.165909730096141
12,7,early_urgency,19,14.233996709788734,11.114472614856709,9.85449660887987,3.119524094932025,4.379500100908864
12,7,early_urgency,20,12.980240965209797,12.726594982819831,9.919451384694046,0.2536459823899655,3.060789580515751
12,7,high_start_narrow,1,4.069315631568654,3.292426819129192,2.6751338341454365,0.776888812439462,1.3941817974232174
12,7,high_start_narrow,2,4.47444754114003,4.151012216769364,3.7800535651796103,0.32343532437066624,0.6943939759604199
12,7,high_start_narrow,3,3.1798387169192424,2.6009476432641674,2.342538714656649,0.578891073655075,0.8373000022625932
12,7,high_start_narrow,4,4.445486769448361,3.105806956603801,2.538745673446256,1.33967981284456,1.9067410960021047
12,7,high_start_narrow,5,7.243085350456721,6.465804673042368,6.211639011016022,0.7772806774143532,1.0314463394406994
12,7,high_start_narrow,6,3.7574705441276484,2.9184382505414534,2.2812823172455623,0.8390322935861949,1.476188226882086
12,7,high_start_narrow,7,8.363240155459787,7.460610782594082,7.214874741800844,0.9026293728657047,1.1483654136589427
12,7,high_start_narrow,8,3.26145729996123,1.9725538199417334,1.4990012186052546,1.2889034800194967,1.7624560813559755
12,7,high_start_narrow,9,10.166695689647346,7.786054064895789,6.4975457318386445,2.380641624751557,3.6691499578087017
12,7,high_start_narrow,10,3.666554714853312,3.377263806275354,2.572945076519537,0.28929090857795803,1.093609638333775
12,7,high_start_narrow,11,7.681034778879847,7.685699676525404,7.27351228506208,-0.004664897645556998,0.4075224938177673
12,7,high_start_narrow,12,5.253320972009951,3.9564084563548754,3.6136968504259137,1.2969125156550758,1.6396241215840375
12,7,high_start_narrow,13,5.52247615237407,3.3985478933914504,2.8593964761484347,2.1239282589826196,2.6630796762256352
12,7,high_start_narrow,14,5.222057050531785,2.920303562818506,2.6062868268435464,2.3017534877132793,2.615770223688239
12,7,high_start_narrow,15,5.8939725431592525,5.167510180408686,4.963952011165736,0.7264623627505662,0.9300205319935166
12,7,high_start_narrow,16,4.370817050850678,3.172677881018754,2.4196798570230387,1.198139169831924,1.9511371938276394
12,7,high_start_narrow,17,4.51148762600412,2.7903979710524576,2.3046788246611767,1.7210896549516628,2.2068088013429437
12,7,high_start_narrow,18,3.4447939374008687,2.6684785650635847,2.1118216009395137,0.776315372337284,1.332972336461355
12,7,high_start_narrow,19,4.906284891770636,2.895414332229823,2.3875692856163733,2.0108705595408134,2.518715606154263
12,7,high_start_narrow,20,4.5588994084983545,3.6508768069620543,3.2738492108461257,0.9080226015363002,1.2850501976522288
12,7,late_relaxed,1,8.828808312830507,7.576628078401287,5.971860589425351,1.25218023442922,2.856947723405156
12,7,late_relaxed,2,8.953028358847986,8.66275596762598,6.892730006023174,0.29027239122200577,2.0602983528248116
12,7,late_relaxed,3,8.272555416425066,7.827114336134419,5.873796133277086,0.4454410802906468,2.39875928314798
12,7,late_relaxed,4,10.164562071815265,8.348868133318094,6.515344689432132,1.815693938497171,3.6492173823831333
12,7,late_relaxed,5,12.909348451318301,12.359742846918769,10.138672601701108,0.5496056043995328,2.7706758496171933
12,7,late_relaxed,6,8.656961976077321,7.614850177451352,5.78537441101746,1.0421117986259691,2.871587565059861
12,7,late_relaxed,7,13.693831583794948,12.006513989411067,10.914504049539568,1.687317594383881,2.77932753425538
12,7,late_relaxed,8,9.233257817233758,8.378864077522543,5.7861721323992095,0.8543937397112149,3.4470856848345486
12,7,late_relaxed,9,15.147731168015152,13.909496384561084,9.935039112521013,1.2382347834540681,5.21269205549414
12,7,late_relaxed,10,8.266360950856166,7.792708432021456,5.751611281543904,0.4736525188347098,2.5147496693122617
12,7,late_relaxed,11,12.172935563222607,11.873060293430692,10.38909996627231,0.29987526979191514,1.783835596950297
12,7,late_relaxed,12,10.766546853606144,12.376927881613424,7.385859741060544,-1.6103810280072803,3.3806871125455995
12,7,late_relaxed,13,10.900616203263455,8.6821978782084,6.5876160999762385,2.2184183250550547,4.313000103287217
12,7,late_relaxed,14,10.346060014814903,10.36754129162175,6.155699646267882,-0.021481276806847305,4.1903603685470205
12,7,late_relaxed,15,10.016916591789188,8.658532284087551,7.809546186268848,1.3583843077016375,2.207370405520341
12,7,late_relaxed,16,9.545899898522434,8.294316487430867,6.054927528334213,1.2515834110915662,3.4909723701882207
12,7,late_relaxed,17,9.5353529661858,7.971650896924278,5.753861612573618,1.563702069261521,3.7814913536121812
12,7,late_relaxed,18,7.86644033958285,6.916361660052324,5.173747384846105,0.9500786795305256,2.692692954736745
12,7,late_relaxed,19,9.773436060744633,7.501221416564465,5.759870361468206,2.272214644180168,4.013565699276427
12,7,late_relaxed,20,8.920559052510477,9.45859590519859,6.294577471875122,-0.5380368526881139,2.6259815806353544
12,7,low_start_wide,1,14.680762779847159,12.529038963545341,10.578695310385232,2.1517238163018177,4.102067469461927
12,7,low_start_wide,2,14.906355029948106,13.539138565322153,11.250477023232618,1.3672164646259528,3.655878006715488
12,7,low_start_wide,3,14.519438469020988,12.903211657889166,10.817556519722848,1.6162268111318223,3.7018819492981407
12,7,low_start_wide,4,16.954132989677607,13.805533231829465,12.064044352569574,3.1485997578481424,4.8900886371080325
12,7,low_start_wide,5,19.840272001092817,18.367505510665595,15.636519629981988,1.4727664904272224,4.203752371110829
12,7,low_start_wide,6,14.182534025775732,12.84593674062291,10.695302135506967,1.3365972851528216,3.487231890268765
12,7,low_start_wide,7,20.139648345413406,17.73540264492728,16.09398508320959,2.4042457004861255,4.045663262203817
12,7,low_start_wide,8,17.31420422045452,15.580246926203149,11.854520953261606,1.733957294251372,5.459683267192915
12,7,low_start_wide,9,24.550253199564402,22.08824040855783,14.769160148154938,2.462012791006572,9.781093051409464
12,7,low_start_wide,10,13.904381782062737,12.312104480882066,10.204591599569104,1.5922773011806708,3.699790182493633
12,7,low_start_wide,11,18.377181131029058,17.120545323328262,14.750922719451607,1.2566358077007962,3.626258411577451
12,7,low_start_wide,12,20.11830798534538,22.026976674576993,12.998336024327692,-1.9086686892316145,7.119971961017686
12,7,low_start_wide,13,17.164936980155392,14.070152853297452,11.83913248828934,3.09478412685794,5.325804491866052
12,7,low_start_wide,14,17.957806394542217,19.585183419103377,11.285281583707462,-1.6273770245611594,6.672524810834755
12,7,low_start_wide,15,14.653985486448914,12.816638429757356,11.793378031280152,1.8373470566915575,2.8606074551687612
12,7,low_start_wide,16,15.75370656268489,13.807756831898363,11.137594887189854,1.945949730786527,4.616111675495036
12,7,low_start_wide,17,15.431692123043847,14.144800293808506,10.633815883316055,1.2868918292353406,4.797876239727792
12,7,low_start_wide,18,13.120364930652482,11.241676000543853,9.446369645225584,1.8786889301086287,3.673995285426898
12,7,low_start_wide,19,16.831112087255793,12.793125043254248,10.514740873045984,4.037987044001545,6.316371214209809
12,7,low_start_wide,20,15.867795520732438,17.638252741834624,10.52359703687445,-1.7704572211021858,5.344198483857987
12,7,mid_start_normal,1,9.751695239933214,8.087059982363057,6.648371414405662,1.6646352575701577,3.1033238255275526
12,7,mid_start_normal,2,9.544641432945747,9.097323909913568,7.515265294359748,0.4473175230321793,2.0293761385859987
12,7,mid_start_normal,3,9.307646377767426,8.04931896799907,6.580047617118868,1.2583274097683557,2.727598760648558
12,7,mid_start_normal,4,11.318110032254186,8.64973406548609,7.334930458930362,2.668375966768096,3.9831795733238238
12,7,mid_start_normal,5,14.03715372767356,12.796116607099314,10.92407931995407,1.241037120574246,3.113074407719491
12,7,mid_start_normal,6,9.22679741942662,8.190015433567401,6.5058593240785605,1.0367819858592178,2.7209380953480586
12,7,mid_start_normal,7,14.738839580836602,12.76716813960869,11.654429912067966,1.9716714412279117,3.084409668768636
12,7,mid_start_normal,8,10.730791719848865,9.330032284573047,6.643671038288753,1.400759435275818,4.087120681560112
12,7,mid_start_normal,9,15.855870489812576,15.284265691103391,10.659249936211616,0.5716047987091848,5.19662055360096
12,7,mid_start_normal,10,9.141363528057981,8.040107997548523,6.406817993703746,1.1012555305094587,2.7345455343542353
12,7,mid_start_normal,11,13.007476664009218,12.265065633881349,11.012217501427875,0.7424110301278688,1.995259162581343
12,7,mid_start_normal,12,12.066273922028635,13.73967784541945,8.140096556867464,-1.673403923390815,3.9261773651611716
12,7,mid_start_normal,13,11.914378641502136,8.961068252195997,7.3467586259860145,2.9533103893061394,4.5676200155161215
12,7,mid_start_normal,14,11.560211031170203,11.95473151396172,6.865582210083642,-0.39452048279151697,4.694628821086561
12,7,mid_start_normal,15,10.319941991372495,8.953746174066625,8.378665021031823,1.3661958173058704,1.941276970340672
12,7,mid_start_normal,16,10.62496828961958,8.48055499002618,6.805226989234265,2.144413299593401,3.8197413003853153
12,7,mid_start_normal,17,10.148848357379206,8.802382180607347,6.460775829746125,1.3464661767718589,3.6880725276330812
12,7,mid_start_normal,18,8.734500218424527,7.276002375230234,5.808611525988142,1.4584978431942934,2.925888692436385
12,7,mid_start_normal,19,10.665216699403977,8.107498731122364,6.443751779378656,2.5577179682816134,4.221464920025322
12,7,mid_start_normal,20,9.792922173927172,11.003278027550696,6.898723123983498,-1.2103558536235237,2.8941990499436745
12,7,stressed_ev_buffered_bess,1,14.946556078673655,12.554670020688475,11.197606135263687,2.3918860579851806,3.7489499434099685
12,7,stressed_ev_buffered_bess,2,15.062606925711266,13.428500706644817,11.873012311434982,1.6341062190664495,3.1895946142762845
12,7,stressed_ev_buffered_bess,3,14.84352422009638,12.771511371102147,11.523808003493103,2.072012848994234,3.319716216603277
12,7,stressed_ev_buffered_bess,4,17.859816547812663,13.922593838311935,12.789532440301969,3.9372227095007286,5.070284107510695
12,7,stressed_ev_buffered_bess,5,20.54206751424736,18.171013160199077,16.421926348102822,2.371054354048283,4.120141166144538
12,7,stressed_ev_buffered_bess,6,14.44331641737382,12.960690302558064,11.356072762795055,1.4826261148157567,3.0872436545787654
12,7,stressed_ev_buffered_bess,7,20.753196386906957,18.114162017376557,16.833910946133564,2.6390343695303997,3.9192854407733932
12,7,stressed_ev_buffered_bess,8,17.65793008678835,15.316577687926925,12.913363309851729,2.341352398861426,4.744566776936622
12,7,stressed_ev_buffered_bess,9,24.43442609289407,20.828055301843833,15.388070973441513,3.6063707910502387,9.046355119452558
12,7,stressed_ev_buffered_bess,10,14.12273368512718,12.279160556227245,10.800084027650636,1.8435731288999353,3.3226496574765445
12,7,stressed_ev_buffered_bess,11,18.681165389821285,16.919053355710474,15.3740402559671,1.7621120341108103,3.307125133854184
12,7,stressed_ev_buffered_bess,12,19.670131532924753,19.88364347931533,14.04947235447594,-0.2135119463905788,5.620659178448813
12,7,stressed_ev_buffered_bess,13,17.957788304013953,14.004883153938637,12.517173411982643,3.952905150075315,5.440614892031309
12,7,stressed_ev_buffered_bess,14,17.662876888207826,17.802010652062894,12.272120669863787,-0.13913376385506737,5.390756218344039
12,7,stressed_ev_buffered_bess,15,15.111704954653934,12.788132608554205,12.365347582542448,2.323572346099729,2.7463573721114862
12,7,stressed_ev_buffered_bess,16,16.063585631008408,13.777364464582709,11.817088551964755,2.2862211664256993,4.246497079043653
12,7,stressed_ev_buffered_bess,17,15.604262329303614,13.818656658026276,11.28424976218284,1.785605671277338,4.320012567120774
12,7,stressed_ev_buffered_bess,18,13.47646770717389,11.233788735524021,9.98728186973075,2.2426789716498696,3.4891858374431397
12,7,stressed_ev_buffered_bess,19,16.740856942987136,12.813781036098613,11.145601280630112,3.9270759068885237,5.595255662357024
12,7,stressed_ev_buffered_bess,20,15.812677680069568,16.2360698815662,11.127742689023961,-0.4233922014966307,4.684934991045607
16,8,default_scenario,1,18.5585702750969,13.673265821200669,13.551090220812139,4.885304453896232,5.007480054284763
16,8,default_scenario,2,19.12231219130993,14.0806759009769,13.740618176008823,5.041636290333031,5.3816940153011075
16,8,default_scenario,3,20.409461731630568,13.869976876740067,13.642562454792332,6.539484854890501,6.766899276838236
16,8,default_scenario,4,20.988058432898516,15.701753404856369,15.276548526449268,5.286305028042147,5.711509906449248
16,8,default_scenario,5,24.067046886024432,19.02452132118156,18.7781465034268,5.042525564842872,5.288900382597632
16,8,default_scenario,6,14.434050760650782,14.492406700598188,14.113781300934852,-0.058355939947405844,0.3202694597159308
16,8,default_scenario,7,24.12401397908527,18.932402884689207,19.053688531833224,5.1916110943960625,5.070325447252046
16,8,default_scenario,8,18.686717571212625,16.72510953951982,16.445841155623423,1.9616080316928048,2.2408764155892023
16,8,default_scenario,9,27.35934949859005,18.636619229691245,17.801251621357327,8.722730268898804,9.558097877232722
16,8,default_scenario,10,13.885942978077502,13.528689809320127,13.087622724668512,0.35725316875737434,0.7983202534089902
16,8,default_scenario,11,22.341763762728366,17.460216302300342,17.50695417989401,4.881547460428024,4.834809582834357
16,8,default_scenario,12,27.139715020946976,19.29081408608675,17.201527841213185,7.848900934860225,9.938187179733792
16,8,default_scenario,13,21.576941833507963,15.365236642407883,14.892285905014361,6.21170519110008,6.684655928493601
16,8,default_scenario,14,23.762086008084296,16.40684460310975,15.232637926017217,7.355241404974546,8.529448082067079
16,8,default_scenario,15,17.430735952153487,14.353478720288564,14.819554087261132,3.077257231864923,2.6111818648923553
16,8,default_scenario,16,15.43323933358427,15.001273522886795,14.705994162592718,0.4319658106974753,0.7272451709915515
16,8,default_scenario,17,20.17176001193497,13.895459201507622,13.456960117907096,6.276300810427349,6.714799894027875
16,8,default_scenario,18,16.224598398897232,12.363020665917233,11.950424865467188,3.861577732979999,4.274173533430044
16,8,default_scenario,19,20.338439848651888,13.734704299730097,13.27146553453957,6.60373554892179,7.0669743141123185
16,8,default_scenario,20,20.912803880116275,13.324813021836404,12.940179645645447,7.587990858279872,7.972624234470828
16,8,early_urgency,1,13.625428674759897,10.972808788034847,9.945098169862245,2.6526198867250503,3.6803305048976522
16,8,early_urgency,2,13.02480270044609,11.7617235551433,10.62794173509999,1.2630791453027896,2.3968609653461
16,8,early_urgency,3,12.725340679711683,11.118778927483726,10.111305035970123,1.6065617522279574,2.614035643741561
16,8,early_urgency,4,14.927320362334541,12.282437157158807,11.30740463708804,2.6448832051757343,3.6199157252465017
16,8,early_urgency,5,17.8859355428563,16.143911647166238,14.851112911579039,1.7420238956900604,3.03482263127726
16,8,early_urgency,6,13.266000787507785,11.328350037294902,10.019306111319445,1.9376507502128835,3.2466946761883406
16,8,early_urgency,7,19.154059906356302,16.329650127439315,15.354059222285592,2.824409778916987,3.80000068407071
16,8,early_urgency,8,15.033438146768555,12.892070873416055,10.94976199303854,2.1413672733525004,4.083676153730014
16,8,early_urgency,9,20.61851135912294,17.364710740836795,14.123400902722533,3.253800618286146,6.495110456400408
16,8,early_urgency,10,13.600982910655851,10.845566345538439,9.593873778536485,2.7554165651174127,4.007109132119366
16,8,early_urgency,11,16.5316154795035,15.003554868613238,14.127805182977168,1.5280606108902628,2.4038102965263324
16,8,early_urgency,12,15.643686823424632,15.673058957386775,11.947166232350684,-0.02937213396214311,3.6965205910739485
16,8,early_urgency,13,16.263036996473527,12.334570714626615,11.114676736932793,3.9284662818469123,5.148360259540734
16,8,early_urgency,14,14.965892324433336,13.761541652710328,10.414995029458899,1.2043506717230077,4.550897294974437
16,8,early_urgency,15,13.507904551396063,11.638756545629033,11.22425919672419,1.8691480057670304,2.2836453546718722
16,8,early_urgency,16,14.35286619877285,11.67542054751759,10.443771715519087,2.67744565125526,3.909094483253762
16,8,early_urgency,17,14.274948003492772,11.653232954336936,9.955885298767907,2.6217150491558368,4.319062704724866
16,8,early_urgency,18,11.893283799619521,9.98119471300602,8.87944915174229,1.9120890866135003,3.01383464787723
16,8,early_urgency,19,13.783495022914702,11.114472614856709,9.85449660887987,2.6690224080579927,3.9289984140348313
16,8,early_urgency,20,12.845274857013022,12.726594982819831,9.919451384694046,0.11867987419319093,2.925823472318976
16,8,high_start_narrow,1,4.4286968702484835,3.292426819129192,2.6751338341454365,1.1362700511192916,1.753563036103047
16,8,high_start_narrow,2,5.0609797092268325,4.151012216769364,3.7800535651796103,0.9099674924574686,1.2809261440472222
16,8,high_start_narrow,3,2.930258220685004,2.6009476432641674,2.342538714656649,0.32931057742083647,0.5877195060283547
16,8,high_start_narrow,4,3.784169664855995,3.105806956603801,2.538745673446256,0.6783627082521941,1.245423991409739
16,8,high_start_narrow,5,6.965517313303069,6.465804673042368,6.211639011016022,0.49971264026070106,0.7538783022870472
16,8,high_start_narrow,6,3.8944187543804647,2.9184382505414534,2.2812823172455623,0.9759805038390112,1.6131364371349024
16,8,high_start_narrow,7,8.892186319462411,7.460610782594082,7.214874741800844,1.431575536868329,1.677311577661567
16,8,high_start_narrow,8,2.797710789855584,1.9725538199417334,1.4990012186052546,0.8251569699138506,1.2987095712503294
16,8,high_start_narrow,9,10.926899738762573,7.786054064895789,6.4975457318386445,3.1408456738667843,4.429354006923929
16,8,high_start_narrow,10,4.942421961422926,3.377263806275354,2.572945076519537,1.5651581551475715,2.3694768849033885
16,8,high_start_narrow,11,7.952671216768869,7.685699676525404,7.27351228506208,0.2669715402434649,0.6791589317067892
16,8,high_start_narrow,12,4.905670855146648,3.9564084563548754,3.6136968504259137,0.949262398791773,1.2919740047207346
16,8,high_start_narrow,13,5.816002767550046,3.3985478933914504,2.8593964761484347,2.4174548741585955,2.956606291401611
16,8,high_start_narrow,14,4.867318603015618,2.920303562818506,2.6062868268435464,1.9470150401971118,2.2610317761720715
16,8,high_start_narrow,15,5.617631982917646,5.167510180408686,4.963952011165736,0.45012180250895995,0.6536799717519104
16,8,high_start_narrow,16,4.151090621843523,3.172677881018754,2.4196798570230387,0.9784127408247691,1.7314107648204846
16,8,high_start_narrow,17,5.116454095816207,2.7903979710524576,2.3046788246611767,2.326056124763749,2.81177527115503
16,8,high_start_narrow,18,3.2743552231954225,2.6684785650635847,2.1118216009395137,0.6058766581318378,1.1625336222559088
16,8,high_start_narrow,19,4.478423714421222,2.895414332229823,2.3875692856163733,1.583009382191399,2.0908544288048487
16,8,high_start_narrow,20,5.663904065739334,3.6508768069620543,3.2738492108461257,2.0130272587772793,2.390054854893208
16,8,late_relaxed,1,9.197273266489775,7.576628078401287,5.971860589425351,1.6206451880884885,3.2254126770644245
16,8,late_relaxed,2,9.540557314342728,8.66275596762598,6.892730006023174,0.8778013467167476,2.6478273083195534
16,8,late_relaxed,3,8.023242232008165,7.827114336134419,5.873796133277086,0.19612789587374646,2.1494460987310795
16,8,late_relaxed,4,9.507287044725885,8.348868133318094,6.515344689432132,1.1584189114077912,2.9919423552937534
16,8,late_relaxed,5,12.634533888846782,12.359742846918769,10.138672601701108,0.2747910419280135,2.495861287145674
16,8,late_relaxed,6,8.87894941980582,7.614850177451352,5.78537441101746,1.2640992423544688,3.0935750087883607
16,8,late_relaxed,7,14.22954813770432,12.006513989411067,10.914504049539568,2.2230341482932534,3.3150440881647523
16,8,late_relaxed,8,8.804388590577751,8.378864077522543,5.7861721323992095,0.42552451305520833,3.018216458178542
16,8,late_relaxed,9,16.001238786859965,13.909496384561084,9.935039112521013,2.0917424022988804,6.066199674338952
16,8,late_relaxed,10,9.540434716274794,7.792708432021456,5.751611281543904,1.7477262842533374,3.7888234347308893
16,8,late_relaxed,11,12.449052796986356,11.873060293430692,10.38909996627231,0.5759925035556641,2.059952830714046
16,8,late_relaxed,12,10.42023207182141,12.376927881613424,7.385859741060544,-1.9566958097920146,3.034372330760865
16,8,late_relaxed,13,11.216134623140395,8.6821978782084,6.5876160999762385,2.533936744931994,4.628518523164156
16,8,late_relaxed,14,9.991765795191284,10.36754129162175,6.155699646267882,-0.3757754964304656,3.8360661489234023
16,8,late_relaxed,15,9.743607708226113,8.658532284087551,7.809546186268848,1.0850754241385623,1.9340615219572657
16,8,late_relaxed,16,9.310409293398875,8.294316487430867,6.054927528334213,1.0160928059680074,3.255481765064662
16,8,late_relaxed,17,10.051197751497044,7.971650896924278,5.753861612573618,2.079546854572766,4.297336138923426
16,8,late_relaxed,18,7.686715641264663,6.916361660052324,5.173747384846105,0.770353981212339,2.5129682564185583
16,8,late_relaxed,19,9.30401367138109,7.501221416564465,5.759870361468206,1.8027922548166257,3.5441433099128847
16,8,late_relaxed,20,9.929234132244085,9.45859590519859,6.294577471875122,0.4706382270454945,3.6346566603689627
16,8,low_start_wide,1,15.174181772925888,12.529038963545341,10.578695310385232,2.6451428093805465,4.595486462540656
16,8,low_start_wide,2,15.807935557724077,13.539138565322153,11.250477023232618,2.2687969924019242,4.5574585344914595
16,8,low_start_wide,3,14.197870884534705,12.903211657889166,10.817556519722848,1.294659226645539,3.3803143648118574
16,8,low_start_wide,4,16.75240490995486,13.805533231829465,12.064044352569574,2.946871678125394,4.688360557385284
16,8,low_start_wide,5,20.374329268830184,18.367505510665595,15.636519629981988,2.0068237581645896,4.737809638848196
16,8,low_start_wide,6,14.535522648420608,12.84593674062291,10.695302135506967,1.6895859077976976,3.840220512913641
16,8,low_start_wide,7,19.940853880392712,17.73540264492728,16.09398508320959,2.205451235465432,3.8468687971831237
16,8,low_start_wide,8,17.50079037131174,15.580246926203149,11.854520953261606,1.920543445108592,5.646269418050135
16,8,low_start_wide,9,24.66766904953136,22.08824040855783,14.769160148154938,2.5794286409735285,9.89850890137642
16,8,low_start_wide,10,14.410817171091908,12.312104480882066,10.204591599569104,2.098712690209842,4.206225571522804
16,8,low_start_wide,11,18.75384188522741,17.120545323328262,14.750922719451607,1.6332965618991473,4.002919165775802
16,8,low_start_wide,12,20.074704912994896,22.026976674576993,12.998336024327692,-1.9522717615820966,7.076368888667204
16,8,low_start_wide,13,17.42830955490221,14.070152853297452,11.83913248828934,3.3581567016047575,5.589177066612869
16,8,low_start_wide,14,17.972468804950267,19.585183419103377,11.285281583707462,-1.6127146141531092,6.687187221242805
16,8,low_start_wide,15,14.651762502198027,12.816638429757356,11.793378031280152,1.8351240724406708,2.8583844709178745
16,8,low_start_wide,16,15.860006154434174,13.807756831898363,11.137594887189854,2.052249322535811,4.72241126724432
16,8,low_start_wide,17,16.783206012847273,14.144800293808506,10.633815883316055,2.638405719038767,6.149390129531218
16,8,low_start_wide,18,12.889581749295145,11.241676000543853,9.446369645225584,1.6479057487512918,3.443212104069561
16,8,low_start_wide,19,16.33165342317225,12.793125043254248,10.514740873045984,3.5385283799180005,5.816912550126265
16,8,low_start_wide,20,16.418005539570533,17.638252741834624,10.52359703687445,-1.2202472022640904,5.894408502696082
16,8,mid_start_normal,1,10.123162405294329,8.087059982363057,6.648371414405662,2.036102422931272,3.4747909908886667
16,8,mid_start_normal,2,10.443511053624531,9.097323909913568,7.515265294359748,1.3461871437109636,2.928245759264783
16,8,mid_start_normal,3,9.058281165725163,8.04931896799907,6.580047617118868,1.0089621977260919,2.478233548606294
16,8,mid_start_normal,4,10.657584360423147,8.64973406548609,7.334930458930362,2.0078502949370574,3.322653901492785
16,8,mid_start_normal,5,13.762793124565063,12.796116607099314,10.92407931995407,0.9666765174657481,2.838713804610993
16,8,mid_start_normal,6,9.597126676679963,8.190015433567401,6.5058593240785605,1.4071112431125616,3.0912673526014025
16,8,mid_start_normal,7,15.278706927562007,12.76716813960869,11.654429912067966,2.5115387879533166,3.624277015494041
16,8,mid_start_normal,8,10.035896392987278,9.330032284573047,6.643671038288753,0.7058641084142305,3.3922253546985246
16,8,mid_start_normal,9,17.074895942334248,15.284265691103391,10.659249936211616,1.7906302512308567,6.415646006122632
16,8,mid_start_normal,10,10.418385899517995,8.040107997548523,6.406817993703746,2.378277901969472,4.011567905814249
16,8,mid_start_normal,11,13.279354579282751,12.265065633881349,11.012217501427875,1.0142889454014021,2.2671370778548763
16,8,mid_start_normal,12,11.719871941618589,13.73967784541945,8.140096556867464,-2.0198059038008616,3.579775384751125
16,8,mid_start_normal,13,12.233280252965978,8.961068252195997,7.3467586259860145,3.272212000769981,4.886521626979963
16,8,mid_start_normal,14,11.206189496039688,11.95473151396172,6.865582210083642,-0.7485420179220323,4.340607285956046
16,8,mid_start_normal,15,10.582291143923689,8.953746174066625,8.378665021031823,1.6285449698570638,2.2036261228918654
16,8,mid_start_normal,16,10.396538024000838,8.48055499002618,6.805226989234265,1.9159830339746584,3.591311034766573
16,8,mid_start_normal,17,10.93424370033355,8.802382180607347,6.460775829746125,2.1318615197262023,4.473467870587425
16,8,mid_start_normal,18,8.565020741510297,7.276002375230234,5.808611525988142,1.2890183662800636,2.7564092155221553
16,8,mid_start_normal,19,10.163407228892664,8.107498731122364,6.443751779378656,2.0559084977703,3.7196554495140086
16,8,mid_start_normal,20,10.002748788145846,11.003278027550696,6.898723123983498,-1.00052923940485,3.1040256641623483
16,8,stressed_ev_buffered_bess,1,15.220258708700865,12.554670020688475,11.197606135263687,2.66558868801239,4.022652573437178
16,8,stressed_ev_buffered_bess,2,15.26686492772274,13.428500706644817,11.873012311434982,1.8383642210779225,3.3938526162877576
16,8,stressed_ev_buffered_bess,3,14.462701611743324,12.771511371102147,11.523808003493103,1.691190240641177,2.93889360825022
16,8,stressed_ev_buffered_bess,4,17.353902873189003,13.922593838311935,12.789532440301969,3.431309034877069,4.564370432887035
16,8,stressed_ev_buffered_bess,5,20.823240946588562,18.171013160199077,16.421926348102822,2.652227786389485,4.40131459848574
16,8,stressed_ev_buffered_bess,6,14.866724226844877,12.960690302558064,11.356072762795055,1.9060339242868132,3.510651464049822
16,8,stressed_ev_buffered_bess,7,20.42926126012113,18.114162017376557,16.833910946133564,2.315099242744573,3.5953503139875664
16,8,stressed_ev_buffered_bess,8,17.972709385895683,15.316577687926925,12.913363309851729,2.6561316979687586,5.059346076043955
16,8,stressed_ev_buffered_bess,9,24.522458288547277,20.828055301843833,15.388070973441513,3.6944029867034445,9.134387315105764
16,8,stressed_ev_buffered_bess,10,14.709471493930678,12.279160556227245,10.800084027650636,2.4303109377034335,3.9093874662800427
16,8,stressed_ev_buffered_bess,11,18.947471328763996,16.919053355710474,15.3740402559671,2.0284179730535215,3.573431072796895
16,8,stressed_ev_buffered_bess,12,19.59380555596801,19.88364347931533,14.04947235447594,-0.2898379233473207,5.544333201492071
16,8,stressed_ev_buffered_bess,13,18.365578643594908,14.004883153938637,12.517173411982643,4.360695489656271,5.848405231612265
16,8,stressed_ev_buffered_bess,14,17.620688211155922,17.802010652062894,12.272120669863787,-0.18132244090697114,5.348567541292136
16,8,stressed_ev_buffered_bess,15,15.156746322436584,12.788132608554205,12.365347582542448,2.368613713882379,2.7913987398941362
16,8,stressed_ev_buffered_bess,16,16.48451301615184,13.777364464582709,11.817088551964755,2.707148551569132,4.667424464187086
16,8,stressed_ev_buffered_bess,17,16.47128272960432,13.818656658026276,11.28424976218284,2.6526260715780428,5.187032967421478
16,8,stressed_ev_buffered_bess,18,13.298318958119863,11.233788735524021,9.98728186973075,2.0645302225958417,3.311037088389112
16,8,stressed_ev_buffered_bess,19,16.24248698135268,12.813781036098613,11.145601280630112,3.428705945254068,5.096885700722568
16,8,stressed_ev_buffered_bess,20,16.03061992053311,16.2360698815662,11.127742689023961,-0.20544996103308932,4.902877231509148
24,9,default_scenario,1,18.11308927652268,13.673265821200669,13.551090220812139,4.43982345532201,4.56199905571054
24,9,default_scenario,2,19.084182748586095,14.0806759009769,13.740618176008823,5.003506847609195,5.343564572577272
24,9,default_scenario,3,19.54981776538207,13.869976876740067,13.642562454792332,5.679840888642003,5.907255310589738
24,9,default_scenario,4,20.18652659840306,15.701753404856369,15.276548526449268,4.48477319354669,4.909978071953791
24,9,default_scenario,5,25.328100956736787,19.02452132118156,18.7781465034268,6.303579635555227,6.5499544533099865
24,9,default_scenario,6,16.78430243432914,14.492406700598188,14.113781300934852,2.29189573373095,2.6705211333942867
24,9,default_scenario,7,22.605497677760454,18.932402884689207,19.053688531833224,3.6730947930712468,3.55180914592723
24,9,default_scenario,8,20.797025316388495,16.72510953951982,16.445841155623423,4.071915776868675,4.351184160765072
24,9,default_scenario,9,30.440622060601466,18.636619229691245,17.801251621357327,11.804002830910221,12.63937043924414
24,9,default_scenario,10,17.657599352355767,13.528689809320127,13.087622724668512,4.12890954303564,4.5699766276872555
24,9,default_scenario,11,23.044491505298716,17.460216302300342,17.50695417989401,5.5842752029983735,5.537537325404706
24,9,default_scenario,12,27.412106638788295,19.29081408608675,17.201527841213185,8.121292552701544,10.21057879757511
24,9,default_scenario,13,20.62427210232279,15.365236642407883,14.892285905014361,5.259035459914909,5.73198619730843
24,9,default_scenario,14,24.32337021528815,16.40684460310975,15.232637926017217,7.9165256121784005,9.090732289270933
24,9,default_scenario,15,17.128544153877808,14.353478720288564,14.819554087261132,2.775065433589244,2.3089900666166763
24,9,default_scenario,16,19.910385873716592,15.001273522886795,14.705994162592718,4.909112350829798,5.204391711123874
24,9,default_scenario,17,19.716366530774526,13.895459201507622,13.456960117907096,5.820907329266904,6.259406412867429
24,9,default_scenario,18,15.99541998253392,12.363020665917233,11.950424865467188,3.632399316616686,4.0449951170667315
24,9,default_scenario,19,19.82988504652869,13.734704299730097,13.27146553453957,6.095180746798594,6.558419511989122
24,9,default_scenario,20,21.339962844659613,13.324813021836404,12.940179645645447,8.01514982282321,8.399783199014166
24,9,early_urgency,1,13.045806925535928,10.972808788034847,9.945098169862245,2.072998137501081,3.1007087556736828
24,9,early_urgency,2,13.04734606355524,11.7617235551433,10.62794173509999,1.2856225084119401,2.4194043284552507
24,9,early_urgency,3,12.383371696621907,11.118778927483726,10.111305035970123,1.264592769138181,2.2720666606517845
24,9,early_urgency,4,14.417766552128835,12.282437157158807,11.30740463708804,2.1353293949700287,3.110361915040796
24,9,early_urgency,5,18.145202658679725,16.143911647166238,14.851112911579039,2.001291011513487,3.2940897471006867
24,9,early_urgency,6,13.309538836805373,11.328350037294902,10.019306111319445,1.9811887995104716,3.2902327254859287
24,9,early_urgency,7,18.585357711190824,16.329650127439315,15.354059222285592,2.2557075837515086,3.2312984889052316
24,9,early_urgency,8,14.54136136649416,12.892070873416055,10.94976199303854,1.6492904930781052,3.591599373455619
24,9,early_urgency,9,20.940623027591556,17.364710740836795,14.123400902722533,3.575912286754761,6.817222124869023
24,9,early_urgency,10,13.165280692665645,10.845566345538439,9.593873778536485,2.3197143471272064,3.5714069141291596
24,9,early_urgency,11,16.597019179422144,15.003554868613238,14.127805182977168,1.5934643108089066,2.469213996444976
24,9,early_urgency,12,15.196222411612407,15.673058957386775,11.947166232350684,-0.4768365457743684,3.249056179261723
24,9,early_urgency,13,14.777301312399832,12.334570714626615,11.114676736932793,2.4427305977732168,3.6626245754670386
24,9,early_urgency,14,13.971213414917042,13.761541652710328,10.414995029458899,0.2096717622067139,3.556218385458143
24,9,early_urgency,15,13.305472140267755,11.638756545629033,11.22425919672419,1.6667155946387222,2.081212943543564
24,9,early_urgency,16,14.322082167564355,11.67542054751759,10.443771715519087,2.646661620046766,3.878310452045268
24,9,early_urgency,17,14.060250239780713,11.653232954336936,9.955885298767907,2.407017285443777,4.104364941012806
24,9,early_urgency,18,11.561732226929374,9.98119471300602,8.87944915174229,1.5805375139233533,2.682283075187083
24,9,early_urgency,19,13.113685555850497,11.114472614856709,9.85449660887987,1.9992129409937878,3.2591889469706263
24,9,early_urgency,20,13.141816295282291,12.726594982819831,9.919451384694046,0.4152213124624602,3.2223649105882455
24,9,high_start_narrow,1,3.935285681666581,3.292426819129192,2.6751338341454365,0.642858862537389,1.2601518475211444
24,9,high_start_narrow,2,4.384027144470511,4.151012216769364,3.7800535651796103,0.23301492770114685,0.6039735792909005
24,9,high_start_narrow,3,2.5882589981051445,2.6009476432641674,2.342538714656649,-0.012688645159022904,0.24572028344849528
24,9,high_start_narrow,4,3.2706804393987365,3.105806956603801,2.538745673446256,0.16487348279493563,0.7319347659524804
24,9,high_start_narrow,5,7.222045328206343,6.465804673042368,6.211639011016022,0.7562406551639747,1.0104063171903208
24,9,high_start_narrow,6,3.660276786930634,2.9184382505414534,2.2812823172455623,0.7418385363891806,1.3789944696850718
24,9,high_start_narrow,7,8.284675450655396,7.460610782594082,7.214874741800844,0.8240646680613137,1.0698007088545518
24,9,high_start_narrow,8,2.453507065804631,1.9725538199417334,1.4990012186052546,0.4809532458628978,0.9545058471993766
24,9,high_start_narrow,9,10.654578595825901,7.786054064895789,6.4975457318386445,2.868524530930112,4.157032863987257
24,9,high_start_narrow,10,4.453363113642776,3.377263806275354,2.572945076519537,1.0760993073674214,1.8804180371232384
24,9,high_start_narrow,11,8.016839985574704,7.685699676525404,7.27351228506208,0.3311403090492995,0.7433277005126238
24,9,high_start_narrow,12,4.394564040618952,3.9564084563548754,3.6136968504259137,0.4381555842640763,0.780867190193038
24,9,high_start_narrow,13,4.363171810146103,3.3985478933914504,2.8593964761484347,0.9646239167546522,1.5037753339976678
24,9,high_start_narrow,14,3.872558013215645,2.920303562818506,2.6062868268435464,0.9522544503971391,1.2662711863720988
24,9,high_start_narrow,15,5.269200582825206,5.167510180408686,4.963952011165736,0.10169040241652016,0.3052485716594706
24,9,high_start_narrow,16,4.400846894006861,3.172677881018754,2.4196798570230387,1.2281690129881069,1.9811670369838223
24,9,high_start_narrow,17,4.391134703517557,2.7903979710524576,2.3046788246611767,1.6007367324650996,2.0864558788563805
24,9,high_start_narrow,18,2.9764251432765643,2.6684785650635847,2.1118216009395137,0.30794657821297955,0.8646035423370506
24,9,high_start_narrow,19,3.650162356600557,2.895414332229823,2.3875692856163733,0.7547480243707341,1.2625930709841837
24,9,high_start_narrow,20,4.7261035635675945,3.6508768069620543,3.2738492108461257,1.0752267566055402,1.4522543527214689
24,9,late_relaxed,1,8.656117199999002,7.576628078401287,5.971860589425351,1.0794891215977156,2.6842566105736516
24,9,late_relaxed,2,8.864162554882233,8.66275596762598,6.892730006023174,0.20140658725625293,1.9714325488590587
24,9,late_relaxed,3,7.681618158678795,7.827114336134419,5.873796133277086,-0.14549617745562404,1.807822025401709
24,9,late_relaxed,4,8.995905299258176,8.348868133318094,6.515344689432132,0.6470371659400822,2.4805606098260444
24,9,late_relaxed,5,12.896548744134277,12.359742846918769,10.138672601701108,0.5368058972155083,2.757876142433169
24,9,late_relaxed,6,9.013725264137072,7.614850177451352,5.78537441101746,1.3988750866857202,3.228350853119612
24,9,late_relaxed,7,13.625732572735146,12.006513989411067,10.914504049539568,1.6192185833240789,2.7112285231955777
24,9,late_relaxed,8,8.443891568528219,8.378864077522543,5.7861721323992095,0.06502749100567584,2.6577194361290095
24,9,late_relaxed,9,15.752220817352509,13.909496384561084,9.935039112521013,1.8427244327914245,5.817181704831496
24,9,late_relaxed,10,9.020368320766238,7.792708432021456,5.751611281543904,1.2276598887447818,3.2687570392223337
24,9,late_relaxed,11,12.505203200115197,11.873060293430692,10.38909996627231,0.6321429066845052,2.116103233842887
24,9,late_relaxed,12,9.928683431661876,12.376927881613424,7.385859741060544,-2.4482444499515488,2.542823690601331
24,9,late_relaxed,13,9.75160727210073,8.6821978782084,6.5876160999762385,1.0694093938923288,3.163991172124491
24,9,late_relaxed,14,8.99763105456798,10.36754129162175,6.155699646267882,-1.3699102370537695,2.8419314083000984
24,9,late_relaxed,15,9.401210549831074,8.658532284087551,7.809546186268848,0.7426782657435229,1.5916643635622263
24,9,late_relaxed,16,9.51376096426104,8.294316487430867,6.054927528334213,1.2194444768301729,3.4588334359268273
24,9,late_relaxed,17,9.381889780705368,7.971650896924278,5.753861612573618,1.4102388837810897,3.62802816813175
24,9,late_relaxed,18,7.3986275185268005,6.916361660052324,5.173747384846105,0.48226585847447634,2.2248801336806956
24,9,late_relaxed,19,8.49272428836934,7.501221416564465,5.759870361468206,0.9915028718048751,2.732853926901134
24,9,late_relaxed,20,9.090054802163879,9.45859590519859,6.294577471875122,-0.3685411030347119,2.7954773302887563
24,9,low_start_wide,1,14.595849906188056,12.529038963545341,10.578695310385232,2.0668109426427144,4.017154595802824
24,9,low_start_wide,2,15.132344453553253,13.539138565322153,11.250477023232618,1.5932058882311004,3.8818674303206357
24,9,low_start_wide,3,13.783627817594455,12.903211657889166,10.817556519722848,0.8804161597052893,2.9660712978716077
24,9,low_start_wide,4,16.22434904520052,13.805533231829465,12.064044352569574,2.4188158133710544,4.160304692630945
24,9,low_start_wide,5,20.88287934666962,18.367505510665595,15.636519629981988,2.5153738360040236,5.24635971668763
24,9,low_start_wide,6,14.28180524894737,12.84593674062291,10.695302135506967,1.4358685083244591,3.5865031134404024
24,9,low_start_wide,7,19.576319359029895,17.73540264492728,16.09398508320959,1.8409167141026153,3.482334275820307
24,9,low_start_wide,8,17.10297450758783,15.580246926203149,11.854520953261606,1.5227275813846823,5.248453554326225
24,9,low_start_wide,9,26.424431302383546,22.08824040855783,14.769160148154938,4.336190893825716,11.655271154228608
24,9,low_start_wide,10,14.441930773929462,12.312104480882066,10.204591599569104,2.1298262930473957,4.237339174360358
24,9,low_start_wide,11,18.98789103262354,17.120545323328262,14.750922719451607,1.8673457092952788,4.236968313171934
24,9,low_start_wide,12,20.305219482403352,22.026976674576993,12.998336024327692,-1.7217571921736408,7.30688345807566
24,9,low_start_wide,13,16.284920470261596,14.070152853297452,11.83913248828934,2.214767616964144,4.445787981972256
24,9,low_start_wide,14,17.901385766502553,19.585183419103377,11.285281583707462,-1.6837976526008234,6.616104182795091
24,9,low_start_wide,15,14.540148239793409,12.816638429757356,11.793378031280152,1.7235098100360524,2.746770208513256
24,9,low_start_wide,16,17.304120875821532,13.807756831898363,11.137594887189854,3.496364043923169,6.166525988631678
24,9,low_start_wide,17,16.41512648822371,14.144800293808506,10.633815883316055,2.270326194415203,5.781310604907654
24,9,low_start_wide,18,12.561231833663104,11.241676000543853,9.446369645225584,1.3195558331192512,3.1148621884375203
24,9,low_start_wide,19,15.590673899535963,12.793125043254248,10.514740873045984,2.797548856281715,5.075933026489979
24,9,low_start_wide,20,16.533703825033356,17.638252741834624,10.52359703687445,-1.1045489168012672,6.010106788158906
24,9,mid_start_normal,1,9.54365061382256,8.087059982363057,6.648371414405662,1.4565906314595036,2.8952791994168985
24,9,mid_start_normal,2,9.76697558328506,9.097323909913568,7.515265294359748,0.6696516733714919,2.2517102889253113
24,9,mid_start_normal,3,8.716562341879358,8.04931896799907,6.580047617118868,0.6672433738802876,2.13651472476049
24,9,mid_start_normal,4,10.143943461501419,8.64973406548609,7.334930458930362,1.4942093960153287,2.8090130025710565
24,9,mid_start_normal,5,14.024605923102454,12.796116607099314,10.92407931995407,1.2284893160031398,3.100526603148385
24,9,mid_start_normal,6,9.750398427006076,8.190015433567401,6.5058593240785605,1.5603829934386741,3.244539102927515
24,9,mid_start_normal,7,14.673489452781125,12.76716813960869,11.654429912067966,1.906321313172434,3.019059540713158
24,9,mid_start_normal,8,9.636933704297867,9.330032284573047,6.643671038288753,0.3069014197248201,2.993262666009114
24,9,mid_start_normal,9,17.05547693913932,15.284265691103391,10.659249936211616,1.7712112480359306,6.396227002927706
24,9,mid_start_normal,10,9.840257714767558,8.040107997548523,6.406817993703746,1.8001497172190355,3.433439721063812
24,9,mid_start_normal,11,13.343279343983193,12.265065633881349,11.012217501427875,1.0782137101018439,2.331061842555318
24,9,mid_start_normal,12,11.212532908821366,13.73967784541945,8.140096556867464,-2.5271449365980843,3.072436351953902
24,9,mid_start_normal,13,10.760191174597496,8.961068252195997,7.3467586259860145,1.7991229224014997,3.413432548611482
24,9,mid_start_normal,14,10.212475979513108,11.95473151396172,6.865582210083642,-1.7422555344486117,3.3468937694294665
24,9,mid_start_normal,15,10.245407923967528,8.953746174066625,8.378665021031823,1.2916617499009035,1.8667429029357052
24,9,mid_start_normal,16,10.525885654079596,8.48055499002618,6.805226989234265,2.0453306640534166,3.720658664845331
24,9,mid_start_normal,17,10.343766259301999,8.802382180607347,6.460775829746125,1.5413840786946515,3.882990429555874
24,9,mid_start_normal,18,8.269305517435496,7.276002375230234,5.808611525988142,0.9933031422052627,2.4606939914473545
24,9,mid_start_normal,19,9.424448864883963,8.107498731122364,6.443751779378656,1.3169501337615994,2.980697085505308
24,9,mid_start_normal,20,9.954705855229781,11.003278027550696,6.898723123983498,-1.048572172320915,3.0559827312462833
24,9,stressed_ev_buffered_bess,1,14.986602777462704,12.554670020688475,11.197606135263687,2.431932756774229,3.7889966421990167
24,9,stressed_ev_buffered_bess,2,15.289661351567787,13.428500706644817,11.873012311434982,1.86116064492297,3.416649040132805
24,9,stressed_ev_buffered_bess,3,14.35441084253572,12.771511371102147,11.523808003493103,1.5828994714335742,2.8306028390426174
24,9,stressed_ev_buffered_bess,4,16.862242212300693,13.922593838311935,12.789532440301969,2.9396483739887582,4.072709771998724
24,9,stressed_ev_buffered_bess,5,21.13893519657931,18.171013160199077,16.421926348102822,2.9679220363802337,4.717008848476489
24,9,stressed_ev_buffered_bess,6,14.804611951726107,12.960690302558064,11.356072762795055,1.8439216491680437,3.4485391889310524
24,9,stressed_ev_buffered_bess,7,20.36387696766794,18.114162017376557,16.833910946133564,2.2497149502913842,3.5299660215343778
24,9,stressed_ev_buffered_bess,8,17.600322245495594,15.316577687926925,12.913363309851729,2.283744557568669,4.686958935643865
24,9,stressed_ev_buffered_bess,9,25.51937719631534,20.828055301843833,15.388070973441513,4.691321894471507,10.131306222873826
24,9,stressed_ev_buffered_bess,10,14.905557185265282,12.279160556227245,10.800084027650636,2.6263966290380374,4.105473157614647
24,9,stressed_ev_buffered_bess,11,19.099106684441548,16.919053355710474,15.3740402559671,2.1800533287310735,3.725066428474447
24,9,stressed_ev_buffered_bess,12,19.950846943776188,19.88364347931533,14.04947235447594,0.06720346446085657,5.901374589300248
24,9,stressed_ev_buffered_bess,13,16.88455969635277,14.004883153938637,12.517173411982643,2.879676542414133,4.367386284370127
24,9,stressed_ev_buffered_bess,14,18.006785764925837,17.802010652062894,12.272120669863787,0.2047751128629436,5.73466509506205
24,9,stressed_ev_buffered_bess,15,15.138231443124004,12.788132608554205,12.365347582542448,2.350098834569799,2.7728838605815564
24,9,stressed_ev_buffered_bess,16,17.44099497319364,13.777364464582709,11.817088551964755,3.6636305086109306,5.6239064212288845
24,9,stressed_ev_buffered_bess,17,16.743670657937923,13.818656658026276,11.28424976218284,2.9250139999116467,5.459420895755082
24,9,stressed_ev_buffered_bess,18,13.021559840467946,11.233788735524021,9.98728186973075,1.7877711049439249,3.034277970737195
24,9,stressed_ev_buffered_bess,19,15.514296159731584,12.813781036098613,11.145601280630112,2.7005151236329716,4.368694879101472
24,9,stressed_ev_buffered_bess,20,16.32922460326838,16.2360698815662,11.127742689023961,0.09315472170218086,5.201481914244418
32,10,default_scenario,1,17.765556393738006,13.673265821200669,13.551090220812139,4.092290572537337,4.214466172925867
32,10,default_scenario,2,18.870911353421285,14.0806759009769,13.740618176008823,4.790235452444385,5.130293177412462
32,10,default_scenario,3,19.386895010800078,13.869976876740067,13.642562454792332,5.5169181340600115,5.7443325560077465
32,10,default_scenario,4,19.937592112635087,15.701753404856369,15.276548526449268,4.2358387077787185,4.661043586185819
32,10,default_scenario,5,25.161357782665952,19.02452132118156,18.7781465034268,6.136836461484393,6.383211279239152
32,10,default_scenario,6,17.539373838119598,14.492406700598188,14.113781300934852,3.04696713752141,3.4255925371847464
32,10,default_scenario,7,22.505276427382597,18.932402884689207,19.053688531833224,3.57287354269339,3.4515878955493733
32,10,default_scenario,8,21.529255327422238,16.72510953951982,16.445841155623423,4.804145787902417,5.083414171798815
32,10,default_scenario,9,32.216872956175855,18.636619229691245,17.801251621357327,13.58025372648461,14.415621334818528
32,10,default_scenario,10,17.52296263919795,13.528689809320127,13.087622724668512,3.994272829877822,4.435339914529438
32,10,default_scenario,11,22.774654870844305,17.460216302300342,17.50695417989401,5.314438568543963,5.267700690950296
32,10,default_scenario,12,27.772198404442275,19.29081408608675,17.201527841213185,8.481384318355524,10.57067056322909
32,10,default_scenario,13,20.455735525128457,15.365236642407883,14.892285905014361,5.090498882720574,5.5634496201140955
32,10,default_scenario,14,24.783934589433482,16.40684460310975,15.232637926017217,8.377089986323732,9.551296663416265
32,10,default_scenario,15,16.903245633922715,14.353478720288564,14.819554087261132,2.5497669136341514,2.0836915466615835
32,10,default_scenario,16,20.634702058146946,15.001273522886795,14.705994162592718,5.633428535260151,5.928707895554227
32,10,default_scenario,17,19.75839474877521,13.895459201507622,13.456960117907096,5.862935547267588,6.301434630868114
32,10,default_scenario,18,15.690458615254238,12.363020665917233,11.950424865467188,3.327437949337005,3.7400337497870506
32,10,default_scenario,19,19.611306419926567,13.734704299730097,13.27146553453957,5.87660212019647,6.339840885386998
32,10,default_scenario,20,21.398299358417667,13.324813021836404,12.940179645645447,8.073486336581263,8.45811971277222
32,10,early_urgency,1,13.06902217775123,10.972808788034847,9.945098169862245,2.0962133897163824,3.1239240078889843
32,10,early_urgency,2,12.698176290141761,11.7617235551433,10.62794173509999,0.9364527349984613,2.070234555041772
32,10,early_urgency,3,12.306924865401212,11.118778927483726,10.111305035970123,1.1881459379174863,2.19561982943109
32,10,early_urgency,4,14.223594252157458,12.282437157158807,11.30740463708804,1.9411570949986512,2.9161896150694187
32,10,early_urgency,5,17.832950312904497,16.143911647166238,14.851112911579039,1.6890386657382592,2.9818374013254587
32,10,early_urgency,6,13.206196178817947,11.328350037294902,10.019306111319445,1.8778461415230456,3.186890067498503
32,10,early_urgency,7,18.239773616153528,16.329650127439315,15.354059222285592,1.9101234887142127,2.8857143938679357
32,10,early_urgency,8,14.486518764140817,12.892070873416055,10.94976199303854,1.5944478907247621,3.536756771102276
32,10,early_urgency,9,19.842288081341998,17.364710740836795,14.123400902722533,2.477577340505203,5.718887178619465
32,10,early_urgency,10,12.6547635476576,10.845566345538439,9.593873778536485,1.8091972021191616,3.0608897691211148
32,10,early_urgency,11,16.218093196215072,15.003554868613238,14.127805182977168,1.2145383276018347,2.0902880132379043
32,10,early_urgency,12,14.912054392311896,15.673058957386775,11.947166232350684,-0.7610045650748791,2.9648881599612125
32,10,early_urgency,13,14.650330543254737,12.334570714626615,11.114676736932793,2.3157598286281225,3.5356538063219443
32,10,early_urgency,14,13.557148468987162,13.761541652710328,10.414995029458899,-0.20439318372316606,3.142153439528263
32,10,early_urgency,15,13.110788012201182,11.638756545629033,11.22425919672419,1.4720314665721492,1.886528815476991
32,10,early_urgency,16,14.656576746855603,11.67542054751759,10.443771715519087,2.981156199338013,4.212805031336515
32,10,early_urgency,17,13.739594895085755,11.653232954336936,9.955885298767907,2.0863619407488194,3.7837095963178484
32,10,early_urgency,18,11.64227068344401,9.98119471300602,8.87944915174229,1.6610759704379898,2.7628215317017197
32,10,early_urgency,19,12.937255958191695,11.114472614856709,9.85449660887987,1.8227833433349865,3.082759349311825
32,10,early_urgency,20,12.6303366396463,12.726594982819831,9.919451384694046,-0.0962583431735311,2.710885254952254
32,10,high_start_narrow,1,4.023624962557267,3.292426819129192,2.6751338341454365,0.7311981434280748,1.3484911284118302
32,10,high_start_narrow,2,4.035149105609153,4.151012216769364,3.7800535651796103,-0.11586311116021086,0.25509554042954274
32,10,high_start_narrow,3,2.511895334503781,2.6009476432641674,2.342538714656649,-0.08905230876038628,0.1693566198471319
32,10,high_start_narrow,4,3.0908428029688886,3.105806956603801,2.538745673446256,-0.014964153634912325,0.5520971295226325
32,10,high_start_narrow,5,6.911594674901592,6.465804673042368,6.211639011016022,0.44579000185922446,0.6999556638855706
32,10,high_start_narrow,6,3.525467398799985,2.9184382505414534,2.2812823172455623,0.6070291482585315,1.2441850815544226
32,10,high_start_narrow,7,7.941043897934656,7.460610782594082,7.214874741800844,0.4804331153405741,0.7261691561338122
32,10,high_start_narrow,8,2.4679300720453954,1.9725538199417334,1.4990012186052546,0.495376252103662,0.9689288534401408
32,10,high_start_narrow,9,9.733507308384949,7.786054064895789,6.4975457318386445,1.9474532434891598,3.2359615765463046
32,10,high_start_narrow,10,3.989901889583117,3.377263806275354,2.572945076519537,0.6126380833077629,1.41695681306358
32,10,high_start_narrow,11,7.626879702208237,7.685699676525404,7.27351228506208,-0.05881997431716712,0.35336741714615716
32,10,high_start_narrow,12,4.0846666179080415,3.9564084563548754,3.6136968504259137,0.12825816155316616,0.4709697674821278
32,10,high_start_narrow,13,4.192678883587271,3.3985478933914504,2.8593964761484347,0.7941309901958205,1.333282407438836
32,10,high_start_narrow,14,3.4586276566725607,2.920303562818506,2.6062868268435464,0.5383240938540546,0.8523408298290143
32,10,high_start_narrow,15,5.076526066940873,5.167510180408686,4.963952011165736,-0.09098411346781354,0.1125740557751369
32,10,high_start_narrow,16,4.551660195952485,3.172677881018754,2.4196798570230387,1.3789823149337312,2.1319803389294467
32,10,high_start_narrow,17,4.044487717483058,2.7903979710524576,2.3046788246611767,1.2540897464306004,1.7398088928218813
32,10,high_start_narrow,18,3.076282049328853,2.6684785650635847,2.1118216009395137,0.40780348426526825,0.9644604483893393
32,10,high_start_narrow,19,3.5170198914863695,2.895414332229823,2.3875692856163733,0.6216055592565466,1.1294506058699962
32,10,high_start_narrow,20,4.215038331422656,3.6508768069620543,3.2738492108461257,0.564161524460602,0.9411891205765306
32,10,late_relaxed,1,8.752513048681621,7.576628078401287,5.971860589425351,1.1758849702803342,2.7806524592562702
32,10,late_relaxed,2,8.515257824359052,8.66275596762598,6.892730006023174,-0.14749814326692778,1.622527818335878
32,10,late_relaxed,3,7.604831144400904,7.827114336134419,5.873796133277086,-0.2222831917335153,1.7310350111238177
32,10,late_relaxed,4,8.810854318085314,8.348868133318094,6.515344689432132,0.46198618476721975,2.295509628653182
32,10,late_relaxed,5,12.587735148766965,12.359742846918769,10.138672601701108,0.22799230184819663,2.449062547065857
32,10,late_relaxed,6,8.867446634599936,7.614850177451352,5.78537441101746,1.2525964571485844,3.0820722235824762
32,10,late_relaxed,7,13.283036769435228,12.006513989411067,10.914504049539568,1.2765227800241608,2.3685327198956596
32,10,late_relaxed,8,8.438287554310596,8.378864077522543,5.7861721323992095,0.059423476788053264,2.652115421911387
32,10,late_relaxed,9,14.76643873296308,13.909496384561084,9.935039112521013,0.8569423484019953,4.831399620442067
32,10,late_relaxed,10,8.532926639305137,7.792708432021456,5.751611281543904,0.7402182072836805,2.7813153577612324
32,10,late_relaxed,11,12.128062551338829,11.873060293430692,10.38909996627231,0.2550022579081368,1.7389625850665187
32,10,late_relaxed,12,9.616960505071653,12.376927881613424,7.385859741060544,-2.7599673765417716,2.2311007640111082
32,10,late_relaxed,13,9.59820062473192,8.6821978782084,6.5876160999762385,0.9160027465235192,3.0105845247556813
32,10,late_relaxed,14,8.583907180262308,10.36754129162175,6.155699646267882,-1.7836341113594418,2.428207533994426
32,10,late_relaxed,15,9.21077276188386,8.658532284087551,7.809546186268848,0.5522404777963086,1.401226575615012
32,10,late_relaxed,16,9.756571203802201,8.294316487430867,6.054927528334213,1.4622547163713335,3.701643675467988
32,10,late_relaxed,17,9.06029497982498,7.971650896924278,5.753861612573618,1.088644082900701,3.306433367251361
32,10,late_relaxed,18,7.472435694485784,6.916361660052324,5.173747384846105,0.5560740344334603,2.2986883096396795
32,10,late_relaxed,19,8.399345215233122,7.501221416564465,5.759870361468206,0.8981237986686574,2.6394748537649164
32,10,late_relaxed,20,8.580001514995452,9.45859590519859,6.294577471875122,-0.8785943902031388,2.2854240431203294
32,10,low_start_wide,1,14.7148359196924,12.529038963545341,10.578695310385232,2.1857969561470583,4.1361406093071675
32,10,low_start_wide,2,14.78371054860522,13.539138565322153,11.250477023232618,1.2445719832830662,3.5332335253726015
32,10,low_start_wide,3,13.725111601674943,12.903211657889166,10.817556519722848,0.8218999437857768,2.907555081952095
32,10,low_start_wide,4,16.064737786050113,13.805533231829465,12.064044352569574,2.2592045542206485,4.000693433480539
32,10,low_start_wide,5,20.572622820004998,18.367505510665595,15.636519629981988,2.2051173093394034,4.93610319002301
32,10,low_start_wide,6,14.347579646384359,12.84593674062291,10.695302135506967,1.5016429057614484,3.6522775108773917
32,10,low_start_wide,7,19.456814946646986,17.73540264492728,16.09398508320959,1.721412301719706,3.3628298634373976
32,10,low_start_wide,8,16.972213851975717,15.580246926203149,11.854520953261606,1.391966925772568,5.117692898714111
32,10,low_start_wide,9,26.17232036023789,22.08824040855783,14.769160148154938,4.08407995168006,11.403160212082952
32,10,low_start_wide,10,14.39234605139475,12.312104480882066,10.204591599569104,2.0802415705126833,4.187754451825645
32,10,low_start_wide,11,18.635596137452104,17.120545323328262,14.750922719451607,1.5150508141238426,3.8846734180004976
32,10,low_start_wide,12,20.187494886278238,22.026976674576993,12.998336024327692,-1.8394817882987553,7.1891588619505455
32,10,low_start_wide,13,16.143194577485318,14.070152853297452,11.83913248828934,2.073041724187865,4.304062089195977
32,10,low_start_wide,14,18.170875076196864,19.585183419103377,11.285281583707462,-1.4143083429065122,6.885593492489402
32,10,low_start_wide,15,14.392554241305419,12.816638429757356,11.793378031280152,1.5759158115480627,2.5991762100252664
32,10,low_start_wide,16,17.213161746462177,13.807756831898363,11.137594887189854,3.405404914563814,6.075566859272323
32,10,low_start_wide,17,16.185219236191575,14.144800293808506,10.633815883316055,2.0404189423830683,5.55140335287552
32,10,low_start_wide,18,12.624364355083827,11.241676000543853,9.446369645225584,1.3826883545399742,3.1779947098582433
32,10,low_start_wide,19,15.472460602811411,12.793125043254248,10.514740873045984,2.6793355595571633,4.957719729765428
32,10,low_start_wide,20,16.028247875038723,17.638252741834624,10.52359703687445,-1.6100048667959008,5.504650838164272
32,10,mid_start_normal,1,9.622556443331568,8.087059982363057,6.648371414405662,1.5354964609685116,2.9741850289259064
32,10,mid_start_normal,2,9.41797104439074,9.097323909913568,7.515265294359748,0.32064713447717175,1.9027057500309912
32,10,mid_start_normal,3,8.640009610921636,8.04931896799907,6.580047617118868,0.5906906429225653,2.0599619938027676
32,10,mid_start_normal,4,9.955449542297206,8.64973406548609,7.334930458930362,1.305715476811116,2.620519083366844
32,10,mid_start_normal,5,13.714862119427643,12.796116607099314,10.92407931995407,0.9187455123283286,2.7907827994735737
32,10,mid_start_normal,6,9.605184265991916,8.190015433567401,6.5058593240785605,1.4151688324245146,3.0993249419133555
32,10,mid_start_normal,7,14.330338787075132,12.76716813960869,11.654429912067966,1.5631706474664409,2.675908875007165
32,10,mid_start_normal,8,9.591546909648835,9.330032284573047,6.643671038288753,0.2615146250757885,2.9478758713600826
32,10,mid_start_normal,9,16.032011117272617,15.284265691103391,10.659249936211616,0.7477454261692262,5.372761181061001
32,10,mid_start_normal,10,9.342742259221936,8.040107997548523,6.406817993703746,1.302634261673413,2.9359242655181896
32,10,mid_start_normal,11,12.956946012978815,12.265065633881349,11.012217501427875,0.6918803790974657,1.9447285115509398
32,10,mid_start_normal,12,10.930767478277676,13.73967784541945,8.140096556867464,-2.808910367141774,2.7906709214102126
32,10,mid_start_normal,13,10.6187744750226,8.961068252195997,7.3467586259860145,1.6577062228266026,3.2720158490365847
32,10,mid_start_normal,14,9.798875404155964,11.95473151396172,6.865582210083642,-2.1558561098057556,2.9332931940723226
32,10,mid_start_normal,15,10.056760612892957,8.953746174066625,8.378665021031823,1.1030144388263317,1.6780955918611333
32,10,mid_start_normal,16,10.826767004848406,8.48055499002618,6.805226989234265,2.3462120148222265,4.021540015614141
32,10,mid_start_normal,17,10.018399413278551,8.802382180607347,6.460775829746125,1.216017232671204,3.5576235835324264
32,10,mid_start_normal,18,8.339254066344044,7.276002375230234,5.808611525988142,1.06325169111381,2.5306425403559016
32,10,mid_start_normal,19,9.307445113418794,8.107498731122364,6.443751779378656,1.1999463822964298,2.8636933340401383
32,10,mid_start_normal,20,9.444153007212078,11.003278027550696,6.898723123983498,-1.5591250203386178,2.5454298832285804
32,10,stressed_ev_buffered_bess,1,15.180454326455555,12.554670020688475,11.197606135263687,2.6257843057670804,3.9828481911918683
32,10,stressed_ev_buffered_bess,2,14.940461856665157,13.428500706644817,11.873012311434982,1.5119611500203405,3.0674495452301755
32,10,stressed_ev_buffered_bess,3,14.283720062602535,12.771511371102147,11.523808003493103,1.5122086915003887,2.759912059109432
32,10,stressed_ev_buffered_bess,4,16.696470785595125,13.922593838311935,12.789532440301969,2.77387694728319,3.906938345293156
32,10,stressed_ev_buffered_bess,5,20.826675497538456,18.171013160199077,16.421926348102822,2.655662337339379,4.404749149435634
32,10,stressed_ev_buffered_bess,6,14.814712974718873,12.960690302558064,11.356072762795055,1.8540226721608093,3.458640211923818
32,10,stressed_ev_buffered_bess,7,20.11275906881312,18.114162017376557,16.833910946133564,1.9985970514365619,3.2788481226795554
32,10,stressed_ev_buffered_bess,8,17.43229229672233,15.316577687926925,12.913363309851729,2.1157146087954057,4.518928986870602
32,10,stressed_ev_buffered_bess,9,25.039204662463874,20.828055301843833,15.388070973441513,4.211149360620041,9.65113368902236
32,10,stressed_ev_buffered_bess,10,15.035015610380087,12.279160556227245,10.800084027650636,2.7558550541528426,4.234931582729452
32,10,stressed_ev_buffered_bess,11,18.721553000963382,16.919053355710474,15.3740402559671,1.802499645252908,3.3475127449962816
32,10,stressed_ev_buffered_bess,12,19.613570165737297,19.88364347931533,14.04947235447594,-0.27007331357803466,5.564097811261357
32,10,stressed_ev_buffered_bess,13,16.751417325160467,14.004883153938637,12.517173411982643,2.74653417122183,4.234243913177824
32,10,stressed_ev_buffered_bess,14,17.655831172177745,17.802010652062894,12.272120669863787,-0.14617947988514857,5.383710502313958
32,10,stressed_ev_buffered_bess,15,14.945047983323743,12.788132608554205,12.365347582542448,2.1569153747695378,2.579700400781295
32,10,stressed_ev_buffered_bess,16,17.39304948322603,13.777364464582709,11.817088551964755,3.6156850186433207,5.575960931261275
32,10,stressed_ev_buffered_bess,17,16.474885059391738,13.818656658026276,11.28424976218284,2.6562284013654622,5.190635297208898
32,10,stressed_ev_buffered_bess,18,13.086008265338256,11.233788735524021,9.98728186973075,1.852219529814235,3.098726395607505
32,10,stressed_ev_buffered_bess,19,15.390656253364925,12.813781036098613,11.145601280630112,2.5768752172663127,4.245054972734813
32,10,stressed_ev_buffered_bess,20,15.817675300781078,16.2360698815662,11.127742689023961,-0.4183945807851206,4.689932611757117
48,11,default_scenario,1,17.47645495978666,13.673265821200669,13.551090220812139,3.803189138585992,3.9253647389745225
48,11,default_scenario,2,18.84949724048592,14.0806759009769,13.740618176008823,4.768821339509021,5.108879064477097
48,11,default_scenario,3,19.41215464366444,13.869976876740067,13.642562454792332,5.5421777669243735,5.7695921888721085
48,11,default_scenario,4,19.778902154790988,15.701753404856369,15.276548526449268,4.077148749934619,4.502353628341719
48,11,default_scenario,5,25.134320018152966,19.02452132118156,18.7781465034268,6.109798696971406,6.356173514726166
48,11,default_scenario,6,17.526116687481704,14.492406700598188,14.113781300934852,3.0337099868835153,3.412335386546852
48,11,default_scenario,7,22.470448254147755,18.932402884689207,19.053688531833224,3.5380453694585476,3.4167597223145307
48,11,default_scenario,8,21.24127255791676,16.72510953951982,16.445841155623423,4.516163018396938,4.795431402293335
48,11,default_scenario,9,32.10927767480454,18.636619229691245,17.801251621357327,13.472658445113293,14.308026053447211
48,11,default_scenario,10,17.378517728225564,13.528689809320127,13.087622724668512,3.8498279189054365,4.290895003557052
48,11,default_scenario,11,22.62834396811099,17.460216302300342,17.50695417989401,5.168127665810648,5.12138978821698
48,11,default_scenario,12,28.0855006429822,19.29081408608675,17.201527841213185,8.79468655689545,10.883972801769016
48,11,default_scenario,13,20.38767234646907,15.365236642407883,14.892285905014361,5.022435704061188,5.495386441454709
48,11,default_scenario,14,24.9568637012833,16.40684460310975,15.232637926017217,8.55001909817355,9.724225775266083
48,11,default_scenario,15,16.881168698951928,14.353478720288564,14.819554087261132,2.527689978663364,2.0616146116907963
48,11,default_scenario,16,19.839969387569784,15.001273522886795,14.705994162592718,4.83869586468299,5.133975224977066
48,11,default_scenario,17,19.6282200603268,13.895459201507622,13.456960117907096,5.732760858819178,6.171259942419704
48,11,default_scenario,18,15.595864136906,12.363020665917233,11.950424865467188,3.232843470988767,3.6454392714388124
48,11,default_scenario,19,19.687678861682727,13.734704299730097,13.27146553453957,5.9529745619526295,6.416213327143158
48,11,default_scenario,20,20.931907889427208,13.324813021836404,12.940179645645447,7.6070948675908046,7.991728243781761
48,11,early_urgency,1,12.965244099739756,10.972808788034847,9.945098169862245,1.9924353117049094,3.0201459298775113
48,11,early_urgency,2,12.675760213426427,11.7617235551433,10.62794173509999,0.914036658283127,2.0478184783264375
48,11,early_urgency,3,12.273581702372642,11.118778927483726,10.111305035970123,1.1548027748889158,2.1622766664025193
48,11,early_urgency,4,14.102245677355977,12.282437157158807,11.30740463708804,1.8198085201971708,2.7948410402679382
48,11,early_urgency,5,17.294796078372745,16.143911647166238,14.851112911579039,1.1508844312065065,2.443683166793706
48,11,early_urgency,6,13.130445303217494,11.328350037294902,10.019306111319445,1.802095265922592,3.111139191898049
48,11,early_urgency,7,17.968678929088956,16.329650127439315,15.354059222285592,1.6390288016496406,2.6146197068033636
48,11,early_urgency,8,14.55555075547994,12.892070873416055,10.94976199303854,1.6634798820638856,3.6057887624413993
48,11,early_urgency,9,19.469712626857344,17.364710740836795,14.123400902722533,2.105001886020549,5.346311724134811
48,11,early_urgency,10,12.421915089238459,10.845566345538439,9.593873778536485,1.57634874370002,2.8280413107019733
48,11,early_urgency,11,16.520697659630606,15.003554868613238,14.127805182977168,1.5171427910173687,2.3928924766534383
48,11,early_urgency,12,14.839259782244055,15.673058957386775,11.947166232350684,-0.8337991751427207,2.892093549893371
48,11,early_urgency,13,14.529521767680174,12.334570714626615,11.114676736932793,2.1949510530535594,3.414845030747381
48,11,early_urgency,14,13.28022718829992,13.761541652710328,10.414995029458899,-0.48131446441040815,2.865232158841021
48,11,early_urgency,15,13.06388629949726,11.638756545629033,11.22425919672419,1.4251297538682284,1.8396271027730702
48,11,early_urgency,16,13.793149128703268,11.67542054751759,10.443771715519087,2.1177285811856787,3.3493774131841807
48,11,early_urgency,17,13.454867456317347,11.653232954336936,9.955885298767907,1.801634501980411,3.49898215754944
48,11,early_urgency,18,11.497287296326437,9.98119471300602,8.87944915174229,1.5160925833204164,2.6178381445841463
48,11,early_urgency,19,13.00575453797739,11.114472614856709,9.85449660887987,1.8912819231206814,3.15125792909752
48,11,early_urgency,20,12.157465521349593,12.726594982819831,9.919451384694046,-0.5691294614702382,2.238014136655547
48,11,high_start_narrow,1,3.879639259663124,3.292426819129192,2.6751338341454365,0.5872124405339321,1.2045054255176875
48,11,high_start_narrow,2,4.013480482371187,4.151012216769364,3.7800535651796103,-0.137531734398177,0.2334269171915766
48,11,high_start_narrow,3,2.477487044355055,2.6009476432641674,2.342538714656649,-0.1234605989091122,0.13494832969840598
48,11,high_start_narrow,4,2.9866794808849018,3.105806956603801,2.538745673446256,-0.11912747571889915,0.44793380743864564
48,11,high_start_narrow,5,6.376257182901171,6.465804673042368,6.211639011016022,-0.08954749014119656,0.1646181718851496
48,11,high_start_narrow,6,3.4466693024310784,2.9184382505414534,2.2812823172455623,0.5282310518896249,1.165386985185516
48,11,high_start_narrow,7,7.669357365007504,7.460610782594082,7.214874741800844,0.20874658241342203,0.4544826232066601
48,11,high_start_narrow,8,2.452861977252475,1.9725538199417334,1.4990012186052546,0.4803081573107415,0.9538607586472203
48,11,high_start_narrow,9,9.377393112710381,7.786054064895789,6.4975457318386445,1.591339047814592,2.8798473808717366
48,11,high_start_narrow,10,3.7711951043241703,3.377263806275354,2.572945076519537,0.3939312980488161,1.198250027804633
48,11,high_start_narrow,11,7.978656830240214,7.685699676525404,7.27351228506208,0.2929571537148101,0.7051445451781344
48,11,high_start_narrow,12,4.0399251758455845,3.9564084563548754,3.6136968504259137,0.08351671949070916,0.4262283254196708
48,11,high_start_narrow,13,4.14452266647591,3.3985478933914504,2.8593964761484347,0.7459747730844599,1.2851261903274755
48,11,high_start_narrow,14,3.181987738603108,2.920303562818506,2.6062868268435464,0.2616841757846018,0.5757009117595615
48,11,high_start_narrow,15,5.031463483615124,5.167510180408686,4.963952011165736,-0.13604669679356185,0.0675114724493886
48,11,high_start_narrow,16,3.6382649829803544,3.172677881018754,2.4196798570230387,0.46558710196160025,1.2185851259573157
48,11,high_start_narrow,17,3.7708111136047107,2.7903979710524576,2.3046788246611767,0.9804131425522531,1.466132288943534
48,11,high_start_narrow,18,2.8692937453471137,2.6684785650635847,2.1118216009395137,0.20081518028352896,0.7574721444076
48,11,high_start_narrow,19,3.571437288901326,2.895414332229823,2.3875692856163733,0.676022956671503,1.1838680032849527
48,11,high_start_narrow,20,3.7521932722650733,3.6508768069620543,3.2738492108461257,0.10131646530301897,0.4783440614189476
48,11,late_relaxed,1,8.61541864842015,7.576628078401287,5.971860589425351,1.0387905700188629,2.643558058994799
48,11,late_relaxed,2,8.493630631567815,8.66275596762598,6.892730006023174,-0.1691253360581655,1.6009006255446403
48,11,late_relaxed,3,7.571284156938108,7.827114336134419,5.873796133277086,-0.2558301791963107,1.6974880236610224
48,11,late_relaxed,4,8.685070475890093,8.348868133318094,6.515344689432132,0.3362023425719993,2.1697257864579615
48,11,late_relaxed,5,12.05028470812583,12.359742846918769,10.138672601701108,-0.30945813879293915,1.9116121064247213
48,11,late_relaxed,6,8.786743263156904,7.614850177451352,5.78537441101746,1.1718930857055518,3.0013688521394437
48,11,late_relaxed,7,13.013507938901766,12.006513989411067,10.914504049539568,1.006993949490699,2.099003889362198
48,11,late_relaxed,8,8.517183221444851,8.378864077522543,5.7861721323992095,0.13831914392230793,2.7310110890456416
48,11,late_relaxed,9,14.383922992659633,13.909496384561084,9.935039112521013,0.47442660809854864,4.44888388013862
48,11,late_relaxed,10,8.295628332716834,7.792708432021456,5.751611281543904,0.5029199006953782,2.54401705117293
48,11,late_relaxed,11,12.476182603062423,11.873060293430692,10.38909996627231,0.6031223096317309,2.0870826367901127
48,11,late_relaxed,12,9.557281118720736,12.376927881613424,7.385859741060544,-2.8196467628926882,2.1714213776601916
48,11,late_relaxed,13,9.498608393227164,8.6821978782084,6.5876160999762385,0.816410515018763,2.910992293250925
48,11,late_relaxed,14,8.307251234672508,10.36754129162175,6.155699646267882,-2.060290056949242,2.151551588404626
48,11,late_relaxed,15,9.165195670243245,8.658532284087551,7.809546186268848,0.5066633861556937,1.355649483974397
48,11,late_relaxed,16,8.831539363270158,8.294316487430867,6.054927528334213,0.5372228758392907,2.776611834935945
48,11,late_relaxed,17,8.791196277166488,7.971650896924278,5.753861612573618,0.8195453802422099,3.03733466459287
48,11,late_relaxed,18,7.302261459764312,6.916361660052324,5.173747384846105,0.3858997997119875,2.1285140749182068
48,11,late_relaxed,19,8.457792587071296,7.501221416564465,5.759870361468206,0.9565711705068312,2.69792222560309
48,11,late_relaxed,20,8.10627211209077,9.45859590519859,6.294577471875122,-1.3523237931078214,1.8116946402156469
48,11,low_start_wide,1,14.549757740699523,12.529038963545341,10.578695310385232,2.0207187771541815,3.9710624303142907
48,11,low_start_wide,2,14.761825275056065,13.539138565322153,11.250477023232618,1.222686709733912,3.5113482518234473
48,11,low_start_wide,3,13.69162080003217,12.903211657889166,10.817556519722848,0.7884091421430046,2.874064280309323
48,11,low_start_wide,4,15.949294564111135,13.805533231829465,12.064044352569574,2.14376133228167,3.8852502115415604
48,11,low_start_wide,5,20.036330311671843,18.367505510665595,15.636519629981988,1.6688248010062487,4.399810681689855
48,11,low_start_wide,6,14.177224544799975,12.84593674062291,10.695302135506967,1.3312878041770642,3.4819224092930074
48,11,low_start_wide,7,19.185047285046476,17.73540264492728,16.09398508320959,1.449644640119196,3.0910622018368876
48,11,low_start_wide,8,16.9897510802325,15.580246926203149,11.854520953261606,1.409504154029353,5.135230126970896
48,11,low_start_wide,9,25.721505852495696,22.08824040855783,14.769160148154938,3.6332654439378658,10.952345704340757
48,11,low_start_wide,10,14.377278010754646,12.312104480882066,10.204591599569104,2.0651735298725793,4.172686411185541
48,11,low_start_wide,11,18.983829567538606,17.120545323328262,14.750922719451607,1.8632842442103446,4.232906848087
48,11,low_start_wide,12,20.23979543802777,22.026976674576993,12.998336024327692,-1.7871812365492232,7.241459413700078
48,11,low_start_wide,13,16.0225897787821,14.070152853297452,11.83913248828934,1.9524369254846459,4.183457290492758
48,11,low_start_wide,14,17.8943821300212,19.585183419103377,11.285281583707462,-1.6908012890821773,6.609100546313737
48,11,low_start_wide,15,14.34767233978428,12.816638429757356,11.793378031280152,1.531033910026924,2.5542943085041276
48,11,low_start_wide,16,16.323741327732034,13.807756831898363,11.137594887189854,2.5159844958336706,5.1861464405421795
48,11,low_start_wide,17,15.911435046988966,14.144800293808506,10.633815883316055,1.76663475318046,5.277619163672911
48,11,low_start_wide,18,12.46032709371992,11.241676000543853,9.446369645225584,1.2186510931760672,3.0139574484943363
48,11,low_start_wide,19,15.539246077772503,12.793125043254248,10.514740873045984,2.7461210345182554,5.02450520472652
48,11,low_start_wide,20,15.560668379265184,17.638252741834624,10.52359703687445,-2.0775843625694392,5.037071342390734
48,11,mid_start_normal,1,9.510155259656445,8.087059982363057,6.648371414405662,1.4230952772933882,2.861783845250783
48,11,mid_start_normal,2,9.395979675722105,9.097323909913568,7.515265294359748,0.2986557658085367,1.8807143813623561
48,11,mid_start_normal,3,8.606484811412558,8.04931896799907,6.580047617118868,0.5571658434134878,2.02643719429369
48,11,mid_start_normal,4,9.829346093468743,8.64973406548609,7.334930458930362,1.1796120279826532,2.494415634538381
48,11,mid_start_normal,5,13.176506633913244,12.796116607099314,10.92407931995407,0.3803900268139291,2.252427313959174
48,11,mid_start_normal,6,9.525435874785051,8.190015433567401,6.5058593240785605,1.33542044121765,3.019576550706491
48,11,mid_start_normal,7,14.057782952544958,12.76716813960869,11.654429912067966,1.2906148129362673,2.4033530404769916
48,11,mid_start_normal,8,9.712852454919785,9.330032284573047,6.643671038288753,0.3828201703467382,3.0691814166310323
48,11,mid_start_normal,9,15.649890391125064,15.284265691103391,10.659249936211616,0.365624700021673,4.990640454913448
48,11,mid_start_normal,10,9.104576785575771,8.040107997548523,6.406817993703746,1.0644687880272485,2.697758791872025
48,11,mid_start_normal,11,13.292303022134233,12.265065633881349,11.012217501427875,1.0272373882528836,2.2800855207063577
48,11,mid_start_normal,12,10.856867328916342,13.73967784541945,8.140096556867464,-2.882810516503108,2.7167707720488785
48,11,mid_start_normal,13,10.50019371951603,8.961068252195997,7.3467586259860145,1.5391254673200336,3.1534350935300157
48,11,mid_start_normal,14,9.522123377858506,11.95473151396172,6.865582210083642,-2.432608136103214,2.656541167774864
48,11,mid_start_normal,15,10.008054743769051,8.953746174066625,8.378665021031823,1.0543085697024264,1.629389722737228
48,11,mid_start_normal,16,9.927349466691648,8.48055499002618,6.805226989234265,1.4467944766654686,3.122122477457383
48,11,mid_start_normal,17,9.74313166456271,8.802382180607347,6.460775829746125,0.9407494839553632,3.2823558348165855
48,11,mid_start_normal,18,8.178344277315214,7.276002375230234,5.808611525988142,0.9023419020849799,2.3697327513270716
48,11,mid_start_normal,19,9.374780436891506,8.107498731122364,6.443751779378656,1.2672817057691415,2.93102865751285
48,11,mid_start_normal,20,8.974663662997823,11.003278027550696,6.898723123983498,-2.0286143645528725,2.0759405390143257
48,11,stressed_ev_buffered_bess,1,15.01926524490015,12.554670020688475,11.197606135263687,2.464595224211676,3.821659109636464
48,11,stressed_ev_buffered_bess,2,14.917871252695601,13.428500706644817,11.873012311434982,1.4893705460507842,3.0448589412606193
48,11,stressed_ev_buffered_bess,3,14.250365500353924,12.771511371102147,11.523808003493103,1.4788541292517774,2.7265574968608206
48,11,stressed_ev_buffered_bess,4,16.576030895555743,13.922593838311935,12.789532440301969,2.653437057243808,3.786498455253774
48,11,stressed_ev_buffered_bess,5,20.286279607869226,18.171013160199077,16.421926348102822,2.115266447670148,3.8643532597664034
48,11,stressed_ev_buffered_bess,6,14.759255510668618,12.960690302558064,11.356072762795055,1.7985652081105545,3.4031827478735632
48,11,stressed_ev_buffered_bess,7,19.844222652583102,18.114162017376557,16.833910946133564,1.730060635206545,3.0103117064495386
48,11,stressed_ev_buffered_bess,8,17.49889645617901,15.316577687926925,12.913363309851729,2.1823187682520864,4.585533146327283
48,11,stressed_ev_buffered_bess,9,24.840962151814345,20.828055301843833,15.388070973441513,4.012906849970513,9.452891178372832
48,11,stressed_ev_buffered_bess,10,14.887432818044003,12.279160556227245,10.800084027650636,2.608272261816758,4.087348790393367
48,11,stressed_ev_buffered_bess,11,19.02161185871841,16.919053355710474,15.3740402559671,2.102558503007934,3.6475716027513077
48,11,stressed_ev_buffered_bess,12,19.59621300518258,19.88364347931533,14.04947235447594,-0.28743047413275136,5.54674065070664
48,11,stressed_ev_buffered_bess,13,16.64030195858466,14.004883153938637,12.517173411982643,2.635418804646024,4.123128546602018
48,11,stressed_ev_buffered_bess,14,17.378753937211112,17.802010652062894,12.272120669863787,-0.4232567148517816,5.106633267347325
48,11,stressed_ev_buffered_bess,15,14.9007073003327,12.788132608554205,12.365347582542448,2.1125746917784944,2.535359717790252
48,11,stressed_ev_buffered_bess,16,16.49885324350303,13.777364464582709,11.817088551964755,2.721488778920323,4.681764691538277
48,11,stressed_ev_buffered_bess,17,16.18562806061945,13.818656658026276,11.28424976218284,2.3669714025931743,4.90137829843661
48,11,stressed_ev_buffered_bess,18,12.913852272159378,11.233788735524021,9.98728186973075,1.6800635366353571,2.926570402428627
48,11,stressed_ev_buffered_bess,19,15.456642530125535,12.813781036098613,11.145601280630112,2.6428614940269224,4.311041249495423
48,11,stressed_ev_buffered_bess,20,15.343284366306507,16.2360698815662,11.127742689023961,-0.8927855152596909,4.2155416772825465
