candidate_set,rmse,rmse_20_loads,net_cost,horizon_pooled_avg,horizon_bucket_avg,timestep_pooled_avg,timestep_bucket_avg,horizon_bucket_1_avg,horizon_bucket_2_avg,horizon_bucket_3_avg,horizon_bucket_4_avg,horizon_bucket_5_avg,horizon_bucket_6_avg,horizon_bucket_7_avg,horizon_bucket_8_avg,horizon_bucket_9_avg,horizon_bucket_10_avg,horizon_bucket_12_avg,horizon_bucket_14_avg,horizon_bucket_16_avg,horizon_bucket_18_avg,horizon_bucket_20_avg,horizon_bucket_25_avg,horizon_bucket_32_avg,horizon_bucket_38_avg,horizon_bucket_42_avg,horizon_bucket_50_avg,horizon_bucket_58_avg,horizon_bucket_64_avg,horizon_bucket_72_avg,horizon_bucket_88_avg,horizon_bucket_96_avg,timestep_bucket_1_avg,timestep_bucket_2_avg,timestep_bucket_3_avg,timestep_bucket_4_avg,timestep_bucket_5_avg,timestep_bucket_6_avg,timestep_bucket_7_avg,timestep_bucket_8_avg,timestep_bucket_9_avg,timestep_bucket_10_avg,timestep_bucket_12_avg,timestep_bucket_14_avg,timestep_bucket_16_avg,timestep_bucket_18_avg,timestep_bucket_20_avg,timestep_bucket_25_avg,timestep_bucket_32_avg,timestep_bucket_38_avg,timestep_bucket_42_avg,timestep_bucket_50_avg,timestep_bucket_58_avg,timestep_bucket_64_avg,timestep_bucket_72_avg,timestep_bucket_88_avg,timestep_bucket_96_avg
100354_2023-06-07;100354_2023-12-02;100354_2024-06-25;100707_2024-04-14;100707_2024-12-03;102016_2024-03-08;102016_2024-06-29;106793_2023-09-21;107448_2023-08-23;107448_2023-11-02;107448_2024-01-07;107448_2024-11-26;108517_2023-05-01;110260_2023-09-02;113377_2023-08-10;116320_2024-04-04;116320_2024-06-20;116320_2024-11-01;118984_2023-08-29;118984_2024-06-15;121500_2024-07-24;121555_2023-02-20;123129_2023-03-14;125463_2023-11-30;127225_2023-03-14;127225_2024-06-27;127225_2024-07-07;127524_2024-09-05;127524_2024-10-26;128843_2023-11-19;128843_2024-05-06;129071_2024-07-19;129071_2024-10-24;130253_2024-02-18;130253_2024-03-03;132256_2024-12-13;132967_2023-02-02;132967_2023-02-03;132967_2024-07-16;136407_2023-04-22;136407_2023-09-24;136407_2023-09-30;136407_2023-10-16;136407_2023-12-20;138414_2024-04-18;140211_2023-06-14;140649_2023-04-24;142975_2023-01-19;142975_2023-10-18;142975_2023-11-02;142975_2024-10-10;142999_2023-06-29;144492_2024-06-12;146624_2023-08-26;152601_2023-10-21;152601_2024-08-27;155209_2024-07-16;160216_2023-10-14;160431_2024-05-11;161573_2023-04-07;161573_2023-10-14;161573_2024-07-23;163595_2023-08-18;163595_2024-05-08;164897_2023-09-05;164897_2024-11-16;165786_2023-10-16;166084_2024-09-23;166206_2024-09-27;167494_2024-11-16;167494_2024-12-11;168165_2023-08-25;168165_2024-05-28;171530_2023-03-22;172262_2023-06-20;172262_2024-11-20;172510_2023-08-20;172510_2024-05-07;174968_2023-03-21;174968_2023-10-28,0.64938,0.49989,10.81602,0.96128,1.01662,0.96128,0.90536,0.0,0.49206,0.62471,0.68557,0.72514,0.7446,0.76352,0.78537,0.80542,0.82342,0.84437,0.86921,0.88479,0.90834,0.92793,0.96317,1.00145,1.03025,1.04578,1.07031,1.09704,1.11043,1.19153,1.20705,0.86467,0.90512,0.91137,0.92458,0.92837,0.92737,0.92635,0.94303,0.96126,0.94597,0.93556,0.95124,0.97371,0.94911,0.97183,0.97091,1.01005,0.97991,0.98656,0.98307,0.98476,0.91249,0.95585,0.92857,0.74454,0.0
106793_2023-04-10;108517_2024-04-07;113377_2023-02-13;113377_2023-08-03;113377_2024-06-13;113377_2024-08-17;116320_2023-01-28;116320_2024-12-29;118984_2023-04-25;120517_2023-03-07;120517_2023-11-28;120517_2024-07-01;121500_2023-08-12;121500_2024-02-02;123129_2023-07-13;125463_2023-10-15;125463_2023-12-21;127225_2023-05-02;127225_2024-06-02;127225_2024-06-27;127524_2023-02-12;130253_2024-05-14;130253_2024-09-21;132256_2023-12-01;132967_2023-09-22;132967_2023-11-12;132967_2024-04-06;133165_2024-10-17;133996_2023-03-03;133996_2023-04-02;133996_2023-04-20;138414_2023-11-03;140211_2023-04-23;140211_2024-06-18;142975_2023-01-19;142975_2024-09-28;144492_2023-07-28;144492_2023-12-08;146624_2023-08-26;147147_2023-04-24;147147_2023-05-14;147147_2023-10-10;151683_2024-09-19;151740_2023-01-09;155209_2023-04-23;155209_2024-11-11;157904_2024-01-01;157904_2024-12-15;160216_2023-01-17;160216_2023-03-29;160216_2023-04-09;160216_2024-09-21;160431_2024-05-11;161573_2023-04-07;161573_2023-06-22;161573_2023-09-11;161573_2023-12-20;161573_2024-08-06;163329_2023-03-29;163595_2023-02-25;163595_2023-08-18;165786_2023-10-08;166084_2023-02-20;167494_2024-01-08;167494_2024-01-23;167494_2024-06-30;168165_2023-02-15;168165_2023-08-25;169310_2023-08-08;169310_2023-10-10;169310_2023-12-13;169310_2024-07-01;169310_2024-10-03;170013_2024-11-10;171530_2024-03-17;171530_2024-09-18;172262_2024-11-20;172510_2023-03-10;172510_2024-09-26;174968_2023-08-16,0.61318,0.49727,10.80603,0.96234,1.02403,0.96234,0.8986,0.0,0.50018,0.63508,0.67246,0.70965,0.72745,0.74822,0.76033,0.7805,0.79609,0.82982,0.86377,0.88403,0.90499,0.91814,0.94863,1.0014,1.02827,1.04593,1.07549,1.11438,1.13278,1.2152,1.23708,0.85447,0.8958,0.9305,0.94213,0.94691,0.95495,0.9521,0.96265,0.96554,0.95743,0.96044,0.96683,0.98278,0.97941,0.97547,0.98417,1.0143,0.9906,0.97195,0.96036,0.96046,0.91733,0.94238,0.93662,0.71931,0.0
100354_2023-07-21;100354_2023-08-19;100354_2024-06-25;102016_2024-06-29;105366_2023-09-05;106298_2023-02-01;106298_2023-05-06;106793_2023-10-28;106793_2024-06-14;107448_2023-02-24;108517_2023-05-01;108517_2023-08-02;108517_2023-12-09;108517_2024-05-27;108795_2023-07-29;108795_2024-01-21;110260_2024-12-09;113377_2023-02-27;113377_2023-08-03;113377_2023-08-10;115937_2023-03-01;116320_2023-04-19;118984_2024-06-15;121555_2023-02-14;121555_2024-03-09;121555_2024-08-19;123129_2023-03-14;125463_2023-06-28;127225_2023-12-05;127524_2023-02-12;127524_2023-11-09;127524_2024-10-26;128843_2023-03-22;128843_2023-04-02;128843_2024-05-06;128843_2024-06-27;129071_2023-04-09;129071_2024-01-30;136407_2023-09-24;139410_2023-03-21;140649_2024-06-14;142975_2024-10-10;142999_2024-03-13;144492_2023-05-06;147147_2023-11-02;147147_2024-08-31;151740_2023-01-09;151740_2023-08-22;157904_2023-02-24;160216_2024-02-23;160216_2024-09-21;160431_2023-03-27;160431_2023-09-29;161573_2023-06-22;161573_2023-09-11;161573_2024-08-06;163329_2023-03-29;163329_2024-09-01;163595_2023-02-04;163817_2024-04-11;164897_2024-10-30;165786_2024-09-04;165786_2024-11-22;166084_2023-01-05;166084_2024-08-23;166084_2024-09-23;167494_2024-01-08;167494_2024-06-30;168165_2024-06-24;169310_2023-12-13;169310_2024-10-03;169310_2024-10-05;171530_2024-05-02;171530_2024-09-18;172262_2024-09-18;172510_2023-08-20;172510_2023-11-29;172510_2024-05-07;174968_2023-03-21;174968_2023-10-16,0.67533,0.48488,10.8212,0.9663,1.02412,0.9663,0.90839,0.0,0.47722,0.62545,0.68375,0.71826,0.73503,0.75459,0.77046,0.78608,0.8041,0.84249,0.86464,0.88289,0.90869,0.92909,0.96675,1.01501,1.04349,1.05339,1.07944,1.1147,1.12148,1.1968,1.21829,0.93437,0.93103,0.94484,0.94808,0.94901,1.0061,0.98383,0.9919,0.99386,0.95055,0.95356,0.95673,0.98474,0.96535,0.96395,0.97272,1.00354,1.00093,0.96173,0.96116,0.9552,0.95696,0.94471,0.92256,0.76276,0.0
100354_2023-08-19;100354_2024-06-25;100707_2023-09-06;102016_2023-07-20;102016_2024-10-15;104481_2024-07-30;105366_2023-09-16;107448_2024-08-07;107448_2024-10-09;108517_2023-08-02;108795_2023-07-29;110260_2023-01-06;112377_2023-02-13;112377_2023-10-18;112377_2024-05-22;113377_2023-07-01;113377_2024-09-29;116320_2023-11-03;116320_2024-06-14;120517_2024-08-08;121500_2024-07-24;121555_2023-02-20;121555_2023-10-09;123129_2023-03-09;123129_2024-02-01;123129_2024-08-11;127524_2023-11-09;127524_2024-01-15;128843_2023-03-22;128843_2024-06-27;129071_2023-03-16;129071_2023-04-09;130253_2023-07-26;130253_2024-02-18;130253_2024-03-03;130253_2024-09-21;132256_2023-12-01;132967_2024-08-12;133165_2024-03-01;133165_2024-03-19;133996_2023-04-09;133996_2023-04-20;136407_2023-04-22;138414_2024-11-09;140649_2024-03-22;142975_2023-10-18;142975_2024-06-07;142975_2024-09-28;144492_2023-12-08;147049_2024-01-27;147049_2024-12-20;152601_2024-08-27;155209_2023-01-10;155209_2023-09-05;155209_2024-11-15;157904_2024-01-23;157904_2024-02-10;157904_2024-05-25;160216_2024-03-08;160431_2023-03-01;161573_2023-02-25;161573_2024-07-23;163595_2024-02-27;163817_2024-01-21;163817_2024-01-26;163817_2024-06-23;165786_2024-06-04;166084_2023-01-03;166084_2024-09-23;168165_2024-01-17;168165_2024-05-28;169310_2023-12-13;169310_2024-10-03;171530_2023-06-20;172262_2023-02-12;172262_2024-02-24;172262_2024-11-20;172510_2024-12-21;174968_2023-02-25;174968_2024-05-19,0.68845,0.50547,10.81286,0.97749,1.03085,0.97749,0.91937,0.0,0.49416,0.627,0.67613,0.71454,0.73449,0.75385,0.76911,0.78456,0.80054,0.8347,0.8615,0.89158,0.9325,0.95306,0.99232,1.04054,1.06204,1.08057,1.10154,1.11827,1.11453,1.19392,1.216,0.87849,0.93306,0.93448,0.93397,0.93714,0.93717,0.93701,0.94381,0.9496,0.93864,0.94055,0.94621,0.95293,0.95217,0.96287,0.97171,1.00574,1.02442,1.03499,1.04048,1.00398,0.94114,0.97921,0.9873,0.68325,0.0
100354_2023-05-30;100354_2023-06-07;100354_2023-12-02;100707_2023-07-04;100707_2023-09-06;105366_2023-01-03;106298_2023-08-01;106298_2024-08-12;106298_2024-11-17;106793_2024-09-15;107448_2023-11-02;107448_2024-08-07;108517_2023-07-12;108517_2023-11-05;108517_2024-04-07;108795_2024-05-15;110260_2024-02-01;112377_2023-10-18;113377_2023-08-03;113377_2024-08-17;113377_2024-09-29;116320_2023-03-16;116320_2023-08-02;116320_2024-05-09;116320_2024-06-14;120517_2023-03-07;120517_2023-04-01;121500_2024-12-01;123129_2023-07-13;125463_2023-10-09;127524_2024-04-05;127524_2024-10-18;127524_2024-10-26;128843_2023-04-02;128843_2023-04-05;129071_2024-07-19;130253_2023-07-26;130253_2024-02-18;132256_2024-12-13;132967_2023-02-02;133165_2024-03-19;133165_2024-08-03;136407_2023-04-23;136407_2023-09-30;138414_2023-01-16;140211_2023-03-17;142975_2023-01-19;142975_2023-04-09;142975_2024-09-28;142975_2024-10-10;142999_2023-06-08;142999_2024-06-11;146624_2023-03-20;147147_2023-05-14;151683_2024-09-19;151740_2024-04-21;152601_2023-10-21;155209_2023-07-18;155209_2024-11-11;157904_2024-01-23;160431_2023-09-29;161573_2023-04-21;161573_2023-12-20;161573_2024-11-23;163595_2024-02-27;163595_2024-05-08;163817_2024-06-23;164897_2023-12-12;164897_2024-03-01;164897_2024-10-30;165786_2023-09-07;166084_2023-08-04;167494_2024-01-08;169310_2023-08-02;170013_2023-02-25;170013_2024-05-20;170013_2024-06-23;171530_2023-05-31;172510_2023-08-20;172510_2024-09-26,0.63704,0.47934,10.8091,0.97342,1.02727,0.97342,0.92219,0.0,0.49239,0.62188,0.68051,0.723,0.74935,0.77076,0.78615,0.8054,0.82208,0.86108,0.89465,0.91296,0.93299,0.95121,0.97917,1.02016,1.03891,1.05649,1.0819,1.10843,1.11669,1.20216,1.21862,0.85242,0.91654,0.91521,0.92211,0.92913,0.93893,0.93412,0.93813,0.95016,0.93197,0.93585,0.95585,0.97062,0.95426,0.97177,0.97048,1.01492,1.00395,1.00131,1.00804,1.01314,0.95538,0.99551,0.97928,0.76275,0.0
100354_2023-08-02;100354_2023-12-02;100354_2024-04-27;100354_2024-12-28;100707_2023-07-28;100707_2024-12-18;102016_2024-10-15;104481_2023-09-01;107448_2023-10-19;107448_2023-11-02;107448_2024-07-03;108517_2023-07-12;108517_2023-08-02;108795_2024-11-23;110260_2024-01-11;113377_2023-08-10;113377_2024-08-17;116320_2024-12-14;121500_2023-08-12;121500_2023-10-10;121500_2024-01-25;121500_2024-02-02;121500_2024-09-09;125463_2023-10-09;125463_2023-11-30;127225_2023-08-28;127524_2023-08-27;127524_2024-01-15;127524_2024-12-28;129071_2024-01-30;130253_2023-02-09;130253_2024-09-21;132967_2023-02-02;133165_2023-08-22;133165_2024-02-02;133996_2023-04-20;136407_2023-04-22;136407_2023-05-07;136407_2024-09-22;138414_2023-01-16;140649_2023-12-03;142975_2023-08-21;144492_2023-06-20;144492_2023-07-21;144492_2023-12-08;147049_2023-12-19;152601_2023-11-27;152601_2024-08-01;152601_2024-11-18;160216_2024-06-07;160431_2024-05-28;161573_2023-04-07;161573_2023-09-11;161573_2024-08-06;163329_2024-09-29;163595_2024-02-27;163595_2024-05-08;163817_2023-02-09;163817_2024-06-23;164897_2023-01-29;164897_2023-08-13;164897_2023-12-12;165786_2024-04-08;165786_2024-11-22;166084_2023-08-04;166084_2024-04-26;166084_2024-09-23;167494_2023-07-05;167494_2024-12-11;168165_2023-02-15;168165_2023-03-10;169310_2023-10-10;169310_2024-07-01;171530_2024-03-17;172262_2023-02-12;172262_2024-05-27;172510_2024-01-21;174968_2023-10-16;174968_2023-10-28;174968_2023-11-13,0.62737,0.50844,10.8059,0.97203,1.02556,0.97203,0.91459,0.0,0.5008,0.63528,0.68464,0.73277,0.76504,0.79448,0.81899,0.83416,0.84237,0.86296,0.88055,0.8965,0.9199,0.94162,0.97122,1.0128,1.03725,1.05955,1.08531,1.11183,1.11382,1.18948,1.21121,0.88334,0.93303,0.9456,0.95029,0.95518,0.96213,0.9615,0.96503,0.97226,0.9582,0.95741,0.96368,0.97661,0.97273,0.97902,0.98153,1.00267,1.00673,0.99107,0.99294,0.98876,0.92741,0.97675,0.96105,0.73088,0.0
100354_2023-08-02;100354_2024-12-28;100707_2023-01-07;100707_2024-04-14;104481_2023-11-01;105366_2024-01-02;106298_2024-03-13;106793_2024-06-14;108517_2023-04-24;108517_2023-06-11;108517_2023-12-09;108517_2024-04-07;108517_2024-05-30;108517_2024-07-13;108795_2024-01-21;110260_2024-02-01;113377_2023-02-13;113377_2024-01-04;116320_2023-01-28;116320_2024-04-04;116320_2024-05-09;118984_2024-06-15;120517_2024-08-07;120517_2024-10-01;121500_2023-08-12;121500_2023-10-10;121500_2024-01-25;123129_2024-02-01;127524_2023-07-08;127524_2023-11-09;127524_2024-01-15;127524_2024-01-23;127524_2024-04-05;127524_2024-10-18;128843_2023-04-13;128843_2024-02-22;129071_2024-07-19;130253_2023-07-26;132256_2024-01-07;132967_2023-02-03;132967_2024-02-20;132967_2024-11-28;133996_2023-04-09;136407_2024-09-22;138414_2023-01-16;139410_2023-06-21;140211_2023-03-17;140649_2023-04-24;142975_2023-01-19;142975_2024-09-28;144492_2023-05-06;146624_2023-03-12;146624_2023-08-26;147147_2023-10-10;147147_2023-11-02;147147_2024-01-18;151683_2024-05-21;151740_2024-07-24;152601_2024-12-21;155209_2023-01-16;155209_2023-09-05;160216_2024-06-07;160431_2023-09-29;160431_2024-05-28;161573_2023-06-22;161573_2023-10-14;163595_2023-02-04;163595_2023-08-18;164897_2023-01-29;164897_2023-07-03;165786_2024-09-04;167494_2024-01-23;167494_2024-10-26;169310_2024-10-05;170013_2024-11-12;172262_2023-11-11;172510_2023-01-25;172510_2024-01-06;172510_2024-01-21;174968_2023-11-13,0.646,0.51034,10.81662,0.95095,1.00936,0.95095,0.8912,0.0,0.49209,0.62043,0.67094,0.70618,0.72713,0.74583,0.7614,0.77378,0.78367,0.81207,0.8487,0.86925,0.88906,0.91428,0.95814,0.99929,1.01829,1.03054,1.05457,1.09149,1.11384,1.1918,1.20671,0.87371,0.90443,0.90848,0.91402,0.91668,0.95633,0.94916,0.96079,0.9621,0.95107,0.95146,0.959,0.97983,0.97,0.97512,0.97288,1.00651,0.94321,0.95869,0.9433,0.94873,0.91293,0.92815,0.92996,0.71666,0.0
100354_2023-12-02;100354_2024-04-27;104481_2023-08-15;104481_2024-10-02;106298_2023-06-14;106298_2024-03-13;106793_2023-10-28;106793_2024-06-14;107448_2023-08-23;108517_2023-04-24;108517_2023-06-11;108517_2023-12-09;108517_2024-05-30;108517_2024-07-13;108795_2024-06-13;115937_2024-07-11;116320_2023-03-16;118984_2023-08-29;120517_2023-04-01;120517_2023-11-28;120517_2024-07-01;121555_2024-03-09;123129_2024-08-11;125463_2023-10-09;127225_2023-12-05;127524_2024-03-16;128843_2023-11-19;129071_2024-07-19;129071_2024-12-19;130253_2024-05-14;130253_2024-05-17;132256_2023-12-01;132967_2023-11-03;133165_2024-03-19;133165_2024-08-21;133165_2024-11-27;133996_2023-10-02;136407_2023-04-23;136407_2023-10-16;138414_2024-02-24;140649_2024-03-22;142975_2023-11-02;142975_2024-06-07;142975_2024-12-10;142999_2024-06-11;144492_2023-06-20;144492_2024-06-12;146624_2023-01-11;146624_2023-08-08;146624_2024-05-25;147049_2023-08-22;147049_2024-01-27;147049_2024-04-11;147147_2024-01-18;152601_2024-08-27;155209_2023-07-18;160431_2023-03-27;161573_2023-04-07;161573_2023-06-22;161573_2024-02-04;163329_2024-09-01;163817_2024-05-09;164897_2024-07-09;164897_2024-10-30;165786_2023-02-10;165786_2023-10-08;166084_2024-08-23;166206_2023-07-12;166206_2024-10-22;167494_2023-11-16;167494_2024-11-16;168165_2024-01-17;169310_2024-10-05;170013_2024-05-20;172262_2023-07-08;172262_2024-09-18;172510_2023-11-29;172510_2024-02-12;172510_2024-09-26;174968_2023-10-16,0.6808,0.50669,10.81665,0.95878,1.01679,0.95878,0.89984,0.0,0.48984,0.62594,0.68122,0.71094,0.72809,0.7445,0.76055,0.77815,0.79747,0.82081,0.84772,0.86616,0.89603,0.921,0.95263,1.00082,1.03253,1.05744,1.08341,1.10265,1.1141,1.20253,1.21775,0.84207,0.90331,0.89983,0.90743,0.9187,0.92954,0.92052,0.9325,0.9409,0.92433,0.9281,0.93788,0.95662,0.95272,0.94778,0.97167,1.01462,0.99833,0.99281,0.97819,0.97216,0.90285,0.95173,0.94361,0.68338,0.0
100354_2023-07-21;100354_2024-06-25;100354_2024-12-28;100707_2024-04-14;102016_2024-06-29;102016_2024-10-15;104481_2023-09-01;104481_2024-05-05;104481_2024-10-02;106298_2024-11-17;106793_2023-10-28;107448_2023-11-16;107448_2024-01-07;107448_2024-05-30;107448_2024-11-26;108795_2024-05-15;110260_2023-06-23;112377_2024-10-02;116320_2024-06-12;116320_2024-11-29;118984_2023-04-25;121500_2023-05-20;121500_2024-07-24;121555_2023-02-20;121555_2024-03-31;123129_2024-02-01;123129_2024-06-13;125463_2024-01-22;127225_2024-06-02;127225_2024-06-27;127524_2024-01-15;127524_2024-03-16;127524_2024-09-05;128843_2023-04-13;129071_2024-01-30;130253_2024-03-23;132967_2023-02-02;133996_2023-06-12;136407_2023-05-07;136407_2023-10-01;138414_2023-10-18;140649_2023-01-20;142975_2024-12-10;142999_2023-05-01;144492_2023-05-06;144492_2023-07-28;144492_2024-06-12;146624_2023-03-12;146624_2023-04-28;146624_2024-05-25;151683_2024-05-09;155209_2024-11-15;157904_2023-02-24;157904_2024-02-10;160216_2023-01-17;160216_2024-08-17;160431_2024-05-11;160431_2024-05-28;160431_2024-07-01;161573_2024-07-23;161573_2024-07-29;161573_2024-08-23;163595_2023-02-25;163595_2024-05-08;163817_2024-02-14;163817_2024-05-09;164897_2024-11-16;165786_2023-10-16;166084_2023-01-05;166206_2024-09-27;167494_2023-07-05;167494_2023-08-27;167494_2024-03-08;167494_2024-11-16;168165_2023-08-25;172262_2024-05-27;172510_2023-03-10;172510_2024-09-26;172510_2024-12-21;174968_2023-11-13,0.63658,0.4887,10.81268,0.97108,1.02463,0.97108,0.91689,0.0,0.49526,0.62764,0.68784,0.72744,0.75373,0.77628,0.79795,0.81702,0.83044,0.86121,0.89299,0.91169,0.94153,0.96301,0.98268,1.01567,1.03433,1.04552,1.06712,1.10281,1.11679,1.18816,1.21411,0.89976,0.92873,0.95661,0.95918,0.9612,0.97193,0.96513,0.96603,0.98358,0.96599,0.95423,0.95479,0.99084,0.96123,0.96761,0.97598,1.00079,0.97866,0.97559,0.9665,1.00551,0.93404,0.95422,0.93432,0.78189,0.0
100354_2024-04-27;100707_2023-07-28;100707_2024-04-14;100707_2024-07-11;100707_2024-12-03;102016_2024-11-04;104481_2024-05-05;104481_2024-07-30;106298_2024-08-18;107448_2023-09-20;108517_2023-06-11;112377_2023-10-18;113377_2024-08-13;116320_2023-08-20;118984_2023-08-29;121500_2023-05-20;121500_2024-01-25;121500_2024-09-09;121500_2024-12-01;123129_2023-03-09;123129_2023-07-13;123129_2023-08-08;125463_2023-06-17;125463_2023-06-18;125463_2024-03-27;127225_2023-05-09;127225_2024-07-07;127524_2023-11-09;128843_2024-05-16;129071_2023-04-09;130253_2024-02-18;130253_2024-09-21;132256_2024-11-19;132967_2023-02-03;132967_2023-11-03;132967_2024-04-06;133165_2024-08-21;133996_2023-03-03;136407_2023-10-16;140211_2023-06-14;142975_2024-06-07;142975_2024-09-28;144492_2023-05-06;144492_2023-12-08;146624_2023-03-10;147049_2023-04-04;147049_2023-11-20;147049_2024-04-22;147147_2023-11-02;147147_2024-08-31;151683_2024-05-25;155209_2024-11-11;160216_2024-03-06;160216_2024-09-21;161573_2023-04-21;161573_2024-02-04;161573_2024-07-29;161573_2024-11-23;163329_2023-03-29;163329_2024-09-29;163817_2023-02-09;163817_2024-02-14;163817_2024-05-09;164897_2023-07-03;164897_2023-09-05;165786_2024-09-04;166084_2023-01-03;166206_2024-10-22;167494_2023-08-27;169310_2023-06-10;169310_2023-08-08;169310_2023-12-13;169310_2024-10-05;170013_2024-11-12;171530_2023-03-22;171530_2024-09-18;172262_2023-02-12;172262_2024-05-27;172262_2024-09-18;172510_2024-05-07,0.67213,0.48604,10.81132,0.95184,1.02094,0.95184,0.89094,0.0,0.48502,0.62276,0.67645,0.71348,0.73213,0.74868,0.76934,0.78075,0.79092,0.81295,0.83733,0.85874,0.87461,0.89425,0.92637,0.98854,1.00759,1.01801,1.04511,1.10938,1.15127,1.23402,1.26495,0.84288,0.90096,0.9167,0.91697,0.93511,0.95429,0.95016,0.95833,0.96427,0.95845,0.96183,0.97133,1.0173,0.97878,1.00279,0.99435,1.05084,0.92708,0.93145,0.89159,0.92827,0.88824,0.90608,0.9265,0.74542,0.0
100707_2023-01-07;100707_2024-04-01;102016_2024-03-08;102016_2024-06-29;104481_2024-07-30;105366_2023-09-16;106298_2023-02-01;106793_2023-09-21;107448_2024-08-07;108517_2023-06-11;108517_2024-07-01;112377_2023-10-18;112377_2024-05-22;113377_2023-07-01;113377_2024-08-13;115937_2024-07-11;115937_2024-10-13;116320_2024-11-01;116320_2024-11-29;120517_2023-11-28;121500_2023-05-20;121500_2023-08-12;121500_2023-10-10;121555_2023-02-14;123129_2023-08-08;123129_2024-08-11;125463_2023-06-17;125463_2023-10-15;127225_2023-05-30;127225_2024-07-07;127524_2024-12-28;129071_2023-02-19;130253_2024-03-23;132256_2023-12-01;132967_2023-02-02;133165_2024-03-19;133996_2023-04-09;133996_2023-04-20;133996_2024-11-02;136407_2023-12-20;138414_2024-02-24;139410_2023-03-21;140211_2023-04-23;140649_2023-04-24;140649_2024-06-14;144492_2023-07-28;146624_2023-08-26;146624_2024-05-28;147049_2024-04-22;147147_2023-10-10;147147_2023-11-10;151683_2024-05-09;151683_2024-05-25;151740_2024-07-24;155209_2023-04-23;155209_2023-09-05;157904_2024-01-23;157904_2024-12-15;160216_2023-04-09;160216_2024-08-22;161573_2024-07-23;161573_2024-07-29;163817_2023-07-05;163817_2024-02-14;163817_2024-05-09;165786_2023-10-08;165786_2024-09-04;166084_2023-08-04;166084_2023-09-25;167494_2024-01-23;168165_2023-02-15;169310_2023-01-03;169310_2023-08-02;170013_2023-11-17;170013_2024-11-10;171530_2024-06-13;172262_2023-06-20;172262_2024-09-18;174968_2023-02-25;174968_2024-04-14,0.65706,0.50133,10.81247,0.98238,1.03665,0.98238,0.92559,0.0,0.48908,0.61411,0.67433,0.71958,0.7406,0.7626,0.78648,0.80774,0.82247,0.8548,0.8896,0.91826,0.93781,0.95512,1.00051,1.03584,1.05261,1.07484,1.09625,1.11739,1.12504,1.21167,1.2361,0.85317,0.91345,0.91255,0.91837,0.92613,0.93447,0.9402,0.94735,1.01701,0.94075,0.93359,0.95165,0.96457,0.95296,0.97193,0.98415,1.0143,1.00264,1.02577,1.01713,1.02248,0.89414,1.06192,0.97556,0.69671,0.0
100354_2023-06-07;100354_2023-12-02;100354_2024-12-28;100707_2023-01-07;100707_2023-07-28;100707_2024-12-18;102016_2023-07-20;102016_2024-03-08;102016_2024-03-27;106298_2023-11-11;106298_2024-08-12;107448_2023-08-23;107448_2024-05-30;107448_2024-10-09;107448_2024-12-04;108795_2024-01-21;113377_2023-02-27;113377_2023-08-03;115937_2024-09-25;116320_2023-01-28;116320_2024-06-20;120517_2024-10-01;121500_2024-02-24;123129_2023-10-10;125463_2023-09-25;125463_2023-10-09;127225_2024-07-07;127524_2023-07-08;129071_2024-10-24;132967_2024-11-28;136407_2023-10-01;136407_2024-09-22;140211_2023-03-09;140211_2023-04-23;140649_2023-01-20;140649_2023-04-24;140649_2023-11-22;140649_2023-12-03;140649_2024-03-22;140649_2024-06-14;142999_2024-06-11;144492_2023-07-28;147147_2024-08-31;151683_2024-05-09;152601_2024-12-21;155209_2023-01-10;157904_2024-01-23;157904_2024-02-10;160216_2024-03-06;161573_2023-02-25;161573_2023-04-21;161573_2023-06-22;161573_2023-09-11;161573_2024-05-27;161573_2024-11-23;163595_2023-02-25;163817_2023-03-14;163817_2023-07-05;163817_2024-01-26;163817_2024-02-14;163817_2024-11-27;164897_2023-07-03;164897_2024-07-09;165786_2023-02-16;166084_2024-01-13;166084_2024-10-08;166206_2023-07-12;166206_2024-09-14;167494_2024-01-23;167494_2024-11-16;169310_2023-08-02;169310_2023-08-08;169310_2023-10-10;169310_2024-06-28;169310_2024-10-05;171530_2023-05-31;171530_2023-06-06;172262_2024-05-27;172510_2023-08-20;172510_2024-01-21,0.66208,0.47952,10.81305,0.96445,1.02078,0.96445,0.912,0.0,0.47292,0.63001,0.69324,0.73375,0.7486,0.77069,0.78599,0.79957,0.81501,0.84398,0.86776,0.88787,0.91092,0.93426,0.97038,1.01093,1.02635,1.04284,1.07134,1.10801,1.11888,1.1949,1.21772,0.89365,0.94254,0.94377,0.94302,0.94342,0.96027,0.96112,0.96288,0.96809,0.95403,0.94606,0.94836,0.97743,0.95649,0.96404,0.97329,1.00096,1.0282,0.96713,0.95029,0.98845,0.9349,0.99481,0.91447,0.81157,0.0
100354_2023-08-19;100354_2023-09-22;100354_2024-04-27;100707_2023-07-28;100707_2024-04-01;102016_2023-07-20;102016_2024-10-15;104481_2024-01-19;106793_2023-06-04;106793_2023-06-09;106793_2023-10-28;106793_2024-06-14;107448_2024-08-07;108795_2024-04-26;110260_2023-06-23;115937_2024-07-11;115937_2024-09-22;116320_2023-03-16;118984_2023-04-25;120517_2023-03-07;121555_2023-02-14;123129_2024-06-13;125463_2023-11-25;125463_2024-07-05;127225_2023-03-14;127225_2023-05-02;127225_2024-11-10;128843_2023-03-22;128843_2023-04-05;129071_2024-01-30;130253_2023-05-03;130253_2024-05-17;132256_2024-01-07;132967_2023-11-12;132967_2024-02-20;133165_2024-08-16;133996_2023-10-02;138414_2023-10-18;139410_2023-03-06;139410_2024-07-16;142975_2023-04-09;142975_2024-09-28;144492_2023-06-20;144492_2023-09-22;144492_2023-12-08;146624_2023-03-12;146624_2024-05-28;147049_2024-01-27;147049_2024-04-11;147049_2024-04-17;147147_2023-04-24;151683_2024-09-19;151740_2024-07-24;152601_2024-08-27;152601_2024-12-21;155209_2024-11-11;160216_2023-03-29;160216_2024-08-22;161573_2023-09-11;163595_2023-02-04;163817_2023-02-09;163817_2023-07-05;164897_2024-03-01;165786_2023-10-08;165786_2024-04-08;165786_2024-06-04;166084_2023-02-20;166084_2023-08-10;167494_2023-07-05;167494_2024-01-08;167494_2024-02-26;167494_2024-06-30;168165_2024-05-28;169310_2024-03-17;170013_2024-05-20;170013_2024-06-23;170013_2024-11-12;171530_2023-06-20;172510_2023-12-22;174968_2023-08-16,0.63855,0.50317,10.81061,0.96273,1.02132,0.96273,0.90106,0.0,0.49695,0.62214,0.67622,0.70579,0.72648,0.74862,0.76493,0.77767,0.78931,0.82547,0.85561,0.88034,0.91166,0.93435,0.96675,1.01283,1.03443,1.04902,1.0719,1.10524,1.12011,1.20723,1.22541,0.8526,0.90029,0.92081,0.93688,0.93921,0.93951,0.93715,0.95269,0.95801,0.9439,0.94764,0.95509,0.97247,0.95897,0.96542,0.97802,1.01176,0.97235,0.98252,0.98955,0.98417,0.905,0.94214,0.94997,0.63603,0.0
100354_2023-07-21;100354_2024-06-25;100707_2023-09-06;100707_2024-06-02;100707_2024-12-18;106298_2023-02-25;106298_2023-04-26;106793_2024-06-13;106793_2024-12-22;108517_2023-06-11;108517_2023-11-05;108517_2024-04-07;108795_2023-12-14;108795_2024-01-21;112377_2024-01-18;113377_2024-01-04;116320_2024-04-04;116320_2024-12-29;120517_2023-04-01;120517_2024-07-01;120517_2024-08-07;121500_2023-10-10;123129_2023-03-14;123129_2023-08-08;123129_2023-10-10;125463_2023-06-18;125463_2024-07-05;127225_2024-06-27;127524_2023-11-09;128843_2024-05-16;128843_2024-06-27;129071_2023-03-16;132256_2024-11-19;132967_2023-11-12;133165_2024-03-19;133165_2024-08-03;133996_2023-04-09;133996_2023-06-12;136407_2023-04-23;138414_2023-01-16;139410_2023-07-18;139410_2024-07-16;140211_2023-11-11;140649_2023-02-05;142975_2024-09-28;142999_2024-03-13;144492_2023-06-20;146624_2023-08-26;147049_2023-04-04;147049_2024-01-27;147147_2023-10-10;147147_2023-11-10;147147_2024-01-18;151683_2024-05-21;152601_2023-10-21;152601_2024-08-27;155209_2023-01-10;160431_2024-10-28;161573_2024-07-23;161573_2024-11-23;163595_2023-11-21;163817_2023-02-09;163817_2023-03-14;163817_2024-04-11;164897_2024-07-09;166206_2024-10-22;167494_2024-01-23;167494_2024-02-26;167494_2024-10-26;168165_2023-08-25;168165_2024-05-28;169310_2024-10-03;171530_2023-06-20;171530_2024-09-18;172262_2024-11-20;172510_2023-03-10;172510_2023-08-20;174968_2023-02-25;174968_2023-10-28;174968_2023-11-13,0.64415,0.49485,10.82008,0.95104,1.01155,0.95104,0.88978,0.0,0.48742,0.61695,0.67121,0.71043,0.72964,0.74732,0.76181,0.77369,0.78695,0.81723,0.85137,0.87583,0.89027,0.90773,0.94603,0.99488,1.01927,1.02918,1.05542,1.09358,1.12019,1.20351,1.21844,0.86238,0.88648,0.91092,0.91399,0.93445,0.94947,0.94514,0.96772,0.98162,0.95066,0.95079,0.95697,0.98711,0.94661,0.97042,0.98122,1.01653,0.94837,0.94727,0.9361,0.95192,0.87719,0.91462,0.90741,0.7069,0.0
100354_2023-09-22;100354_2024-12-28;100707_2023-01-01;100707_2024-06-02;100707_2024-12-18;102016_2024-04-10;102016_2024-10-15;104481_2023-09-01;106298_2023-02-25;106793_2023-06-09;107448_2023-11-02;107448_2024-08-12;108517_2023-07-12;108517_2024-07-13;108795_2024-01-21;110260_2023-09-02;110260_2024-02-01;113377_2024-01-04;113377_2024-09-29;116320_2023-01-28;120517_2023-11-28;120517_2024-08-07;123129_2023-03-14;123129_2024-08-11;127225_2024-06-27;127524_2024-06-25;127524_2024-07-02;127524_2024-12-28;129071_2023-10-25;129071_2024-07-19;129071_2024-12-19;130253_2024-08-31;132256_2024-03-31;132967_2024-08-12;133996_2023-10-02;136407_2023-04-23;136407_2023-05-07;138414_2024-11-09;139410_2024-03-11;140211_2024-02-16;140211_2024-06-18;140649_2023-11-22;142999_2024-06-11;144492_2023-09-22;146624_2023-08-08;146624_2023-08-26;147147_2023-11-10;151683_2024-05-21;151740_2024-12-21;152601_2023-02-14;152601_2023-10-21;152601_2023-11-27;157904_2024-02-10;160216_2024-08-17;160216_2024-09-21;160431_2024-10-28;161573_2024-08-23;163595_2023-02-04;164897_2023-01-29;165786_2023-02-10;165786_2023-02-16;166084_2023-09-19;166084_2024-01-13;166084_2024-09-23;166084_2024-10-08;168165_2024-01-17;169310_2023-06-02;170013_2023-06-07;170013_2024-06-23;171530_2023-06-20;171530_2024-05-02;171530_2024-06-13;172262_2023-11-11;172262_2024-01-06;172262_2024-05-27;172510_2024-05-21;172510_2024-12-24;174968_2023-02-25;174968_2024-04-14;174968_2024-05-19,0.67982,0.50124,10.81411,0.97704,1.02883,0.97704,0.92025,0.0,0.49664,0.63361,0.68174,0.71782,0.7388,0.7593,0.7813,0.80445,0.82336,0.87125,0.92025,0.94522,0.96012,0.96908,0.98423,1.02299,1.04306,1.05795,1.08069,1.11023,1.11709,1.18652,1.20756,0.9129,0.94864,0.96466,0.9628,0.96723,0.98227,0.9756,0.97371,0.98633,0.97235,0.97429,0.97477,0.98896,0.96964,0.97386,0.9804,1.00576,0.99408,0.9882,0.9868,1.00808,0.94025,0.98877,0.94199,0.74207,0.0
100354_2023-07-21;100707_2023-01-07;102016_2024-03-27;104481_2023-09-01;104481_2023-11-01;105366_2023-09-05;105366_2024-07-06;106298_2023-02-01;106298_2023-06-14;106793_2023-06-09;107448_2023-10-19;107448_2024-10-21;108517_2024-04-07;108517_2024-05-21;108795_2024-06-13;110260_2023-06-23;110260_2023-09-02;113377_2023-02-13;116320_2024-05-09;116320_2024-06-14;118984_2024-06-15;120517_2024-10-01;121500_2023-05-20;123129_2023-10-10;125463_2023-10-15;125463_2024-01-22;127225_2024-11-10;127524_2024-01-15;127524_2024-09-05;128843_2023-03-22;128843_2024-05-16;129071_2023-03-16;132256_2024-01-07;132256_2024-03-31;132967_2023-09-22;132967_2023-12-31;132967_2024-08-12;133165_2024-08-21;133996_2023-04-02;136407_2023-04-22;138414_2024-04-18;138414_2024-11-09;139410_2023-07-18;139410_2024-03-11;140649_2023-02-05;140649_2023-04-24;142999_2023-05-01;146624_2023-03-12;146624_2023-04-28;146624_2024-05-28;147049_2024-01-27;147049_2024-11-03;147147_2023-06-07;151683_2023-10-20;151740_2023-08-22;151740_2024-04-21;151740_2024-07-24;152601_2024-08-01;157904_2023-03-28;161573_2024-07-23;163329_2023-03-29;163595_2024-05-08;163595_2024-09-22;163817_2023-03-14;163817_2024-04-11;164897_2024-10-30;165786_2023-02-16;165786_2024-06-04;165786_2024-09-04;166084_2023-01-05;166084_2024-04-26;166084_2024-10-08;167494_2024-01-08;167494_2024-02-26;168165_2024-05-28;169310_2023-08-02;169310_2024-10-05;170013_2023-10-01;171530_2024-03-17;172510_2024-01-21,0.66249,0.49024,10.81127,0.971,1.02501,0.971,0.91421,0.0,0.48674,0.63073,0.68958,0.73437,0.76389,0.79554,0.82718,0.85093,0.85906,0.88005,0.90236,0.91922,0.9386,0.94882,0.97164,1.00702,1.02596,1.03781,1.06253,1.10149,1.11825,1.19404,1.21627,0.89266,0.9319,0.94841,0.953,0.96103,0.97132,0.96742,0.97856,0.98296,0.97183,0.96276,0.96331,0.99738,0.98088,0.9771,0.98366,1.00292,0.9788,0.97138,0.96067,0.99394,0.95759,0.9704,0.95666,0.74279,0.0
100354_2023-06-07;100707_2023-07-04;100707_2023-07-28;100707_2024-04-01;102016_2023-07-18;104481_2024-10-02;106298_2023-11-11;106793_2024-06-14;106793_2024-12-22;107448_2023-10-19;108517_2023-08-02;108517_2024-04-07;108795_2023-07-29;110260_2024-01-11;112377_2023-02-13;113377_2023-07-01;113377_2024-08-17;115937_2024-07-11;116320_2024-12-29;120517_2023-11-28;120517_2024-08-07;121500_2023-10-10;123129_2023-08-08;125463_2023-10-15;127524_2023-07-08;127524_2023-08-27;127524_2023-11-09;127524_2024-03-16;127524_2024-04-05;127524_2024-12-28;129071_2024-10-24;130253_2024-03-23;132967_2023-11-03;132967_2024-07-16;136407_2023-09-30;138414_2024-04-18;140211_2024-06-18;140649_2024-06-14;142999_2023-05-01;144492_2023-09-22;144492_2023-12-08;146624_2023-01-11;146624_2024-05-28;147049_2024-12-20;147147_2024-01-18;147147_2024-08-31;152601_2023-01-18;152601_2023-02-14;155209_2023-04-23;155209_2024-11-11;155209_2024-11-15;157904_2023-03-28;157904_2024-02-10;160216_2023-03-29;160216_2024-08-17;160431_2024-05-28;161573_2023-06-22;161573_2024-07-23;161573_2024-08-06;164897_2023-09-05;164897_2023-12-12;165786_2023-02-16;165786_2024-06-04;166084_2024-08-23;166206_2023-01-05;166206_2024-09-14;169310_2023-06-10;169310_2024-07-01;170013_2023-02-25;170013_2024-11-12;171530_2024-05-02;172262_2023-02-12;172262_2023-06-20;172262_2024-03-18;172262_2024-09-18;172510_2024-01-21;172510_2024-02-12;172510_2024-05-21;172510_2024-12-21;174968_2023-11-13,0.68998,0.50605,10.81419,0.95522,1.01488,0.95522,0.89363,0.0,0.50061,0.62358,0.66348,0.70366,0.72505,0.74231,0.75739,0.77127,0.78805,0.82208,0.85769,0.89655,0.91977,0.93173,0.95584,0.99407,1.01525,1.02868,1.0554,1.09887,1.12045,1.20099,1.22537,0.87364,0.92513,0.92041,0.93587,0.94167,0.97341,0.96679,0.97435,0.99207,0.97419,0.95685,0.95557,0.99218,0.95893,0.97085,0.98323,1.00555,0.98889,0.94535,0.93986,0.95344,0.9389,0.95702,0.93608,0.72967,0.0
100354_2024-03-09;100707_2023-07-04;102016_2023-07-18;102016_2024-03-27;104481_2024-01-19;105366_2024-07-06;106298_2023-06-14;106298_2024-03-13;106793_2023-04-10;106793_2024-06-13;107448_2023-02-24;107448_2023-09-20;107448_2024-10-09;108517_2023-05-01;108517_2023-06-11;108795_2024-04-26;108795_2024-06-13;112377_2023-01-26;113377_2023-02-13;113377_2024-08-13;113377_2024-08-24;116320_2023-11-03;116320_2024-04-04;116320_2024-05-09;116320_2024-06-12;120517_2024-08-07;120517_2024-11-08;121555_2024-03-09;123129_2023-08-08;125463_2023-06-28;125463_2023-11-25;127225_2023-08-28;127225_2024-06-02;127524_2024-01-15;127524_2024-09-05;128843_2023-04-02;129071_2023-04-09;132967_2023-11-12;132967_2023-12-02;132967_2024-07-16;136407_2023-09-30;139410_2024-03-11;142975_2023-01-19;142975_2023-10-18;142975_2024-06-07;142975_2024-09-28;142975_2024-12-10;147049_2024-04-22;147049_2024-08-15;147147_2023-06-07;147147_2023-10-10;151683_2023-10-20;155209_2023-01-16;157904_2024-12-15;160216_2023-03-29;160431_2024-05-28;161573_2023-02-25;163595_2023-02-04;163595_2023-02-25;163817_2024-04-11;164897_2024-03-01;164897_2024-08-06;166084_2023-01-05;166084_2023-02-20;166084_2023-09-25;166084_2024-01-13;166084_2024-09-23;167494_2023-07-05;167494_2023-08-27;168165_2024-01-17;169310_2023-01-03;169310_2023-06-02;170013_2023-06-07;170013_2024-11-12;172262_2024-02-12;172262_2024-03-18;172262_2024-05-27;172262_2024-11-20;172510_2024-09-26;174968_2023-02-25,0.68896,0.51895,10.81083,0.97459,1.02793,0.97459,0.93422,0.0,0.50956,0.65305,0.70516,0.74646,0.76107,0.77923,0.79388,0.80734,0.82499,0.86151,0.89676,0.91771,0.93328,0.94615,0.97562,1.02234,1.04156,1.06033,1.08284,1.11082,1.11598,1.1928,1.21565,0.87516,0.91415,0.93081,0.93201,0.94041,0.94129,0.94012,0.94088,0.94334,0.94058,0.94258,0.94866,0.95662,0.95486,0.96287,0.97274,1.00694,1.00302,0.99529,1.00398,0.99079,0.9674,0.999,0.97459,0.85822,0.0
100354_2023-09-22;100707_2024-06-02;100707_2024-07-11;100707_2024-12-03;100707_2024-12-18;104481_2023-09-01;104481_2024-07-30;105366_2024-07-06;106298_2023-05-06;106793_2023-03-14;107448_2023-09-20;108517_2024-05-21;108517_2024-05-27;108795_2023-07-29;110260_2024-01-11;110260_2024-12-09;115937_2024-06-30;116320_2023-11-03;118984_2023-04-25;121500_2024-01-25;121500_2024-12-01;121555_2024-08-19;123129_2023-03-09;123129_2024-08-26;125463_2023-06-18;125463_2023-11-25;125463_2024-03-27;127225_2023-05-30;127225_2024-07-07;127524_2023-02-12;127524_2023-11-09;127524_2024-10-26;128843_2023-04-05;128843_2023-11-19;129071_2023-03-16;129071_2024-07-19;129071_2024-10-24;132967_2023-02-02;133165_2023-08-22;133165_2024-08-16;133996_2023-06-12;136407_2024-09-22;140211_2023-11-11;142975_2023-08-21;142975_2023-10-18;142975_2024-12-10;142999_2023-05-01;142999_2024-06-11;146624_2023-03-12;146624_2024-05-25;147049_2023-04-04;147049_2024-01-27;147147_2023-05-14;151683_2023-03-15;151683_2024-05-25;151683_2024-09-19;152601_2023-02-14;152601_2024-08-27;152601_2024-12-21;160216_2024-02-23;160431_2024-05-28;161573_2023-12-20;163329_2023-03-29;163595_2023-02-25;163595_2024-02-27;163595_2024-09-22;163817_2024-02-14;165786_2023-02-10;166084_2024-08-23;166084_2024-09-23;168165_2023-02-15;169310_2023-06-02;169310_2023-08-02;169310_2024-06-28;169310_2024-07-08;169310_2024-10-03;170013_2023-10-01;170013_2024-11-12;171530_2024-03-17;172262_2024-09-18,0.67417,0.49169,10.81675,0.95822,1.01687,0.95822,0.90639,0.0,0.48634,0.64907,0.70069,0.72805,0.74296,0.76644,0.79144,0.80836,0.81098,0.83526,0.85931,0.85112,0.90775,0.9243,0.95475,0.99013,1.02036,1.04002,1.06388,1.10344,1.12061,1.19046,1.21361,0.90145,0.90384,0.94019,0.94632,0.94111,0.96182,0.95517,0.95707,0.95892,0.93641,0.93903,0.93903,0.96591,0.96762,0.95888,0.97037,1.00923,0.97948,0.97844,0.9319,0.97676,0.98141,0.91456,0.99492,0.78321,0.0
100354_2023-12-02;100707_2023-01-01;100707_2024-04-14;105366_2023-01-03;105366_2023-09-05;106793_2023-09-21;107448_2023-09-20;107448_2024-05-30;107448_2024-07-03;107448_2024-12-04;108517_2024-04-07;110260_2023-06-23;110260_2023-09-02;113377_2023-02-13;113377_2023-07-01;113377_2024-08-13;115937_2023-03-01;116320_2023-08-20;116320_2023-11-03;118984_2024-06-15;120517_2024-08-08;120517_2024-11-08;121500_2023-03-22;121500_2023-08-12;121500_2024-09-09;121555_2024-03-09;121555_2024-03-31;123129_2024-06-13;125463_2023-06-17;125463_2023-12-21;127524_2023-07-08;129071_2023-10-25;129071_2024-10-24;130253_2023-07-26;130253_2024-02-18;130253_2024-03-03;130253_2024-05-14;132256_2023-12-01;132256_2024-11-19;132256_2024-12-13;132967_2023-02-03;132967_2024-04-06;132967_2024-07-16;132967_2024-08-07;133996_2023-10-02;136407_2023-09-30;138414_2024-11-09;140649_2023-02-05;140649_2023-12-03;142975_2023-04-09;142999_2024-03-13;147049_2023-04-04;147049_2024-04-17;147049_2024-04-22;147049_2024-12-20;147147_2023-10-10;147147_2023-11-02;151740_2023-01-09;151740_2024-07-24;152601_2024-08-01;160216_2024-02-23;160216_2024-03-08;160216_2024-09-21;161573_2024-02-04;161573_2024-11-23;163595_2023-08-18;163595_2024-02-27;164897_2024-07-09;166084_2023-01-03;166084_2023-08-04;166206_2024-09-27;167494_2024-01-08;168165_2024-05-28;169310_2024-10-03;170013_2024-11-12;171530_2024-09-18;172262_2023-07-08;172510_2023-11-29;174968_2023-03-21;174968_2024-05-19,0.65191,0.48711,10.81286,0.96676,1.0226,0.96676,0.90691,0.0,0.47885,0.62407,0.69095,0.73676,0.77061,0.80601,0.82006,0.82931,0.83824,0.85826,0.87697,0.89387,0.91286,0.9323,0.98201,1.00576,1.02291,1.03566,1.05816,1.10665,1.12198,1.19396,1.21509,0.91745,0.94721,0.96193,0.96206,0.9638,0.98538,0.9787,0.98445,0.99596,0.97893,0.98069,0.98216,0.99662,0.96921,0.97535,0.98228,1.00449,0.97353,0.96936,0.95586,0.96955,0.90409,0.95057,0.89954,0.70515,0.0
100354_2023-07-21;100354_2023-12-02;100707_2023-01-07;106298_2023-02-04;106298_2023-02-25;106298_2024-03-13;106298_2024-08-12;106298_2024-11-17;106793_2023-06-04;108517_2023-04-24;108517_2023-05-01;108517_2023-11-05;110260_2024-02-01;112377_2024-05-22;113377_2024-01-08;116320_2024-05-09;118984_2024-06-15;120517_2023-11-28;125463_2023-11-25;125463_2024-07-05;127225_2023-08-28;127225_2024-09-15;127524_2024-03-16;127524_2024-12-28;128843_2023-04-05;129071_2023-04-09;130253_2024-03-23;132256_2024-11-19;132967_2023-02-02;132967_2023-11-03;133996_2024-11-14;138414_2024-02-24;140649_2023-01-20;142999_2024-03-13;146624_2023-04-28;147049_2024-04-22;147049_2024-08-15;147049_2024-11-03;147147_2023-10-10;147147_2023-11-10;151740_2024-07-24;152601_2024-03-10;157904_2024-01-01;157904_2024-01-23;160216_2024-03-06;160431_2024-05-28;161573_2023-04-07;161573_2023-10-14;163329_2023-03-29;163329_2024-09-01;163595_2023-02-25;163595_2023-08-18;163595_2024-02-27;163595_2024-09-22;163817_2023-07-05;163817_2024-06-23;164897_2023-01-29;164897_2023-03-26;164897_2023-08-13;165786_2023-10-16;166084_2023-01-03;166084_2023-02-20;166084_2023-09-25;166084_2024-09-23;167494_2023-08-27;167494_2024-06-22;167494_2024-10-26;168165_2024-06-18;169310_2024-03-17;169310_2024-10-05;172262_2023-11-11;172262_2024-03-18;172262_2024-11-20;172510_2024-02-12;172510_2024-05-21;172510_2024-09-26;172510_2024-11-01;174968_2023-08-16;174968_2023-11-13;174968_2024-04-14,0.66852,0.50389,10.81673,0.96054,1.01933,0.96054,0.90593,0.0,0.5029,0.62796,0.68516,0.72571,0.74956,0.77066,0.7879,0.8028,0.81791,0.84743,0.86747,0.89111,0.91288,0.92662,0.96095,0.99768,1.0253,1.03061,1.05372,1.09139,1.11914,1.21209,1.25018,0.83405,0.89137,0.8783,0.89579,0.91636,0.91166,0.96515,0.97807,0.98478,0.91949,0.91856,0.9364,0.94718,0.94919,0.95826,0.99329,1.04083,0.98387,1.00148,0.92806,0.94639,0.91424,0.95983,0.97254,0.73841,0.0
100354_2023-03-02;100354_2023-06-07;100354_2023-07-21;100354_2024-03-09;100354_2024-12-28;106298_2023-02-04;106298_2024-08-12;106793_2023-06-09;107448_2024-11-26;107448_2024-12-04;108517_2023-08-02;108517_2023-12-09;108517_2024-04-07;108795_2024-06-13;110260_2023-09-02;112377_2023-10-18;112377_2024-01-18;113377_2024-08-24;116320_2024-11-29;121555_2023-02-20;121555_2024-08-19;123129_2024-02-01;129071_2023-02-19;129071_2024-07-19;130253_2023-02-09;132256_2024-12-13;132967_2024-07-16;133996_2023-03-03;136407_2023-09-24;136407_2024-08-01;136407_2024-09-22;138414_2023-11-03;138414_2024-02-24;138414_2024-04-18;140649_2023-12-03;142975_2023-04-09;142975_2024-12-10;142999_2023-06-29;142999_2024-03-13;144492_2023-07-21;144492_2024-06-12;146624_2023-08-08;146624_2023-08-26;147049_2024-11-03;147049_2024-12-20;147147_2023-10-10;147147_2023-11-10;151683_2024-05-25;151740_2023-08-22;152601_2024-12-21;157904_2023-02-24;157904_2023-03-28;160216_2024-03-06;160431_2023-04-18;160431_2024-10-28;161573_2023-04-07;163329_2023-03-29;163329_2023-11-20;163329_2024-08-29;163595_2024-02-27;163817_2024-05-09;164897_2023-03-26;164897_2024-11-16;166084_2023-08-04;166084_2023-08-10;166084_2024-09-20;166084_2024-09-23;166084_2024-10-08;166206_2024-09-27;166206_2024-10-22;168165_2023-02-15;168165_2023-08-25;168165_2024-06-18;168165_2024-06-24;169310_2023-01-03;169310_2024-07-08;172262_2024-01-06;172262_2024-02-12;174968_2023-02-25;174968_2023-10-28,0.62163,0.49652,10.80959,0.98158,1.03222,0.98158,0.92397,0.0,0.48176,0.62553,0.68131,0.7284,0.75361,0.77304,0.79359,0.81107,0.82895,0.87255,0.905,0.92462,0.95252,0.96997,1.00213,1.03126,1.05376,1.071,1.09225,1.11248,1.11297,1.18918,1.21039,0.88926,0.94306,0.95182,0.95436,0.95783,0.95471,0.95414,0.96704,0.97119,0.95435,0.95726,0.96189,0.97066,0.96822,0.97033,0.98011,1.00167,1.00833,1.02415,1.02485,1.00797,0.94499,0.999,0.97429,0.71987,0.0
100354_2023-09-22;100707_2023-07-04;100707_2023-07-28;102016_2024-04-10;105366_2024-07-06;106298_2023-11-11;106793_2024-06-13;106793_2024-09-15;107448_2023-08-23;107448_2023-09-20;107448_2024-01-07;107448_2024-11-26;108795_2024-06-13;110260_2024-02-01;112377_2024-05-22;112377_2024-10-02;113377_2023-08-10;113377_2024-06-26;113377_2024-08-13;113377_2024-08-17;115937_2024-09-25;116320_2023-08-02;116320_2023-11-03;118984_2024-06-15;121500_2023-10-23;121500_2024-02-24;121555_2023-02-14;123129_2024-08-26;127225_2024-06-27;127524_2024-01-15;127524_2024-01-23;127524_2024-10-26;127524_2024-12-28;128843_2023-04-02;132256_2024-01-07;132256_2024-12-13;132967_2023-11-12;132967_2024-08-07;133165_2024-03-19;136407_2023-04-23;136407_2024-09-22;142975_2023-11-02;142999_2023-05-01;142999_2024-06-11;146624_2023-03-10;146624_2024-05-25;147049_2023-04-04;147049_2023-12-19;147049_2024-04-22;147147_2023-05-14;147147_2024-01-18;151740_2023-10-14;151740_2024-04-21;151740_2024-12-21;152601_2024-03-10;152601_2024-11-18;155209_2024-07-16;157904_2024-01-23;160216_2024-02-23;160216_2024-03-06;161573_2024-11-23;163329_2023-06-28;163329_2024-08-29;163329_2024-09-29;163817_2024-01-21;164897_2023-03-26;164897_2023-08-13;164897_2023-12-12;165786_2023-02-10;166084_2023-09-25;166084_2024-08-23;166206_2023-07-12;166206_2024-09-14;168165_2024-01-17;169310_2023-06-02;171530_2023-06-06;172262_2024-01-06;172510_2023-12-22;172510_2024-01-06;174968_2023-10-28,0.64408,0.48863,10.8095,0.97729,1.0278,0.97729,0.92055,0.0,0.48132,0.62111,0.68516,0.73109,0.75855,0.78202,0.79979,0.81859,0.8375,0.86484,0.8949,0.91708,0.948,0.9689,0.99604,1.02812,1.04627,1.05986,1.08192,1.10625,1.11259,1.18455,1.20374,0.89487,0.94218,0.94293,0.94711,0.96298,0.96084,0.96027,0.96892,0.97382,0.95965,0.96165,0.96127,0.97718,0.96733,0.97195,0.97955,1.00208,1.00021,1.00892,1.00556,1.01382,0.95048,0.98556,0.96175,0.70935,0.0
100354_2023-12-02;100707_2023-07-20;100707_2023-07-28;100707_2024-06-02;104481_2024-07-30;104481_2024-10-02;105366_2023-09-05;106298_2023-02-04;106298_2024-11-17;106793_2023-10-28;106793_2024-06-13;107448_2023-02-24;107448_2024-08-12;108517_2023-12-09;108795_2024-06-13;113377_2023-07-01;113377_2024-01-08;113377_2024-08-13;116320_2023-03-16;118984_2024-06-15;120517_2024-07-01;121555_2024-03-31;123129_2023-03-14;123129_2024-06-13;123129_2024-07-05;123129_2024-08-26;125463_2023-06-28;125463_2023-11-25;127225_2024-06-02;127225_2024-06-27;127225_2024-11-10;128843_2023-04-13;129071_2023-10-25;130253_2024-05-06;130253_2024-05-14;132967_2023-02-03;132967_2023-09-22;133165_2024-03-01;133996_2023-04-02;133996_2024-11-02;138414_2024-02-24;140211_2023-03-09;140211_2024-02-16;140649_2023-01-20;146624_2023-08-26;146624_2024-05-25;147049_2024-11-03;147147_2023-11-10;147147_2024-08-31;151740_2023-01-09;152601_2023-02-14;157904_2023-02-24;157904_2023-03-31;160216_2024-06-07;160431_2023-03-27;160431_2024-05-28;160431_2024-07-01;161573_2023-12-20;163817_2024-01-26;165786_2023-09-07;166084_2023-02-20;166084_2024-04-26;166206_2024-09-14;167494_2024-01-08;168165_2023-02-15;168165_2023-08-25;168165_2024-01-17;169310_2023-10-10;170013_2023-11-17;171530_2023-03-22;171530_2023-05-31;171530_2024-03-17;172262_2023-11-11;172262_2024-02-12;172262_2024-03-18;172262_2024-05-27;172510_2023-03-10;172510_2024-11-01;172510_2024-12-24;174968_2023-02-25,0.68475,0.50188,10.81405,0.98007,1.03396,0.98007,0.92427,0.0,0.49886,0.63784,0.69133,0.72859,0.74362,0.75926,0.78067,0.79683,0.8078,0.83628,0.87065,0.90165,0.93293,0.95432,0.99952,1.03709,1.05662,1.07513,1.09939,1.12065,1.11996,1.19718,1.22619,0.86678,0.92183,0.92578,0.92596,0.94098,0.93934,0.93773,0.93971,0.947,0.94011,0.94229,0.94851,0.95743,0.95377,0.96777,0.97786,1.00673,1.01542,1.02545,1.04044,1.0215,0.94698,1.02084,0.97921,0.73346,0.0
100354_2023-08-19;100707_2023-09-06;104481_2023-08-15;105366_2023-09-05;106298_2023-02-25;106298_2023-08-01;106793_2023-04-10;108517_2023-05-01;108517_2024-07-13;108795_2023-12-14;108795_2024-01-21;110260_2023-06-23;112377_2023-02-13;113377_2023-02-27;113377_2023-07-01;115937_2024-05-17;115937_2024-09-25;115937_2024-10-13;116320_2023-08-20;116320_2024-06-20;118984_2024-06-15;120517_2024-07-01;120517_2024-10-01;121500_2024-02-24;121555_2023-10-09;121555_2024-03-31;123129_2023-10-10;123129_2024-02-01;127225_2023-12-05;127524_2023-08-27;127524_2024-01-15;127524_2024-03-16;127524_2024-10-18;128843_2024-05-06;128843_2024-06-27;129071_2024-08-11;132256_2024-01-07;132256_2024-12-13;132967_2024-11-28;133996_2023-04-02;133996_2024-11-02;136407_2023-09-24;136407_2024-08-01;140211_2024-02-16;140649_2023-01-20;142975_2024-09-28;142975_2024-12-10;142999_2023-06-29;142999_2024-03-13;144492_2023-12-08;147049_2023-04-04;147049_2023-11-20;147049_2024-01-27;151683_2024-05-21;157904_2023-03-31;157904_2024-01-01;157904_2024-12-15;160216_2024-08-22;160431_2023-03-01;160431_2024-05-28;161573_2023-09-11;161573_2023-12-20;161573_2024-05-27;161573_2024-08-23;163817_2024-05-09;164897_2023-07-03;164897_2024-10-30;166084_2023-08-10;166084_2023-09-19;167494_2024-01-23;168165_2023-02-15;168165_2023-03-10;168165_2024-06-18;169310_2023-01-03;169310_2024-07-01;170013_2023-06-07;171530_2023-03-22;172262_2024-01-06;172262_2024-02-24;172510_2024-01-06,0.66084,0.50249,10.81486,0.95987,1.02005,0.95987,0.90452,0.0,0.49113,0.62717,0.67418,0.71215,0.73297,0.75042,0.76681,0.78086,0.79641,0.83603,0.86236,0.87846,0.8994,0.91823,0.94964,1.00183,1.02988,1.04423,1.0663,1.09782,1.12735,1.21598,1.23454,0.83604,0.88808,0.87836,0.90314,0.91432,0.92755,0.92613,0.93822,0.94698,0.93533,0.93734,0.9487,0.96958,0.96992,0.97244,0.98199,1.0392,0.98009,0.98062,0.96936,0.9688,0.8963,0.95909,0.94765,0.73104,0.0
100354_2023-06-07;100707_2023-09-06;104481_2023-11-01;105366_2023-01-03;106298_2023-06-14;106298_2024-11-17;106793_2023-06-09;107448_2023-11-16;107448_2024-05-30;108517_2024-05-21;108795_2023-12-14;110260_2024-02-01;110260_2024-12-09;113377_2023-08-10;115937_2024-09-22;116320_2023-08-20;116320_2024-06-20;120517_2024-08-07;121500_2023-03-22;121555_2023-02-14;121555_2023-02-20;127225_2023-03-14;127524_2023-11-09;127524_2024-09-05;127524_2024-10-18;128843_2023-04-13;132967_2023-02-02;136407_2023-03-14;136407_2023-04-22;136407_2024-08-01;140211_2024-06-18;140649_2023-02-05;142975_2023-11-02;142999_2023-06-29;144492_2023-07-28;144492_2023-12-08;146624_2023-01-11;147049_2023-12-19;147049_2024-08-15;147147_2023-04-24;151683_2024-05-25;151683_2024-09-19;151740_2023-01-09;151740_2023-03-12;151740_2023-10-14;152601_2023-02-14;152601_2023-10-21;152601_2024-08-01;155209_2023-07-18;160216_2023-04-09;160216_2023-10-14;160431_2024-05-11;161573_2023-02-25;161573_2023-04-07;161573_2024-07-29;163329_2023-11-20;163595_2023-02-04;163595_2023-11-21;163817_2023-02-09;163817_2023-10-03;164897_2023-01-28;164897_2023-01-29;164897_2024-11-16;166084_2024-08-23;166084_2024-09-20;166084_2024-09-23;166206_2024-09-14;167494_2023-07-05;167494_2023-08-27;167494_2023-11-16;167494_2024-02-26;168165_2023-02-15;168165_2024-05-28;169310_2024-06-28;170013_2023-10-01;170013_2023-11-17;170013_2024-11-12;172510_2023-01-25;172510_2023-03-10;172510_2024-01-21,0.68362,0.49794,10.81875,0.95164,1.01214,0.95164,0.89939,0.0,0.49863,0.65054,0.70309,0.74004,0.75191,0.76105,0.78048,0.79527,0.80259,0.83599,0.86234,0.86479,0.88751,0.89995,0.94078,0.98558,1.00718,1.02477,1.0523,1.09898,1.12063,1.20143,1.21527,0.88515,0.90384,0.91722,0.91525,0.92231,0.93814,0.92831,0.93946,0.95496,0.95408,0.94831,0.96024,0.96939,0.97105,0.97,0.9775,1.00888,0.96292,0.95243,0.9214,0.93181,0.88746,0.94413,0.92656,0.7618,0.0
100354_2023-05-30;100354_2023-07-21;100707_2023-01-07;104481_2023-08-15;106793_2023-10-28;106793_2024-06-14;106793_2024-09-15;107448_2024-05-30;107448_2024-08-12;108517_2023-05-01;108517_2023-08-02;108517_2023-12-09;108517_2024-04-07;108795_2024-06-13;110260_2023-09-02;110260_2024-06-10;112377_2024-05-22;113377_2023-08-10;115937_2024-10-13;116320_2024-06-20;120517_2023-03-07;120517_2024-08-07;121500_2024-07-24;121555_2023-02-20;123129_2023-08-08;123129_2024-02-01;125463_2023-11-30;127524_2023-02-12;128843_2023-03-22;128843_2024-05-06;129071_2023-03-16;129071_2024-01-30;129071_2024-10-24;132256_2023-12-01;132967_2023-02-03;132967_2023-09-22;132967_2024-11-29;133165_2023-08-22;133165_2024-03-01;133165_2024-10-17;133165_2024-11-27;136407_2024-09-22;138414_2023-01-16;140211_2024-02-16;142975_2023-01-19;142975_2023-10-18;142975_2023-11-02;142975_2024-06-07;142999_2023-06-29;144492_2023-07-21;146624_2023-01-11;146624_2023-03-20;151740_2024-07-24;152601_2023-02-14;157904_2023-02-24;157904_2023-11-11;160216_2024-03-06;160431_2024-10-28;161573_2023-06-22;161573_2023-12-20;161573_2024-07-23;163329_2023-03-29;163329_2023-11-20;163817_2023-10-03;164897_2024-03-01;165786_2023-02-10;166084_2024-04-26;167494_2023-11-16;167494_2024-01-23;168165_2024-01-17;168165_2024-06-18;169310_2024-07-01;172262_2023-07-08;172262_2024-02-12;172262_2024-11-20;172510_2023-08-20;172510_2024-05-21;172510_2024-11-01;174968_2023-08-16;174968_2024-04-14,0.62965,0.5108,10.81469,0.96704,1.02184,0.96704,0.91299,0.0,0.50438,0.62702,0.67664,0.71265,0.73495,0.75682,0.77845,0.80302,0.8176,0.85541,0.89507,0.91427,0.93235,0.94548,0.97509,1.01198,1.03074,1.04355,1.06824,1.09851,1.11417,1.19569,1.21574,0.86722,0.92032,0.92453,0.93117,0.93704,0.95547,0.95379,0.96827,0.9703,0.95744,0.96087,0.96467,0.98311,0.95111,0.96965,0.98402,1.00568,0.96995,0.98603,0.9743,0.99044,0.92273,0.97028,0.94313,0.73135,0.0
100354_2023-05-30;100354_2023-08-19;100354_2023-09-22;100354_2024-03-09;100707_2023-07-20;100707_2024-12-18;102016_2024-06-29;102016_2024-11-04;104481_2024-07-30;106298_2023-04-26;106298_2023-06-14;106298_2024-08-12;106793_2024-06-14;106793_2024-09-15;107448_2024-10-21;107448_2024-11-26;107448_2024-12-04;108517_2023-07-12;108517_2024-05-27;110260_2024-02-01;110260_2024-06-10;113377_2024-08-13;115937_2023-03-01;116320_2023-04-19;116320_2023-08-20;116320_2024-06-12;116320_2024-12-29;118984_2024-06-15;121500_2023-05-20;121500_2024-07-24;121555_2024-08-19;121555_2024-08-25;125463_2023-06-17;127225_2023-08-28;127225_2024-06-27;127225_2024-09-15;127524_2023-02-12;127524_2023-07-08;127524_2024-04-05;128843_2023-11-19;130253_2024-05-06;132967_2024-02-20;133165_2024-11-27;133996_2023-04-20;136407_2023-03-14;138414_2023-01-16;138414_2024-04-18;139410_2023-03-21;140211_2023-03-09;140649_2023-02-05;142975_2023-04-09;142975_2023-08-21;147049_2024-04-22;147049_2024-12-20;151683_2023-10-20;151740_2023-08-22;152601_2023-02-14;157904_2023-02-24;157904_2024-01-01;157904_2024-02-10;160216_2024-08-17;160431_2023-03-27;160431_2024-10-28;161573_2024-07-29;163329_2023-06-28;163329_2024-09-01;163595_2023-02-25;164897_2023-08-13;165786_2023-10-08;166084_2023-09-25;166206_2024-09-14;167494_2024-01-08;169310_2023-06-02;169310_2023-08-02;172262_2024-01-06;172262_2024-09-18;172510_2023-11-29;172510_2024-11-01;174968_2023-02-25;174968_2023-10-28,0.62658,0.51169,10.81489,0.96146,1.02045,0.96146,0.90864,0.0,0.49893,0.64359,0.67952,0.71727,0.74075,0.76212,0.77699,0.79324,0.8071,0.83063,0.85517,0.87664,0.89819,0.91913,0.9599,1.01103,1.02864,1.03968,1.06016,1.09227,1.12999,1.21907,1.23379,0.81802,0.88689,0.87993,0.89043,0.9291,0.93675,0.92902,0.94527,0.95044,0.93797,0.94076,0.95468,0.97835,0.97139,0.98235,0.99864,1.04711,0.95733,0.97143,0.96308,0.96104,0.90947,0.96506,0.97197,0.77464,0.0
100354_2023-07-21;100707_2024-12-03;102016_2023-07-18;102016_2024-03-27;102016_2024-06-29;102016_2024-11-04;104481_2023-08-15;104481_2023-11-01;104481_2024-01-19;104481_2024-10-02;105366_2024-01-02;106298_2023-02-25;107448_2024-07-03;107448_2024-12-04;108795_2024-11-23;110260_2024-02-01;112377_2023-10-18;113377_2023-08-03;115937_2024-05-17;116320_2023-03-16;116320_2024-06-20;118984_2023-04-25;120517_2023-11-28;123129_2023-07-13;125463_2023-12-21;125463_2024-03-27;127225_2023-03-14;127225_2023-05-09;127225_2024-09-15;127524_2024-07-02;127524_2024-12-28;128843_2024-05-16;129071_2024-08-11;130253_2023-02-09;130253_2024-05-17;132967_2023-02-02;132967_2024-11-28;133165_2024-10-17;136407_2023-04-23;138414_2024-02-24;139410_2024-07-16;140211_2023-03-09;142975_2023-08-21;142975_2023-10-18;142975_2024-10-10;142975_2024-12-10;142999_2024-03-13;146624_2023-01-11;147049_2024-08-15;147147_2023-04-24;151683_2024-09-19;151740_2023-01-09;151740_2024-12-21;152601_2024-03-10;155209_2023-07-18;157904_2023-03-28;160431_2023-03-01;160431_2024-05-11;160431_2024-05-28;161573_2023-10-14;161573_2024-07-29;163329_2024-08-29;163817_2024-01-21;163817_2024-04-11;163817_2024-05-09;166084_2023-09-19;167494_2023-07-05;167494_2024-06-30;168165_2023-03-10;169310_2023-12-13;170013_2024-05-20;171530_2024-09-18;172262_2023-11-11;172262_2024-02-24;172262_2024-09-18;172510_2023-08-20;172510_2023-12-22;172510_2024-05-07;172510_2024-05-21;172510_2024-12-21,0.6803,0.51028,10.81249,0.9565,1.01593,0.9565,0.8969,0.0,0.49781,0.61633,0.66914,0.71102,0.72824,0.74529,0.76482,0.78321,0.80053,0.83979,0.87597,0.89558,0.91609,0.93246,0.95275,0.99093,1.01228,1.02579,1.05499,1.09758,1.12055,1.20774,1.22449,0.85904,0.92073,0.92766,0.92872,0.94368,0.97398,0.97284,0.9665,0.97752,0.96855,0.93838,0.95208,0.9885,0.95442,0.97365,0.97983,1.01197,0.95182,0.94937,0.91331,0.97834,0.92192,0.997,0.89408,0.74105,0.0
100354_2023-05-30;100707_2023-01-07;100707_2023-07-20;102016_2024-06-29;104481_2023-11-01;104481_2024-05-05;104481_2024-10-02;106793_2023-06-04;106793_2023-10-28;106793_2024-06-14;106793_2024-09-15;107448_2023-02-24;107448_2024-05-30;108517_2024-04-07;108517_2024-07-01;108795_2024-05-15;110260_2023-06-23;110260_2024-02-01;112377_2024-01-18;113377_2024-01-04;116320_2023-11-03;116320_2024-06-14;116320_2024-11-29;120517_2024-08-08;121555_2024-03-31;123129_2023-07-13;123129_2024-06-13;123129_2024-08-26;127225_2024-06-27;127225_2024-11-10;127524_2023-08-27;128843_2024-05-16;130253_2024-03-23;132256_2024-03-31;132256_2024-12-13;132967_2023-02-02;133165_2024-08-03;133996_2024-11-02;136407_2023-09-24;136407_2023-10-16;138414_2023-01-16;140649_2023-04-24;140649_2023-11-22;142975_2023-01-19;142975_2023-10-18;142975_2024-06-07;142999_2024-03-13;144492_2023-07-21;147049_2024-08-15;147049_2024-11-03;155209_2023-01-10;155209_2023-01-16;155209_2023-05-10;157904_2024-05-25;160216_2024-06-07;161573_2024-05-27;161573_2024-08-23;163329_2023-03-29;163329_2024-08-29;163595_2024-09-22;164897_2023-12-12;165786_2023-02-16;165786_2023-09-07;165786_2024-11-22;166084_2023-08-04;166084_2024-01-13;166206_2023-01-05;166206_2024-09-14;167494_2023-08-27;167494_2024-01-23;168165_2024-06-24;170013_2023-11-17;170013_2024-05-20;170013_2024-06-23;170013_2024-11-12;171530_2023-03-22;171530_2023-06-20;172510_2023-03-10;172510_2024-05-21;172510_2024-12-21,0.62273,0.49013,10.81144,0.96925,1.0239,0.96925,0.91615,0.0,0.48278,0.63397,0.6915,0.73437,0.76326,0.7936,0.81248,0.82989,0.8444,0.86524,0.88378,0.89908,0.92071,0.9368,0.97126,1.00924,1.03062,1.04545,1.07032,1.10201,1.11698,1.20044,1.21572,0.85699,0.90403,0.91457,0.92832,0.94332,0.95167,0.94357,0.95311,0.96718,0.94622,0.94937,0.96539,0.98228,0.9683,0.97557,0.97659,1.01088,0.97247,0.98804,0.97959,0.99719,0.93082,0.9928,0.96438,0.73964,0.0
100354_2023-09-22;100354_2024-12-28;102016_2024-03-27;104481_2023-09-01;106298_2023-02-01;106298_2024-08-12;107448_2024-10-21;108517_2024-07-13;108795_2024-01-21;108795_2024-05-15;108795_2024-06-13;110260_2023-06-23;110260_2024-12-09;112377_2023-02-13;112377_2024-01-18;113377_2023-02-27;113377_2023-07-01;113377_2024-01-04;116320_2024-12-29;120517_2023-11-28;120517_2024-08-07;123129_2023-03-14;123129_2023-07-13;123129_2023-08-08;123129_2024-07-05;127225_2023-03-14;127225_2023-05-30;127225_2024-06-02;127225_2024-06-27;127524_2023-07-08;127524_2023-11-09;129071_2023-05-02;129071_2023-10-25;129071_2024-01-30;129071_2024-07-19;129071_2024-12-19;130253_2024-03-23;132256_2024-01-07;132967_2024-02-20;132967_2024-07-16;132967_2024-08-07;133165_2024-08-03;133165_2024-11-27;133996_2023-03-03;133996_2023-06-12;136407_2023-05-07;136407_2023-12-20;138414_2024-02-24;139410_2024-07-16;142975_2023-10-18;142975_2024-06-07;142999_2023-05-01;144492_2023-05-06;144492_2023-12-08;146624_2023-03-12;147147_2023-06-07;151683_2023-03-15;151740_2024-07-24;152601_2023-10-21;160216_2023-03-29;160216_2024-02-23;160216_2024-03-06;160216_2024-03-08;160431_2023-03-01;163329_2024-09-01;163595_2023-11-21;163595_2024-09-22;164897_2023-08-13;164897_2023-09-05;165786_2023-09-07;166084_2023-01-05;166084_2024-01-13;166206_2024-10-22;167494_2023-11-16;168165_2024-06-18;171530_2023-06-20;171530_2024-05-02;172510_2023-12-22;174968_2023-03-21;174968_2023-11-13,0.656,0.49242,10.81442,0.96377,1.01959,0.96377,0.9021,0.0,0.48152,0.61457,0.67974,0.73053,0.76941,0.79823,0.81247,0.81974,0.8293,0.85436,0.87747,0.89411,0.91438,0.94508,0.96807,1.00113,1.02241,1.03526,1.06096,1.09809,1.11676,1.19391,1.215,0.89794,0.93019,0.93477,0.94483,0.95819,0.97505,0.97328,0.98574,0.99166,0.97106,0.9719,0.96814,0.99424,0.97654,0.97624,0.98458,1.0036,0.96497,0.96351,0.95707,0.97771,0.92951,0.95991,0.93059,0.6902,0.0
100354_2023-08-19;100707_2023-01-01;100707_2024-12-03;102016_2023-07-18;102016_2024-03-08;102016_2024-03-27;105366_2024-07-06;106298_2023-02-25;106298_2023-04-26;106793_2023-09-21;106793_2024-06-13;107448_2023-08-23;110260_2023-09-02;112377_2024-05-22;115937_2024-10-13;116320_2024-06-14;118984_2024-06-15;121500_2023-10-23;121500_2024-12-01;123129_2023-03-09;125463_2023-06-17;125463_2023-10-15;125463_2023-11-25;125463_2023-12-21;127225_2023-08-28;127225_2024-06-02;127524_2023-11-09;128843_2023-04-05;128843_2024-02-22;132256_2024-03-31;132967_2024-08-07;133165_2023-08-22;133996_2023-04-09;133996_2024-11-02;138414_2024-11-09;139410_2023-06-21;139410_2023-07-18;140211_2023-03-17;140211_2023-04-23;140211_2024-06-18;140649_2024-06-14;142999_2023-06-29;144492_2023-05-06;144492_2023-06-20;144492_2023-07-28;146624_2023-08-26;147049_2023-04-04;147049_2024-01-27;151740_2024-04-21;155209_2023-04-23;157904_2023-11-11;160216_2024-02-23;160216_2024-06-28;160431_2023-03-27;160431_2024-07-01;163595_2023-02-04;163595_2024-05-08;163817_2024-06-23;164897_2023-01-28;164897_2023-03-26;164897_2024-03-01;165786_2023-02-10;165786_2023-02-16;166084_2023-01-03;166084_2023-08-10;166206_2024-09-14;166206_2024-09-27;167494_2023-07-05;167494_2023-11-16;167494_2024-10-26;168165_2023-08-25;169310_2023-10-10;169310_2024-10-05;170013_2023-06-07;172262_2023-02-12;172510_2024-01-06;172510_2024-05-07;174968_2023-03-21;174968_2023-10-28;174968_2024-05-19,0.69482,0.48979,10.80627,0.97821,1.0324,0.97821,0.92941,0.0,0.49232,0.63716,0.6949,0.73389,0.7573,0.7789,0.79908,0.81708,0.83375,0.86784,0.89937,0.92635,0.9485,0.96083,0.985,1.01977,1.04076,1.05902,1.08416,1.10863,1.1191,1.20251,1.22379,0.88168,0.94902,0.94468,0.94559,0.94754,0.95842,0.95444,0.95696,0.96086,0.94334,0.94629,0.95221,0.97435,0.96286,0.96895,0.97745,1.00384,0.98946,0.99277,1.02015,1.00089,0.98918,1.02465,0.9848,0.82179,0.0
100354_2023-07-21;100354_2023-08-19;100354_2023-09-22;100707_2023-07-04;100707_2023-09-06;100707_2024-07-11;102016_2024-04-10;105366_2023-01-03;106298_2023-06-14;106298_2023-11-11;106298_2024-08-18;107448_2024-10-21;108795_2024-06-13;110260_2023-01-06;112377_2023-01-26;112377_2023-02-13;112377_2024-05-22;113377_2024-08-13;113377_2024-08-17;113377_2024-08-24;115937_2024-05-17;116320_2023-08-20;121500_2023-05-20;121500_2024-12-01;121555_2023-10-09;123129_2023-10-10;123129_2024-07-05;125463_2023-10-09;125463_2023-12-21;127225_2024-07-07;127524_2024-06-25;127524_2024-09-05;128843_2023-11-19;128843_2024-05-06;129071_2023-10-25;129071_2024-01-30;130253_2024-03-03;130253_2024-05-14;132256_2024-03-31;132256_2024-11-19;132256_2024-12-13;132967_2023-11-03;132967_2024-04-06;132967_2024-11-29;133165_2024-03-01;133996_2023-04-02;133996_2023-06-12;133996_2023-10-02;133996_2024-11-14;142999_2024-06-11;144492_2024-06-12;146624_2023-03-10;147049_2023-11-20;147049_2024-11-03;151740_2023-10-14;155209_2023-09-05;155209_2024-11-15;157904_2024-05-25;160216_2023-01-17;160216_2024-06-28;160431_2023-03-01;160431_2023-09-29;161573_2023-06-22;163329_2024-09-29;163817_2023-03-14;163817_2023-07-05;165786_2023-02-10;165786_2024-09-04;166084_2024-04-26;166206_2024-09-27;167494_2024-11-16;168165_2023-02-15;168165_2024-01-17;169310_2024-06-28;169310_2024-07-08;170013_2023-06-07;171530_2023-06-06;172262_2023-06-20;172262_2024-02-24;172510_2024-05-07,0.65253,0.48861,10.8151,0.9506,1.01284,0.9506,0.89547,0.0,0.48764,0.62776,0.68421,0.72156,0.73778,0.75876,0.77865,0.79002,0.79919,0.81921,0.84853,0.87104,0.89298,0.90735,0.93853,0.98795,1.00862,1.01995,1.05037,1.09453,1.124,1.21028,1.23939,0.8381,0.89564,0.8989,0.91331,0.92636,0.94097,0.9386,0.94147,0.94501,0.93897,0.94307,0.94596,0.95926,0.95533,0.96129,0.98689,1.02595,0.96385,0.94212,0.94894,0.94817,0.91155,0.93578,0.93175,0.75348,0.0
100354_2023-08-02;100354_2024-03-09;100707_2024-07-11;100707_2024-12-18;102016_2023-07-20;102016_2024-03-08;102016_2024-10-15;104481_2024-05-05;105366_2023-09-05;106298_2023-02-25;106298_2023-05-06;106793_2023-06-04;106793_2024-09-15;107448_2023-10-19;108517_2023-05-01;108517_2023-08-02;108795_2023-07-29;108795_2024-04-26;108795_2024-06-13;110260_2023-12-25;110260_2024-06-10;113377_2024-06-26;113377_2024-08-13;116320_2023-08-02;116320_2023-11-03;116320_2024-05-09;116320_2024-06-20;121500_2023-03-22;121555_2024-03-09;125463_2023-06-28;125463_2023-10-09;125463_2023-12-21;125463_2024-01-22;127225_2023-05-30;127225_2024-09-15;129071_2023-10-25;132256_2024-01-07;132967_2023-02-02;132967_2024-04-06;133165_2024-08-03;133996_2023-10-02;133996_2024-11-14;136407_2023-04-22;138414_2023-10-18;140211_2024-02-16;140649_2023-12-03;140649_2024-03-22;142999_2023-05-01;147147_2024-01-18;151740_2023-03-12;151740_2023-08-22;152601_2023-02-14;155209_2023-01-10;157904_2023-03-31;160216_2023-01-17;160431_2024-05-11;160431_2024-07-01;160431_2024-10-28;161573_2024-11-23;163329_2023-03-29;163595_2023-02-04;163595_2023-11-21;163817_2023-03-14;164897_2023-01-29;164897_2023-07-03;166084_2023-09-19;166084_2024-08-23;166206_2023-01-05;166206_2024-09-14;168165_2023-03-10;168165_2024-06-24;170013_2023-06-07;170013_2023-11-17;170013_2024-05-20;170013_2024-06-23;172262_2024-03-18;172510_2023-11-29;172510_2024-01-21;172510_2024-11-01;174968_2023-02-25,0.66369,0.51197,10.8111,0.95151,1.01278,0.95151,0.8856,0.0,0.51408,0.62019,0.66551,0.69744,0.71372,0.73005,0.74779,0.76787,0.78073,0.81904,0.85991,0.88016,0.90147,0.91445,0.94273,0.98742,1.01375,1.03071,1.06013,1.10144,1.12226,1.20671,1.22697,0.84687,0.90174,0.91247,0.92666,0.92946,0.94715,0.94615,0.9541,0.95898,0.93607,0.93538,0.94876,0.97546,0.95708,0.95976,0.97489,1.01881,0.99754,0.96149,0.94747,0.95972,0.91729,0.94756,0.90623,0.65803,0.0
100354_2023-08-02;100354_2023-09-22;100354_2024-04-27;100707_2023-09-06;100707_2024-04-14;100707_2024-12-03;102016_2024-04-10;104481_2023-09-01;104481_2024-01-19;106793_2023-06-09;106793_2024-09-15;107448_2023-09-20;107448_2024-08-12;108517_2023-04-24;108517_2024-05-27;110260_2023-01-06;110260_2023-12-25;110260_2024-06-10;112377_2024-01-18;113377_2023-02-13;113377_2023-07-01;113377_2023-08-03;116320_2023-08-02;116320_2024-04-04;116320_2024-05-09;118984_2023-08-29;121500_2023-05-20;121500_2023-08-12;121500_2024-07-24;121555_2024-03-09;127225_2023-12-05;127225_2024-09-15;128843_2023-03-22;129071_2024-12-19;130253_2024-03-03;130253_2024-05-14;132256_2024-03-31;132967_2023-11-12;133165_2024-10-17;133996_2023-03-03;136407_2023-09-24;138414_2023-10-18;139410_2023-06-21;140211_2023-03-17;142999_2023-05-01;144492_2023-07-28;144492_2023-09-22;146624_2023-03-12;146624_2023-03-20;146624_2023-04-28;147049_2024-04-17;147049_2024-04-22;147147_2023-11-02;151683_2023-10-20;151740_2023-10-14;152601_2024-08-01;157904_2024-01-01;160216_2024-06-07;160431_2023-04-18;161573_2023-06-22;161573_2023-09-11;161573_2024-07-23;163595_2023-08-18;163595_2024-09-22;163817_2024-04-11;163817_2024-11-27;164897_2023-01-29;164897_2023-08-13;164897_2024-07-09;165786_2023-02-10;166084_2023-01-03;166084_2024-09-20;167494_2023-08-27;169310_2023-06-02;169310_2023-06-10;169310_2024-07-01;170013_2023-02-25;170013_2023-06-07;172262_2023-06-20;172510_2023-01-25,0.66183,0.51301,10.81011,0.98061,1.03482,0.98061,0.93759,0.0,0.51735,0.65839,0.6996,0.73336,0.75434,0.77024,0.78523,0.79995,0.8145,0.84468,0.87312,0.89721,0.92784,0.94739,0.99403,1.03823,1.05575,1.07482,1.09676,1.11645,1.12081,1.20539,1.22721,0.85307,0.9172,0.91963,0.92103,0.92484,0.9331,0.92587,0.92949,0.93832,0.93422,0.93169,0.94362,0.95737,0.9529,0.96461,0.97559,1.01342,1.01273,1.02599,1.02973,1.01024,0.95989,1.02354,1.01092,0.81802,0.0
100354_2023-06-07;100354_2024-03-09;100707_2023-07-20;100707_2023-09-06;102016_2023-07-18;102016_2023-07-20;102016_2024-11-04;106298_2023-02-01;106298_2023-02-25;106298_2023-11-11;106298_2024-08-12;106793_2023-03-14;106793_2024-06-14;107448_2024-05-30;107448_2024-12-04;108517_2024-05-27;108795_2024-11-23;110260_2023-09-02;110260_2024-02-01;112377_2024-01-18;112377_2024-10-02;113377_2024-08-17;115937_2024-10-13;116320_2023-03-16;116320_2023-04-19;116320_2024-11-01;118984_2023-04-25;118984_2023-08-29;121500_2023-10-23;121500_2024-02-02;121555_2023-02-20;121555_2024-03-31;125463_2024-07-05;127225_2023-05-02;128843_2023-03-22;129071_2024-12-19;130253_2024-02-18;132967_2024-07-16;133996_2023-04-20;136407_2023-04-22;139410_2024-03-11;139410_2024-07-16;140649_2024-06-14;142975_2024-12-10;142999_2023-06-08;144492_2023-05-06;146624_2023-03-20;147049_2023-08-22;147147_2023-04-24;147147_2023-11-10;151683_2024-09-19;152601_2023-02-14;152601_2024-08-01;152601_2024-08-27;155209_2023-07-18;155209_2023-09-05;157904_2023-03-28;160216_2024-08-22;160216_2024-09-21;163329_2023-03-29;163595_2023-08-18;163595_2023-11-21;164897_2023-01-28;164897_2023-01-29;164897_2023-12-12;164897_2024-08-06;164897_2024-10-30;166084_2023-08-10;166084_2024-01-13;166084_2024-08-23;166206_2023-07-12;167494_2024-03-08;169310_2024-07-08;169310_2024-10-05;170013_2024-11-10;172262_2024-09-18;172262_2024-11-20;172510_2023-03-10;172510_2024-12-21;174968_2024-05-19,0.66518,0.48604,10.81235,0.96153,1.02368,0.96153,0.90732,0.0,0.4724,0.62803,0.68987,0.72371,0.73979,0.75653,0.77914,0.79334,0.80544,0.83637,0.86913,0.88635,0.90405,0.92295,0.9499,0.99713,1.02094,1.03276,1.06405,1.10737,1.13405,1.22174,1.24412,0.85426,0.90898,0.90889,0.92993,0.93299,0.96318,0.9492,0.95641,0.98843,0.94146,0.93735,0.9466,1.01266,0.96122,0.97209,0.9806,1.02857,0.95548,0.9692,0.93123,0.98832,0.94427,0.98702,0.91872,0.7922,0.0
100354_2024-04-27;100707_2023-07-20;104481_2024-01-19;105366_2023-09-05;106298_2024-11-17;106793_2024-06-14;106793_2024-09-15;107448_2023-08-23;107448_2024-08-07;108517_2023-05-01;108517_2023-08-02;108795_2024-11-23;112377_2024-10-02;113377_2023-08-03;113377_2023-08-10;113377_2024-01-08;113377_2024-06-26;115937_2023-03-01;116320_2023-08-20;116320_2024-06-20;120517_2023-04-01;120517_2024-08-08;121500_2023-03-22;121500_2023-08-12;121500_2024-09-09;123129_2023-08-08;125463_2024-07-05;127225_2024-06-27;127524_2024-01-15;128843_2023-03-22;129071_2023-04-09;129071_2023-10-25;129071_2024-10-24;130253_2024-03-23;133165_2024-02-02;133165_2024-11-27;133996_2024-11-02;133996_2024-11-14;136407_2023-04-22;139410_2023-06-21;140211_2024-02-16;140649_2024-03-22;140649_2024-06-14;142975_2024-10-10;142999_2023-06-08;142999_2024-03-13;144492_2024-06-12;147049_2024-01-27;147049_2024-04-22;147049_2024-08-15;151683_2023-10-20;151740_2023-01-09;152601_2023-01-18;152601_2024-12-21;155209_2023-01-16;157904_2024-01-01;157904_2024-12-15;161573_2024-08-23;163329_2024-09-01;163817_2024-05-09;164897_2023-01-28;164897_2023-08-13;164897_2024-03-01;164897_2024-07-09;165786_2023-02-16;165786_2023-10-16;166084_2023-08-10;166084_2024-09-23;166206_2024-10-22;167494_2024-01-23;168165_2023-08-25;170013_2024-11-12;171530_2023-05-31;172262_2024-01-06;172262_2024-02-12;172262_2024-09-18;172510_2023-08-20;172510_2024-05-21;172510_2024-12-21;174968_2023-11-13,0.69357,0.5164,10.81361,0.98684,1.03736,0.98684,0.9338,0.0,0.50926,0.65492,0.71045,0.75715,0.77641,0.79372,0.81816,0.83599,0.84331,0.87631,0.89604,0.89948,0.9249,0.93893,1.00018,1.04938,1.06972,1.08408,1.1038,1.1229,1.1192,1.18614,1.20665,0.93424,0.96101,0.96731,0.96755,0.96614,0.97217,0.96916,0.97091,0.97666,0.95954,0.96003,0.96364,0.97525,0.96987,0.97572,0.98414,1.01013,1.02003,1.01996,1.01705,1.0039,0.94555,0.96694,0.95493,0.7891,0.0
100354_2023-03-02;100354_2024-12-28;100707_2023-01-01;100707_2023-01-07;100707_2023-09-06;100707_2024-04-01;102016_2023-07-18;102016_2024-03-27;104481_2024-05-05;105366_2023-01-03;107448_2024-01-07;107448_2024-10-21;108517_2024-05-21;108517_2024-05-27;108795_2024-11-23;110260_2023-06-23;110260_2023-12-25;113377_2024-06-13;113377_2024-06-26;115937_2024-09-25;116320_2024-12-14;120517_2024-08-08;121500_2023-03-22;121500_2023-08-12;123129_2023-07-13;123129_2024-02-01;123129_2024-07-05;125463_2023-11-30;127225_2023-05-09;127524_2024-12-28;129071_2024-01-30;129071_2024-04-09;129071_2024-12-19;130253_2024-05-14;132967_2023-09-22;133165_2023-08-22;133165_2024-03-01;133165_2024-10-17;133165_2024-11-27;133996_2023-03-03;136407_2023-05-07;136407_2023-10-16;136407_2024-09-22;139410_2024-03-11;140211_2023-06-14;140211_2023-11-11;140649_2023-11-22;142975_2023-08-21;142975_2024-09-28;142975_2024-12-10;142999_2023-06-08;146624_2023-03-12;146624_2023-03-20;146624_2023-08-08;147049_2023-11-20;147147_2023-11-10;152601_2024-08-27;157904_2024-01-01;160431_2024-10-28;161573_2023-12-20;163329_2023-06-28;163329_2024-08-29;163595_2023-02-25;163817_2023-02-09;163817_2024-04-11;164897_2024-03-01;165786_2023-09-07;165786_2023-10-08;166084_2023-09-25;166084_2024-10-08;166206_2023-07-12;166206_2024-10-22;167494_2023-11-16;167494_2024-02-26;167494_2024-11-16;168165_2023-08-25;169310_2024-03-17;171530_2024-05-02;172262_2024-01-06;172262_2024-11-20,0.64445,0.50144,10.80639,0.95943,1.01975,0.95943,0.89857,0.0,0.49599,0.62716,0.68293,0.72114,0.7394,0.76287,0.78583,0.80284,0.82017,0.85035,0.87651,0.89772,0.91481,0.92915,0.94963,0.9895,1.01225,1.02568,1.05612,1.10907,1.12534,1.20898,1.24328,0.8715,0.93886,0.94084,0.94204,0.94412,0.94357,0.98958,0.99205,0.99493,0.94433,0.94782,0.95385,0.98226,0.96401,0.97015,0.97892,1.00483,1.0334,0.94459,0.88715,0.96188,0.92923,1.01184,0.89632,0.71991,0.0
100354_2024-06-25;100707_2023-07-28;104481_2023-08-15;104481_2024-05-05;105366_2024-01-02;106298_2023-11-11;106298_2024-08-12;106793_2023-03-14;106793_2023-10-28;108517_2023-12-09;108517_2024-05-21;108795_2024-04-26;112377_2023-01-26;112377_2024-10-02;113377_2023-02-13;115937_2024-09-25;116320_2023-08-20;116320_2024-06-12;116320_2024-11-29;118984_2024-06-15;120517_2024-11-08;121500_2023-10-23;121500_2024-01-25;121500_2024-07-24;121555_2024-08-19;123129_2024-08-11;125463_2023-06-17;127225_2023-03-14;127225_2023-05-09;127225_2024-07-07;127524_2023-07-08;127524_2024-03-16;127524_2024-06-25;127524_2024-09-05;127524_2024-10-26;129071_2024-10-24;130253_2024-03-03;132256_2024-11-19;132967_2024-11-29;136407_2024-08-01;138414_2024-04-18;139410_2023-06-21;139410_2024-03-11;140211_2023-04-23;140211_2024-06-18;142975_2023-11-02;144492_2023-12-08;144492_2024-06-12;146624_2023-03-12;147049_2023-11-20;147049_2024-04-22;147147_2023-11-02;152601_2024-08-27;155209_2023-01-16;155209_2024-07-16;157904_2024-01-01;157904_2024-02-10;160431_2023-09-29;161573_2023-04-21;161573_2023-06-22;161573_2023-09-11;161573_2024-07-29;163329_2023-03-29;163817_2023-07-05;164897_2023-08-13;165786_2023-10-16;166084_2023-02-20;166084_2024-04-26;166206_2023-01-05;167494_2023-07-05;167494_2023-08-27;167494_2024-01-08;168165_2023-02-15;168165_2023-08-25;170013_2023-11-17;170013_2024-11-12;171530_2023-06-06;172262_2024-03-18;172262_2024-11-20;174968_2023-08-16,0.68713,0.51059,10.81192,0.96331,1.02226,0.96331,0.91215,0.0,0.51207,0.63768,0.67901,0.71343,0.73306,0.75265,0.77104,0.78527,0.80276,0.83354,0.86338,0.88965,0.91318,0.92961,0.96366,1.0046,1.0249,1.04528,1.07632,1.1122,1.12235,1.20424,1.22847,0.87174,0.92992,0.93117,0.93074,0.93579,0.95245,0.94761,0.94966,0.95246,0.93935,0.94137,0.94695,0.96752,0.95958,0.96502,0.97382,1.00528,1.01183,0.98919,0.97907,0.97669,0.91369,0.98729,0.96987,0.76009,0.0
100354_2023-12-02;102016_2024-03-08;104481_2023-09-01;104481_2023-11-01;104481_2024-10-02;106298_2024-08-12;106793_2023-10-28;106793_2024-06-13;106793_2024-06-14;107448_2024-01-07;108517_2023-06-11;108517_2023-11-05;108517_2024-05-30;108517_2024-07-01;108795_2024-01-21;113377_2023-02-27;113377_2023-08-03;115937_2024-06-30;115937_2024-07-11;116320_2024-06-20;118984_2024-12-11;120517_2024-08-07;120517_2024-11-08;121500_2023-08-12;121500_2024-02-02;121500_2024-07-24;121555_2024-08-25;123129_2023-07-13;125463_2023-06-17;127225_2023-05-09;127225_2023-08-28;127524_2024-03-16;127524_2024-10-26;128843_2024-02-22;129071_2024-07-19;132256_2024-12-13;132967_2024-11-29;133165_2024-08-21;133996_2023-06-12;133996_2024-11-14;136407_2023-04-23;136407_2023-10-01;139410_2023-03-21;139410_2024-07-16;140211_2023-03-09;142975_2024-10-10;142999_2023-05-01;142999_2023-06-08;144492_2023-12-08;146624_2023-04-28;151740_2024-07-24;152601_2024-03-10;155209_2023-01-10;161573_2023-04-07;161573_2023-10-14;161573_2024-07-29;163329_2024-08-29;163329_2024-09-01;163329_2024-09-29;163595_2023-02-25;163595_2024-09-22;163817_2023-07-05;163817_2024-01-26;164897_2023-07-03;164897_2024-07-09;166084_2024-09-20;166206_2024-10-22;167494_2023-08-27;167494_2024-12-11;168165_2023-02-15;168165_2023-03-10;168165_2024-06-24;169310_2024-07-01;170013_2024-05-20;171530_2024-05-02;172262_2023-06-20;172262_2024-02-24;172262_2024-03-18;172510_2023-01-25;174968_2023-08-16,0.67627,0.49556,10.81507,0.96076,1.02249,0.96076,0.90115,0.0,0.48372,0.61732,0.66935,0.70282,0.7201,0.73739,0.75378,0.77072,0.78598,0.82169,0.8548,0.88039,0.89879,0.923,0.96221,1.0122,1.0298,1.04076,1.06554,1.09913,1.12781,1.22214,1.24652,0.84377,0.90615,0.89142,0.90171,0.90833,0.91956,0.92076,0.93026,0.94591,0.92809,0.93038,0.94276,0.96851,0.95683,0.9672,0.9885,1.05069,0.9713,0.98756,0.97783,0.97118,0.91122,0.96477,0.94134,0.70735,0.0
100354_2023-07-21;100354_2024-12-28;104481_2024-01-19;106298_2023-06-14;106793_2023-06-04;106793_2024-06-14;107448_2024-10-21;108517_2023-04-24;108517_2023-06-11;108517_2023-07-12;112377_2023-10-18;116320_2023-01-28;116320_2023-03-16;116320_2023-08-02;116320_2024-06-14;118984_2023-04-25;120517_2023-03-07;120517_2023-04-01;121500_2023-08-12;121500_2024-09-09;121555_2024-08-25;123129_2023-03-09;125463_2023-06-28;127225_2023-05-02;127225_2024-06-27;127524_2023-08-27;127524_2023-11-09;127524_2024-01-23;127524_2024-06-25;129071_2023-02-19;129071_2023-04-09;129071_2024-08-11;130253_2024-03-03;130253_2024-05-17;132256_2024-01-07;133996_2023-04-02;136407_2023-04-22;136407_2023-10-16;138414_2024-04-18;138414_2024-11-09;140211_2023-03-09;140649_2024-03-22;142975_2023-04-09;146624_2024-05-25;147049_2023-11-20;147147_2023-04-24;147147_2023-05-14;147147_2023-11-02;147147_2024-01-18;151683_2023-10-20;152601_2023-02-14;152601_2024-08-01;157904_2024-01-23;157904_2024-12-15;160216_2023-03-29;160216_2024-03-06;160216_2024-06-07;160216_2024-06-28;160431_2023-04-18;160431_2024-07-01;161573_2024-07-23;163329_2024-08-29;163595_2023-11-21;163817_2024-06-23;165786_2024-09-04;166084_2023-09-19;167494_2024-01-23;167494_2024-03-08;167494_2024-12-11;169310_2023-08-08;170013_2023-02-25;170013_2024-05-20;171530_2023-03-22;171530_2023-06-06;172262_2024-02-12;172262_2024-09-18;172510_2023-03-10;172510_2023-12-22;172510_2024-02-12;174968_2023-08-16,0.69273,0.51512,10.81163,0.95139,1.0134,0.95139,0.88802,0.0,0.51134,0.62819,0.67022,0.70289,0.72569,0.74558,0.762,0.77789,0.79247,0.8304,0.85171,0.86758,0.88336,0.90249,0.93705,0.98904,1.01521,1.03119,1.05852,1.10266,1.12604,1.20464,1.22421,0.86468,0.90201,0.90513,0.92988,0.94186,0.95405,0.94858,0.95648,0.96633,0.95583,0.94764,0.9568,0.9843,0.96558,0.96739,0.97915,1.0157,0.97167,0.94911,0.92906,0.96506,0.88353,0.91514,0.91818,0.70489,0.0
100354_2023-03-02;100354_2023-07-21;100354_2023-08-19;100707_2023-01-01;100707_2023-07-20;102016_2024-03-08;102016_2024-06-29;102016_2024-11-04;104481_2023-09-01;104481_2024-05-05;105366_2024-01-02;105366_2024-07-06;106298_2023-08-01;106298_2024-08-12;106793_2024-09-15;107448_2023-10-19;108517_2023-04-24;108517_2023-11-05;108795_2024-05-15;110260_2023-12-25;110260_2024-12-09;113377_2024-06-26;115937_2024-05-17;118984_2023-04-25;120517_2023-04-01;121500_2024-07-24;121555_2024-03-31;123129_2023-10-10;123129_2024-06-13;125463_2024-01-22;127225_2023-05-02;127225_2023-05-09;127225_2024-07-07;127524_2023-07-08;127524_2023-08-27;128843_2023-03-22;128843_2024-02-22;129071_2023-04-09;129071_2023-05-02;130253_2023-07-26;132967_2023-11-03;132967_2023-12-02;132967_2023-12-31;132967_2024-11-29;133165_2024-02-02;136407_2023-04-23;136407_2023-12-20;136407_2024-08-01;138414_2023-11-03;140649_2023-02-05;140649_2024-06-14;142999_2023-06-29;146624_2023-03-10;147049_2023-04-04;147049_2024-01-27;152601_2023-01-18;157904_2024-01-23;157904_2024-02-10;160431_2023-04-18;161573_2023-02-25;161573_2024-07-29;161573_2024-08-06;163329_2024-09-29;163595_2024-09-22;163817_2023-07-05;164897_2023-12-12;164897_2024-07-09;166084_2023-01-03;167494_2023-08-27;167494_2023-11-16;167494_2024-01-23;167494_2024-06-30;167494_2024-12-11;168165_2024-01-17;168165_2024-06-18;169310_2023-10-10;172262_2023-06-20;172510_2023-01-25;172510_2023-03-10;172510_2024-05-21,0.64477,0.49888,10.81433,0.95415,1.01546,0.95415,0.89943,0.0,0.51102,0.63861,0.68236,0.71508,0.72818,0.75279,0.77403,0.79121,0.80232,0.83318,0.85735,0.87514,0.89599,0.9119,0.94391,0.99188,1.01441,1.03012,1.05703,1.09867,1.12056,1.20833,1.23166,0.85096,0.90737,0.90625,0.92704,0.93447,0.94348,0.93639,0.94904,0.95285,0.93761,0.94472,0.96126,0.98133,0.95643,0.96342,0.97862,1.02109,0.97512,0.95549,0.94722,0.96646,0.9053,0.9541,0.94401,0.75601,0.0
100354_2023-03-02;100354_2023-08-02;100354_2024-06-25;104481_2024-05-05;106298_2023-04-26;106298_2024-08-18;106793_2024-06-14;107448_2024-01-07;107448_2024-05-30;108517_2023-05-01;108517_2023-07-12;108517_2023-08-02;108795_2024-05-15;110260_2023-06-23;110260_2023-12-25;110260_2024-12-09;116320_2024-11-01;118984_2024-12-11;120517_2023-11-28;121555_2023-02-14;121555_2023-02-20;123129_2023-07-13;123129_2024-02-01;125463_2023-06-18;125463_2023-11-30;127225_2023-08-28;127524_2024-01-23;129071_2023-10-25;130253_2024-02-18;130253_2024-03-03;132967_2023-09-22;133165_2023-08-22;133165_2024-08-03;133996_2023-06-12;136407_2023-04-23;138414_2023-01-16;139410_2024-03-11;140211_2023-03-09;140211_2024-02-16;142975_2023-11-02;142975_2024-10-10;144492_2023-06-20;152601_2023-10-21;152601_2023-11-27;152601_2024-08-27;152601_2024-11-18;157904_2023-03-28;160216_2024-02-23;160216_2024-03-06;160216_2024-03-08;161573_2023-04-21;161573_2023-09-11;161573_2024-05-27;161573_2024-08-06;163329_2024-09-01;163595_2023-02-04;163595_2023-08-18;163595_2023-11-21;164897_2023-07-03;164897_2023-09-05;165786_2024-04-08;165786_2024-09-04;166084_2023-08-04;166084_2023-08-10;166084_2024-09-20;166084_2024-10-08;166206_2024-10-22;167494_2024-01-08;167494_2024-06-22;168165_2024-01-17;168165_2024-06-24;169310_2024-07-01;172262_2023-06-20;172262_2023-07-08;172262_2024-01-06;172262_2024-02-24;172510_2023-08-20;172510_2024-01-06;172510_2024-05-07;172510_2024-09-26,0.63654,0.51924,10.81848,0.96573,1.02237,0.96573,0.91982,0.0,0.50542,0.63583,0.68915,0.72844,0.74765,0.76681,0.78417,0.80347,0.81796,0.85214,0.87858,0.90129,0.92422,0.93696,0.96839,1.00827,1.02825,1.0397,1.06377,1.09847,1.11833,1.20393,1.22225,0.86012,0.90888,0.91037,0.91702,0.92547,0.94807,0.94651,0.95449,0.96203,0.94369,0.94341,0.95313,0.97859,0.94433,0.96867,0.97923,1.01193,0.96012,0.98372,0.96209,0.99514,0.93655,0.97926,0.96432,0.81941,0.0
100354_2023-08-19;100354_2024-04-27;100354_2024-06-25;100707_2024-04-14;100707_2024-12-03;102016_2023-07-20;102016_2024-10-15;104481_2024-10-02;106298_2023-06-14;106298_2023-11-11;107448_2023-10-19;108517_2023-08-02;108795_2024-11-23;110260_2024-02-01;112377_2023-02-13;112377_2024-01-18;113377_2023-08-10;113377_2024-08-13;115937_2023-03-01;116320_2024-05-09;118984_2024-06-15;121555_2024-03-09;125463_2023-10-09;125463_2023-10-15;125463_2023-11-25;127225_2024-09-15;127225_2024-11-10;127524_2023-11-09;128843_2023-04-02;128843_2024-02-22;128843_2024-05-06;130253_2024-02-18;130253_2024-03-03;130253_2024-09-21;133165_2024-08-03;133996_2024-11-14;136407_2023-04-22;136407_2023-04-23;136407_2023-10-16;139410_2024-03-11;140211_2023-11-11;142975_2023-01-19;142975_2024-06-07;144492_2023-06-20;144492_2023-07-21;146624_2024-05-28;147049_2024-04-11;147147_2023-11-02;151683_2023-10-20;152601_2023-10-21;155209_2023-07-18;157904_2023-02-24;160216_2024-06-28;160216_2024-08-22;161573_2023-10-14;161573_2024-05-27;163329_2023-06-28;163329_2024-09-01;163817_2024-01-26;163817_2024-11-27;164897_2023-08-13;164897_2024-07-09;165786_2023-10-16;166084_2023-02-20;166084_2023-08-04;166084_2024-09-20;167494_2023-11-16;167494_2024-01-23;168165_2024-05-28;169310_2023-06-02;169310_2023-12-13;169310_2024-10-05;170013_2023-10-01;170013_2024-11-10;172262_2023-07-08;172262_2024-05-27;172510_2024-01-06;172510_2024-09-26;172510_2024-11-01;174968_2023-03-21,0.70934,0.54438,10.81798,0.98887,1.05465,0.98887,0.93366,0.0,0.53369,0.65405,0.69548,0.72435,0.73694,0.75718,0.77281,0.78789,0.80443,0.83174,0.85704,0.88401,0.91227,0.93819,0.98239,1.04313,1.06618,1.07809,1.1027,1.13362,1.16813,1.26975,1.28351,0.86368,0.92567,0.89366,0.89868,0.92533,0.95538,0.94686,0.95429,0.97372,0.95876,0.95195,0.98241,1.00969,0.98264,1.01267,1.03448,1.08628,0.97701,1.01231,0.99072,0.99341,0.9376,0.97833,0.99146,0.79663,0.0
100354_2023-06-07;100354_2023-08-19;100354_2024-04-27;100707_2023-01-01;100707_2024-07-11;102016_2024-06-29;106298_2023-02-25;106298_2023-06-14;106298_2023-11-11;106298_2024-08-12;106793_2024-09-15;107448_2023-11-16;107448_2024-12-04;108517_2023-08-02;108517_2024-04-07;108795_2024-06-13;108795_2024-11-23;115937_2024-07-11;116320_2023-03-16;116320_2024-06-14;116320_2024-06-20;118984_2023-04-25;118984_2023-08-29;120517_2023-03-07;120517_2024-11-08;121500_2023-10-23;121500_2024-09-09;121555_2024-03-31;123129_2023-10-10;123129_2024-08-11;125463_2023-06-28;127225_2023-05-02;127225_2023-05-30;127225_2024-06-02;127524_2024-12-28;128843_2023-04-02;130253_2023-05-03;130253_2024-05-06;132256_2024-03-31;132256_2024-11-19;132967_2023-02-02;132967_2023-09-22;132967_2024-07-16;136407_2023-10-01;136407_2023-12-20;142975_2024-06-07;146624_2023-04-28;147049_2024-08-15;147147_2023-05-14;147147_2023-10-10;151683_2024-05-09;151683_2024-05-25;157904_2024-01-01;160431_2023-03-01;161573_2023-02-25;161573_2024-07-23;161573_2024-08-23;163329_2023-03-29;163329_2023-11-20;163595_2024-05-08;163595_2024-09-22;163817_2023-10-03;163817_2024-01-26;164897_2023-07-03;164897_2023-08-13;164897_2024-03-01;164897_2024-10-30;167494_2023-08-27;168165_2024-01-17;169310_2023-08-02;169310_2023-12-13;169310_2024-07-01;169310_2024-07-08;172262_2023-07-08;172262_2023-11-11;172262_2024-01-06;172262_2024-05-27;172510_2024-05-07;172510_2024-05-21;174968_2023-11-13,0.67777,0.5173,10.80863,0.97219,1.03136,0.97219,0.9124,0.0,0.51517,0.63806,0.67204,0.70672,0.72725,0.74476,0.76358,0.78363,0.80062,0.83735,0.8713,0.89939,0.93322,0.95074,0.96908,1.01619,1.04448,1.0624,1.08263,1.11189,1.12937,1.21826,1.24374,0.86306,0.9331,0.93682,0.93713,0.93965,0.97731,0.96826,0.97733,0.98165,0.94042,0.94432,0.95062,0.95939,0.96222,0.96985,0.97927,1.00901,1.03674,0.98157,0.99306,0.97843,0.94051,1.01687,0.93991,0.71026,0.0
100354_2023-03-02;100354_2023-07-21;100354_2024-03-09;100354_2024-04-27;100707_2023-01-01;105366_2023-09-16;106298_2023-02-01;106298_2023-08-01;107448_2023-02-24;107448_2023-08-23;107448_2024-08-12;108517_2023-05-01;108517_2024-05-30;112377_2023-02-13;113377_2023-07-01;116320_2023-08-02;116320_2023-08-20;118984_2024-06-15;118984_2024-12-11;120517_2024-08-07;120517_2024-10-01;121500_2023-05-20;121500_2024-02-02;123129_2023-08-08;123129_2024-07-05;125463_2023-10-15;127225_2023-05-09;127225_2024-06-27;127225_2024-07-07;127524_2023-11-09;127524_2024-10-26;129071_2024-08-11;130253_2023-02-09;130253_2024-03-23;132967_2024-02-20;133165_2024-03-01;133165_2024-11-27;133996_2023-04-02;136407_2023-04-23;138414_2023-10-18;139410_2023-03-06;139410_2024-07-16;140211_2023-03-09;140211_2024-06-18;140649_2024-06-14;142975_2023-10-18;146624_2023-08-08;147049_2024-01-27;147049_2024-12-20;147147_2023-06-07;151683_2024-05-09;151683_2024-05-21;157904_2023-02-24;160216_2023-10-14;160216_2024-06-07;160431_2023-09-29;160431_2024-05-28;163329_2023-06-28;163329_2024-08-29;163817_2024-05-09;164897_2023-08-13;165786_2024-11-22;166084_2024-01-13;166206_2024-09-14;167494_2024-11-16;168165_2023-08-25;169310_2023-06-02;169310_2023-08-02;169310_2023-12-13;170013_2023-02-25;171530_2023-03-22;171530_2023-06-06;171530_2024-09-18;172262_2024-03-18;172262_2024-09-18;172510_2023-03-10;172510_2024-01-06;172510_2024-05-21;174968_2023-11-13;174968_2024-04-14,0.67234,0.49652,10.81648,0.95904,1.02473,0.95904,0.90693,0.0,0.49984,0.64646,0.69683,0.73182,0.74972,0.76171,0.77269,0.78489,0.79895,0.82476,0.85054,0.87075,0.89577,0.91765,0.94465,1.00022,1.01367,1.02422,1.0529,1.09392,1.14234,1.2386,1.2742,0.84336,0.9002,0.88275,0.89625,0.92306,0.93894,0.9457,0.95349,0.9588,0.95699,0.95312,0.95005,0.99217,0.9694,0.97952,0.99472,1.07889,0.98842,0.94887,0.92083,0.91823,0.91392,0.96712,0.97374,0.79106,0.0
100354_2023-05-30;100354_2023-08-19;100707_2024-07-11;102016_2024-03-27;106298_2024-03-13;106793_2024-06-13;107448_2024-10-21;107448_2024-11-26;108517_2024-05-21;108517_2024-07-13;110260_2023-06-23;110260_2024-06-10;112377_2023-10-18;112377_2024-10-02;113377_2023-08-03;113377_2023-08-10;113377_2024-08-24;116320_2024-06-12;116320_2024-06-20;116320_2024-12-29;118984_2024-06-15;120517_2024-08-08;120517_2024-10-01;121500_2023-10-10;123129_2024-07-05;125463_2023-09-25;125463_2023-11-30;127225_2024-07-07;127524_2023-02-12;127524_2023-07-08;127524_2024-01-15;127524_2024-04-05;128843_2024-05-16;130253_2023-02-09;130253_2024-03-23;132256_2024-01-07;132967_2024-11-28;133165_2024-08-03;133996_2024-11-02;136407_2023-12-20;136407_2024-09-22;138414_2023-01-16;138414_2024-11-09;139410_2023-06-21;140649_2024-03-22;142975_2023-11-02;142975_2024-09-28;142999_2023-06-08;144492_2023-06-20;144492_2023-07-21;147049_2024-08-15;147147_2024-01-18;151683_2023-03-15;151683_2024-09-19;151740_2024-04-21;152601_2023-11-27;155209_2024-11-15;160216_2024-02-23;160216_2024-06-07;160216_2024-08-17;161573_2024-08-06;163595_2023-08-18;163817_2024-02-14;164897_2023-01-28;164897_2023-03-26;165786_2023-09-07;165786_2024-06-04;165786_2024-11-22;166084_2023-01-03;166084_2023-02-20;167494_2023-07-05;167494_2023-11-16;167494_2024-06-30;169310_2024-06-28;170013_2024-11-12;171530_2023-05-31;171530_2024-06-13;172510_2023-01-25;172510_2024-05-21;174968_2023-03-21,0.63582,0.49356,10.81501,0.956,1.01478,0.956,0.90142,0.0,0.49016,0.62754,0.68423,0.72577,0.7501,0.7665,0.77791,0.78919,0.79863,0.82641,0.85212,0.87471,0.90371,0.92935,0.95386,0.99764,1.0204,1.03402,1.06257,1.09986,1.11715,1.19536,1.2181,0.89694,0.91669,0.92034,0.93076,0.93995,0.97088,0.95918,0.96582,0.96897,0.9447,0.94386,0.94924,0.98322,0.95824,0.96272,0.97301,1.0029,0.9817,0.97208,0.95031,0.94894,0.95419,0.96732,0.95404,0.76513,0.0
100354_2023-07-21;100354_2023-08-02;100707_2023-07-20;102016_2024-03-27;104481_2023-09-01;106298_2024-03-13;106793_2023-06-09;107448_2023-02-24;107448_2023-11-02;107448_2024-08-07;107448_2024-12-04;108517_2023-07-12;108517_2023-11-05;108517_2024-05-30;108517_2024-07-01;110260_2023-06-23;110260_2024-02-01;112377_2023-01-26;112377_2023-10-18;113377_2024-08-17;113377_2024-08-24;115937_2023-03-01;115937_2024-07-11;116320_2023-04-19;116320_2023-11-03;116320_2024-05-09;118984_2023-04-25;118984_2024-06-15;123129_2023-03-14;125463_2023-11-30;127225_2023-12-05;127225_2024-07-07;127524_2023-02-12;127524_2024-04-05;128843_2024-02-22;130253_2024-09-21;132256_2024-01-07;132967_2023-02-02;132967_2023-11-03;132967_2024-02-20;132967_2024-04-06;132967_2024-08-12;132967_2024-11-29;133165_2024-02-02;133165_2024-03-01;133165_2024-10-17;136407_2023-03-14;136407_2023-12-20;136407_2024-09-22;138414_2023-11-03;140211_2023-04-23;142975_2023-01-19;142999_2023-05-01;144492_2023-07-28;146624_2023-08-08;147049_2024-04-17;147147_2023-11-10;155209_2023-01-16;157904_2023-11-11;157904_2024-12-15;160216_2024-08-22;160431_2023-03-01;160431_2024-05-11;160431_2024-05-28;160431_2024-10-28;161573_2023-06-22;163329_2024-09-01;163817_2023-10-03;163817_2024-01-21;163817_2024-04-11;163817_2024-06-23;166084_2024-08-23;168165_2024-01-17;169310_2023-06-10;169310_2023-08-08;170013_2024-05-20;171530_2023-03-22;172510_2024-11-01;174968_2023-03-21;174968_2023-10-28,0.60057,0.50402,10.81101,0.94943,1.01458,0.94943,0.87732,0.0,0.49604,0.61122,0.65343,0.6885,0.70818,0.72837,0.74933,0.76459,0.77869,0.81483,0.84001,0.85874,0.88506,0.90469,0.93838,0.9741,1.01432,1.0289,1.05512,1.1047,1.13569,1.22571,1.23817,0.84609,0.89814,0.90247,0.91497,0.93142,0.97549,0.95563,0.96331,0.98578,0.95229,0.93592,0.96454,1.00336,0.9579,0.98452,0.99387,1.02237,0.94293,0.95771,0.92906,0.98957,0.87732,0.90893,0.9093,0.64866,0.0
100707_2024-07-11;100707_2024-12-03;102016_2024-03-27;104481_2024-05-05;106793_2024-06-14;107448_2024-05-30;107448_2024-11-26;110260_2023-01-06;112377_2023-01-26;113377_2023-02-27;113377_2024-06-13;113377_2024-06-26;115937_2023-03-01;116320_2024-12-14;118984_2023-04-25;121500_2024-02-02;121500_2024-02-24;123129_2023-03-14;123129_2024-08-26;125463_2023-11-30;125463_2023-12-21;127225_2023-03-14;127225_2024-11-10;129071_2023-04-09;130253_2024-05-14;132256_2024-12-13;132967_2023-02-03;132967_2024-08-12;133165_2024-08-21;133996_2023-06-12;138414_2023-01-16;138414_2024-04-18;138414_2024-11-09;139410_2024-07-16;140211_2023-06-14;140649_2023-02-05;142975_2023-11-02;142975_2024-09-28;144492_2023-06-20;146624_2023-01-11;147049_2023-11-20;147049_2024-11-03;147147_2023-04-24;151683_2024-05-21;151683_2024-09-19;151740_2023-08-22;152601_2023-10-21;152601_2024-08-01;155209_2023-01-16;155209_2023-09-05;155209_2024-11-11;157904_2023-02-24;157904_2023-03-28;160216_2024-03-06;160431_2024-05-28;161573_2024-07-23;161573_2024-07-29;163329_2023-03-29;163595_2024-05-08;163817_2023-03-14;164897_2023-07-03;164897_2023-12-12;165786_2023-10-16;166084_2023-02-20;166084_2023-09-19;167494_2023-07-05;167494_2023-11-16;167494_2024-01-23;167494_2024-11-16;168165_2023-02-15;168165_2024-01-17;168165_2024-06-24;169310_2023-06-10;169310_2023-12-13;170013_2024-11-12;171530_2024-05-02;172262_2024-03-18;172510_2024-12-24;174968_2023-03-21;174968_2023-08-16,0.65296,0.49724,10.81746,0.96545,1.02962,0.96545,0.90418,0.0,0.48803,0.63289,0.68297,0.71854,0.7364,0.75395,0.76551,0.78152,0.79505,0.82288,0.84606,0.86476,0.88492,0.90687,0.95478,1.01246,1.04132,1.05347,1.07453,1.10802,1.14113,1.23921,1.25343,0.83974,0.88776,0.88926,0.91287,0.92999,0.93192,0.92938,0.95707,0.96319,0.94296,0.94306,0.955,0.98455,0.97454,0.97319,0.99728,1.06611,0.96984,0.99382,0.96506,0.98966,0.88738,0.9279,0.93361,0.68363,0.0
100354_2023-08-02;100354_2024-03-09;100707_2024-12-18;106298_2024-08-18;106793_2023-06-04;107448_2023-09-20;107448_2024-08-07;107448_2024-10-21;107448_2024-12-04;108517_2023-11-05;108517_2023-12-09;108795_2024-06-13;112377_2023-10-18;113377_2024-06-13;113377_2024-08-17;115937_2024-09-25;116320_2023-08-02;120517_2024-11-08;123129_2024-07-05;125463_2023-06-18;125463_2023-06-28;127225_2024-11-10;127524_2023-02-12;127524_2024-10-18;132967_2023-02-02;132967_2023-11-03;132967_2023-12-02;132967_2024-02-20;133165_2024-02-02;133165_2024-08-16;133165_2024-10-17;133996_2023-03-03;133996_2023-04-02;133996_2023-04-09;133996_2024-11-14;136407_2023-03-14;136407_2023-05-07;136407_2023-12-20;138414_2024-11-09;140211_2023-03-17;140211_2023-04-23;140211_2024-02-16;142975_2023-11-02;142975_2024-09-28;142975_2024-12-10;142999_2023-05-01;144492_2023-12-08;144492_2024-06-12;147049_2023-08-22;147049_2024-04-17;147147_2023-10-10;147147_2023-11-02;151740_2024-12-21;152601_2023-02-14;160216_2023-03-29;160216_2024-08-22;161573_2023-09-11;161573_2024-08-06;163817_2024-11-27;164897_2023-12-12;164897_2024-11-16;165786_2024-04-08;166084_2023-01-03;166084_2023-01-05;166084_2023-08-04;166084_2024-01-13;166206_2024-09-14;167494_2023-08-27;167494_2024-01-23;167494_2024-06-22;167494_2024-12-11;169310_2023-06-10;169310_2024-03-17;169310_2024-07-01;170013_2024-11-12;172262_2023-02-12;172262_2024-02-24;172510_2024-05-21;174968_2023-10-16;174968_2024-04-14,0.68413,0.50169,10.80753,0.96292,1.02125,0.96292,0.91178,0.0,0.49969,0.63701,0.68937,0.72789,0.74849,0.76671,0.78381,0.79586,0.80878,0.8493,0.87913,0.90608,0.92397,0.93419,0.95458,0.99568,1.01696,1.03793,1.06879,1.10751,1.12185,1.2045,1.23009,0.88484,0.92401,0.92981,0.9333,0.93457,0.96371,0.95621,0.95859,0.96249,0.96079,0.94149,0.94898,0.98063,0.95882,0.96485,0.97805,1.00688,1.02192,0.98128,0.96744,0.97956,0.90842,1.00203,0.95656,0.81208,0.0
100707_2024-12-18;104481_2023-09-01;104481_2024-10-02;106298_2023-04-26;107448_2023-02-24;108517_2023-04-24;108517_2024-07-01;108517_2024-07-13;108795_2024-11-23;113377_2024-01-04;113377_2024-01-08;116320_2023-01-28;116320_2024-06-14;116320_2024-11-01;118984_2023-08-29;120517_2024-08-07;120517_2024-10-01;121500_2023-03-22;121500_2023-05-20;121500_2024-02-24;121555_2024-08-19;121555_2024-08-25;123129_2023-03-14;125463_2023-06-28;127225_2023-05-09;127225_2023-08-28;127225_2024-07-07;127524_2023-02-12;127524_2024-10-18;128843_2024-05-06;128843_2024-06-27;130253_2024-08-31;130253_2024-09-21;132967_2023-11-03;132967_2024-08-07;133996_2024-11-02;133996_2024-11-14;136407_2023-04-22;136407_2023-05-07;136407_2024-08-01;144492_2023-06-20;146624_2023-01-11;147049_2023-04-04;147049_2024-11-03;151683_2023-03-15;151683_2023-10-20;151740_2023-01-09;151740_2023-03-12;152601_2023-02-14;152601_2023-11-27;152601_2024-03-10;152601_2024-11-18;155209_2023-01-10;155209_2023-09-05;155209_2024-11-11;157904_2023-03-31;157904_2024-01-01;157904_2024-01-23;157904_2024-12-15;160216_2024-06-28;160431_2024-10-28;161573_2024-07-29;161573_2024-08-23;163595_2024-05-08;163817_2024-04-11;164897_2023-01-29;164897_2023-12-12;165786_2024-09-04;166206_2024-09-27;167494_2023-07-05;167494_2024-06-30;168165_2023-02-15;168165_2024-01-17;169310_2024-03-17;170013_2023-11-17;170013_2024-05-20;172262_2023-11-11;172262_2024-01-06;172262_2024-02-12;172262_2024-05-27,0.6665,0.50258,10.81208,0.9529,1.02125,0.9529,0.8867,0.0,0.48602,0.63071,0.68797,0.7154,0.72802,0.74258,0.7541,0.76475,0.77687,0.80282,0.83183,0.85483,0.8808,0.90061,0.92688,0.98252,1.01433,1.02128,1.05961,1.11788,1.15055,1.23762,1.26047,0.84063,0.88152,0.90644,0.9242,0.93633,1.00286,0.98014,0.98957,0.99571,0.94672,0.95205,0.95966,1.01582,0.97765,0.96818,0.98732,1.03401,0.97212,0.89251,0.8917,0.90085,0.89911,0.94262,0.92396,0.73386,0.0
100354_2023-08-19;100354_2023-12-02;100707_2023-01-07;102016_2024-10-15;104481_2024-10-02;105366_2023-09-16;106298_2023-02-25;106298_2023-04-26;106793_2023-10-28;106793_2024-09-15;107448_2024-08-12;107448_2024-10-09;108795_2023-12-14;110260_2023-06-23;110260_2023-12-25;110260_2024-06-10;113377_2023-08-10;116320_2023-03-16;116320_2024-06-12;118984_2024-12-11;121500_2023-08-12;121500_2024-01-25;121500_2024-02-02;121500_2024-02-24;121555_2024-08-25;123129_2023-03-09;127225_2023-03-14;127524_2024-01-15;128843_2023-04-13;129071_2024-01-30;129071_2024-08-11;132256_2024-11-19;132967_2023-02-03;132967_2024-07-16;133165_2024-03-19;133165_2024-08-03;133165_2024-08-21;133996_2023-03-03;136407_2023-05-07;138414_2023-10-18;138414_2024-11-09;139410_2024-03-11;140211_2023-11-11;140649_2023-12-03;142975_2023-01-19;142975_2024-10-10;142999_2023-06-29;142999_2024-06-11;144492_2023-09-22;144492_2023-12-08;147049_2024-01-27;147049_2024-08-15;147049_2024-12-20;151683_2023-03-15;151740_2023-10-14;152601_2023-01-18;152601_2023-10-21;152601_2024-08-01;152601_2024-08-27;152601_2024-11-18;152601_2024-12-21;155209_2023-01-16;157904_2024-01-01;160216_2024-06-07;160216_2024-08-22;160431_2024-05-28;160431_2024-07-01;161573_2023-06-22;161573_2023-09-11;161573_2024-11-23;163595_2023-02-25;163817_2024-11-27;165786_2024-04-08;169310_2023-08-02;169310_2024-07-08;169310_2024-10-05;170013_2023-02-25;171530_2024-03-17;172262_2024-11-20;172510_2024-05-21,0.66533,0.49274,10.80753,0.96955,1.02405,0.96955,0.91649,0.0,0.48755,0.63593,0.6841,0.71855,0.73896,0.76856,0.79622,0.81764,0.83448,0.86707,0.88975,0.90844,0.92561,0.93672,0.96701,1.01246,1.03541,1.05415,1.07904,1.10945,1.1164,1.19202,1.21385,0.87994,0.93079,0.93317,0.94212,0.94492,0.95429,0.9488,0.95362,0.96125,0.95722,0.95872,0.96462,0.97343,0.97338,0.97249,0.97957,1.00273,0.99273,0.98695,0.98682,0.98079,0.92816,0.96509,0.95763,0.77776,0.0
100354_2023-05-30;100354_2024-06-25;100354_2024-12-28;100707_2023-07-20;100707_2023-07-28;100707_2024-04-01;102016_2024-04-10;104481_2024-05-05;104481_2024-07-30;106298_2023-02-25;106298_2024-11-17;106793_2024-06-13;107448_2024-10-21;108517_2024-05-21;108795_2024-05-15;110260_2023-06-23;112377_2024-05-22;113377_2024-08-24;116320_2024-04-04;116320_2024-06-14;121500_2024-09-09;125463_2023-11-30;125463_2024-03-27;127225_2024-11-10;129071_2023-02-19;129071_2024-01-30;129071_2024-08-11;130253_2024-05-06;130253_2024-05-17;132967_2023-11-12;132967_2024-07-16;133165_2024-02-02;133165_2024-03-19;133996_2023-04-09;133996_2023-04-20;136407_2023-12-20;136407_2024-09-22;138414_2023-11-03;140211_2023-03-09;140649_2024-06-14;142975_2023-11-02;142975_2024-12-10;142999_2024-03-13;146624_2023-03-10;146624_2023-08-08;147049_2024-08-15;147147_2023-04-24;147147_2023-05-14;147147_2023-06-07;152601_2023-11-27;155209_2024-07-16;160216_2023-03-29;160216_2023-10-14;160216_2024-09-21;161573_2023-04-21;161573_2023-12-20;163329_2023-03-29;163595_2024-02-27;163817_2024-06-23;164897_2023-03-26;164897_2024-07-09;165786_2023-02-16;165786_2023-10-08;165786_2024-04-08;166084_2023-02-20;166084_2023-08-04;166084_2023-09-19;166206_2024-09-14;167494_2024-10-26;168165_2023-02-15;168165_2024-01-17;169310_2023-01-03;169310_2023-06-02;169310_2024-06-28;170013_2024-06-23;171530_2023-05-31;171530_2023-06-06;172262_2023-11-11;172510_2024-05-07;172510_2024-12-24,0.62483,0.49804,10.80847,0.98432,1.0393,0.98432,0.92875,0.0,0.49973,0.62843,0.68763,0.72494,0.74929,0.77165,0.79564,0.81095,0.83015,0.86734,0.88675,0.91075,0.93286,0.95185,0.99222,1.03514,1.05696,1.07546,1.0986,1.12119,1.12992,1.21797,1.23493,0.85075,0.91548,0.91248,0.91947,0.93008,0.94257,0.94614,0.93896,0.95841,0.95003,0.93976,0.95939,0.9725,0.96196,0.97894,0.98887,1.01791,1.00866,1.02407,1.0314,1.01149,0.95672,1.02015,1.00128,0.74693,0.0
100354_2023-03-02;100707_2024-12-03;102016_2023-07-20;106298_2023-04-26;106298_2023-05-06;106298_2024-08-18;106793_2023-04-10;106793_2023-06-04;107448_2023-08-23;108517_2024-07-01;110260_2023-01-06;110260_2024-12-09;112377_2023-10-18;113377_2024-08-17;115937_2024-05-17;115937_2024-07-11;116320_2023-01-28;116320_2023-04-19;120517_2023-11-28;120517_2024-08-07;120517_2024-08-08;121555_2023-02-14;121555_2023-02-20;121555_2023-10-09;125463_2023-10-09;127225_2024-06-02;127225_2024-07-07;129071_2023-05-02;130253_2024-02-18;130253_2024-05-06;130253_2024-09-21;132256_2024-01-07;132967_2023-02-03;132967_2024-02-20;132967_2024-04-06;132967_2024-08-12;132967_2024-11-29;133165_2024-10-17;133996_2023-03-03;133996_2023-04-09;133996_2023-04-20;136407_2023-04-22;136407_2023-05-07;139410_2023-03-21;140649_2023-04-24;140649_2023-12-03;142975_2023-01-19;142999_2024-03-13;146624_2023-04-28;147049_2023-08-22;147049_2023-11-20;147049_2024-11-03;147147_2023-04-24;151683_2024-05-21;151740_2023-10-14;152601_2023-02-14;152601_2024-08-27;155209_2023-04-23;155209_2023-09-05;160216_2023-03-29;160216_2024-03-06;160431_2024-05-11;161573_2023-10-14;161573_2023-12-20;163329_2024-09-01;163817_2023-07-05;164897_2023-09-05;164897_2023-12-12;165786_2023-10-08;165786_2023-10-16;165786_2024-09-04;165786_2024-11-22;166206_2024-09-27;169310_2024-03-17;170013_2023-10-01;170013_2023-11-17;172262_2023-02-12;172262_2024-02-12;172510_2024-12-21;174968_2023-10-16,0.66114,0.49123,10.80985,0.96378,1.02229,0.96378,0.90765,0.0,0.48315,0.62859,0.68432,0.71846,0.73255,0.74749,0.76579,0.78184,0.79618,0.83635,0.86918,0.89026,0.91415,0.93035,0.95628,1.0027,1.02586,1.05034,1.08136,1.11327,1.12476,1.20791,1.2275,0.84564,0.90353,0.90323,0.91216,0.93177,0.9284,0.93526,0.9381,0.94938,0.93295,0.94232,0.94947,0.96805,0.96475,0.96813,0.98126,1.02039,0.99253,0.97994,0.98604,0.96986,0.91753,0.97506,0.95892,0.68264,0.0
100354_2023-07-21;100354_2024-06-25;100707_2023-01-07;100707_2024-04-14;102016_2024-10-15;106298_2023-05-06;106793_2024-06-13;107448_2023-02-24;107448_2023-11-16;107448_2024-01-07;107448_2024-08-07;107448_2024-10-09;108517_2023-04-24;108517_2023-07-12;108517_2024-05-30;108795_2023-07-29;108795_2024-01-21;112377_2023-10-18;112377_2024-01-18;113377_2023-02-13;118984_2023-08-29;118984_2024-06-15;120517_2024-07-01;121500_2024-01-25;121500_2024-02-02;121555_2023-10-09;123129_2023-03-14;123129_2023-07-13;123129_2024-07-05;125463_2024-01-22;125463_2024-03-27;127225_2023-05-30;127524_2024-04-05;128843_2023-04-02;130253_2024-02-18;130253_2024-05-14;130253_2024-09-21;132967_2023-11-03;132967_2023-11-12;132967_2024-04-06;133165_2024-08-21;133165_2024-10-17;133996_2023-04-20;139410_2023-03-06;140211_2023-04-23;140211_2024-02-16;142975_2023-04-09;142975_2024-06-07;142975_2024-10-10;144492_2024-06-12;147049_2023-08-22;147049_2024-01-27;147049_2024-11-03;147147_2023-04-24;147147_2023-11-02;147147_2023-11-10;151683_2023-10-20;151740_2024-04-21;152601_2024-03-10;155209_2023-07-18;157904_2023-02-24;160216_2024-06-07;163595_2023-02-25;163595_2023-08-18;164897_2023-01-28;164897_2023-03-26;165786_2023-10-16;166084_2024-10-08;166206_2023-01-05;167494_2023-11-16;167494_2024-01-08;167494_2024-02-26;167494_2024-06-22;167494_2024-11-16;168165_2023-02-15;168165_2024-05-28;169310_2023-08-08;170013_2023-10-01;171530_2023-05-31;171530_2024-05-02,0.6775,0.49212,10.82229,0.95291,1.01179,0.95291,0.90082,0.0,0.49311,0.63039,0.69637,0.72896,0.74644,0.76207,0.76396,0.78107,0.79078,0.82047,0.85359,0.87763,0.90027,0.92167,0.95271,0.98589,1.00912,1.02416,1.07029,1.10584,1.11478,1.18835,1.20862,0.89862,0.89872,0.92197,0.92427,0.92698,0.9347,0.93266,0.9351,0.93873,0.92578,0.92844,0.93183,0.9529,0.9452,0.95823,0.9694,1.00956,0.98254,0.97508,0.95485,0.96845,0.91056,0.94906,0.91363,0.70994,0.0
100354_2023-08-02;100354_2023-12-02;100354_2024-03-09;100354_2024-12-28;100707_2023-01-07;100707_2024-04-01;102016_2024-03-27;102016_2024-06-29;105366_2023-01-03;105366_2024-07-06;106298_2024-03-13;106298_2024-08-12;106793_2023-06-04;106793_2023-10-28;107448_2023-08-23;108517_2023-12-09;108517_2024-05-30;108795_2024-06-13;112377_2023-02-13;112377_2024-01-18;113377_2023-07-01;113377_2024-08-13;113377_2024-09-29;116320_2023-04-19;116320_2023-08-20;116320_2024-06-14;116320_2024-11-01;121500_2023-05-20;121500_2023-10-10;121500_2024-07-24;125463_2023-11-25;127225_2023-05-30;127225_2024-06-27;127524_2024-01-23;128843_2023-03-22;129071_2023-03-16;130253_2024-05-14;132967_2023-09-22;132967_2024-08-07;132967_2024-11-29;133996_2024-11-02;136407_2023-10-16;136407_2023-12-20;138414_2023-10-18;138414_2024-02-24;138414_2024-04-18;139410_2024-07-16;140211_2023-06-14;142975_2024-10-10;144492_2023-06-20;144492_2024-06-12;147049_2023-12-19;147049_2024-04-11;147049_2024-11-03;147049_2024-12-20;147147_2023-11-02;151740_2024-12-21;152601_2023-01-18;157904_2023-11-11;160216_2024-03-08;160431_2023-03-27;161573_2023-04-07;161573_2023-12-20;161573_2024-02-04;163595_2024-05-08;163817_2023-10-03;164897_2023-01-29;164897_2023-07-03;164897_2023-12-12;165786_2023-02-16;165786_2023-10-16;166084_2023-09-25;167494_2024-01-23;167494_2024-11-16;167494_2024-12-11;168165_2024-06-18;171530_2023-06-06;171530_2024-05-02;171530_2024-09-18;172262_2023-06-20,0.65669,0.49558,10.80833,0.97816,1.03091,0.97816,0.92586,0.0,0.49196,0.64093,0.69872,0.74055,0.76308,0.78742,0.80595,0.82756,0.84688,0.87127,0.89007,0.90908,0.93153,0.94812,0.98078,1.02314,1.04713,1.0654,1.08955,1.11334,1.11638,1.19981,1.21791,0.85832,0.91974,0.9204,0.92637,0.93523,0.94425,0.93794,0.94207,0.95359,0.94134,0.94459,0.95861,0.97078,0.9635,0.97818,0.97878,1.0097,1.00734,1.01746,1.01771,1.00554,0.95021,0.99235,0.99652,0.72116,0.0
100354_2023-07-21;100354_2024-03-09;100707_2023-07-28;100707_2024-07-11;102016_2023-07-18;104481_2024-05-05;106298_2023-04-26;107448_2023-10-19;107448_2024-10-09;108517_2023-11-05;108517_2024-04-07;108517_2024-05-21;110260_2024-12-09;113377_2023-02-13;113377_2023-08-03;115937_2023-03-01;116320_2023-08-20;116320_2024-06-12;116320_2024-11-01;116320_2024-12-14;121500_2024-02-02;121500_2024-07-24;121555_2023-02-20;121555_2024-08-19;123129_2024-02-01;123129_2024-07-05;125463_2023-06-28;127225_2023-08-28;127225_2024-06-02;127524_2024-10-26;128843_2023-11-19;128843_2024-06-27;129071_2023-10-25;130253_2024-03-23;132967_2023-02-03;132967_2024-02-20;132967_2024-04-06;133165_2023-08-22;133996_2023-03-03;136407_2023-03-14;136407_2023-05-07;140211_2023-03-09;142975_2023-08-21;142975_2024-12-10;144492_2023-07-21;146624_2023-04-28;146624_2024-05-28;147049_2023-04-04;147049_2024-11-03;147147_2023-11-02;147147_2023-11-10;151683_2024-05-09;151740_2023-03-12;151740_2023-10-14;152601_2023-02-14;152601_2023-10-21;152601_2023-11-27;152601_2024-03-10;155209_2023-07-18;157904_2023-02-24;160216_2023-03-29;160216_2023-10-14;161573_2023-06-22;161573_2024-05-27;161573_2024-08-23;163329_2024-08-29;163817_2023-02-09;163817_2024-06-23;166084_2023-01-03;166084_2024-04-26;166206_2024-09-14;166206_2024-09-27;167494_2024-02-26;168165_2023-03-10;172262_2023-07-08;172262_2023-11-11;172262_2024-02-12;172510_2024-09-26;172510_2024-11-01;174968_2024-04-14,0.66945,0.48989,10.80878,0.95881,1.01821,0.95881,0.9049,0.0,0.4883,0.61856,0.67982,0.71933,0.74312,0.76121,0.77735,0.79334,0.81164,0.8508,0.88298,0.89951,0.91233,0.92496,0.95192,0.99744,1.01561,1.02816,1.05463,1.09705,1.12571,1.20532,1.23322,0.84753,0.8953,0.90472,0.91639,0.93078,0.93386,0.93638,0.94537,0.94891,0.94504,0.95246,0.9581,0.97524,0.9532,0.97249,0.97818,1.02101,0.95451,0.94275,0.96032,0.96852,0.94624,0.97847,0.95185,0.75158,0.0
100354_2023-03-02;100354_2023-05-30;100354_2023-12-02;100707_2023-07-28;102016_2023-07-18;102016_2024-04-10;102016_2024-06-29;102016_2024-11-04;104481_2024-10-02;106298_2023-11-11;106793_2024-09-15;107448_2024-11-26;108517_2024-07-01;110260_2023-06-23;110260_2023-09-02;112377_2024-05-22;113377_2023-02-13;113377_2024-01-04;113377_2024-01-08;113377_2024-08-17;113377_2024-08-24;115937_2023-03-01;116320_2024-12-14;120517_2024-11-08;121500_2023-10-10;121500_2024-07-24;121500_2024-09-09;121555_2023-02-20;121555_2024-03-31;123129_2023-08-08;125463_2023-09-25;125463_2024-03-27;127225_2024-06-02;127524_2023-02-12;128843_2023-04-13;129071_2024-01-30;132967_2023-02-02;132967_2023-12-31;133996_2023-10-02;133996_2024-11-02;136407_2024-09-22;138414_2023-11-03;139410_2024-03-11;140211_2023-03-09;140211_2023-11-11;140211_2024-06-18;140649_2023-01-20;142975_2023-04-09;142975_2023-10-18;144492_2024-06-12;146624_2023-01-11;146624_2023-03-10;146624_2023-04-28;147049_2024-04-11;151683_2023-10-20;151740_2023-01-09;151740_2023-08-22;152601_2023-02-14;157904_2023-11-11;160216_2023-04-09;161573_2024-07-23;161573_2024-07-29;163595_2024-05-08;163817_2024-01-21;163817_2024-11-27;164897_2024-08-06;165786_2024-11-22;166084_2023-01-05;167494_2023-11-16;167494_2024-06-22;167494_2024-06-30;167494_2024-10-26;169310_2023-12-13;170013_2023-11-17;172262_2024-02-12;172510_2023-01-25;172510_2023-11-29;172510_2024-12-24;174968_2023-08-16;174968_2023-10-16,0.60302,0.48858,10.81333,0.9614,1.01877,0.9614,0.90844,0.0,0.48615,0.63795,0.70233,0.74308,0.76669,0.79008,0.80713,0.82297,0.83119,0.85762,0.88027,0.90054,0.9152,0.92808,0.9556,0.98998,1.01557,1.03328,1.05648,1.09428,1.12041,1.19792,1.22114,0.8707,0.90612,0.91924,0.93808,0.95537,0.96593,0.9611,0.97811,0.98224,0.96391,0.96795,0.97367,0.99656,0.96824,0.97406,0.99097,1.00611,0.95839,0.9438,0.94913,0.9732,0.91128,0.95962,0.94303,0.79918,0.0
100354_2023-05-30;100354_2023-08-19;100354_2023-09-22;100707_2024-07-11;104481_2023-09-01;104481_2024-07-30;106298_2023-04-26;106298_2023-06-14;106298_2024-08-12;106793_2024-06-14;107448_2023-11-16;107448_2024-10-09;108795_2024-04-26;110260_2024-06-10;113377_2023-07-01;115937_2024-05-17;118984_2023-08-29;120517_2024-11-08;121500_2023-10-10;121500_2024-07-24;121500_2024-12-01;123129_2023-08-08;123129_2024-02-01;123129_2024-08-26;125463_2023-09-25;127225_2023-05-30;127225_2024-06-27;127524_2024-04-05;127524_2024-09-05;128843_2023-04-13;130253_2023-05-03;130253_2024-03-03;132256_2024-12-13;132967_2024-04-06;133165_2024-03-19;133996_2023-04-09;133996_2023-10-02;136407_2023-04-23;136407_2023-10-16;136407_2024-08-01;139410_2023-07-18;139410_2024-07-16;140211_2023-03-09;140211_2023-03-17;140211_2023-04-23;140211_2023-11-11;140649_2023-01-20;144492_2023-09-22;146624_2023-01-11;146624_2023-03-10;146624_2023-03-12;146624_2023-08-08;146624_2023-08-26;151683_2024-05-09;151740_2023-08-22;152601_2023-02-14;152601_2024-08-27;152601_2024-11-18;157904_2024-01-01;161573_2023-04-21;161573_2023-10-14;163817_2024-02-14;164897_2023-01-28;164897_2024-03-01;164897_2024-08-06;165786_2023-10-16;166084_2023-01-03;166084_2023-08-10;166084_2023-09-19;166084_2024-01-13;166084_2024-04-26;167494_2024-01-08;167494_2024-03-08;167494_2024-12-11;168165_2024-06-24;169310_2024-03-17;170013_2023-02-25;171530_2024-06-13;172262_2023-06-20;172262_2024-03-18,0.65986,0.48957,10.81767,0.97991,1.03363,0.97991,0.93471,0.0,0.48828,0.63393,0.68529,0.71859,0.73913,0.76628,0.78507,0.80034,0.81089,0.84681,0.88153,0.90572,0.93645,0.9525,0.99033,1.03435,1.05904,1.07435,1.10384,1.12138,1.11701,1.19827,1.22289,0.87274,0.91726,0.92044,0.92271,0.92524,0.92497,0.92232,0.92477,0.92888,0.92509,0.92814,0.93619,0.94575,0.95069,0.95951,0.97174,1.00812,1.01955,1.03628,1.04121,1.02176,0.96748,1.03931,0.97547,0.75869,0.0
100354_2023-09-22;100354_2023-12-02;100707_2023-01-07;100707_2023-07-20;100707_2023-09-06;100707_2024-04-01;104481_2024-05-05;105366_2023-09-05;106298_2023-02-01;106793_2023-06-04;107448_2023-10-19;107448_2024-11-26;108517_2023-06-11;108517_2023-07-12;108517_2024-05-30;110260_2023-12-25;110260_2024-02-01;112377_2024-10-02;113377_2024-06-26;115937_2023-03-01;115937_2024-06-30;115937_2024-07-11;116320_2023-01-28;118984_2024-06-15;120517_2024-11-08;121500_2024-01-25;121555_2024-03-31;125463_2023-06-28;127225_2024-07-07;127524_2024-01-15;127524_2024-03-16;127524_2024-09-05;128843_2023-04-13;129071_2023-02-19;129071_2023-10-25;129071_2024-04-09;130253_2023-05-03;132967_2023-11-03;132967_2024-07-16;133996_2024-11-14;136407_2024-09-22;138414_2023-01-16;138414_2023-10-18;140211_2023-06-14;142975_2023-08-21;142999_2023-06-08;142999_2024-03-13;144492_2023-06-20;144492_2023-12-08;147049_2024-04-17;151683_2024-05-25;151740_2023-08-22;152601_2024-12-21;155209_2024-07-16;157904_2023-03-31;157904_2024-01-01;160216_2023-04-09;160216_2023-10-14;160216_2024-09-21;161573_2023-04-21;161573_2023-12-20;161573_2024-08-06;163329_2024-09-29;163595_2024-02-27;164897_2023-08-13;165786_2024-04-08;166084_2023-08-04;166084_2023-08-10;166084_2024-10-08;167494_2024-01-23;167494_2024-03-08;167494_2024-06-22;167494_2024-06-30;169310_2023-08-02;171530_2023-06-06;171530_2024-03-17;172262_2023-06-20;172510_2023-03-10;172510_2024-01-21;172510_2024-12-24,0.64589,0.50294,10.81192,0.98468,1.03416,0.98468,0.93238,0.0,0.51432,0.629,0.67465,0.71585,0.74314,0.76663,0.78722,0.81342,0.83538,0.88185,0.92791,0.95382,0.9678,0.97807,1.00288,1.0366,1.0534,1.06897,1.09033,1.1126,1.11381,1.18715,1.20726,0.90272,0.94745,0.95898,0.96477,0.96654,0.96405,0.96115,0.96716,0.96851,0.96048,0.96336,0.9675,0.97617,0.97232,0.9726,0.97974,1.00485,1.01246,1.01526,1.02335,1.01012,0.96038,0.99682,1.00163,0.7797,0.0
100707_2023-01-07;102016_2024-10-15;104481_2023-11-01;104481_2024-07-30;106298_2024-11-17;106793_2023-03-14;106793_2023-04-10;107448_2023-02-24;107448_2023-09-20;107448_2023-10-19;108517_2023-05-01;108517_2023-08-02;108517_2023-11-05;108517_2024-05-30;108517_2024-07-01;108517_2024-07-13;108795_2024-04-26;108795_2024-11-23;110260_2024-06-10;112377_2023-10-18;116320_2023-04-19;118984_2024-12-11;121555_2024-08-25;127524_2023-07-08;128843_2024-05-16;129071_2023-02-19;129071_2023-04-09;129071_2024-10-24;132967_2023-02-03;132967_2023-11-12;133996_2024-08-30;136407_2024-09-22;138414_2023-01-16;138414_2023-10-18;138414_2024-02-24;138414_2024-11-09;140649_2023-02-05;142975_2024-10-10;142975_2024-12-10;142999_2023-06-08;142999_2024-06-11;144492_2023-06-20;146624_2023-03-10;146624_2024-05-25;147049_2024-01-27;147049_2024-04-17;147147_2023-05-14;151683_2024-05-21;151740_2023-10-14;152601_2024-08-01;152601_2024-08-27;155209_2024-11-11;160216_2024-08-22;161573_2023-04-21;161573_2023-06-22;161573_2023-12-20;161573_2024-02-04;163329_2023-11-20;163595_2024-05-08;163595_2024-09-22;163817_2023-02-09;163817_2024-01-26;164897_2024-07-09;165786_2023-02-10;166084_2023-02-20;166084_2023-08-10;166084_2024-09-23;167494_2024-10-26;168165_2023-03-10;168165_2023-08-25;168165_2024-06-18;169310_2024-07-08;170013_2023-02-25;170013_2023-10-01;170013_2024-11-10;171530_2024-09-18;172262_2023-06-20;172262_2023-11-11;174968_2023-02-25;174968_2023-03-21,0.65265,0.50906,10.81828,0.9477,1.01164,0.9477,0.88694,0.0,0.51075,0.62243,0.66616,0.70108,0.72221,0.74495,0.75973,0.77684,0.78735,0.81156,0.8317,0.85173,0.87409,0.89528,0.93745,0.99142,1.01776,1.02677,1.04766,1.08477,1.12412,1.2182,1.23934,0.84074,0.87735,0.88382,0.90727,0.93255,0.93009,0.93031,0.95017,0.95806,0.93952,0.93648,0.95035,0.97718,0.9643,0.96637,0.9828,1.04209,0.94411,0.9563,0.93854,0.92807,0.86344,0.90084,0.91097,0.70674,0.0
100707_2023-01-01;100707_2023-01-07;100707_2023-07-20;100707_2024-12-03;102016_2023-07-20;104481_2024-07-30;106298_2024-08-18;106793_2023-03-14;106793_2023-04-10;106793_2023-06-04;106793_2024-06-13;106793_2024-09-15;106793_2024-12-22;107448_2023-11-02;108517_2023-07-12;110260_2023-12-25;113377_2023-02-13;113377_2023-02-27;113377_2024-01-04;113377_2024-08-13;116320_2023-11-03;116320_2024-06-20;118984_2024-06-15;120517_2023-03-07;120517_2024-08-07;120517_2024-11-08;121555_2023-02-20;121555_2024-03-31;123129_2023-03-14;123129_2024-02-01;127225_2024-06-02;127524_2024-06-25;128843_2023-04-13;129071_2023-10-25;129071_2024-04-09;130253_2023-07-26;132256_2024-01-07;132967_2023-11-12;133165_2024-02-02;133996_2023-04-20;140649_2023-01-20;140649_2023-02-05;142975_2023-11-02;142999_2023-05-01;142999_2023-06-29;144492_2023-05-06;144492_2024-06-12;146624_2023-03-12;147049_2023-12-19;147049_2024-04-17;147049_2024-04-22;147147_2023-11-10;151740_2024-07-24;152601_2024-08-01;155209_2023-04-23;160216_2024-02-23;160216_2024-09-21;160431_2023-04-18;161573_2023-04-21;163329_2024-09-01;163329_2024-09-29;163595_2024-05-08;163595_2024-09-22;163817_2024-01-26;163817_2024-02-14;164897_2024-10-30;165786_2023-02-16;165786_2023-10-16;167494_2023-08-27;167494_2023-11-16;167494_2024-03-08;167494_2024-06-30;167494_2024-10-26;168165_2023-08-25;169310_2023-10-10;171530_2023-05-31;172510_2023-08-20;172510_2023-11-29;172510_2024-01-06;174968_2023-10-28,0.68834,0.51873,10.81042,0.97462,1.02819,0.97462,0.9257,0.0,0.50709,0.66178,0.71486,0.76338,0.78456,0.81759,0.84831,0.8591,0.85565,0.87198,0.88671,0.89875,0.9161,0.93442,0.98092,1.01371,1.02983,1.04734,1.07648,1.11149,1.11845,1.19607,1.21804,0.88881,0.94314,0.94585,0.94547,0.94674,0.96446,0.9587,0.96185,0.96682,0.96724,0.96504,0.96995,0.97613,0.96391,0.97014,0.97832,1.00287,0.99054,0.99153,0.95997,0.99347,0.94087,1.00076,0.96527,0.7519,0.0
100354_2023-05-30;100354_2023-08-19;100354_2024-12-28;100707_2023-07-04;100707_2023-07-28;100707_2024-12-18;102016_2023-07-18;102016_2024-06-29;106793_2023-06-09;106793_2023-10-28;107448_2023-08-23;107448_2023-10-19;107448_2024-01-07;107448_2024-05-30;108517_2023-04-24;112377_2023-02-13;112377_2023-10-18;113377_2024-08-24;113377_2024-09-29;115937_2023-03-01;115937_2024-09-22;116320_2024-11-01;116320_2024-11-29;118984_2024-06-15;121500_2023-03-22;123129_2023-03-09;125463_2023-10-15;127524_2023-02-12;127524_2024-07-02;128843_2023-11-19;130253_2023-05-03;133165_2023-08-22;133996_2023-03-03;133996_2023-06-12;136407_2023-12-20;138414_2024-04-18;139410_2023-03-21;139410_2023-06-21;140211_2023-03-09;140649_2023-12-03;142975_2024-06-07;142975_2024-09-28;142999_2023-06-29;144492_2023-05-06;146624_2024-05-28;147049_2023-08-22;147049_2024-04-17;147049_2024-04-22;147049_2024-11-03;147147_2023-04-24;147147_2023-11-02;151683_2024-05-09;151740_2024-12-21;152601_2023-11-27;155209_2024-11-15;157904_2024-02-10;160216_2024-06-07;160431_2023-04-18;160431_2023-09-29;160431_2024-07-01;161573_2023-04-21;161573_2024-05-27;161573_2024-07-29;161573_2024-08-23;164897_2024-03-01;165786_2024-06-04;165786_2024-11-22;166084_2023-08-10;166206_2023-07-12;167494_2023-11-16;167494_2024-03-08;167494_2024-12-11;168165_2024-06-24;169310_2024-03-17;171530_2024-03-17;172262_2023-02-12;172510_2023-08-20;174968_2023-02-25;174968_2023-08-16;174968_2023-10-16,0.68709,0.49403,10.80557,0.96701,1.02845,0.96701,0.91147,0.0,0.49016,0.63081,0.68511,0.7194,0.74245,0.76296,0.7794,0.79417,0.80819,0.84769,0.88289,0.89917,0.91857,0.93117,0.95247,0.99759,1.02394,1.0411,1.07887,1.12084,1.13851,1.22757,1.24234,0.87846,0.92259,0.92254,0.93104,0.93678,0.96498,0.95325,0.95276,0.96871,0.94738,0.94517,0.94613,0.99085,0.96692,0.97041,0.99291,1.05499,1.00066,0.98607,0.9787,0.98942,0.95486,0.9994,0.95242,0.75426,0.0
100354_2023-08-02;100354_2024-06-25;100354_2024-12-28;100707_2024-04-01;102016_2023-07-18;102016_2024-03-08;105366_2024-07-06;106298_2024-11-17;106793_2023-06-04;106793_2024-06-13;107448_2023-11-16;107448_2024-12-04;108517_2023-12-09;108517_2024-07-13;108795_2023-12-14;108795_2024-04-26;112377_2024-10-02;113377_2023-02-13;113377_2024-06-26;115937_2024-09-22;115937_2024-09-25;120517_2023-03-07;121555_2024-08-19;123129_2023-03-09;123129_2024-02-01;127225_2024-06-27;127524_2023-11-09;127524_2024-03-16;127524_2024-10-26;130253_2024-05-06;132967_2023-02-03;132967_2023-11-03;132967_2023-12-31;132967_2024-04-06;133165_2024-11-27;133996_2023-03-03;133996_2023-04-20;136407_2024-09-22;139410_2024-03-11;144492_2023-05-06;144492_2023-07-21;144492_2023-07-28;146624_2023-03-12;146624_2023-03-20;146624_2024-05-25;147049_2024-11-03;147049_2024-12-20;147147_2024-01-18;151683_2024-09-19;151740_2023-01-09;155209_2024-11-15;157904_2024-01-01;157904_2024-05-25;160216_2023-03-29;163329_2024-08-29;163329_2024-09-29;163595_2023-02-25;163817_2024-01-26;163817_2024-04-11;163817_2024-06-23;164897_2023-01-29;164897_2023-07-03;164897_2023-12-12;164897_2024-10-30;165786_2024-09-04;166084_2023-01-03;166206_2023-07-12;167494_2024-12-11;168165_2023-03-10;168165_2024-05-28;169310_2023-01-03;169310_2023-08-02;170013_2023-02-25;170013_2023-06-07;172510_2023-01-25;172510_2023-11-29;172510_2024-05-07;172510_2024-09-26;172510_2024-11-01;174968_2023-02-25,0.6709,0.48875,10.81019,0.96733,1.02285,0.96733,0.90992,0.0,0.48763,0.62931,0.68073,0.71902,0.74228,0.7634,0.77941,0.80461,0.82357,0.86111,0.89211,0.9092,0.92863,0.94448,0.97236,1.00713,1.02731,1.04405,1.07192,1.10725,1.11674,1.19555,1.2186,0.88268,0.94517,0.9485,0.94349,0.94579,0.9631,0.96298,0.96239,0.96541,0.95061,0.95054,0.95509,0.9777,0.96127,0.96922,0.97661,1.00147,0.9912,0.9889,0.96292,0.99642,0.90937,1.00047,0.95517,0.7184,0.0
100354_2023-08-19;102016_2024-06-29;106298_2023-11-11;106793_2024-06-14;107448_2023-02-24;107448_2023-11-16;108517_2023-05-01;108517_2024-05-27;108517_2024-07-01;110260_2023-01-06;113377_2023-08-10;113377_2024-01-08;116320_2023-03-16;116320_2023-11-03;116320_2024-11-29;120517_2024-08-08;121500_2024-07-24;125463_2023-12-21;125463_2024-01-22;127225_2024-06-02;128843_2023-11-19;128843_2024-02-22;129071_2023-03-16;129071_2024-12-19;130253_2023-07-26;130253_2024-03-03;130253_2024-08-31;132967_2023-02-02;132967_2024-11-29;133165_2024-11-27;136407_2023-05-07;136407_2024-09-22;139410_2024-03-11;140211_2024-06-18;140649_2023-02-05;142975_2024-10-10;142999_2023-06-29;142999_2024-03-13;144492_2023-07-28;147049_2023-04-04;147049_2023-08-22;147049_2023-12-19;147049_2024-01-27;147147_2023-04-24;147147_2024-08-31;151683_2024-09-19;152601_2023-01-18;155209_2023-01-16;155209_2023-09-05;155209_2024-11-15;157904_2024-01-01;160216_2024-03-06;161573_2024-07-29;163329_2023-06-28;163595_2024-02-27;163817_2024-06-23;164897_2023-01-28;164897_2023-01-29;164897_2023-08-13;164897_2024-08-06;164897_2024-10-30;166084_2023-09-25;166084_2024-01-13;167494_2024-03-08;167494_2024-11-16;168165_2024-01-17;169310_2023-08-08;169310_2024-06-28;169310_2024-10-03;171530_2024-03-17;171530_2024-06-13;172262_2024-05-27;172262_2024-09-18;172510_2023-03-10;172510_2024-01-06;172510_2024-02-12;172510_2024-05-21;172510_2024-12-24;174968_2023-08-16;174968_2024-05-19,0.67654,0.49277,10.82923,0.97385,1.0435,0.97385,0.91481,0.0,0.49436,0.65884,0.70661,0.72707,0.73099,0.74927,0.76401,0.78022,0.79366,0.82455,0.85477,0.87718,0.90441,0.92606,0.95619,1.01775,1.03123,1.04106,1.066,1.11843,1.16879,1.27909,1.29654,0.82113,0.89707,0.89561,0.90793,0.91878,0.99341,0.97202,0.98172,0.98847,0.98082,0.94924,0.97544,1.02269,0.99999,1.01582,1.02528,1.08949,1.00051,0.96043,0.9453,0.93705,0.98092,0.98571,0.96596,0.78064,0.0
100354_2023-03-02;100354_2023-12-02;100354_2024-04-27;100354_2024-12-28;100707_2023-01-07;100707_2023-07-20;100707_2024-12-18;102016_2023-07-20;102016_2024-10-15;106793_2023-06-04;107448_2023-09-20;107448_2023-11-16;107448_2024-05-30;107448_2024-11-26;107448_2024-12-04;108795_2023-07-29;108795_2024-04-26;110260_2024-01-11;110260_2024-12-09;116320_2024-06-14;118984_2024-12-11;120517_2023-04-01;121500_2023-03-22;121500_2024-07-24;123129_2023-07-13;123129_2023-10-10;125463_2023-09-25;125463_2023-10-15;125463_2023-12-21;125463_2024-03-27;127524_2023-08-27;127524_2024-01-15;128843_2023-04-05;128843_2024-02-22;129071_2023-03-16;129071_2023-05-02;129071_2024-04-09;130253_2024-05-14;132967_2024-08-12;132967_2024-11-29;133165_2024-03-01;140649_2023-12-03;142975_2024-12-10;142999_2023-06-08;146624_2023-03-20;146624_2023-08-26;147049_2024-04-22;147049_2024-08-15;151683_2023-03-15;151683_2024-05-09;151740_2023-01-09;152601_2023-11-27;155209_2023-04-23;155209_2023-05-10;155209_2024-11-15;160216_2023-04-09;160216_2024-02-23;160431_2023-03-27;164897_2023-07-03;164897_2024-07-09;164897_2024-08-06;165786_2023-10-08;166084_2023-09-19;166084_2024-09-20;166084_2024-09-23;166206_2024-09-27;166206_2024-10-22;167494_2023-11-16;168165_2023-02-15;168165_2024-06-18;169310_2024-03-17;171530_2024-09-18;172262_2024-03-18;172262_2024-05-27;172510_2024-01-21;172510_2024-05-07;172510_2024-11-01;172510_2024-12-21;174968_2023-03-21;174968_2023-08-16,0.67007,0.49618,10.8175,0.9858,1.04381,0.9858,0.9259,0.0,0.49318,0.64479,0.70144,0.74328,0.76727,0.79248,0.81593,0.8396,0.84486,0.88322,0.89448,0.88861,0.93403,0.95105,0.97458,1.02302,1.05642,1.07753,1.10458,1.134,1.13726,1.21006,1.22664,1.02496,0.94979,0.95964,0.96032,0.96744,0.9841,0.97917,0.98727,0.98974,0.96861,0.97137,0.97432,0.99072,0.98844,0.97938,0.98742,1.01036,1.0089,1.00478,1.00306,1.01027,1.21405,0.96556,0.92252,0.75529,0.0
100354_2023-05-30;100354_2023-06-07;100707_2023-01-01;100707_2023-09-06;102016_2024-10-15;104481_2024-01-19;104481_2024-05-05;104481_2024-07-30;104481_2024-10-02;106298_2023-11-11;106298_2024-08-12;108517_2023-04-24;108517_2023-06-11;108517_2023-11-05;108517_2024-05-21;110260_2023-01-06;110260_2024-01-11;110260_2024-02-01;112377_2024-05-22;113377_2023-08-10;113377_2024-01-04;115937_2024-06-30;115937_2024-09-22;116320_2023-03-16;116320_2024-05-09;121500_2023-10-10;121500_2024-02-02;123129_2023-08-08;123129_2024-02-01;123129_2024-06-13;125463_2023-06-28;127225_2023-05-09;127524_2024-03-16;127524_2024-04-05;127524_2024-06-25;128843_2023-04-02;128843_2024-05-06;129071_2023-04-09;129071_2024-01-30;130253_2024-05-14;130253_2024-08-31;132256_2024-12-13;132967_2023-02-03;132967_2023-12-02;132967_2024-04-06;133165_2024-08-16;133996_2024-11-02;136407_2023-04-22;136407_2023-09-30;138414_2024-04-18;144492_2023-09-22;146624_2023-03-12;147049_2024-04-22;147147_2023-06-07;147147_2024-01-18;152601_2024-08-01;155209_2023-07-18;160216_2023-01-17;160216_2024-03-06;160216_2024-08-17;161573_2023-10-14;163329_2023-06-28;163595_2023-02-25;163817_2024-05-09;163817_2024-11-27;164897_2023-01-29;164897_2023-09-05;165786_2023-10-08;166084_2023-02-20;166084_2024-01-13;166084_2024-08-23;168165_2024-06-18;170013_2023-06-07;170013_2024-11-10;170013_2024-11-12;172262_2024-02-12;172510_2023-08-20;172510_2024-05-21;172510_2024-12-21;174968_2023-02-25,0.66541,0.49135,10.81863,0.98697,1.03647,0.98697,0.9265,0.0,0.4832,0.61836,0.67708,0.71659,0.74044,0.76327,0.78351,0.80566,0.83122,0.87078,0.91963,0.95238,0.98506,0.99354,1.01503,1.03869,1.05586,1.06892,1.09241,1.11652,1.1182,1.18778,1.20739,0.92647,0.96774,0.97838,0.98124,0.98294,0.98477,0.97895,0.9903,0.99225,0.97324,0.97312,0.9762,0.98886,0.97745,0.97839,0.98541,1.01016,1.00639,1.01325,1.01421,1.02702,0.95517,0.982,0.94718,0.75208,0.0
100354_2023-07-21;100707_2023-01-01;100707_2023-09-06;100707_2024-04-14;100707_2024-06-02;102016_2023-07-18;102016_2024-03-08;102016_2024-04-10;105366_2023-09-16;105366_2024-07-06;106298_2023-02-04;106298_2024-03-13;106793_2024-06-14;107448_2024-05-30;113377_2023-08-03;113377_2024-01-08;113377_2024-08-13;113377_2024-08-24;115937_2024-06-30;116320_2024-06-14;120517_2024-07-01;120517_2024-08-08;120517_2024-11-08;121500_2023-03-22;121500_2024-09-09;123129_2024-02-01;123129_2024-08-26;125463_2023-12-21;125463_2024-07-05;127225_2023-05-09;127225_2024-11-10;127524_2024-04-05;128843_2023-04-02;129071_2023-02-19;129071_2023-04-09;132967_2024-04-06;132967_2024-07-16;133165_2024-03-19;133165_2024-11-27;133996_2023-04-20;136407_2023-04-23;138414_2023-10-18;138414_2024-11-09;139410_2024-07-16;140211_2023-03-17;144492_2023-05-06;146624_2023-03-12;146624_2023-08-26;147049_2024-01-27;147049_2024-08-15;147147_2023-05-14;147147_2023-06-07;152601_2024-03-10;152601_2024-12-21;155209_2023-01-10;155209_2023-01-16;160216_2024-03-08;160216_2024-08-22;160431_2023-09-29;161573_2023-04-21;161573_2023-06-22;161573_2023-10-14;163817_2024-01-21;164897_2023-01-29;164897_2024-11-16;165786_2023-02-10;165786_2024-06-04;166084_2023-02-20;166084_2023-09-25;166084_2024-09-20;166084_2024-10-08;167494_2024-12-11;170013_2023-02-25;170013_2023-10-01;170013_2023-11-17;170013_2024-05-20;170013_2024-11-12;172262_2023-07-08;172510_2023-08-20;172510_2023-11-29,0.65201,0.49112,10.81098,0.96852,1.02468,0.96852,0.91709,0.0,0.49332,0.63182,0.67756,0.71238,0.73028,0.75227,0.77586,0.79116,0.81158,0.859,0.88196,0.9033,0.92897,0.94032,0.96867,1.0073,1.04117,1.05848,1.07737,1.10416,1.11892,1.20128,1.22933,0.86709,0.92188,0.92246,0.92697,0.93043,0.97963,0.92769,0.98227,0.9873,0.93534,0.93573,0.94285,0.96015,0.9546,0.96766,0.97761,1.00595,1.01193,0.94845,0.95794,0.97718,0.94197,0.9913,0.97515,0.76195,0.0
100354_2023-07-21;100354_2024-06-25;100707_2023-01-01;100707_2023-07-04;100707_2024-06-02;102016_2024-03-08;102016_2024-04-10;104481_2023-09-01;104481_2024-05-05;104481_2024-07-30;105366_2023-09-05;106298_2023-02-04;106298_2024-11-17;106793_2023-03-14;106793_2024-06-14;107448_2024-01-07;107448_2024-08-07;107448_2024-08-12;108517_2023-04-24;108517_2024-07-01;110260_2023-01-06;110260_2024-06-10;113377_2024-01-08;113377_2024-06-26;115937_2024-05-17;116320_2023-01-28;116320_2023-08-02;116320_2024-05-09;120517_2023-03-07;120517_2024-07-01;120517_2024-10-01;121500_2023-10-23;121500_2024-01-25;123129_2023-08-08;125463_2023-06-28;125463_2023-09-25;127225_2023-05-30;127225_2023-12-05;127524_2024-01-23;127524_2024-10-18;130253_2023-07-26;130253_2024-03-03;130253_2024-08-31;132256_2023-12-01;132256_2024-03-31;132967_2023-11-03;132967_2024-08-07;133996_2024-08-30;136407_2023-10-16;140649_2023-04-24;140649_2023-11-22;142999_2023-05-01;142999_2023-06-29;142999_2024-06-11;146624_2023-04-28;146624_2024-05-28;151683_2023-10-20;151740_2023-10-14;152601_2024-08-01;157904_2023-03-28;157904_2023-03-31;157904_2024-01-23;160216_2023-01-17;160216_2024-06-07;160431_2023-03-27;161573_2023-02-25;163595_2024-05-08;164897_2023-08-13;166084_2023-08-04;166206_2023-01-05;167494_2024-06-30;167494_2024-10-26;169310_2024-03-17;169310_2024-06-28;170013_2024-06-23;172262_2024-02-12;172262_2024-03-18;172510_2024-01-06;172510_2024-05-07;174968_2023-02-25,0.66357,0.49681,10.81309,0.95383,1.0123,0.95383,0.89872,0.0,0.48312,0.63473,0.67935,0.71327,0.7357,0.74937,0.7649,0.78144,0.79703,0.83562,0.86709,0.88797,0.91011,0.92524,0.95348,0.99178,1.01538,1.02601,1.05176,1.09051,1.11418,1.20097,1.21841,0.85855,0.90967,0.90178,0.91315,0.92278,0.96406,0.94445,0.94999,0.96805,0.93175,0.93549,0.94184,0.9884,0.9563,0.97595,0.97085,1.01619,0.94264,0.95137,0.94409,0.96236,0.93136,0.96549,0.91808,0.73957,0.0
100354_2023-08-02;100707_2023-01-07;100707_2024-06-02;102016_2024-03-27;104481_2024-05-05;106298_2023-08-01;106298_2024-03-13;106298_2024-08-12;106298_2024-08-18;106793_2023-06-04;108517_2023-07-12;108517_2023-08-02;108517_2023-12-09;108795_2023-07-29;108795_2023-12-14;110260_2023-01-06;110260_2023-12-25;112377_2023-02-13;112377_2024-01-18;112377_2024-05-22;113377_2023-08-10;113377_2024-08-17;116320_2023-01-28;116320_2024-04-04;118984_2024-12-11;123129_2023-03-14;123129_2024-08-11;125463_2023-09-25;125463_2023-11-25;125463_2023-12-21;127524_2024-12-28;128843_2023-03-22;129071_2023-04-09;129071_2024-01-30;129071_2024-08-11;132256_2023-12-01;132967_2023-11-03;132967_2024-02-20;132967_2024-11-28;132967_2024-11-29;133165_2024-02-02;133165_2024-03-19;133996_2023-04-02;133996_2023-04-20;136407_2023-03-14;136407_2023-09-24;136407_2024-09-22;140649_2023-04-24;142975_2024-06-07;144492_2023-05-06;146624_2023-08-08;147147_2023-10-10;147147_2024-01-18;152601_2024-08-27;155209_2023-01-10;155209_2023-01-16;155209_2023-07-18;155209_2024-11-15;161573_2023-04-21;161573_2023-12-20;161573_2024-08-23;163595_2023-08-18;163817_2023-02-09;164897_2024-11-16;165786_2023-02-16;165786_2024-11-22;166084_2023-09-19;166084_2024-01-13;166084_2024-10-08;166206_2023-01-05;166206_2023-07-12;167494_2024-02-26;169310_2023-06-02;170013_2023-06-07;170013_2024-11-10;171530_2024-03-17;171530_2024-05-02;172262_2024-01-06;172510_2024-09-26;174968_2024-04-14,0.6523,0.50135,10.8111,0.96044,1.01949,0.96044,0.89889,0.0,0.48638,0.62727,0.67968,0.71629,0.7387,0.76045,0.78697,0.80903,0.82941,0.86823,0.89278,0.9058,0.92634,0.9369,0.94734,0.99771,1.01712,1.02582,1.0569,1.09796,1.11842,1.20022,1.23129,0.90713,0.92495,0.93124,0.93088,0.9336,1.02192,0.992,0.99159,0.99538,0.94592,0.94158,0.94468,1.01276,0.95674,0.96346,0.97114,1.00305,0.99029,0.92671,0.91975,0.96135,1.00558,1.00752,0.92703,0.7118,0.0
100354_2023-08-02;100354_2024-06-25;100707_2023-07-28;100707_2024-12-03;105366_2024-07-06;106298_2023-05-06;106298_2023-11-11;106298_2024-08-18;106793_2024-06-14;106793_2024-09-15;107448_2023-11-16;107448_2024-07-03;108517_2023-05-01;108517_2023-12-09;108517_2024-05-21;108517_2024-07-13;108795_2024-06-13;108795_2024-11-23;110260_2024-12-09;113377_2024-08-24;115937_2024-05-17;115937_2024-06-30;121500_2023-08-12;121500_2024-01-25;123129_2023-10-10;125463_2023-06-17;127524_2024-12-28;128843_2023-03-22;129071_2023-05-02;129071_2024-10-24;130253_2024-05-06;130253_2024-05-14;132256_2024-03-31;132967_2023-02-03;132967_2023-09-22;132967_2023-11-12;132967_2023-12-02;133165_2024-03-01;133165_2024-03-19;133996_2023-03-03;133996_2023-04-02;133996_2023-04-20;136407_2023-03-14;136407_2023-05-07;136407_2023-09-24;136407_2023-09-30;138414_2024-02-24;140211_2023-03-17;140649_2023-02-05;140649_2023-04-24;142999_2024-06-11;147049_2023-08-22;147049_2024-11-03;147147_2023-11-10;147147_2024-08-31;151683_2024-05-09;155209_2024-11-15;157904_2023-02-24;160431_2023-04-18;161573_2023-04-21;161573_2023-09-11;163595_2023-02-04;163817_2023-02-09;163817_2023-07-05;164897_2023-01-29;164897_2024-08-06;164897_2024-10-30;165786_2023-02-10;165786_2023-10-16;165786_2024-04-08;166084_2023-02-20;167494_2024-01-08;168165_2023-08-25;169310_2023-01-03;169310_2024-06-28;169310_2024-07-01;169310_2024-10-03;171530_2023-06-06;174968_2023-10-16;174968_2024-04-14,0.7095,0.52241,10.81424,0.95795,1.01762,0.95795,0.89983,0.0,0.518,0.62877,0.68213,0.7154,0.73028,0.7432,0.75494,0.77104,0.78691,0.81852,0.84434,0.86576,0.88722,0.90948,0.95708,1.00467,1.02972,1.04617,1.07284,1.10738,1.12361,1.20065,1.22079,0.85935,0.89476,0.90338,0.92738,0.93344,0.93952,0.93928,0.9506,0.96111,0.94094,0.94418,0.95388,0.97077,0.95861,0.97319,0.97241,1.00875,0.99119,0.98212,0.96408,0.9584,0.89549,0.93595,0.94556,0.74307,0.0
100354_2024-04-27;100354_2024-06-25;100354_2024-12-28;100707_2023-01-01;102016_2023-07-20;102016_2024-03-27;104481_2024-01-19;105366_2023-09-16;106793_2023-04-10;106793_2023-09-21;106793_2024-09-15;107448_2023-02-24;107448_2024-10-21;108517_2023-04-24;108517_2024-05-30;108795_2024-06-13;112377_2023-01-26;113377_2024-01-08;116320_2023-08-02;116320_2024-06-14;121555_2023-10-09;123129_2023-03-09;123129_2023-07-13;123129_2024-07-05;125463_2023-11-25;125463_2024-03-27;127524_2024-04-05;127524_2024-09-05;127524_2024-10-18;129071_2024-08-11;130253_2023-02-09;132256_2023-12-01;132256_2024-12-13;132967_2024-08-07;132967_2024-08-12;133165_2024-02-02;133165_2024-08-03;133165_2024-08-16;133165_2024-11-27;133996_2023-04-02;133996_2024-11-02;136407_2024-08-01;138414_2023-10-18;138414_2024-02-24;140211_2023-03-17;142975_2023-11-02;142975_2024-09-28;142999_2023-06-29;144492_2023-12-08;144492_2024-06-12;146624_2023-01-11;147049_2023-11-20;147049_2024-04-11;151740_2023-01-09;151740_2024-12-21;152601_2024-08-27;155209_2024-07-16;160216_2024-03-06;160216_2024-08-22;160431_2023-03-01;160431_2023-03-27;161573_2024-11-23;163329_2023-03-29;163817_2024-02-14;164897_2023-03-26;164897_2023-08-13;164897_2024-10-30;165786_2023-02-16;166084_2023-01-05;166084_2023-08-10;167494_2024-03-08;169310_2023-06-02;169310_2023-08-08;169310_2024-07-01;170013_2024-06-23;172262_2024-11-20;172510_2023-03-10;172510_2023-12-22;172510_2024-09-26;172510_2024-12-21,0.66623,0.49836,10.81098,0.99012,1.03853,0.99012,0.93407,0.0,0.49426,0.63237,0.69433,0.7375,0.75945,0.77576,0.79154,0.8056,0.81881,0.85916,0.90374,0.92878,0.96021,0.98216,1.02126,1.049,1.06954,1.08657,1.10617,1.12065,1.11372,1.18593,1.20598,0.91315,0.96252,0.96328,0.9612,0.96139,0.96072,0.95953,0.96082,0.96641,0.9577,0.95912,0.96291,0.96666,0.96921,0.9746,0.98008,1.00664,1.02913,1.04529,1.05082,1.03411,0.96021,1.00051,0.98086,0.73218,0.0
100354_2023-03-02;100354_2024-03-09;104481_2023-08-15;106793_2023-09-21;107448_2023-02-24;107448_2023-08-23;108517_2024-07-01;108517_2024-07-13;110260_2023-01-06;110260_2023-06-23;112377_2023-01-26;112377_2023-02-13;113377_2023-08-10;116320_2023-08-02;116320_2024-12-14;118984_2024-12-11;120517_2023-04-01;121500_2023-05-20;121500_2023-10-10;121500_2024-02-02;121555_2024-03-09;123129_2023-10-10;123129_2024-02-01;125463_2023-06-17;125463_2023-10-09;125463_2024-03-27;127225_2024-06-02;127524_2024-10-18;129071_2023-10-25;129071_2024-01-30;129071_2024-10-24;130253_2023-02-09;130253_2023-05-03;130253_2023-07-26;132967_2024-08-12;133165_2024-03-01;133165_2024-11-27;133996_2023-04-02;136407_2023-03-14;136407_2023-09-30;136407_2023-10-01;138414_2023-11-03;139410_2024-07-16;140211_2024-06-18;140649_2023-01-20;140649_2023-11-22;142975_2023-08-21;142999_2023-06-29;146624_2023-08-26;146624_2024-05-28;147049_2024-04-11;147147_2023-11-10;151683_2023-10-20;151683_2024-09-19;151740_2023-03-12;152601_2024-11-18;157904_2023-11-11;157904_2024-05-25;160216_2024-03-06;161573_2023-04-07;163329_2023-11-20;163595_2024-05-08;164897_2023-03-26;164897_2024-11-16;165786_2024-06-04;165786_2024-09-04;165786_2024-11-22;166084_2023-01-03;166084_2024-01-13;166206_2024-09-27;166206_2024-10-22;170013_2024-11-10;171530_2023-06-06;171530_2024-05-02;171530_2024-09-18;172262_2023-11-11;172262_2024-02-12;172510_2024-01-06;172510_2024-12-24;174968_2023-10-16,0.61117,0.4806,10.81473,0.96299,1.02036,0.96299,0.90301,0.0,0.48202,0.62255,0.68475,0.72402,0.74751,0.76696,0.78859,0.79945,0.81012,0.83786,0.85795,0.87902,0.91101,0.92847,0.96281,1.00349,1.02872,1.04779,1.07523,1.10675,1.11821,1.20618,1.23202,0.84758,0.90554,0.90143,0.91288,0.916,0.95091,0.9776,0.98149,1.00431,0.92501,0.92856,0.95526,0.97428,0.94992,0.9791,0.974,1.01519,0.98513,0.99796,0.99995,0.95174,0.88669,0.97641,0.94439,0.72987,0.0
100707_2023-01-01;100707_2023-09-06;102016_2023-07-18;104481_2023-08-15;105366_2023-09-05;106298_2023-04-26;106793_2023-06-09;106793_2023-09-21;107448_2023-02-24;107448_2024-01-07;107448_2024-10-09;108517_2023-04-24;112377_2023-02-13;112377_2023-10-18;113377_2024-06-26;113377_2024-08-17;115937_2023-03-01;118984_2024-12-11;120517_2023-04-01;120517_2024-11-08;121500_2024-02-24;121500_2024-12-01;121555_2023-02-14;121555_2024-08-19;123129_2023-07-13;125463_2024-07-05;127225_2024-09-15;127524_2024-03-16;127524_2024-09-05;128843_2024-05-06;129071_2023-04-09;130253_2024-05-06;132967_2023-02-02;132967_2023-12-31;133165_2023-08-22;133996_2023-04-02;133996_2023-10-02;136407_2023-09-24;136407_2023-10-16;136407_2024-08-01;140211_2024-06-18;144492_2023-06-20;147049_2023-04-04;147049_2024-01-27;147049_2024-04-22;147049_2024-11-03;147049_2024-12-20;147147_2024-08-31;151740_2023-03-12;152601_2023-01-18;152601_2023-11-27;155209_2023-01-10;155209_2023-07-18;155209_2023-09-05;155209_2024-07-16;155209_2024-11-15;160216_2023-03-29;160216_2023-04-09;160431_2024-05-28;161573_2024-05-27;161573_2024-07-23;163329_2023-03-29;163595_2024-09-22;163817_2023-02-09;163817_2024-02-14;163817_2024-05-09;164897_2023-12-12;166084_2023-01-05;166206_2024-09-27;167494_2023-08-27;167494_2024-10-26;169310_2023-12-13;170013_2023-11-17;171530_2023-03-22;171530_2024-03-17;172262_2024-02-24;172262_2024-05-27;172262_2024-11-20;172510_2024-01-06;174968_2023-10-28,0.67994,0.49256,10.8137,0.95903,1.0295,0.95903,0.89595,0.0,0.49431,0.63788,0.67821,0.71151,0.72623,0.74174,0.7543,0.76624,0.77926,0.80628,0.83632,0.86003,0.88394,0.90557,0.93637,0.99909,1.01955,1.02862,1.05646,1.11199,1.16211,1.25582,1.28143,0.86038,0.89877,0.90619,0.9091,0.94409,0.96596,0.95567,0.95234,0.96525,0.97034,0.97196,0.98101,1.00022,0.98198,0.99529,1.00015,1.07761,0.9607,0.9141,0.91868,0.91511,0.88707,0.94229,0.88325,0.74514,0.0
100354_2023-08-19;100354_2023-12-02;100707_2024-04-14;102016_2024-06-29;106298_2023-08-01;106298_2024-11-17;106793_2023-06-04;107448_2023-10-19;107448_2023-11-02;107448_2024-10-21;108517_2024-04-07;110260_2024-01-11;113377_2024-08-24;115937_2023-03-01;115937_2024-06-30;115937_2024-10-13;118984_2024-12-11;120517_2023-03-07;120517_2024-08-07;120517_2024-08-08;121500_2023-03-22;121500_2024-12-01;121555_2023-10-09;121555_2024-03-09;123129_2024-02-01;123129_2024-06-13;125463_2023-11-30;127225_2023-05-09;127225_2024-06-27;127225_2024-07-07;128843_2023-04-02;128843_2024-02-22;129071_2024-01-30;130253_2024-05-14;132967_2023-09-22;132967_2024-07-16;133165_2023-08-22;133165_2024-10-17;133996_2023-06-12;138414_2024-04-18;139410_2024-07-16;140211_2023-03-17;140211_2023-04-23;144492_2023-05-06;144492_2023-12-08;147049_2023-11-20;147049_2024-01-27;147049_2024-04-22;151740_2023-01-09;152601_2023-10-21;152601_2024-12-21;155209_2023-01-10;155209_2023-01-16;155209_2024-07-16;155209_2024-11-15;157904_2023-11-11;157904_2024-01-23;160216_2023-10-14;160216_2024-02-23;160216_2024-06-28;161573_2023-04-21;161573_2023-09-11;161573_2024-05-27;161573_2024-07-23;163817_2024-01-21;164897_2023-12-12;164897_2024-10-30;165786_2023-10-16;166084_2024-09-23;167494_2023-08-27;167494_2023-11-16;167494_2024-01-08;167494_2024-02-26;169310_2024-06-28;169310_2024-10-05;171530_2023-06-20;171530_2024-06-13;172262_2024-11-20;172510_2024-12-21;174968_2023-08-16,0.689,0.50308,10.81978,0.95986,1.01679,0.95986,0.91463,0.0,0.50604,0.64131,0.69706,0.73387,0.75397,0.77219,0.78531,0.79781,0.81083,0.83776,0.86372,0.8868,0.90364,0.92702,0.95847,1.00269,1.02315,1.03751,1.06257,1.09312,1.11201,1.19767,1.2162,0.84748,0.88834,0.90225,0.92362,0.93545,0.93938,0.92773,0.94426,0.95315,0.9349,0.93842,0.9504,0.97216,0.9594,0.96922,0.97286,1.0182,0.94939,0.96881,0.96061,0.9705,0.92605,0.96116,0.97758,0.82382,0.0
100354_2023-03-02;100354_2023-08-02;100707_2024-07-11;100707_2024-12-18;102016_2024-10-15;104481_2023-11-01;105366_2024-07-06;106298_2023-06-14;106298_2023-11-11;106298_2024-11-17;107448_2023-10-19;108795_2023-07-29;108795_2024-11-23;110260_2023-06-23;110260_2023-12-25;112377_2023-01-26;113377_2024-08-13;116320_2024-12-14;118984_2024-06-15;118984_2024-12-11;120517_2024-10-01;121500_2024-01-25;121555_2024-03-31;123129_2024-06-13;123129_2024-07-05;125463_2023-06-17;127225_2023-05-02;127524_2023-02-12;127524_2024-09-05;128843_2023-03-22;128843_2023-04-02;128843_2023-04-05;128843_2023-04-13;128843_2024-05-06;130253_2024-03-03;130253_2024-05-14;132967_2023-02-02;132967_2023-12-31;132967_2024-11-29;133165_2024-08-16;133165_2024-08-21;133996_2023-04-20;138414_2023-11-03;139410_2023-03-21;140649_2023-01-20;142975_2023-01-19;142975_2023-04-09;142999_2023-06-29;144492_2023-06-20;144492_2023-12-08;146624_2023-03-10;147049_2024-01-27;147147_2023-06-07;147147_2023-11-02;151683_2024-05-09;151740_2023-10-14;152601_2023-02-14;152601_2023-10-21;155209_2023-01-10;155209_2023-09-05;157904_2024-01-23;157904_2024-02-10;160431_2024-05-11;163329_2024-08-29;163595_2023-08-18;163817_2023-10-03;163817_2024-06-23;164897_2023-01-29;164897_2023-12-12;166084_2023-01-03;166084_2023-09-19;166206_2023-01-05;168165_2023-03-10;169310_2024-10-03;170013_2023-10-01;170013_2024-06-23;172262_2024-01-06;172262_2024-05-27;172510_2024-12-21;174968_2024-05-19,0.61306,0.50511,10.81078,0.96037,1.02186,0.96037,0.89886,0.0,0.49907,0.62893,0.67286,0.70454,0.72278,0.74667,0.76999,0.79011,0.81207,0.84447,0.87378,0.89268,0.91373,0.93013,0.94175,0.99346,1.02092,1.03754,1.0622,1.10503,1.13133,1.21927,1.24857,0.85032,0.90923,0.90928,0.92667,0.93255,1.00834,0.98922,0.99226,1.0056,0.96852,0.94685,0.96172,0.97743,0.9633,0.97904,0.98069,1.01247,0.99537,0.95272,0.9303,0.92667,0.92407,0.98194,0.96969,0.70942,0.0
100354_2023-03-02;100354_2024-04-27;100707_2024-06-02;102016_2023-07-18;102016_2024-03-08;102016_2024-11-04;104481_2024-05-05;105366_2024-07-06;106298_2024-08-18;106793_2023-04-10;106793_2024-06-14;106793_2024-09-15;107448_2023-08-23;107448_2024-07-03;107448_2024-10-21;108517_2023-04-24;108517_2023-08-02;108517_2024-05-27;108795_2023-07-29;110260_2024-02-01;112377_2023-02-13;113377_2024-01-08;116320_2023-01-28;120517_2024-08-07;120517_2024-10-01;121500_2023-05-20;123129_2023-07-13;123129_2023-10-10;123129_2024-08-26;125463_2023-10-15;125463_2023-11-30;127225_2023-03-14;127225_2023-05-09;127225_2024-07-07;127225_2024-11-10;127524_2024-10-18;128843_2023-04-13;128843_2024-06-27;129071_2024-08-11;130253_2023-02-09;133165_2024-02-02;133165_2024-03-01;133165_2024-10-17;136407_2023-05-07;136407_2023-12-20;136407_2024-09-22;138414_2024-04-18;138414_2024-11-09;140211_2023-06-14;140211_2023-11-11;142975_2024-06-07;146624_2024-05-28;147049_2023-11-20;147049_2024-04-11;147049_2024-08-15;151683_2023-03-15;152601_2023-02-14;157904_2023-03-31;160216_2024-03-06;160431_2024-10-28;161573_2024-02-04;161573_2024-05-27;161573_2024-08-06;163329_2023-11-20;163595_2024-05-08;163817_2024-01-26;164897_2023-03-26;164897_2023-07-03;164897_2024-08-06;165786_2023-02-16;165786_2024-04-08;165786_2024-06-04;166084_2024-08-23;166206_2023-01-05;167494_2024-01-08;167494_2024-10-26;172262_2024-02-24;172510_2023-08-20;172510_2024-01-21;174968_2024-04-14,0.68656,0.49683,10.81428,0.9644,1.02603,0.9644,0.91185,0.0,0.49327,0.64331,0.69334,0.7205,0.73917,0.7564,0.76839,0.78054,0.79397,0.82428,0.84752,0.86858,0.89436,0.91511,0.952,1.0081,1.03756,1.05533,1.07971,1.10741,1.13268,1.22547,1.2428,0.83879,0.8953,0.88531,0.89795,0.92291,0.92556,0.92616,0.93757,0.94383,0.92952,0.93568,0.94941,0.97108,0.96816,0.97699,0.99561,1.04737,0.97456,0.99193,0.98339,0.96307,0.89221,0.97932,0.96277,0.80933,0.0
100354_2023-03-02;102016_2024-03-27;104481_2023-08-15;105366_2023-01-03;106298_2024-08-12;107448_2023-02-24;107448_2023-09-20;107448_2024-01-07;108517_2024-05-27;110260_2023-06-23;110260_2024-01-11;112377_2023-01-26;112377_2023-02-13;113377_2024-01-04;113377_2024-06-26;116320_2024-04-04;116320_2024-06-20;118984_2024-06-15;120517_2024-08-07;121500_2023-05-20;121500_2023-10-23;123129_2023-03-09;125463_2023-06-28;125463_2023-10-15;127524_2024-03-16;128843_2024-06-27;130253_2023-07-26;130253_2024-03-03;132256_2024-03-31;132967_2023-11-12;133165_2024-10-17;136407_2023-03-14;139410_2024-07-16;140211_2023-03-17;140649_2024-06-14;142975_2024-09-28;146624_2023-08-26;147049_2024-04-17;147049_2024-11-03;147147_2023-05-14;147147_2023-11-10;147147_2024-01-18;147147_2024-08-31;151740_2023-01-09;151740_2024-04-21;152601_2024-11-18;155209_2024-07-16;157904_2024-05-25;160216_2024-03-06;160216_2024-03-08;160216_2024-09-21;160431_2023-03-01;161573_2023-02-25;161573_2024-08-23;163329_2023-06-28;163595_2024-02-27;163595_2024-09-22;163817_2024-05-09;164897_2023-01-29;164897_2024-03-01;164897_2024-08-06;165786_2023-02-16;165786_2024-11-22;166084_2023-01-05;166084_2023-02-20;166084_2024-04-26;166084_2024-09-20;166206_2024-10-22;167494_2023-07-05;167494_2024-02-26;168165_2024-05-28;168165_2024-06-18;169310_2023-06-10;169310_2023-10-10;170013_2024-05-20;171530_2023-06-20;171530_2024-03-17;171530_2024-09-18;172262_2024-09-18;172262_2024-11-20,0.6827,0.4753,10.80768,0.97499,1.03041,0.97499,0.92879,0.0,0.47621,0.6411,0.70097,0.74168,0.76518,0.79198,0.80693,0.8167,0.83523,0.87342,0.89092,0.9036,0.92235,0.93942,0.97435,1.01968,1.03514,1.05474,1.08158,1.11211,1.12129,1.20677,1.23059,0.85765,0.9269,0.92786,0.93247,0.93383,0.93929,0.94276,0.93959,0.95312,0.94104,0.9426,0.94785,0.96602,0.96082,0.9696,0.98138,1.0123,1.00345,0.99792,0.99614,1.00294,0.92995,1.00982,0.98895,0.80511,0.0
100354_2024-04-27;100354_2024-06-25;100707_2023-07-20;102016_2024-11-04;104481_2023-09-01;104481_2024-01-19;105366_2023-09-16;105366_2024-01-02;106298_2023-02-04;106793_2024-06-13;107448_2023-08-23;107448_2023-09-20;107448_2023-10-19;107448_2024-07-03;107448_2024-10-21;108795_2023-12-14;108795_2024-05-15;110260_2023-01-06;110260_2023-06-23;110260_2024-06-10;115937_2024-05-17;118984_2024-12-11;120517_2023-11-28;120517_2024-11-08;121555_2023-10-09;121555_2024-08-19;123129_2023-03-09;125463_2023-11-30;127225_2024-11-10;127524_2024-03-16;127524_2024-04-05;127524_2024-10-18;128843_2023-11-19;129071_2023-04-09;129071_2023-10-25;129071_2024-07-19;129071_2024-12-19;130253_2023-02-09;130253_2024-05-14;130253_2024-05-17;132967_2024-02-20;132967_2024-08-12;132967_2024-11-28;133996_2023-04-02;136407_2023-03-14;138414_2024-04-18;139410_2024-07-16;140211_2023-06-14;140649_2023-11-22;140649_2023-12-03;142975_2023-10-18;142975_2024-09-28;142975_2024-12-10;146624_2024-05-25;147049_2023-12-19;147147_2024-01-18;151683_2024-09-19;157904_2023-11-11;157904_2024-01-23;160216_2023-10-14;160216_2024-08-22;160431_2024-10-28;161573_2023-02-25;161573_2023-04-07;163329_2024-09-29;163595_2024-02-27;163817_2024-05-09;164897_2024-07-09;165786_2023-09-07;166084_2024-08-23;166206_2024-09-14;167494_2023-07-05;167494_2024-03-08;167494_2024-06-22;167494_2024-06-30;167494_2024-11-16;168165_2024-01-17;169310_2024-10-05;170013_2024-06-23;171530_2024-06-13,0.66421,0.48705,10.81053,0.98452,1.03409,0.98452,0.93332,0.0,0.49032,0.62817,0.68342,0.72276,0.75291,0.78267,0.80832,0.83466,0.85277,0.8789,0.90099,0.91924,0.94138,0.96103,1.00846,1.04049,1.0571,1.07388,1.09451,1.11308,1.11205,1.18888,1.20941,0.88824,0.94386,0.9435,0.94968,0.95276,0.95791,0.95103,0.95551,0.95772,0.95239,0.9534,0.95788,0.96724,0.96744,0.97131,0.98126,1.00248,1.01311,1.02387,1.02705,1.01635,0.96198,1.01348,0.99399,0.7689,0.0
100354_2023-03-02;100354_2023-06-07;100354_2024-04-27;100354_2024-06-25;102016_2024-06-29;104481_2023-11-01;104481_2024-07-30;105366_2023-09-05;106298_2024-08-12;106793_2024-06-14;108517_2023-06-11;108517_2024-07-13;108795_2024-11-23;110260_2023-12-25;112377_2023-10-18;113377_2024-01-04;113377_2024-08-17;116320_2024-06-12;116320_2024-06-14;116320_2024-12-14;118984_2023-04-25;120517_2024-08-08;121500_2023-05-20;123129_2023-07-13;123129_2023-08-08;127225_2023-05-02;127225_2023-05-30;127225_2023-08-28;127225_2023-12-05;127524_2024-07-02;127524_2024-09-05;128843_2023-04-02;128843_2023-11-19;128843_2024-05-06;130253_2023-02-09;130253_2024-05-17;132967_2023-12-02;132967_2023-12-31;132967_2024-02-20;133165_2024-08-16;133165_2024-10-17;133165_2024-11-27;133996_2024-11-02;136407_2023-03-14;136407_2023-10-16;136407_2024-08-01;138414_2024-02-24;139410_2023-07-18;142975_2024-06-07;142999_2023-06-08;144492_2023-09-22;146624_2023-08-08;147049_2023-12-19;147049_2024-12-20;147147_2023-11-02;151683_2024-05-09;151683_2024-05-21;151740_2024-12-21;152601_2024-03-10;155209_2023-01-16;157904_2023-03-28;160216_2023-10-14;161573_2024-07-23;163329_2024-09-29;163817_2023-03-14;164897_2023-01-29;165786_2024-09-04;166084_2023-01-03;166206_2023-07-12;169310_2023-08-08;169310_2024-03-17;170013_2024-05-20;170013_2024-06-23;171530_2024-06-13;172262_2023-06-20;172262_2024-02-12;172262_2024-09-18;172510_2023-12-22;174968_2023-03-21;174968_2023-08-16,0.6918,0.50456,10.81076,0.96189,1.01836,0.96189,0.90295,0.0,0.494,0.61949,0.67168,0.71265,0.73783,0.75891,0.78263,0.80283,0.82114,0.86668,0.88947,0.90472,0.91854,0.93224,0.95688,0.99748,1.02439,1.04138,1.0706,1.10557,1.11655,1.19118,1.21402,0.89722,0.92989,0.94224,0.94192,0.94954,0.96332,0.95987,0.97914,0.98154,0.96085,0.96366,0.96778,0.97496,0.96618,0.97177,0.9763,1.00366,0.97087,0.97128,0.97434,0.98197,0.91238,0.97982,0.95002,0.74959,0.0
100354_2023-06-07;100354_2023-09-22;100707_2023-07-04;100707_2024-04-01;102016_2023-07-18;102016_2024-04-10;102016_2024-10-15;104481_2023-11-01;106298_2023-02-01;106298_2023-02-04;106298_2023-02-25;106298_2023-04-26;106298_2023-06-14;107448_2023-11-16;110260_2023-06-23;110260_2023-09-02;112377_2023-10-18;113377_2023-02-13;113377_2023-08-03;113377_2023-08-10;113377_2024-06-26;116320_2024-11-01;116320_2024-12-14;118984_2023-04-25;120517_2023-11-28;121500_2023-05-20;123129_2024-02-01;125463_2023-10-09;125463_2024-07-05;127225_2023-03-14;127225_2023-12-05;127225_2024-09-15;127524_2024-03-16;127524_2024-04-05;128843_2023-03-22;128843_2023-11-19;128843_2024-05-06;128843_2024-05-16;128843_2024-06-27;129071_2023-05-02;132967_2023-02-02;132967_2023-09-22;132967_2024-04-06;133165_2024-03-19;133165_2024-08-16;133996_2023-06-12;136407_2023-04-22;139410_2023-03-06;139410_2023-06-21;140211_2023-03-17;140649_2023-11-22;140649_2023-12-03;140649_2024-06-14;142975_2024-10-10;144492_2023-12-08;151740_2023-01-09;151740_2024-04-21;151740_2024-12-21;152601_2024-08-01;155209_2023-05-10;157904_2023-03-28;157904_2023-11-11;160431_2023-04-18;161573_2024-07-29;163329_2023-03-29;163329_2024-09-29;166084_2023-01-05;166206_2024-09-14;167494_2023-07-05;167494_2024-03-08;167494_2024-06-30;167494_2024-10-26;169310_2023-08-02;169310_2023-08-08;171530_2023-03-22;171530_2024-06-13;172262_2023-06-20;172510_2023-03-10;172510_2023-12-22;172510_2024-09-26,0.66326,0.47638,10.82031,0.95859,1.01791,0.95859,0.90301,0.0,0.48223,0.6266,0.68898,0.72759,0.74132,0.75339,0.76712,0.78054,0.7957,0.82539,0.85883,0.88003,0.89815,0.92255,0.96309,1.00244,1.02676,1.0368,1.06417,1.1027,1.11897,1.20271,1.2248,0.87497,0.91752,0.91353,0.92078,0.92272,0.95099,0.94591,0.94874,0.97053,0.93853,0.93524,0.9597,0.99097,0.94608,0.96129,0.97578,1.008,0.96283,0.97158,0.96837,0.97613,0.94532,0.97146,0.92672,0.75166,0.0
100707_2023-01-01;100707_2024-04-14;104481_2023-11-01;104481_2024-05-05;105366_2023-09-05;106298_2023-05-06;106298_2023-11-11;106793_2023-04-10;106793_2023-06-09;107448_2024-07-03;108795_2023-07-29;112377_2023-10-18;113377_2024-01-04;113377_2024-06-26;116320_2023-04-19;116320_2024-04-04;118984_2024-06-15;120517_2024-08-08;121555_2023-10-09;123129_2024-02-01;125463_2023-06-17;125463_2024-03-27;125463_2024-07-05;127225_2023-05-02;127524_2023-02-12;127524_2023-07-08;128843_2023-04-02;129071_2024-08-11;130253_2023-02-09;130253_2023-05-03;130253_2023-07-26;130253_2024-09-21;132967_2023-11-03;133165_2024-11-27;133996_2023-06-12;136407_2023-10-16;138414_2023-11-03;139410_2023-06-21;139410_2024-03-11;140211_2024-02-16;140649_2023-12-03;140649_2024-06-14;142975_2023-10-18;142999_2024-03-13;146624_2023-04-28;147049_2024-04-22;147049_2024-11-03;147147_2023-11-02;147147_2023-11-10;151740_2023-01-09;157904_2023-03-31;157904_2024-12-15;160216_2023-03-29;160431_2023-09-29;161573_2024-08-23;163329_2023-06-28;163817_2023-10-03;163817_2024-02-14;163817_2024-05-09;164897_2023-01-28;164897_2023-12-12;165786_2023-09-07;165786_2023-10-08;165786_2024-06-04;166084_2023-01-03;166084_2023-08-10;166084_2023-09-25;166084_2024-09-20;166084_2024-10-08;166206_2024-09-27;169310_2023-06-02;169310_2023-08-08;169310_2023-10-10;169310_2024-06-28;171530_2023-03-22;172262_2023-06-20;172510_2023-01-25;172510_2024-05-07;172510_2024-12-21;174968_2023-11-13,0.59654,0.49439,10.81069,0.98205,1.03315,0.98205,0.93119,0.0,0.49001,0.63249,0.6892,0.73178,0.75759,0.78181,0.80511,0.82346,0.8395,0.87007,0.89618,0.9122,0.93022,0.94599,0.98601,1.03877,1.06349,1.0837,1.1038,1.11865,1.11242,1.18835,1.20962,0.8957,0.93622,0.9399,0.93926,0.94008,0.94066,0.94022,0.94301,0.94624,0.93697,0.9397,0.94567,0.95511,0.95625,0.96319,0.97355,1.00439,1.02209,1.03213,1.0368,1.01481,0.94671,1.00407,0.99478,0.76304,0.0
100354_2023-09-22;100354_2023-12-02;100354_2024-04-27;100707_2023-07-20;100707_2024-07-11;102016_2024-04-10;104481_2023-08-15;105366_2023-09-16;106298_2023-05-06;106298_2023-08-01;106298_2023-11-11;106298_2024-03-13;106793_2023-03-14;106793_2023-10-28;107448_2023-09-20;107448_2023-11-02;107448_2024-12-04;108517_2024-07-13;108795_2024-05-15;108795_2024-06-13;110260_2024-01-11;110260_2024-02-01;113377_2023-02-13;115937_2024-06-30;116320_2024-12-29;120517_2023-03-07;121500_2023-03-22;121555_2023-02-20;121555_2024-08-19;123129_2023-07-13;123129_2024-08-11;123129_2024-08-26;125463_2023-06-17;125463_2023-09-25;125463_2024-01-22;125463_2024-03-27;127225_2023-05-09;127524_2024-03-16;127524_2024-04-05;129071_2023-05-02;130253_2023-07-26;130253_2024-02-18;130253_2024-05-17;132256_2024-12-13;132967_2023-12-02;133165_2024-03-01;133996_2024-11-02;136407_2023-10-01;136407_2024-08-01;136407_2024-09-22;138414_2024-11-09;144492_2023-12-08;147049_2024-11-03;151683_2023-10-20;151740_2023-08-22;152601_2023-10-21;152601_2024-03-10;155209_2023-04-23;155209_2023-09-05;157904_2023-02-24;157904_2024-12-15;163595_2023-02-25;163595_2023-11-21;163595_2024-05-08;163817_2024-02-14;163817_2024-06-23;164897_2023-01-29;165786_2023-02-16;165786_2024-04-08;166084_2023-02-20;166206_2024-09-14;167494_2024-01-08;167494_2024-01-23;169310_2023-12-13;169310_2024-03-17;169310_2024-06-28;171530_2023-05-31;172510_2024-12-24;174968_2023-03-21;174968_2024-05-19,0.65391,0.49166,10.8094,0.98643,1.03541,0.98643,0.93171,0.0,0.48474,0.62668,0.68609,0.72868,0.75046,0.77485,0.80577,0.83067,0.84921,0.89786,0.92749,0.94029,0.96272,0.97518,1.00503,1.03648,1.05515,1.07226,1.0932,1.11288,1.11213,1.18896,1.21027,0.88982,0.94519,0.95367,0.95527,0.9596,0.95839,0.95571,0.96014,0.96492,0.95695,0.95987,0.96479,0.97231,0.97167,0.97654,0.98326,1.0021,1.01254,1.02732,1.03195,1.0245,0.96101,1.00534,0.98869,0.75526,0.0
100707_2024-04-14;100707_2024-12-03;104481_2024-01-19;105366_2023-01-03;105366_2024-01-02;106298_2023-06-14;106298_2023-08-01;106298_2023-11-11;106298_2024-11-17;106793_2023-10-28;107448_2023-11-16;107448_2024-08-07;107448_2024-11-26;108517_2024-05-30;110260_2023-09-02;110260_2024-06-10;110260_2024-12-09;112377_2023-01-26;113377_2023-08-03;113377_2023-08-10;113377_2024-01-08;113377_2024-06-13;113377_2024-06-26;121555_2023-10-09;123129_2023-03-14;125463_2023-10-15;127225_2023-03-14;127225_2023-12-05;127225_2024-09-15;127524_2023-07-08;127524_2024-01-15;127524_2024-03-16;127524_2024-10-18;129071_2024-01-30;130253_2024-05-14;130253_2024-09-21;132256_2024-01-07;132256_2024-12-13;132967_2024-04-06;133165_2024-08-16;133996_2023-04-20;139410_2024-07-16;140211_2023-03-17;142975_2024-10-10;144492_2023-06-20;144492_2023-09-22;147049_2024-04-22;147147_2024-01-18;151683_2023-10-20;152601_2023-02-14;152601_2023-10-21;155209_2023-04-23;155209_2023-05-10;160216_2024-06-28;160431_2023-03-01;160431_2023-09-29;161573_2024-05-27;163595_2024-05-08;163595_2024-09-22;163817_2023-03-14;163817_2023-10-03;165786_2023-10-16;165786_2024-04-08;165786_2024-06-04;166084_2024-09-20;166206_2024-09-27;167494_2024-01-23;167494_2024-03-08;167494_2024-06-22;168165_2023-02-15;168165_2023-03-10;169310_2023-12-13;169310_2024-03-17;170013_2023-02-25;170013_2023-06-07;170013_2024-11-10;171530_2023-05-31;172262_2023-02-12;172262_2023-11-11;172262_2024-01-06,0.65458,0.48951,10.81314,0.96285,1.02084,0.96285,0.905,0.0,0.47649,0.61837,0.67699,0.7164,0.73996,0.75732,0.7732,0.78899,0.80284,0.83829,0.8838,0.91368,0.92693,0.94251,0.96525,1.00327,1.02166,1.03605,1.06394,1.10376,1.12023,1.20089,1.2265,0.88183,0.93572,0.93871,0.94495,0.95099,0.96613,0.96145,0.96896,0.97706,0.96398,0.9579,0.96261,0.98773,0.98008,0.96711,0.9758,1.0054,0.96975,0.96383,0.95952,0.99444,0.9258,0.96206,0.94612,0.71422,0.0
100354_2023-08-19;100354_2024-06-25;100707_2023-01-07;100707_2023-09-06;100707_2024-04-01;102016_2024-03-27;102016_2024-10-15;104481_2023-11-01;104481_2024-10-02;106298_2024-08-12;106298_2024-08-18;106793_2024-12-22;107448_2024-01-07;107448_2024-07-03;107448_2024-10-09;108517_2023-04-24;108517_2023-08-02;108517_2023-11-05;108517_2024-07-01;108517_2024-07-13;108795_2024-06-13;110260_2023-06-23;110260_2023-09-02;110260_2024-01-11;110260_2024-02-01;112377_2024-05-22;116320_2023-01-28;116320_2024-06-12;116320_2024-06-14;116320_2024-06-20;118984_2023-04-25;120517_2024-07-01;121555_2024-03-09;121555_2024-08-19;123129_2023-08-08;123129_2024-08-11;125463_2023-12-21;125463_2024-01-22;125463_2024-07-05;129071_2024-01-30;130253_2023-05-03;130253_2024-05-06;130253_2024-05-17;130253_2024-08-31;132967_2023-02-02;132967_2024-02-20;132967_2024-08-07;133996_2024-11-02;136407_2023-10-01;136407_2024-09-22;139410_2023-06-21;140211_2023-11-11;142975_2023-11-02;144492_2023-05-06;146624_2024-05-25;147049_2023-12-19;147049_2024-11-03;147147_2023-04-24;147147_2023-11-02;151740_2024-04-21;155209_2024-11-15;157904_2024-02-10;160216_2023-10-14;161573_2024-08-23;163329_2023-03-29;163595_2023-02-04;163595_2023-02-25;163595_2024-02-27;163817_2024-01-26;163817_2024-06-23;164897_2024-03-01;167494_2023-11-16;167494_2024-12-11;169310_2023-01-03;169310_2023-06-02;170013_2024-05-20;171530_2023-03-22;172510_2024-11-01;174968_2023-11-13;174968_2024-05-19,0.65385,0.4883,10.81882,0.96978,1.02362,0.96978,0.92558,0.0,0.4845,0.62737,0.7066,0.74779,0.76956,0.78512,0.79536,0.80528,0.81803,0.84653,0.87632,0.89685,0.9141,0.93244,0.97206,1.01788,1.04192,1.05867,1.08262,1.10696,1.1133,1.19353,1.21748,0.85848,0.90591,0.90709,0.9095,0.91614,0.91652,0.91795,0.9342,0.93774,0.91871,0.92632,0.9335,0.95942,0.94828,0.95713,0.96726,1.01225,1.00783,0.99431,1.03177,0.98039,0.94517,0.98702,0.99488,0.79454,0.0
100354_2024-04-27;104481_2024-07-30;105366_2024-01-02;106793_2023-06-09;106793_2024-06-14;107448_2024-07-03;108517_2023-06-11;108517_2023-08-02;108795_2024-04-26;108795_2024-11-23;110260_2023-12-25;112377_2024-10-02;113377_2023-02-27;113377_2024-01-08;115937_2024-09-25;116320_2023-08-20;116320_2024-04-04;116320_2024-12-29;118984_2024-06-15;121500_2023-08-12;121555_2023-02-14;123129_2023-10-10;123129_2024-02-01;125463_2024-07-05;127225_2023-05-30;127225_2024-07-07;127524_2023-08-27;129071_2023-02-19;129071_2023-04-09;129071_2024-07-19;132967_2024-02-20;132967_2024-04-06;133165_2024-03-19;133165_2024-08-16;136407_2024-09-22;139410_2023-06-21;139410_2024-07-16;140211_2023-03-09;140211_2023-11-11;140649_2023-04-24;142975_2023-11-02;142975_2024-10-10;142999_2023-06-29;144492_2023-06-20;144492_2023-07-28;146624_2023-04-28;146624_2023-08-08;146624_2024-05-28;147049_2023-04-04;147049_2023-08-22;147049_2023-12-19;155209_2023-01-16;155209_2024-11-15;157904_2023-03-31;157904_2024-01-23;160216_2024-08-17;160431_2023-04-18;160431_2024-07-01;161573_2024-11-23;163329_2023-03-29;163595_2023-02-04;163595_2023-02-25;163817_2023-03-14;163817_2024-11-27;164897_2023-09-05;164897_2024-11-16;166084_2023-02-20;166206_2024-09-14;166206_2024-10-22;167494_2023-08-27;167494_2024-02-26;168165_2024-01-17;168165_2024-06-24;169310_2023-08-02;169310_2024-10-05;170013_2024-05-20;172262_2024-02-24;172262_2024-05-27;172510_2024-11-01;174968_2024-05-19,0.68341,0.49742,10.80881,0.95078,1.01862,0.95078,0.88768,0.0,0.48745,0.61808,0.67181,0.70531,0.72117,0.73904,0.75645,0.77043,0.7872,0.82005,0.84665,0.8676,0.88825,0.90327,0.93108,0.9831,1.00722,1.01416,1.04449,1.10126,1.14434,1.23607,1.26175,0.84818,0.9065,0.89268,0.90596,0.93321,0.97182,0.95794,0.97096,0.98665,0.9398,0.94487,0.95614,1.00543,0.97292,0.98089,0.99475,1.03895,0.94954,0.92673,0.91772,0.96004,0.94467,0.96467,0.90617,0.74046,0.0
100354_2023-07-21;100707_2024-04-01;100707_2024-06-02;102016_2024-03-27;104481_2023-08-15;104481_2024-01-19;104481_2024-10-02;106793_2023-03-14;107448_2024-01-07;107448_2024-07-03;108517_2023-06-11;108795_2024-06-13;110260_2023-06-23;110260_2023-12-25;110260_2024-06-10;113377_2023-07-01;115937_2024-09-25;121500_2024-07-24;121555_2024-08-25;123129_2023-03-09;123129_2024-02-01;123129_2024-07-05;125463_2023-09-25;127225_2024-09-15;127225_2024-11-10;127524_2023-02-12;127524_2024-01-15;127524_2024-01-23;128843_2024-02-22;130253_2023-05-03;132967_2023-02-02;132967_2024-04-06;132967_2024-07-16;133165_2024-08-21;133996_2023-04-20;136407_2023-09-30;140211_2023-04-23;140211_2023-11-11;140649_2023-01-20;140649_2023-02-05;140649_2023-12-03;142975_2023-04-09;142975_2023-11-02;144492_2023-05-06;146624_2023-03-10;147049_2023-04-04;147049_2023-11-20;147049_2024-04-17;147049_2024-04-22;151683_2023-03-15;151740_2023-01-09;152601_2023-10-21;152601_2023-11-27;160216_2024-03-06;160431_2024-10-28;161573_2024-07-23;161573_2024-11-23;163595_2023-02-04;164897_2024-07-09;164897_2024-08-06;166084_2024-08-23;166206_2024-09-27;167494_2024-12-11;168165_2023-02-15;168165_2023-08-25;168165_2024-01-17;168165_2024-06-18;169310_2023-01-03;169310_2024-03-17;169310_2024-06-28;170013_2024-11-12;171530_2024-09-18;172262_2024-02-12;172510_2023-01-25;172510_2023-08-20;172510_2023-12-22;172510_2024-05-07;172510_2024-05-21;174968_2023-02-25;174968_2024-05-19,0.66641,0.49757,10.80869,0.96053,1.02025,0.96053,0.90993,0.0,0.49142,0.63949,0.69311,0.7344,0.75915,0.78823,0.80919,0.82753,0.84149,0.86048,0.87848,0.89211,0.90894,0.92126,0.94361,0.98906,1.00818,1.02413,1.05742,1.10677,1.12894,1.21001,1.23226,0.87649,0.91613,0.90981,0.91502,0.93674,0.96234,0.95462,0.96056,0.974,0.95268,0.95637,0.96544,0.98736,0.96965,0.98013,0.98347,1.01437,1.00156,0.95985,0.94637,0.95435,0.92716,0.98488,0.94857,0.80079,0.0
100354_2023-07-21;100354_2024-06-25;100707_2024-04-14;100707_2024-12-18;102016_2024-03-27;102016_2024-04-10;104481_2023-09-01;104481_2024-05-05;106298_2024-03-13;106793_2024-06-13;106793_2024-09-15;107448_2023-08-23;107448_2024-10-21;108517_2023-11-05;108795_2023-07-29;108795_2024-01-21;110260_2023-01-06;110260_2023-06-23;115937_2024-07-11;116320_2023-11-03;116320_2024-04-04;118984_2023-08-29;120517_2023-03-07;120517_2023-04-01;121500_2023-05-20;121500_2024-01-25;123129_2024-08-11;125463_2024-01-22;127225_2024-06-02;127225_2024-06-27;127524_2024-07-02;128843_2024-02-22;129071_2023-04-09;130253_2023-02-09;130253_2024-05-14;130253_2024-09-21;132967_2023-02-03;132967_2023-12-02;132967_2024-11-29;133165_2024-08-03;138414_2023-10-18;138414_2024-04-18;142975_2024-06-07;142999_2023-06-29;144492_2023-12-08;146624_2023-03-10;146624_2023-03-12;147049_2023-04-04;147049_2023-08-22;147049_2024-01-27;152601_2023-02-14;152601_2024-08-27;152601_2024-11-18;152601_2024-12-21;155209_2023-01-16;155209_2024-07-16;157904_2023-02-24;160216_2024-06-28;160431_2023-09-29;160431_2024-05-28;161573_2023-10-14;161573_2023-12-20;161573_2024-11-23;163329_2024-09-29;163595_2023-08-18;163595_2024-09-22;165786_2023-10-16;165786_2024-09-04;166084_2023-01-03;167494_2024-06-30;168165_2024-01-17;169310_2023-01-03;169310_2023-06-02;169310_2024-03-17;171530_2024-03-17;172262_2023-06-20;172262_2024-02-24;172510_2023-03-10;172510_2024-01-21;174968_2023-08-16,0.65972,0.51245,10.80737,0.97746,1.03158,0.97746,0.92419,0.0,0.52119,0.65107,0.68052,0.71441,0.73508,0.75455,0.77475,0.79446,0.81113,0.85845,0.90085,0.92329,0.94497,0.95478,0.97454,1.02157,1.0483,1.07123,1.10124,1.11992,1.11657,1.19881,1.22106,0.87103,0.9387,0.93918,0.93969,0.94281,0.94823,0.94649,0.95206,0.95745,0.95236,0.94831,0.95332,0.96413,0.96125,0.96803,0.97691,1.00475,1.03029,1.01383,1.02081,0.99878,0.95279,1.00885,0.98542,0.75565,0.0
100354_2023-06-07;100354_2023-08-02;105366_2024-01-02;106298_2023-04-26;106298_2024-03-13;106298_2024-08-18;106793_2023-10-28;106793_2024-12-22;107448_2023-11-02;107448_2024-01-07;107448_2024-05-30;108517_2023-06-11;110260_2023-06-23;112377_2023-02-13;115937_2024-06-30;115937_2024-07-11;115937_2024-10-13;116320_2023-08-20;120517_2023-04-01;120517_2024-08-07;120517_2024-08-08;121500_2024-02-02;121555_2023-02-14;121555_2024-08-25;123129_2023-03-14;125463_2023-06-28;127225_2023-05-30;127225_2023-08-28;127225_2024-09-15;127524_2024-10-18;127524_2024-10-26;127524_2024-12-28;129071_2024-04-09;130253_2023-05-03;130253_2024-05-06;132967_2023-02-03;132967_2023-09-22;133165_2023-08-22;133165_2024-03-01;133996_2023-06-12;133996_2024-11-02;136407_2023-05-07;138414_2023-01-16;140649_2023-01-20;140649_2023-12-03;142999_2024-06-11;144492_2024-06-12;146624_2024-05-25;147049_2023-11-20;147147_2023-06-07;151683_2024-05-25;152601_2023-11-27;152601_2024-03-10;152601_2024-08-01;152601_2024-12-21;155209_2024-11-15;157904_2023-03-31;160216_2023-04-09;160431_2023-09-29;161573_2023-09-11;161573_2023-10-14;161573_2023-12-20;161573_2024-08-23;163595_2023-02-04;163595_2023-11-21;163817_2023-07-05;164897_2023-01-29;165786_2024-06-04;165786_2024-09-04;166084_2024-08-23;166206_2024-09-14;167494_2024-11-16;168165_2024-06-18;169310_2023-06-02;169310_2023-12-13;169310_2024-07-08;169310_2024-10-05;171530_2024-05-02;172262_2023-02-12;174968_2024-05-19,0.61689,0.5102,10.80767,0.97962,1.0311,0.97962,0.92013,0.0,0.50173,0.62475,0.67561,0.71577,0.74266,0.76753,0.79389,0.81411,0.83576,0.87433,0.8943,0.91349,0.93788,0.95575,0.9949,1.03365,1.05252,1.07008,1.09193,1.11036,1.1131,1.19625,1.21418,0.86277,0.92511,0.92437,0.93042,0.93265,0.93317,0.93314,0.94146,0.95532,0.94212,0.93818,0.95352,0.96667,0.95848,0.97498,0.9813,1.00854,1.01226,1.02258,1.03444,1.02617,0.95696,1.00416,0.98402,0.66114,0.0
100354_2023-08-02;100354_2024-12-28;104481_2023-09-01;105366_2023-09-16;106793_2023-04-10;107448_2024-01-07;107448_2024-07-03;110260_2023-12-25;110260_2024-02-01;113377_2024-01-08;113377_2024-06-13;116320_2024-11-01;118984_2023-08-29;118984_2024-06-15;118984_2024-12-11;120517_2024-08-08;121500_2023-10-10;121500_2024-02-02;121555_2023-02-20;125463_2023-06-18;125463_2023-09-25;127225_2024-11-10;127524_2024-01-23;127524_2024-03-16;128843_2023-04-05;128843_2023-11-19;128843_2024-02-22;128843_2024-05-06;130253_2024-03-23;130253_2024-05-06;132256_2023-12-01;132256_2024-01-07;132967_2023-09-22;132967_2023-11-03;133165_2024-03-01;136407_2023-12-20;138414_2024-02-24;138414_2024-11-09;140211_2023-11-11;142975_2023-01-19;142975_2024-06-07;144492_2023-07-28;144492_2024-06-12;146624_2023-03-12;147049_2024-12-20;147147_2024-01-18;151683_2024-05-21;155209_2023-04-23;155209_2024-07-16;155209_2024-11-15;160216_2023-04-09;160216_2024-02-23;161573_2024-07-23;161573_2024-07-29;163595_2023-02-04;163595_2023-08-18;163595_2024-05-08;163817_2023-07-05;163817_2024-02-14;163817_2024-06-23;164897_2023-01-29;164897_2023-09-05;164897_2024-03-01;165786_2023-09-07;166206_2023-07-12;167494_2024-06-22;168165_2023-02-15;169310_2023-06-02;169310_2023-06-10;169310_2024-03-17;169310_2024-06-28;169310_2024-10-03;169310_2024-10-05;170013_2024-05-20;170013_2024-06-23;171530_2024-03-17;172262_2024-01-06;172262_2024-05-27;172262_2024-09-18;172510_2024-02-12,0.68554,0.51401,10.81166,0.96597,1.022,0.96597,0.91081,0.0,0.49462,0.61595,0.67127,0.71335,0.74262,0.76132,0.77624,0.79423,0.80884,0.83884,0.87009,0.90004,0.92369,0.94021,0.97064,1.01454,1.0324,1.04871,1.0746,1.10382,1.11457,1.19748,1.21899,0.86028,0.90369,0.91907,0.92795,0.93564,0.93268,0.93698,0.94483,0.95497,0.93962,0.94165,0.95555,0.9609,0.95665,0.96842,0.97165,1.00871,0.98616,0.99235,0.98544,1.0157,0.94219,0.9514,0.97188,0.73957,0.0
100354_2023-03-02;100354_2023-06-07;100354_2023-09-22;100354_2024-03-09;100354_2024-04-27;100707_2024-06-02;102016_2024-03-27;106298_2023-08-01;106298_2024-03-13;106793_2023-06-04;106793_2024-06-14;108517_2024-05-27;108795_2024-05-15;110260_2023-06-23;110260_2024-12-09;112377_2023-10-18;113377_2023-08-10;115937_2023-03-01;115937_2024-10-13;116320_2023-08-02;120517_2024-10-01;121555_2023-10-09;125463_2023-09-25;125463_2023-11-25;127225_2023-03-14;127225_2023-05-02;127225_2023-05-30;127225_2024-07-07;127225_2024-11-10;127524_2023-08-27;127524_2024-12-28;129071_2023-02-19;129071_2023-10-25;129071_2024-01-30;130253_2023-07-26;130253_2024-05-14;132967_2023-12-31;132967_2024-08-12;133996_2023-04-20;138414_2023-10-18;138414_2023-11-03;139410_2023-06-21;140211_2024-06-18;140649_2023-01-20;140649_2023-11-22;140649_2024-06-14;142999_2023-06-29;146624_2023-08-08;146624_2024-05-25;151740_2024-04-21;155209_2023-01-16;155209_2024-11-11;157904_2023-03-28;160216_2024-08-17;160431_2024-05-28;160431_2024-07-01;161573_2024-11-23;163329_2024-09-01;163817_2023-03-14;163817_2023-07-05;163817_2024-01-21;163817_2024-01-26;163817_2024-05-09;165786_2023-10-08;165786_2024-11-22;166084_2023-02-20;166084_2023-09-19;166084_2024-08-23;166084_2024-10-08;167494_2024-06-30;168165_2023-08-25;168165_2024-06-24;169310_2023-06-02;169310_2024-07-08;170013_2023-10-01;170013_2024-05-20;172510_2023-03-10;172510_2024-12-24;174968_2023-03-21;174968_2023-10-16,0.61603,0.49833,10.80924,0.96933,1.0276,0.96933,0.90968,0.0,0.50242,0.62144,0.66801,0.71228,0.74034,0.7599,0.7852,0.80926,0.83187,0.86501,0.88488,0.90438,0.92692,0.93795,0.95497,1.0045,1.03556,1.05693,1.07717,1.11607,1.12403,1.21215,1.2512,0.85138,0.91916,0.91829,0.92574,0.92827,0.93987,1.00222,1.00572,1.00938,0.94999,0.9423,0.94769,0.96567,0.96403,0.96654,0.97801,1.01604,1.0111,0.93846,0.93994,0.9585,0.92114,1.00938,0.99767,0.66703,0.0
100354_2023-09-22;100707_2023-01-01;100707_2024-04-14;102016_2023-07-20;105366_2023-09-05;105366_2024-07-06;106298_2023-08-01;106298_2024-03-13;106298_2024-11-17;107448_2023-09-20;107448_2023-10-19;107448_2024-10-21;108517_2023-06-11;108517_2023-08-02;108517_2023-12-09;108517_2024-05-21;108517_2024-07-01;110260_2023-06-23;112377_2023-10-18;113377_2023-08-10;115937_2024-07-11;121500_2023-10-10;121500_2024-02-02;121500_2024-12-01;121555_2024-08-19;123129_2024-02-01;123129_2024-06-13;123129_2024-07-05;125463_2023-11-30;125463_2023-12-21;127225_2024-11-10;127524_2024-01-23;127524_2024-03-16;127524_2024-10-18;127524_2024-12-28;129071_2023-03-16;129071_2024-01-30;129071_2024-08-11;132967_2023-02-02;132967_2024-04-06;132967_2024-07-16;132967_2024-08-07;133165_2024-02-02;133996_2023-06-12;133996_2023-10-02;138414_2024-04-18;139410_2023-03-21;139410_2024-07-16;140211_2023-06-14;140211_2023-11-11;142975_2023-04-09;142975_2023-11-02;142999_2024-03-13;146624_2023-03-10;147049_2024-01-27;151683_2023-10-20;151683_2024-05-25;151740_2023-01-09;152601_2023-02-14;155209_2023-05-10;155209_2023-07-18;157904_2024-01-23;160216_2023-01-17;161573_2024-07-23;163329_2023-06-28;163329_2024-08-29;163595_2023-08-18;163595_2024-09-22;164897_2024-11-16;166084_2023-02-20;166084_2024-08-23;167494_2023-11-16;167494_2024-06-22;167494_2024-12-11;168165_2024-01-17;168165_2024-05-28;169310_2023-08-08;169310_2024-07-01;169310_2024-10-03;172262_2023-02-12,0.66548,0.50174,10.81152,0.97096,1.02585,0.97096,0.91292,0.0,0.49549,0.63207,0.67521,0.70979,0.73254,0.7519,0.77289,0.79345,0.81503,0.85447,0.89456,0.93086,0.96145,0.97596,0.98798,1.01097,1.02935,1.04283,1.07001,1.10319,1.11763,1.19378,1.21549,0.93857,0.97144,0.96239,0.96113,0.9626,0.99162,0.98045,0.98357,0.98352,0.9563,0.97806,0.98662,0.98945,0.96637,0.96473,0.97564,1.00407,0.96746,0.98587,0.97418,0.98856,0.98221,1.00088,0.96081,0.74338,0.0
100354_2023-03-02;100354_2023-08-19;100354_2024-04-27;100707_2023-07-28;100707_2024-04-01;102016_2023-07-18;102016_2024-03-08;104481_2023-08-15;105366_2024-01-02;106298_2023-02-01;106298_2023-04-26;107448_2023-02-24;107448_2023-09-20;107448_2024-12-04;108517_2023-06-11;108517_2024-05-27;116320_2023-04-19;116320_2024-11-29;118984_2023-04-25;121500_2023-08-12;121555_2024-03-31;123129_2023-07-13;125463_2023-09-25;127225_2023-03-14;127524_2023-07-08;127524_2024-01-15;127524_2024-01-23;127524_2024-04-05;129071_2024-04-09;130253_2023-07-26;130253_2024-09-21;132967_2023-12-02;133996_2024-11-02;136407_2023-10-01;136407_2024-08-01;139410_2023-07-18;140211_2023-04-23;140649_2023-02-05;140649_2023-11-22;144492_2024-06-12;146624_2023-01-11;147049_2023-04-04;147049_2023-12-19;147049_2024-04-22;147147_2023-11-02;147147_2024-01-18;151683_2023-03-15;151740_2023-10-14;152601_2023-02-14;152601_2024-03-10;155209_2023-01-16;155209_2023-05-10;155209_2024-11-15;157904_2023-03-31;160216_2024-08-17;160431_2023-03-27;163329_2023-03-29;163329_2023-06-28;163595_2024-05-08;163817_2023-02-09;163817_2024-05-09;163817_2024-11-27;164897_2023-09-05;165786_2023-09-07;166206_2024-09-14;168165_2024-05-28;168165_2024-06-18;169310_2023-01-03;169310_2023-06-02;169310_2023-06-10;169310_2024-03-17;169310_2024-06-28;170013_2023-10-01;171530_2024-03-17;172262_2023-07-08;172262_2024-01-06;172510_2023-08-20;172510_2024-05-21;172510_2024-12-24;174968_2023-10-28,0.66373,0.4972,10.81336,0.95473,1.01158,0.95473,0.90517,0.0,0.47903,0.63589,0.6866,0.71503,0.73625,0.75586,0.7713,0.78525,0.79949,0.82658,0.85451,0.87679,0.90159,0.91997,0.95112,0.9937,1.01912,1.04425,1.0697,1.10263,1.11327,1.18751,1.20173,0.87678,0.9135,0.91645,0.92039,0.92194,0.93277,0.93068,0.93784,0.95007,0.94364,0.94688,0.95197,0.9696,0.95999,0.96255,0.96996,1.00286,0.98216,0.96812,0.95689,0.95137,0.90947,0.95305,0.93743,0.79996,0.0
105366_2023-01-03;105366_2023-09-16;106298_2023-02-25;106298_2023-04-26;106298_2023-06-14;106793_2023-10-28;107448_2024-10-09;108517_2023-04-24;108517_2023-07-12;113377_2023-08-03;113377_2024-08-13;115937_2024-06-30;115937_2024-09-22;116320_2023-11-03;116320_2024-04-04;116320_2024-06-20;120517_2024-08-08;121500_2023-05-20;121555_2024-08-19;123129_2023-03-09;125463_2023-11-25;125463_2024-03-27;127225_2023-05-30;127225_2024-06-02;127524_2023-07-08;127524_2024-03-16;127524_2024-06-25;127524_2024-07-02;128843_2023-03-22;130253_2024-09-21;132256_2024-01-07;132967_2023-11-03;132967_2023-12-02;136407_2023-04-23;136407_2023-09-30;138414_2023-11-03;139410_2023-03-21;139410_2023-06-21;140649_2023-02-05;142975_2023-04-09;144492_2024-06-12;146624_2024-05-28;147147_2023-06-07;147147_2024-08-31;151683_2024-05-21;151740_2024-07-24;151740_2024-12-21;152601_2023-02-14;152601_2023-11-27;152601_2024-08-27;152601_2024-11-18;152601_2024-12-21;155209_2023-09-05;155209_2024-07-16;157904_2024-12-15;160216_2024-02-23;160216_2024-06-07;160216_2024-06-28;163595_2023-02-04;163595_2023-02-25;163595_2024-09-22;164897_2023-08-13;164897_2023-12-12;164897_2024-08-06;166084_2024-09-23;166084_2024-10-08;166206_2024-10-22;168165_2023-02-15;169310_2023-01-03;169310_2023-08-02;169310_2024-07-08;169310_2024-10-05;170013_2023-02-25;172262_2024-01-06;172262_2024-02-12;172262_2024-02-24;172510_2023-03-10;172510_2023-12-22;172510_2024-11-01;174968_2023-08-16,0.63174,0.50022,10.81576,0.95448,1.01716,0.95448,0.89122,0.0,0.49628,0.62612,0.67229,0.70001,0.71968,0.73802,0.74936,0.76758,0.78382,0.81422,0.83784,0.85858,0.88409,0.90438,0.94448,1.00165,1.02807,1.04351,1.06266,1.09792,1.12657,1.21893,1.23775,0.83611,0.8831,0.89195,0.90344,0.92979,0.92968,0.92821,0.93917,0.95247,0.93535,0.94736,0.96058,0.98402,0.96346,0.96519,0.98989,1.03611,0.96052,0.96791,0.96251,0.9818,0.88076,0.92766,0.92035,0.67693,0.0
100354_2023-05-30;100354_2023-08-19;100354_2023-09-22;100707_2023-01-07;100707_2024-12-18;106298_2023-02-01;106298_2023-08-01;106298_2024-08-18;106793_2024-06-13;107448_2024-11-26;108517_2023-07-12;108795_2023-12-14;108795_2024-01-21;110260_2024-01-11;110260_2024-06-10;112377_2023-02-13;113377_2023-08-10;115937_2024-10-13;116320_2024-05-09;116320_2024-06-20;118984_2024-06-15;120517_2024-10-01;121500_2024-01-25;121500_2024-02-02;121500_2024-12-01;121555_2023-02-14;123129_2023-10-10;125463_2023-06-18;125463_2023-10-09;125463_2024-01-22;127225_2023-05-30;127225_2023-12-05;127225_2024-06-02;127225_2024-06-27;127225_2024-07-07;127524_2024-01-15;128843_2023-04-05;128843_2024-02-22;129071_2023-02-19;129071_2023-04-09;129071_2024-07-19;129071_2024-10-24;130253_2023-07-26;133996_2023-04-02;139410_2023-03-06;140211_2023-03-09;140211_2023-03-17;140649_2024-03-22;142975_2023-08-21;142975_2024-09-28;142999_2024-06-11;144492_2023-05-06;146624_2024-05-25;147049_2023-04-04;147147_2024-01-18;152601_2024-11-18;155209_2023-04-23;157904_2024-05-25;160216_2024-08-22;160431_2023-03-27;161573_2023-04-07;163329_2023-03-29;163595_2023-02-04;163817_2024-11-27;164897_2024-11-16;165786_2023-02-16;165786_2024-06-04;166084_2023-08-10;166084_2024-01-13;166084_2024-04-26;166084_2024-09-20;166206_2024-10-22;168165_2023-03-10;169310_2024-03-17;169310_2024-06-28;170013_2024-06-23;171530_2023-06-20;172510_2023-11-29;172510_2024-05-21;172510_2024-12-24,0.67886,0.48763,10.80898,0.97557,1.02919,0.97557,0.92106,0.0,0.48232,0.63497,0.68403,0.72154,0.74062,0.76417,0.78565,0.8088,0.82897,0.87217,0.89981,0.92183,0.94149,0.95292,0.97948,1.02247,1.04452,1.06207,1.08566,1.11091,1.11387,1.19615,1.22059,0.87828,0.93801,0.94408,0.94513,0.94916,0.95385,0.95188,0.95868,0.96232,0.95231,0.94819,0.95683,0.97424,0.96247,0.97057,0.97936,1.00342,0.99741,1.0035,1.002,1.01233,0.9361,0.99692,0.97004,0.76269,0.0
100354_2023-05-30;100354_2024-04-27;100707_2023-07-28;100707_2024-04-14;102016_2024-11-04;104481_2023-09-01;104481_2024-10-02;106298_2023-06-14;106793_2023-06-09;107448_2023-02-24;108517_2024-05-21;108795_2023-07-29;110260_2023-06-23;110260_2024-06-10;112377_2023-10-18;112377_2024-05-22;112377_2024-10-02;113377_2023-08-10;115937_2024-06-30;116320_2024-06-12;116320_2024-06-14;116320_2024-11-01;120517_2024-08-08;120517_2024-10-01;121500_2023-10-10;121555_2024-03-31;123129_2023-03-09;125463_2023-12-21;125463_2024-07-05;127225_2023-08-28;127225_2024-06-02;127524_2023-08-27;127524_2024-12-28;128843_2023-04-13;128843_2024-06-27;129071_2023-04-09;129071_2024-10-24;129071_2024-12-19;132967_2024-08-12;133165_2024-11-27;136407_2023-03-14;139410_2023-07-18;140211_2023-03-17;140649_2023-12-03;142975_2023-01-19;142975_2024-12-10;142999_2023-05-01;147049_2024-01-27;147049_2024-04-17;147049_2024-08-15;147147_2024-01-18;151740_2023-08-22;151740_2024-07-24;152601_2023-01-18;155209_2023-07-18;160216_2024-02-23;160216_2024-06-07;160431_2023-03-01;161573_2023-02-25;161573_2024-02-04;163817_2024-04-11;164897_2024-10-30;166084_2023-09-19;166084_2024-04-26;166206_2023-07-12;167494_2023-08-27;167494_2024-01-08;167494_2024-06-22;168165_2024-06-24;170013_2023-06-07;170013_2024-05-20;171530_2023-06-06;172262_2023-07-08;172262_2024-03-18;172510_2023-12-22;172510_2024-01-21;174968_2023-02-25;174968_2023-10-16;174968_2024-04-14;174968_2024-05-19,0.67005,0.49644,10.80842,0.96289,1.02185,0.96289,0.90386,0.0,0.48639,0.62618,0.67721,0.71711,0.73837,0.76215,0.77935,0.7967,0.81637,0.85323,0.88537,0.90167,0.92309,0.93539,0.95067,0.99673,1.02265,1.0347,1.06691,1.10955,1.12159,1.20789,1.23672,0.85667,0.91854,0.91852,0.92812,0.92937,0.96489,0.96195,0.96998,0.97454,0.93586,0.94068,0.9472,0.97955,0.95939,0.97057,0.97622,1.01401,1.00257,0.95991,0.94814,0.95112,0.95189,1.01159,0.96505,0.69658,0.0
100354_2023-07-21;100707_2023-01-01;100707_2023-07-28;100707_2024-12-18;102016_2024-03-27;102016_2024-10-15;104481_2023-08-15;104481_2023-11-01;106298_2024-11-17;106793_2023-06-09;106793_2024-06-13;106793_2024-09-15;107448_2023-08-23;108517_2023-04-24;108517_2024-05-21;108517_2024-07-01;108795_2024-01-21;110260_2023-12-25;113377_2023-02-13;113377_2024-08-24;116320_2023-08-20;120517_2023-03-07;120517_2024-07-01;121500_2023-08-12;127225_2023-03-14;127225_2024-11-10;127524_2024-10-18;128843_2023-04-02;128843_2023-04-13;129071_2023-02-19;129071_2023-03-16;130253_2023-02-09;130253_2024-02-18;132256_2024-01-07;132256_2024-03-31;132967_2023-11-12;132967_2024-07-16;133165_2023-08-22;133165_2024-02-02;133165_2024-08-21;133996_2023-04-02;133996_2024-11-14;136407_2023-04-23;138414_2023-10-18;138414_2024-04-18;139410_2023-06-21;140211_2024-02-16;140649_2023-02-05;142975_2023-08-21;142975_2023-11-02;142975_2024-10-10;142999_2023-06-29;144492_2023-05-06;144492_2023-07-21;144492_2023-09-22;146624_2023-08-08;146624_2023-08-26;147049_2024-04-11;147147_2024-01-18;151683_2024-05-09;152601_2023-10-21;152601_2024-08-27;155209_2023-04-23;160216_2024-03-08;163329_2024-08-29;163817_2024-04-11;164897_2024-08-06;165786_2024-04-08;165786_2024-11-22;166084_2023-09-19;167494_2024-01-23;167494_2024-06-22;168165_2024-01-17;168165_2024-05-28;170013_2023-11-17;171530_2023-06-06;171530_2024-09-18;172262_2023-11-11;172510_2023-11-29;172510_2024-11-01,0.65827,0.49737,10.80568,0.98309,1.03519,0.98309,0.92547,0.0,0.49066,0.62147,0.68037,0.72781,0.75338,0.77834,0.80243,0.8229,0.83859,0.87751,0.90054,0.91746,0.94012,0.95612,0.99013,1.03291,1.05904,1.07874,1.09965,1.11649,1.11556,1.19891,1.22216,0.86366,0.93135,0.93227,0.9366,0.93887,0.93857,0.93819,0.9431,0.95426,0.94183,0.94669,0.95228,0.96194,0.96493,0.97059,0.97865,1.00649,1.02088,1.03817,1.04741,1.02904,0.94385,0.99828,0.9984,0.66275,0.0
100354_2023-08-02;100354_2023-12-02;102016_2024-04-10;105366_2023-09-05;106298_2023-04-26;106298_2024-03-13;107448_2023-09-20;108517_2023-07-12;108517_2024-05-30;113377_2023-02-13;113377_2024-01-04;116320_2023-08-02;116320_2024-12-14;123129_2023-03-09;123129_2024-06-13;123129_2024-07-05;125463_2023-09-25;125463_2023-10-09;125463_2024-03-27;127225_2023-03-14;127225_2024-06-02;127524_2024-01-15;128843_2024-02-22;128843_2024-05-16;129071_2023-03-16;132256_2024-12-13;132967_2023-11-03;132967_2024-02-20;132967_2024-04-06;132967_2024-08-07;133165_2024-02-02;133165_2024-08-03;133996_2023-04-20;133996_2024-08-30;136407_2023-09-24;136407_2024-09-22;138414_2024-02-24;138414_2024-11-09;139410_2023-03-21;140211_2023-04-23;140211_2024-06-18;140649_2023-11-22;142975_2024-12-10;144492_2023-05-06;146624_2024-05-25;147147_2024-08-31;151683_2024-05-25;151683_2024-09-19;155209_2023-01-16;157904_2023-03-28;157904_2024-12-15;160216_2024-09-21;160431_2024-05-28;161573_2023-04-07;161573_2024-02-04;161573_2024-05-27;161573_2024-11-23;163595_2024-02-27;163817_2024-02-14;164897_2023-03-26;165786_2023-02-10;165786_2024-04-08;166084_2024-08-23;166206_2023-01-05;166206_2024-09-27;166206_2024-10-22;167494_2023-11-16;167494_2024-10-26;168165_2023-03-10;168165_2024-06-18;169310_2023-08-02;171530_2023-03-22;172262_2023-11-11;172262_2024-02-12;172262_2024-09-18;172262_2024-11-20;172510_2023-12-22;172510_2024-12-21;174968_2023-08-16;174968_2023-10-16,0.67921,0.49823,10.81299,0.98787,1.03847,0.98787,0.92388,0.0,0.48898,0.62228,0.6869,0.73325,0.7635,0.78757,0.81456,0.83795,0.86077,0.91115,0.93772,0.95124,0.97129,0.98548,1.0012,1.02204,1.04951,1.06163,1.08285,1.11933,1.12409,1.19499,1.22904,0.91745,0.9615,0.97354,0.97965,0.98132,0.97764,1.02752,1.04657,1.05157,0.97501,0.97619,0.98099,0.98836,0.98533,0.98317,0.98946,1.00854,1.0172,1.02141,0.96024,0.98436,0.95117,0.98646,0.95856,0.72672,0.0
100354_2023-03-02;100354_2024-03-09;100707_2023-01-01;100707_2023-07-04;100707_2024-04-14;100707_2024-06-02;100707_2024-12-18;104481_2024-07-30;107448_2023-09-20;108517_2024-04-07;108795_2024-11-23;112377_2024-05-22;113377_2023-02-13;113377_2024-01-08;116320_2023-03-16;116320_2024-11-01;118984_2023-08-29;120517_2024-11-08;121500_2023-10-10;121500_2024-02-24;121555_2024-03-31;123129_2023-07-13;127524_2023-11-09;127524_2024-12-28;128843_2024-02-22;129071_2024-08-11;130253_2024-03-23;130253_2024-05-14;130253_2024-08-31;132256_2024-11-19;132967_2023-02-03;132967_2023-11-03;132967_2023-12-31;132967_2024-07-16;132967_2024-11-28;133165_2023-08-22;133165_2024-02-02;133165_2024-08-16;133996_2023-04-20;138414_2023-11-03;139410_2023-03-21;139410_2024-03-11;140649_2023-12-03;140649_2024-06-14;142975_2023-11-02;142999_2023-06-29;144492_2023-06-20;144492_2024-06-12;147049_2024-04-17;147049_2024-12-20;147147_2023-04-24;151683_2024-05-21;155209_2023-05-10;155209_2024-11-15;157904_2024-01-01;157904_2024-02-10;160216_2023-01-17;160216_2024-03-08;163329_2023-03-29;163329_2024-09-29;163595_2024-02-27;163817_2024-01-26;163817_2024-06-23;163817_2024-11-27;164897_2023-07-03;164897_2024-03-01;164897_2024-11-16;165786_2023-09-07;165786_2023-10-08;165786_2023-10-16;165786_2024-09-04;165786_2024-11-22;166206_2024-09-27;167494_2023-07-05;167494_2023-08-27;167494_2024-01-08;168165_2024-05-28;172262_2023-02-12;172510_2023-03-10;174968_2023-11-13,0.61297,0.48613,10.80786,0.96061,1.01799,0.96061,0.90147,0.0,0.48464,0.6314,0.68085,0.72888,0.75508,0.77999,0.81784,0.83809,0.83416,0.86021,0.87725,0.89026,0.92311,0.93716,0.95362,0.98915,1.01216,1.03106,1.05344,1.09647,1.11911,1.20291,1.23318,0.865,0.92368,0.92397,0.93404,0.93966,0.9435,0.99855,1.00418,1.00952,0.94193,0.94547,0.95355,0.97625,0.96548,0.97014,0.98274,1.00648,0.9736,0.96984,0.92266,0.96564,0.9944,0.99248,0.92882,0.70607,0.0
100354_2023-08-02;100707_2024-04-01;100707_2024-06-02;102016_2024-04-10;104481_2023-08-15;106793_2023-06-04;106793_2024-12-22;107448_2023-11-16;107448_2024-07-03;107448_2024-08-12;107448_2024-10-09;107448_2024-11-26;108517_2023-05-01;108517_2023-07-12;108517_2024-07-13;108795_2024-11-23;110260_2024-06-10;113377_2023-02-13;113377_2024-01-08;115937_2024-10-13;116320_2024-12-14;120517_2024-07-01;120517_2024-08-08;125463_2023-06-18;125463_2024-01-22;125463_2024-07-05;127225_2023-03-14;127225_2023-12-05;127524_2023-08-27;127524_2024-01-15;128843_2023-04-05;128843_2023-11-19;128843_2024-05-16;129071_2023-04-09;130253_2024-03-03;132256_2023-12-01;132967_2023-02-03;133165_2024-10-17;133996_2023-04-02;133996_2023-10-02;136407_2023-09-24;138414_2023-01-16;139410_2023-03-06;139410_2023-06-21;139410_2024-07-16;140649_2023-01-20;140649_2023-11-22;147049_2023-11-20;151740_2023-10-14;155209_2023-09-05;155209_2024-07-16;157904_2023-11-11;160431_2024-07-01;161573_2023-04-07;161573_2023-10-14;161573_2024-05-27;163595_2023-02-25;163817_2024-04-11;163817_2024-05-09;164897_2023-09-05;164897_2024-11-16;165786_2023-02-16;165786_2024-04-08;166206_2023-01-05;167494_2024-01-23;167494_2024-10-26;167494_2024-11-16;168165_2024-05-28;169310_2023-06-02;170013_2023-10-01;170013_2024-11-12;171530_2023-05-31;171530_2024-09-18;172262_2023-02-12;172262_2024-03-18;172510_2023-01-25;172510_2024-05-21;172510_2024-09-26;174968_2023-08-16;174968_2023-11-13,0.62782,0.49426,10.8073,0.97199,1.02521,0.97199,0.91228,0.0,0.48448,0.62142,0.67744,0.71966,0.73977,0.76407,0.79284,0.81836,0.84054,0.88752,0.90835,0.92106,0.93851,0.95298,0.9789,1.01527,1.03339,1.04821,1.07264,1.10524,1.1141,1.19072,1.2112,0.8952,0.94585,0.95251,0.94863,0.95376,0.96305,0.96142,0.96417,0.97432,0.96676,0.9586,0.9612,0.97818,0.96983,0.97438,0.9799,1.00299,0.99448,0.9793,0.97743,1.0073,0.92904,0.9991,0.93026,0.69466,0.0
100354_2023-07-21;100354_2023-08-02;100354_2023-08-19;100354_2024-04-27;100707_2023-01-01;104481_2024-01-19;105366_2024-01-02;106298_2023-02-01;106298_2023-08-01;106298_2024-08-18;106793_2024-06-13;106793_2024-06-14;108517_2023-04-24;108517_2024-05-21;108795_2024-11-23;113377_2023-08-03;113377_2024-06-13;113377_2024-06-26;113377_2024-09-29;115937_2023-03-01;116320_2024-11-01;120517_2023-04-01;121500_2023-08-12;121500_2024-07-24;121555_2024-03-09;123129_2023-10-10;123129_2024-06-13;125463_2023-06-18;125463_2023-12-21;125463_2024-03-27;127225_2023-05-02;127225_2024-06-02;127524_2023-11-09;127524_2024-09-05;130253_2024-02-18;130253_2024-05-17;132967_2023-09-22;132967_2024-08-07;133165_2023-08-22;133996_2023-10-02;136407_2023-05-07;136407_2024-08-01;139410_2023-03-21;140211_2023-03-17;140649_2023-02-05;140649_2023-11-22;142999_2023-06-08;142999_2024-03-13;142999_2024-06-11;144492_2023-06-20;144492_2023-12-08;146624_2023-03-20;147049_2023-11-20;147049_2024-08-15;147049_2024-11-03;147147_2024-08-31;155209_2023-07-18;157904_2024-02-10;160431_2023-03-27;160431_2024-07-01;161573_2023-09-11;163329_2024-08-29;163595_2023-02-04;164897_2024-08-06;164897_2024-10-30;165786_2023-02-10;165786_2024-09-04;166084_2024-01-13;167494_2024-01-23;167494_2024-06-22;168165_2024-06-18;168165_2024-06-24;169310_2023-06-02;172262_2023-02-12;172262_2024-02-12;172510_2024-01-21;172510_2024-02-12;172510_2024-09-26;174968_2023-08-16;174968_2023-11-13,0.71491,0.538,10.81018,0.95833,1.0189,0.95833,0.90556,0.0,0.53763,0.65022,0.68416,0.71716,0.73779,0.75517,0.77147,0.79017,0.80941,0.83944,0.86901,0.88795,0.90803,0.92023,0.94604,0.99134,1.01332,1.02921,1.05967,1.10452,1.12913,1.21078,1.22907,0.85551,0.90476,0.91856,0.93114,0.94032,0.96836,0.95395,0.95823,0.9717,0.95822,0.95214,0.96767,0.98759,0.96958,0.98227,0.9838,1.01341,0.97166,0.95225,0.9335,0.95486,0.92553,0.93249,0.94902,0.77879,0.0
100354_2023-09-22;100707_2023-01-01;100707_2024-12-03;102016_2023-07-20;104481_2024-10-02;105366_2024-07-06;106298_2023-06-14;107448_2024-10-21;108517_2024-05-27;108795_2023-12-14;108795_2024-04-26;110260_2023-06-23;110260_2023-12-25;110260_2024-02-01;113377_2023-02-27;113377_2023-08-10;118984_2024-06-15;120517_2023-03-07;120517_2023-04-01;121500_2024-01-25;121500_2024-02-24;121555_2024-03-09;121555_2024-03-31;123129_2024-08-26;125463_2023-06-28;125463_2024-01-22;127225_2023-05-09;127225_2024-07-07;127524_2023-02-12;127524_2023-11-09;127524_2024-03-16;127524_2024-09-05;127524_2024-12-28;128843_2024-05-06;129071_2024-07-19;130253_2024-03-23;130253_2024-05-17;130253_2024-08-31;132256_2024-03-31;132967_2023-02-03;132967_2024-11-29;133165_2024-03-01;133165_2024-08-16;133996_2023-06-12;133996_2023-10-02;133996_2024-08-30;140211_2023-03-17;140211_2023-04-23;140211_2023-06-14;140649_2023-04-24;142999_2024-06-11;146624_2023-01-11;146624_2024-05-28;147049_2024-04-17;147049_2024-12-20;151740_2023-08-22;152601_2024-12-21;157904_2024-05-25;160216_2024-08-22;160431_2023-09-29;161573_2023-06-22;161573_2024-02-04;163595_2023-08-18;163595_2024-05-08;163817_2024-11-27;165786_2023-09-07;166084_2023-09-25;166084_2024-01-13;167494_2023-07-05;167494_2023-08-27;168165_2024-05-28;169310_2023-06-10;169310_2024-03-17;169310_2024-06-28;171530_2024-06-13;172262_2023-07-08;172262_2024-09-18;172262_2024-11-20;172510_2024-02-12;172510_2024-12-24,0.68153,0.53237,10.81238,0.97767,1.03248,0.97767,0.92923,0.0,0.51791,0.64745,0.68598,0.73126,0.75032,0.77085,0.78749,0.80189,0.82163,0.85097,0.87569,0.89382,0.91649,0.93613,0.97533,1.02753,1.05367,1.07797,1.1065,1.12221,1.11739,1.19945,1.22277,0.87286,0.93244,0.93355,0.93373,0.93433,0.94345,0.93787,0.94098,0.94227,0.93523,0.93922,0.94568,0.95565,0.95713,0.9655,0.97394,1.00678,1.02769,1.02007,1.02582,0.99797,0.96566,1.01654,0.99548,0.79055,0.0
100354_2023-08-02;100354_2024-04-27;100707_2024-07-11;102016_2023-07-20;104481_2023-08-15;104481_2023-11-01;105366_2023-01-03;105366_2024-01-02;106298_2023-11-11;106298_2024-08-12;106793_2024-06-13;107448_2023-02-24;107448_2023-08-23;107448_2024-01-07;107448_2024-08-12;107448_2024-11-26;108517_2024-07-13;108795_2024-05-15;112377_2023-01-26;112377_2024-10-02;113377_2023-02-27;113377_2023-08-03;113377_2023-08-10;113377_2024-01-04;115937_2024-07-11;115937_2024-10-13;116320_2023-11-03;118984_2024-06-15;120517_2023-11-28;121500_2023-03-22;121500_2023-05-20;121500_2024-02-02;121500_2024-09-09;121555_2023-02-20;123129_2024-02-01;125463_2023-06-28;125463_2023-09-25;125463_2023-11-25;125463_2024-01-22;127524_2024-06-25;127524_2024-12-28;128843_2024-05-06;132967_2023-11-12;132967_2024-02-20;133165_2024-10-17;133996_2023-04-02;136407_2023-04-22;136407_2023-05-07;138414_2023-11-03;140211_2023-03-09;140211_2023-04-23;140649_2023-11-22;142999_2023-05-01;144492_2023-06-20;144492_2023-12-08;147049_2023-08-22;155209_2023-01-16;155209_2023-07-18;157904_2024-01-23;160216_2023-04-09;160431_2024-05-11;161573_2023-09-11;161573_2024-02-04;161573_2024-05-27;161573_2024-07-29;163329_2023-06-28;163595_2024-02-27;163817_2024-11-27;164897_2024-07-09;164897_2024-10-30;164897_2024-11-16;165786_2023-02-10;165786_2023-09-07;166084_2023-02-20;166084_2024-10-08;167494_2024-11-16;167494_2024-12-11;172262_2024-09-18;172510_2023-12-22;172510_2024-11-01,0.62709,0.50229,10.81133,0.97305,1.02659,0.97305,0.92446,0.0,0.5021,0.62826,0.67778,0.72245,0.74201,0.76921,0.79325,0.81387,0.82875,0.87439,0.90252,0.92238,0.9414,0.95481,0.97922,1.01693,1.03635,1.05238,1.07357,1.10254,1.11458,1.19654,1.22124,0.85711,0.90685,0.92616,0.93419,0.9417,0.93856,0.93799,0.94442,0.95925,0.94188,0.94082,0.94754,0.97029,0.9584,0.96558,0.97479,1.00877,0.98372,0.99155,0.98808,1.01255,0.93625,0.98757,0.98774,0.74784,0.0
100354_2023-09-22;100707_2023-07-28;102016_2024-03-08;102016_2024-06-29;102016_2024-10-15;104481_2024-07-30;104481_2024-10-02;105366_2023-01-03;105366_2023-09-16;105366_2024-07-06;106298_2023-08-01;106298_2024-03-13;107448_2023-10-19;107448_2024-01-07;108517_2023-11-05;108517_2024-04-07;108517_2024-05-30;108517_2024-07-13;116320_2023-04-19;116320_2023-11-03;116320_2024-11-29;118984_2023-04-25;118984_2023-08-29;121555_2024-03-09;123129_2023-07-13;123129_2024-06-13;127524_2023-02-12;127524_2024-01-23;128843_2023-03-22;128843_2023-11-19;129071_2024-01-30;130253_2023-02-09;130253_2024-05-17;132256_2024-03-31;132256_2024-11-19;132967_2023-11-12;132967_2023-12-02;132967_2024-11-28;133996_2024-08-30;136407_2023-03-14;136407_2023-05-07;139410_2024-03-11;140211_2023-06-14;140211_2024-02-16;140649_2024-03-22;142975_2023-04-09;144492_2023-07-28;144492_2024-06-12;147049_2023-08-22;151740_2023-08-22;152601_2023-01-18;152601_2024-08-27;155209_2023-07-18;155209_2024-11-11;157904_2023-02-24;160216_2024-06-07;160216_2024-09-21;160431_2023-04-18;160431_2023-09-29;160431_2024-07-01;161573_2024-08-23;163817_2023-10-03;163817_2024-11-27;164897_2023-01-29;164897_2023-12-12;165786_2023-09-07;165786_2023-10-08;166084_2024-08-23;166206_2023-07-12;167494_2024-12-11;168165_2024-05-28;169310_2023-06-10;169310_2023-10-10;169310_2024-03-17;170013_2024-06-23;171530_2023-06-06;172510_2024-05-07;172510_2024-09-26;174968_2023-11-13;174968_2024-04-14,0.66427,0.49363,10.81385,0.95751,1.02751,0.95751,0.88979,0.0,0.48754,0.6153,0.66882,0.70697,0.72621,0.74103,0.75409,0.76729,0.7801,0.80701,0.83153,0.85804,0.88069,0.90295,0.94357,0.99434,1.02088,1.03142,1.0535,1.10926,1.15799,1.25151,1.27712,0.87359,0.88464,0.89676,0.91487,0.94348,0.95423,0.95158,0.95271,0.99173,0.9637,0.95235,0.96394,0.99457,0.9969,0.99807,1.00033,1.07951,0.9664,0.94463,0.87456,0.92139,0.89118,0.91013,0.90852,0.70848,0.0
100354_2023-08-02;100354_2023-09-22;106298_2023-02-04;106793_2023-03-14;106793_2023-10-28;106793_2024-06-14;106793_2024-09-15;107448_2023-10-19;107448_2023-11-16;107448_2024-05-30;107448_2024-11-26;108517_2023-11-05;108517_2024-04-07;108517_2024-07-01;108795_2023-07-29;110260_2024-06-10;113377_2023-02-13;113377_2023-08-03;116320_2023-11-03;116320_2024-04-04;120517_2023-11-28;121555_2023-02-20;121555_2024-03-31;123129_2023-03-09;125463_2024-03-27;127225_2024-09-15;127524_2024-01-15;127524_2024-10-18;128843_2023-04-02;128843_2023-04-13;129071_2023-03-16;129071_2024-12-19;132967_2023-11-03;133165_2024-03-01;133165_2024-08-03;133996_2023-03-03;133996_2023-04-09;136407_2023-10-01;136407_2023-12-20;139410_2024-03-11;139410_2024-07-16;140649_2024-06-14;142975_2024-06-07;142975_2024-10-10;142975_2024-12-10;142999_2023-06-29;144492_2024-06-12;146624_2023-08-08;146624_2023-08-26;147049_2024-04-11;147049_2024-11-03;147049_2024-12-20;151740_2024-07-24;155209_2023-07-18;157904_2024-01-01;160216_2024-09-21;160431_2024-05-11;161573_2023-12-20;161573_2024-07-29;161573_2024-11-23;163329_2023-03-29;163595_2024-05-08;163817_2024-02-14;164897_2024-11-16;166084_2023-08-10;166084_2024-08-23;166084_2024-09-20;167494_2024-01-08;167494_2024-03-08;169310_2023-06-10;169310_2023-10-10;169310_2023-12-13;170013_2023-02-25;170013_2024-11-10;172262_2024-01-06;172262_2024-05-27;172510_2023-12-22;172510_2024-12-21;174968_2023-03-21;174968_2023-10-16,0.66664,0.49722,10.81162,0.96803,1.02351,0.96803,0.91819,0.0,0.49256,0.64803,0.70345,0.73697,0.75699,0.77713,0.79266,0.80866,0.82636,0.86368,0.89209,0.91709,0.93594,0.94765,0.97065,1.0066,1.02476,1.03902,1.06492,1.10177,1.11747,1.19482,1.22122,0.88825,0.93973,0.94164,0.95506,0.96525,0.9691,0.96372,0.9739,0.97681,0.96315,0.96461,0.96975,0.98572,0.97334,0.96777,0.97374,1.00134,0.9757,0.9728,0.96468,0.9864,0.93806,0.964,0.96058,0.81505,0.0
100354_2023-07-21;100354_2023-12-02;100707_2023-09-06;102016_2023-07-20;104481_2023-11-01;104481_2024-10-02;105366_2023-01-03;106793_2023-06-04;106793_2024-06-14;106793_2024-09-15;107448_2023-11-16;108517_2023-05-01;108517_2024-05-21;113377_2024-06-13;115937_2024-09-25;116320_2024-05-09;116320_2024-06-12;121500_2024-09-09;127225_2024-07-07;127524_2024-06-25;128843_2023-03-22;130253_2023-02-09;130253_2023-05-03;130253_2024-05-14;130253_2024-05-17;132256_2024-11-19;132967_2023-12-02;132967_2024-11-28;133165_2024-02-02;136407_2023-10-16;136407_2023-12-20;138414_2023-01-16;140211_2023-11-11;142975_2023-01-19;142975_2023-04-09;142975_2024-06-07;142975_2024-09-28;142999_2023-05-01;142999_2023-06-29;146624_2024-05-25;146624_2024-05-28;147049_2023-08-22;147049_2024-01-27;147049_2024-04-17;147147_2023-06-07;147147_2024-01-18;151740_2023-03-12;151740_2024-12-21;152601_2023-02-14;152601_2023-10-21;152601_2024-12-21;157904_2023-02-24;157904_2023-03-31;157904_2024-01-01;160216_2023-10-14;160216_2024-03-08;160216_2024-06-28;160431_2024-10-28;161573_2024-02-04;161573_2024-05-27;163817_2023-02-09;163817_2024-01-26;164897_2023-01-28;164897_2024-03-01;164897_2024-08-06;164897_2024-10-30;165786_2024-04-08;165786_2024-09-04;166206_2023-07-12;166206_2024-10-22;167494_2024-01-23;167494_2024-06-22;168165_2024-05-28;169310_2023-08-02;169310_2023-12-13;169310_2024-07-01;171530_2024-05-02;171530_2024-09-18;172262_2023-11-11;174968_2023-02-25,0.62527,0.49508,10.81379,0.97219,1.02584,0.97219,0.92996,0.0,0.49846,0.64313,0.70468,0.75243,0.78469,0.80418,0.82353,0.82437,0.83038,0.86289,0.87367,0.88887,0.92568,0.93309,0.9744,1.01047,1.03601,1.05414,1.07694,1.10121,1.11845,1.20726,1.21447,0.83849,0.89724,0.89089,0.90361,0.91255,0.91517,0.91229,0.92651,0.9446,0.93952,0.92888,0.95402,0.96971,0.95243,0.97018,0.98733,1.03146,0.97938,0.99998,1.00865,0.99495,0.8698,1.01221,0.96627,0.8464,0.0
100354_2023-07-21;100354_2024-06-25;100707_2023-01-01;100707_2024-04-01;102016_2024-04-10;102016_2024-11-04;105366_2024-07-06;106793_2023-06-09;107448_2023-11-16;107448_2024-11-26;108517_2024-04-07;108795_2023-12-14;108795_2024-11-23;110260_2024-01-11;110260_2024-12-09;113377_2023-07-01;113377_2024-01-08;113377_2024-06-26;113377_2024-08-13;113377_2024-09-29;116320_2023-11-03;116320_2024-04-04;116320_2024-06-14;116320_2024-11-29;118984_2023-08-29;120517_2024-08-07;121500_2023-05-20;121500_2023-08-12;123129_2024-08-11;125463_2023-06-17;125463_2023-11-25;127225_2023-05-02;127225_2023-05-09;127524_2024-04-05;130253_2023-07-26;130253_2024-02-18;130253_2024-03-23;130253_2024-08-31;133165_2024-08-16;133996_2024-11-14;136407_2024-08-01;138414_2024-02-24;139410_2024-07-16;140211_2023-04-23;140649_2023-12-03;142975_2023-10-18;144492_2023-07-21;146624_2024-05-25;147049_2024-01-27;147049_2024-08-15;151683_2023-03-15;151683_2024-05-25;157904_2023-03-28;160216_2024-06-28;160216_2024-09-21;160431_2024-07-01;161573_2023-09-11;161573_2023-12-20;163329_2023-11-20;163817_2024-05-09;163817_2024-11-27;164897_2023-08-13;164897_2023-09-05;164897_2024-03-01;165786_2024-06-04;166084_2023-01-03;166084_2023-02-20;166084_2024-09-23;166206_2024-09-14;167494_2024-01-08;168165_2024-05-28;169310_2024-03-17;170013_2024-11-10;170013_2024-11-12;171530_2023-06-20;172510_2023-08-20;172510_2024-01-06;172510_2024-11-01;174968_2023-10-16;174968_2024-05-19,0.6922,0.4988,10.81233,0.97836,1.03029,0.97836,0.92552,0.0,0.49872,0.63708,0.70328,0.72405,0.75015,0.79097,0.7991,0.81697,0.84114,0.86771,0.88669,0.90119,0.92182,0.93684,0.97567,1.03694,1.05789,1.07597,1.09717,1.11467,1.1125,1.18817,1.2093,0.89121,0.93302,0.93577,0.94053,0.94289,0.95375,0.94308,0.94695,0.94986,0.94293,0.9439,0.94937,0.96188,0.95914,0.96392,0.97537,1.00285,1.01446,1.01957,1.01797,0.99979,0.98348,0.99703,0.98171,0.75626,0.0
100354_2024-04-27;100707_2023-07-28;100707_2024-04-01;100707_2024-07-11;100707_2024-12-03;102016_2024-03-08;102016_2024-10-15;105366_2024-01-02;105366_2024-07-06;106298_2023-04-26;106298_2024-08-12;106793_2023-03-14;107448_2024-10-09;113377_2023-08-10;113377_2024-01-04;113377_2024-06-13;113377_2024-08-17;115937_2024-10-13;116320_2023-04-19;116320_2024-06-20;118984_2023-04-25;118984_2024-06-15;120517_2024-08-07;121500_2023-08-12;121500_2024-12-01;123129_2023-10-10;127225_2023-05-09;127225_2024-07-07;127225_2024-11-10;127524_2024-10-18;127524_2024-12-28;128843_2023-03-22;128843_2023-04-05;128843_2024-02-22;129071_2024-01-30;129071_2024-07-19;129071_2024-10-24;130253_2023-02-09;130253_2024-05-14;132967_2023-09-22;132967_2024-08-12;133165_2024-02-02;133996_2023-03-03;133996_2023-04-09;133996_2024-11-02;138414_2023-10-18;140211_2023-03-09;140211_2023-03-17;140211_2023-06-14;140211_2024-06-18;140649_2023-02-05;140649_2024-03-22;142975_2023-10-18;147049_2024-01-27;147049_2024-04-22;151740_2023-01-09;151740_2023-03-12;151740_2024-04-21;152601_2023-10-21;155209_2023-05-10;157904_2023-03-31;160431_2023-03-01;160431_2024-05-11;161573_2024-07-29;161573_2024-08-23;163329_2024-08-29;163817_2024-01-21;164897_2023-07-03;166084_2024-01-13;166206_2023-01-05;167494_2024-06-22;167494_2024-12-11;168165_2023-03-10;169310_2023-08-02;170013_2023-11-17;171530_2024-03-17;172262_2023-06-20;172510_2023-11-29;172510_2024-05-21;172510_2024-12-21,0.65274,0.48831,10.80964,0.96723,1.02396,0.96723,0.91119,0.0,0.48589,0.62631,0.68659,0.73013,0.74879,0.76223,0.77513,0.78741,0.80288,0.84729,0.88564,0.90412,0.92491,0.93556,0.96483,1.0105,1.03078,1.05229,1.08231,1.11389,1.12011,1.19716,1.22144,0.87887,0.93901,0.9503,0.94438,0.94733,0.96275,0.95588,0.95754,0.96004,0.96019,0.95783,0.94953,0.97111,0.95988,0.96497,0.97326,1.00291,1.0252,1.00083,0.99002,0.97828,0.91005,0.98563,0.97509,0.75785,0.0
102016_2024-04-10;104481_2023-11-01;105366_2023-01-03;106298_2023-05-06;107448_2024-05-30;108517_2024-04-07;108517_2024-07-01;108517_2024-07-13;108795_2024-01-21;110260_2023-01-06;112377_2023-01-26;112377_2024-10-02;113377_2024-01-04;113377_2024-08-24;116320_2023-01-28;116320_2024-06-12;118984_2023-04-25;120517_2023-03-07;120517_2024-10-01;121500_2024-02-24;121555_2024-08-19;121555_2024-08-25;125463_2023-06-28;125463_2023-11-25;125463_2023-11-30;125463_2024-03-27;127225_2023-05-09;127225_2024-06-27;127225_2024-11-10;127524_2023-08-27;128843_2023-04-02;129071_2024-01-30;129071_2024-08-11;132256_2024-12-13;132967_2023-09-22;132967_2023-11-03;132967_2023-11-12;132967_2024-04-06;133165_2023-08-22;133165_2024-03-01;133165_2024-08-03;136407_2023-05-07;136407_2023-09-30;138414_2023-01-16;138414_2023-10-18;139410_2023-07-18;140211_2023-04-23;140649_2023-01-20;142975_2024-06-07;142999_2023-06-08;146624_2023-01-11;146624_2023-08-08;146624_2024-05-28;147049_2024-04-11;147049_2024-08-15;147049_2024-11-03;147049_2024-12-20;147147_2024-08-31;151683_2024-05-09;152601_2023-11-27;152601_2024-11-18;155209_2023-01-10;160216_2023-04-09;160431_2024-10-28;161573_2024-02-04;163817_2023-07-05;163817_2024-01-26;164897_2023-08-13;164897_2024-03-01;166084_2024-01-13;166084_2024-10-08;167494_2024-03-08;167494_2024-12-11;169310_2024-06-28;170013_2023-11-17;172262_2023-11-11;172510_2023-01-25;172510_2024-01-21;172510_2024-05-07;174968_2023-02-25,0.62099,0.489,10.81415,0.968,1.02276,0.968,0.90819,0.0,0.49058,0.62324,0.67754,0.71958,0.743,0.75615,0.76877,0.78714,0.801,0.83671,0.86642,0.89436,0.93194,0.9575,0.98413,1.02036,1.03796,1.05127,1.07379,1.10471,1.11382,1.19192,1.21117,0.88749,0.92635,0.95102,0.95274,0.95569,0.95882,0.95718,0.97007,0.97119,0.957,0.96014,0.96332,0.97926,0.95845,0.9654,0.97435,1.00079,0.98158,0.98593,0.98362,0.9942,0.92022,0.95994,0.94481,0.70907,0.0
100354_2023-09-22;100707_2023-07-04;102016_2024-06-29;102016_2024-11-04;104481_2023-09-01;104481_2024-01-19;105366_2023-01-03;105366_2024-07-06;107448_2023-08-23;107448_2023-09-20;107448_2024-11-26;108517_2023-05-01;108517_2024-05-30;108517_2024-07-13;108795_2023-07-29;112377_2023-01-26;115937_2024-05-17;115937_2024-09-25;116320_2023-01-28;116320_2023-03-16;116320_2024-04-04;116320_2024-12-29;121500_2023-05-20;121500_2023-08-12;121500_2024-01-25;121555_2023-10-09;121555_2024-03-31;121555_2024-08-25;123129_2023-03-09;125463_2023-06-18;125463_2023-06-28;125463_2024-01-22;127225_2023-12-05;127225_2024-09-15;127524_2023-07-08;128843_2023-03-22;128843_2023-04-05;130253_2024-03-23;130253_2024-05-06;130253_2024-05-14;132967_2023-11-03;132967_2024-08-12;133165_2024-02-02;133996_2023-03-03;133996_2024-08-30;136407_2023-04-22;136407_2023-09-30;136407_2024-08-01;138414_2024-02-24;140211_2023-03-09;140211_2024-02-16;140649_2023-01-20;140649_2023-02-05;142975_2024-06-07;142999_2024-03-13;146624_2023-04-28;147147_2023-05-14;147147_2024-08-31;155209_2023-09-05;157904_2024-01-01;160216_2023-04-09;160216_2024-03-06;160216_2024-06-07;160431_2024-07-01;163329_2024-08-29;163329_2024-09-01;163817_2023-02-09;163817_2024-05-09;166084_2023-01-03;166084_2024-01-13;166206_2024-09-14;167494_2024-01-08;168165_2024-01-17;169310_2023-06-02;169310_2024-07-01;170013_2023-06-07;171530_2024-03-17;172510_2024-12-21;172510_2024-12-24;174968_2023-10-16,0.67718,0.49681,10.81497,0.96817,1.02381,0.96817,0.9151,0.0,0.49337,0.62599,0.68493,0.721,0.73848,0.75545,0.77409,0.79235,0.81081,0.85365,0.88292,0.90251,0.92226,0.93879,0.97145,1.01758,1.03677,1.05237,1.07583,1.10329,1.11546,1.20369,1.22153,0.84723,0.9103,0.90813,0.92128,0.92989,0.93361,0.92755,0.93876,0.94347,0.93043,0.93424,0.94211,0.96393,0.95468,0.95245,0.9728,1.02074,0.9824,1.00038,0.98538,1.00697,0.93633,1.00508,0.97978,0.73964,0.0
100354_2023-03-02;100354_2023-05-30;100354_2023-07-21;100707_2023-01-01;100707_2024-04-01;100707_2024-12-18;102016_2024-03-27;105366_2024-01-02;105366_2024-07-06;106298_2023-04-26;106298_2023-06-14;106298_2023-11-11;106793_2023-04-10;107448_2023-10-19;108795_2024-04-26;110260_2023-01-06;112377_2023-02-13;113377_2024-06-13;116320_2024-06-14;118984_2024-06-15;118984_2024-12-11;120517_2024-07-01;121500_2024-02-02;123129_2024-07-05;125463_2023-11-30;125463_2024-07-05;127524_2024-07-02;128843_2024-02-22;129071_2023-04-09;130253_2024-03-23;130253_2024-05-14;130253_2024-08-31;132967_2023-02-03;132967_2023-12-31;132967_2024-02-20;133996_2023-04-02;136407_2023-09-24;136407_2024-08-01;138414_2024-04-18;139410_2024-03-11;140211_2023-04-23;140649_2024-06-14;142999_2023-06-29;144492_2023-06-20;147049_2023-04-04;147049_2023-08-22;147049_2023-11-20;147049_2024-04-11;151683_2023-10-20;151683_2024-05-09;152601_2023-01-18;155209_2023-04-23;155209_2023-05-10;155209_2024-07-16;157904_2024-05-25;160216_2023-04-09;160431_2023-04-18;160431_2023-09-29;161573_2023-04-21;161573_2023-06-22;163817_2023-07-05;163817_2024-01-26;163817_2024-04-11;164897_2023-09-05;164897_2024-08-06;165786_2024-11-22;166084_2023-02-20;166084_2023-09-25;166084_2024-08-23;168165_2024-05-28;169310_2023-08-02;170013_2023-06-07;170013_2024-05-20;171530_2023-06-06;172262_2023-11-11;172510_2023-03-10;172510_2024-02-12;172510_2024-05-21;172510_2024-12-24;174968_2023-10-16,0.6749,0.50529,10.80595,0.97073,1.02799,0.97073,0.91502,0.0,0.51111,0.63902,0.68703,0.71969,0.74008,0.76152,0.77942,0.80067,0.81886,0.8572,0.88322,0.90184,0.92098,0.93533,0.96568,1.01186,1.03864,1.057,1.08001,1.11552,1.12711,1.20692,1.22793,0.8551,0.90721,0.91538,0.93846,0.94826,0.94807,0.94859,0.95259,0.95827,0.95303,0.9556,0.96286,0.97112,0.96759,0.97478,0.98355,1.01093,1.00213,0.9864,0.99115,0.97737,0.91546,0.95591,0.97952,0.75476,0.0
100354_2023-05-30;100354_2023-08-19;100354_2024-06-25;100707_2024-12-18;105366_2023-09-05;106298_2023-04-26;106298_2024-08-18;106298_2024-11-17;106793_2023-10-28;107448_2023-02-24;107448_2023-11-16;107448_2024-11-26;108517_2023-05-01;108517_2023-12-09;110260_2023-06-23;110260_2023-12-25;113377_2023-08-10;113377_2024-01-08;115937_2024-09-25;115937_2024-10-13;116320_2023-01-28;116320_2023-11-03;116320_2024-06-20;118984_2024-06-15;120517_2023-04-01;120517_2024-10-01;121500_2024-01-25;121500_2024-02-02;121555_2023-02-14;121555_2023-02-20;125463_2023-10-09;127225_2023-05-02;127225_2024-06-27;127524_2024-06-25;129071_2023-05-02;130253_2024-05-14;132256_2024-03-31;132967_2023-02-02;133165_2024-03-19;133996_2023-04-02;136407_2023-05-07;139410_2024-07-16;140211_2023-03-17;140211_2023-06-14;140211_2024-02-16;142975_2024-06-07;142999_2024-06-11;147049_2023-11-20;147049_2024-04-11;147049_2024-04-17;147049_2024-12-20;147147_2023-11-10;151683_2024-05-09;151683_2024-09-19;151740_2023-10-14;155209_2023-01-16;155209_2023-05-10;160216_2024-02-23;160216_2024-06-07;161573_2023-02-25;163329_2023-06-28;163817_2024-05-09;164897_2023-01-28;164897_2023-01-29;164897_2024-08-06;164897_2024-11-16;165786_2023-02-16;165786_2023-10-16;166084_2023-01-03;166206_2023-01-05;166206_2024-09-14;166206_2024-10-22;168165_2024-05-28;168165_2024-06-18;169310_2023-08-02;170013_2024-05-20;170013_2024-11-10;171530_2023-05-31;172510_2023-11-29;174968_2023-10-28,0.69598,0.50784,10.82223,0.9573,1.01373,0.9573,0.91215,0.0,0.50601,0.66836,0.72243,0.7621,0.769,0.78654,0.80746,0.8203,0.82337,0.82944,0.85118,0.873,0.89446,0.91744,0.95321,1.00413,1.02482,1.03585,1.05457,1.08606,1.09894,1.18708,1.21243,0.89903,0.87743,0.896,0.90836,0.92233,0.92903,0.92901,0.93845,0.95189,0.93086,0.93721,0.95647,0.97491,0.95592,0.96128,0.97515,1.01425,0.96083,0.96043,0.95733,0.95755,0.94356,0.95809,0.93046,0.7876,0.0
104481_2024-05-05;105366_2024-01-02;106298_2023-02-25;106793_2024-06-13;107448_2023-09-20;107448_2023-11-02;108517_2023-12-09;108795_2024-04-26;110260_2024-01-11;113377_2024-08-13;115937_2023-03-01;115937_2024-10-13;116320_2024-12-14;116320_2024-12-29;118984_2024-06-15;121500_2024-01-25;121500_2024-09-09;121555_2024-03-31;123129_2023-08-08;123129_2024-07-05;123129_2024-08-11;123129_2024-08-26;125463_2023-06-28;127225_2023-05-30;127225_2024-06-02;127225_2024-09-15;127524_2023-02-12;127524_2023-07-08;127524_2024-03-16;129071_2023-10-25;129071_2024-07-19;129071_2024-12-19;130253_2023-02-09;130253_2024-05-17;132256_2023-12-01;132256_2024-11-19;132967_2023-12-02;133165_2024-11-27;133996_2023-06-12;136407_2023-04-23;138414_2023-01-16;138414_2024-02-24;139410_2024-03-11;140649_2023-01-20;140649_2023-02-05;142975_2024-09-28;142999_2023-06-08;146624_2024-05-25;147049_2023-04-04;147049_2024-04-11;147147_2023-11-02;147147_2023-11-10;151740_2023-10-14;155209_2023-07-18;157904_2023-03-31;157904_2024-12-15;160216_2023-04-09;160216_2024-06-07;160216_2024-08-17;161573_2023-02-25;161573_2024-02-04;161573_2024-07-29;163329_2023-03-29;163329_2024-09-01;163817_2024-05-09;163817_2024-11-27;166084_2023-09-25;166084_2024-08-23;166206_2024-10-22;167494_2023-07-05;167494_2024-03-08;168165_2023-02-15;168165_2024-05-28;170013_2024-11-10;171530_2023-06-06;172262_2023-06-20;172262_2024-02-12;172262_2024-02-24;172510_2023-03-10;172510_2024-01-21,0.62137,0.50581,10.81368,0.98231,1.03461,0.98231,0.92159,0.0,0.49489,0.62391,0.67428,0.71759,0.74657,0.76936,0.79325,0.81317,0.82777,0.86533,0.911,0.94712,0.96782,0.98588,0.99892,1.02773,1.04843,1.0599,1.08395,1.1163,1.12371,1.19441,1.21732,0.93452,0.97188,0.98225,0.97737,0.97387,1.0133,0.99813,0.99936,1.00065,0.97972,0.96777,0.97051,1.00446,0.97457,0.97806,0.98498,1.0088,1.00817,0.98801,0.99469,0.99824,0.94602,1.00045,0.97096,0.73483,0.0
100354_2023-08-19;100707_2024-06-02;100707_2024-12-18;102016_2023-07-18;102016_2023-07-20;102016_2024-10-15;104481_2024-01-19;104481_2024-05-05;106298_2023-08-01;106793_2024-06-13;106793_2024-12-22;107448_2023-10-19;107448_2024-08-12;108517_2024-05-21;110260_2023-01-06;113377_2024-06-26;113377_2024-08-13;116320_2023-08-02;116320_2024-04-04;116320_2024-06-20;116320_2024-11-01;118984_2023-08-29;121500_2023-08-12;121555_2023-02-20;123129_2023-03-14;125463_2023-12-21;125463_2024-03-27;127524_2023-11-09;127524_2024-10-26;128843_2023-04-02;128843_2024-02-22;130253_2023-02-09;130253_2024-05-14;132256_2024-01-07;132256_2024-12-13;132967_2023-11-12;132967_2024-11-28;132967_2024-11-29;133165_2024-08-03;133165_2024-11-27;133996_2023-10-02;133996_2024-08-30;133996_2024-11-14;136407_2023-04-22;140211_2023-03-17;140649_2023-01-20;146624_2023-01-11;146624_2023-03-12;146624_2023-08-26;146624_2024-05-28;147049_2024-11-03;147147_2023-11-02;151683_2023-03-15;151740_2024-04-21;155209_2023-05-10;160216_2024-08-22;161573_2023-10-14;161573_2024-08-23;163329_2024-09-01;163595_2024-02-27;164897_2023-01-29;164897_2024-07-09;164897_2024-08-06;166084_2023-08-04;167494_2023-11-16;167494_2024-01-08;168165_2023-03-10;168165_2024-05-28;168165_2024-06-24;169310_2023-08-02;170013_2023-02-25;170013_2024-06-23;171530_2023-03-22;171530_2023-05-31;172262_2023-11-11;172262_2024-02-12;172262_2024-05-27;172510_2023-03-10;174968_2023-08-16;174968_2024-04-14,0.66741,0.4963,10.82242,0.97373,1.02935,0.97373,0.92066,0.0,0.48494,0.6236,0.68645,0.72851,0.75184,0.77092,0.78764,0.79921,0.80698,0.84117,0.8729,0.897,0.92397,0.94667,0.97579,1.02778,1.04636,1.06111,1.08734,1.11036,1.12213,1.20883,1.22591,0.84694,0.89436,0.89387,0.89975,0.90877,0.93161,0.92124,0.92463,0.93798,0.9236,0.92627,0.94083,0.96312,0.9488,0.97211,0.98029,1.02649,1.00022,1.01951,1.02261,0.99714,0.93437,0.98161,0.96901,0.72412,0.0
100707_2024-04-14;102016_2024-03-08;102016_2024-03-27;102016_2024-04-10;106298_2023-11-11;107448_2023-02-24;107448_2023-09-20;108517_2023-12-09;108795_2024-06-13;110260_2024-06-10;113377_2023-02-27;113377_2023-08-03;113377_2024-06-13;113377_2024-06-26;115937_2024-05-17;115937_2024-09-22;116320_2024-06-20;120517_2023-04-01;120517_2024-08-07;121555_2023-02-20;123129_2024-02-01;123129_2024-06-13;123129_2024-07-05;125463_2024-01-22;127225_2023-05-09;127225_2024-07-07;127225_2024-11-10;127524_2024-10-26;128843_2024-06-27;130253_2024-05-06;133996_2024-11-14;136407_2023-04-23;136407_2023-05-07;139410_2023-07-18;139410_2024-03-11;140211_2023-06-14;140211_2024-02-16;140649_2023-02-05;140649_2024-06-14;142975_2023-01-19;142975_2023-04-09;142975_2023-10-18;146624_2024-05-28;147049_2023-04-04;147147_2024-08-31;151683_2024-05-21;151740_2023-03-12;152601_2023-11-27;152601_2024-08-27;152601_2024-12-21;155209_2023-01-16;157904_2023-03-28;157904_2023-11-11;157904_2024-02-10;160431_2024-05-11;161573_2024-02-04;163595_2023-08-18;163817_2024-01-26;165786_2023-02-16;165786_2024-09-04;166084_2023-02-20;166084_2023-09-19;166084_2024-01-13;166084_2024-08-23;167494_2023-07-05;167494_2024-01-08;168165_2023-02-15;168165_2024-01-17;169310_2023-08-08;169310_2024-03-17;170013_2024-06-23;170013_2024-11-12;171530_2024-05-02;172510_2023-01-25;172510_2023-03-10;172510_2024-05-07;172510_2024-05-21;174968_2023-02-25;174968_2023-08-16;174968_2023-10-16,0.69081,0.49481,10.80977,0.97138,1.0271,0.97138,0.92955,0.0,0.49012,0.64707,0.70594,0.74776,0.7709,0.78834,0.80257,0.81494,0.82997,0.85474,0.8823,0.9017,0.91941,0.93587,0.96691,1.01326,1.03538,1.05019,1.07697,1.10962,1.12375,1.20576,1.22501,0.85196,0.90252,0.90655,0.91228,0.92607,0.94436,0.93779,0.93732,0.95448,0.93615,0.9287,0.94822,0.97581,0.94809,0.97184,0.97797,1.01463,0.99958,0.99529,0.98966,0.99729,0.9577,1.00196,0.96571,0.84601,0.0
102016_2023-07-18;106793_2023-03-14;106793_2024-06-13;106793_2024-06-14;108517_2023-07-12;108517_2023-11-05;108795_2023-07-29;110260_2023-06-23;110260_2024-02-01;112377_2023-01-26;112377_2024-05-22;113377_2024-06-26;115937_2023-03-01;116320_2023-08-02;116320_2024-11-29;121555_2024-03-31;121555_2024-08-25;123129_2023-10-10;123129_2024-07-05;125463_2023-10-09;127225_2023-05-30;127524_2023-08-27;127524_2023-11-09;127524_2024-01-15;127524_2024-10-18;128843_2023-04-05;128843_2023-11-19;129071_2023-03-16;129071_2023-05-02;129071_2024-01-30;129071_2024-04-09;129071_2024-07-19;130253_2023-02-09;130253_2023-07-26;130253_2024-02-18;132967_2023-09-22;132967_2023-11-12;132967_2023-12-31;133165_2024-08-16;136407_2023-03-14;136407_2023-10-16;139410_2023-06-21;139410_2023-07-18;140211_2023-03-17;140211_2024-06-18;140649_2024-06-14;142975_2023-08-21;146624_2024-05-28;147049_2023-04-04;147049_2023-08-22;147049_2024-01-27;151683_2024-09-19;151740_2023-01-09;151740_2023-03-12;152601_2024-03-10;152601_2024-08-01;157904_2024-02-10;160216_2023-10-14;160216_2024-03-08;160216_2024-06-28;161573_2023-02-25;163817_2023-03-14;164897_2023-12-12;165786_2023-10-16;166084_2023-02-20;166084_2024-04-26;166206_2024-10-22;167494_2024-03-08;167494_2024-10-26;169310_2024-06-28;169310_2024-07-08;170013_2023-02-25;171530_2024-09-18;172262_2024-01-06;172262_2024-02-12;172262_2024-11-20;172510_2023-01-25;172510_2023-11-29;172510_2024-05-21;174968_2024-05-19,0.68924,0.48976,10.80961,0.96423,1.02025,0.96423,0.90507,0.0,0.48112,0.61472,0.6783,0.71995,0.74291,0.76106,0.77547,0.7904,0.801,0.83787,0.8778,0.90147,0.9245,0.94386,0.97683,1.00654,1.02627,1.04145,1.06949,1.10666,1.117,1.19425,1.21711,0.88824,0.94089,0.94584,0.94628,0.9518,0.97035,0.96324,0.96763,0.96973,0.96967,0.96847,0.97268,0.97963,0.96327,0.96927,0.97422,1.00001,0.98528,0.98358,0.98048,0.97493,0.92006,0.98062,0.95466,0.75161,0.0
100354_2023-07-21;100354_2024-06-25;100707_2024-04-14;102016_2023-07-20;102016_2024-03-08;104481_2023-08-15;104481_2024-07-30;106298_2024-08-18;107448_2023-11-02;107448_2024-07-03;108517_2023-08-02;110260_2023-09-02;113377_2024-08-24;113377_2024-09-29;116320_2023-08-02;118984_2023-04-25;120517_2023-03-07;121500_2023-10-23;121555_2024-08-19;123129_2023-03-09;125463_2023-06-17;125463_2023-10-09;125463_2024-01-22;127225_2023-05-30;127225_2023-12-05;127225_2024-11-10;127524_2023-02-12;127524_2024-09-05;128843_2023-04-02;128843_2023-04-05;129071_2024-07-19;130253_2024-03-23;130253_2024-05-14;130253_2024-08-31;130253_2024-09-21;133165_2024-03-19;133996_2023-03-03;133996_2024-11-02;133996_2024-11-14;136407_2023-12-20;139410_2023-06-21;140211_2023-04-23;142975_2024-06-07;146624_2024-05-25;147049_2024-11-03;147147_2023-05-14;151683_2024-05-25;151740_2023-01-09;155209_2023-09-05;155209_2024-11-11;157904_2023-03-28;160216_2023-01-17;160216_2024-06-28;160431_2023-04-18;160431_2024-05-11;160431_2024-05-28;160431_2024-07-01;161573_2024-05-27;161573_2024-08-06;163329_2023-06-28;163329_2024-08-29;163595_2023-08-18;163595_2024-05-08;163817_2023-03-14;163817_2024-02-14;164897_2023-01-28;164897_2023-07-03;165786_2023-02-16;165786_2023-09-07;165786_2024-09-04;166084_2023-09-25;166084_2024-01-13;167494_2024-12-11;168165_2023-02-15;168165_2023-08-25;169310_2023-06-02;169310_2023-06-10;169310_2024-03-17;170013_2024-05-20;171530_2023-06-06,0.66407,0.49626,10.80956,0.96352,1.03005,0.96352,0.91041,0.0,0.49544,0.64293,0.69693,0.7307,0.7423,0.75619,0.7686,0.777,0.79092,0.82003,0.84862,0.87154,0.89146,0.90749,0.94565,1.00299,1.02373,1.04507,1.07205,1.12134,1.14256,1.23668,1.26883,0.86009,0.92481,0.92827,0.93302,0.93291,0.9571,0.95364,0.95773,0.9637,0.93843,0.94447,0.9491,0.9777,0.95955,0.97102,0.9816,1.02862,1.01267,0.95373,0.96314,0.96412,0.94779,0.97459,0.93828,0.79574,0.0
100707_2024-12-03;102016_2024-03-27;104481_2023-08-15;104481_2024-10-02;106298_2023-02-04;107448_2024-05-30;107448_2024-08-12;108517_2023-04-24;108517_2023-07-12;108517_2023-08-02;108517_2023-11-05;108517_2024-04-07;108517_2024-05-27;108795_2023-12-14;113377_2023-08-03;113377_2024-01-04;113377_2024-08-13;115937_2024-06-30;116320_2024-06-20;116320_2024-12-29;120517_2024-08-08;121500_2023-05-20;121555_2023-02-14;127225_2023-05-09;127225_2023-12-05;127225_2024-07-07;127524_2023-11-09;127524_2024-01-15;128843_2024-02-22;128843_2024-05-06;128843_2024-05-16;129071_2023-05-02;129071_2024-04-09;129071_2024-08-11;130253_2024-05-06;130253_2024-05-17;132967_2023-12-02;132967_2023-12-31;132967_2024-04-06;132967_2024-08-07;133165_2024-11-27;133996_2024-08-30;136407_2023-12-20;138414_2024-02-24;140211_2023-04-23;140649_2023-11-22;142975_2023-01-19;142975_2023-10-18;142975_2024-12-10;144492_2024-06-12;146624_2024-05-28;147049_2024-01-27;151683_2023-03-15;151683_2024-05-09;151740_2023-01-09;152601_2023-02-14;152601_2024-08-27;157904_2023-02-24;157904_2023-03-31;157904_2024-02-10;161573_2023-06-22;161573_2024-08-23;163329_2023-11-20;163817_2023-03-14;164897_2023-08-13;164897_2024-10-30;165786_2023-02-16;165786_2024-06-04;166084_2023-01-05;166084_2023-02-20;168165_2024-01-17;169310_2024-07-01;170013_2023-06-07;170013_2024-06-23;171530_2023-03-22;171530_2023-06-06;171530_2024-05-02;171530_2024-06-13;172262_2024-02-12;172510_2024-09-26,0.69561,0.49081,10.81765,0.9614,1.03124,0.9614,0.90295,0.0,0.48638,0.62917,0.68527,0.72483,0.7472,0.76072,0.77295,0.78241,0.79434,0.81961,0.84453,0.86495,0.88472,0.90719,0.9439,0.9966,1.01927,1.02753,1.05208,1.10759,1.15748,1.25543,1.28089,0.88895,0.89833,0.88262,0.90413,0.92856,0.96935,0.96261,0.96223,0.96979,0.97495,0.96303,0.97315,1.00814,0.98708,1.0018,1.00318,1.08144,0.95653,0.96264,0.90828,0.92322,0.91201,0.96208,0.94439,0.80558,0.0
100354_2023-06-07;100354_2024-06-25;100707_2023-09-06;102016_2024-03-08;102016_2024-04-10;104481_2023-08-15;104481_2023-11-01;105366_2023-09-05;107448_2023-11-16;107448_2024-07-03;107448_2024-08-07;107448_2024-10-21;108517_2023-04-24;108517_2023-08-02;108517_2024-04-07;108517_2024-05-30;108517_2024-07-01;108517_2024-07-13;110260_2023-12-25;110260_2024-12-09;112377_2023-02-13;113377_2024-01-04;113377_2024-08-17;113377_2024-08-24;116320_2023-08-02;121500_2023-05-20;123129_2024-02-01;127225_2023-05-09;127524_2024-04-05;128843_2023-11-19;128843_2024-02-22;129071_2023-05-02;133165_2023-08-22;133165_2024-08-16;133996_2023-03-03;133996_2023-06-12;136407_2023-03-14;136407_2024-08-01;136407_2024-09-22;138414_2023-11-03;139410_2023-06-21;140211_2024-06-18;140649_2023-04-24;140649_2023-12-03;140649_2024-06-14;142975_2023-11-02;144492_2023-07-21;144492_2024-06-12;146624_2024-05-28;147049_2024-01-27;147147_2023-11-10;151683_2024-05-09;155209_2024-11-15;157904_2023-03-28;157904_2023-11-11;157904_2024-02-10;157904_2024-12-15;160216_2024-08-22;161573_2023-09-11;161573_2024-07-29;163329_2023-11-20;163329_2024-09-01;163329_2024-09-29;163595_2024-02-27;163817_2024-02-14;164897_2024-08-06;166084_2023-01-03;166084_2023-09-19;166084_2023-09-25;166084_2024-04-26;167494_2024-10-26;168165_2023-03-10;169310_2023-06-10;170013_2023-02-25;171530_2023-05-31;172262_2024-03-18;172262_2024-09-18;172510_2023-03-10;174968_2023-08-16;174968_2023-10-16,0.60079,0.48928,10.81201,0.99544,1.05158,0.99544,0.95518,0.0,0.48331,0.6486,0.7141,0.75072,0.77402,0.79448,0.80885,0.82636,0.83785,0.87087,0.8982,0.91793,0.93971,0.95992,0.9998,1.0484,1.06704,1.08493,1.10481,1.12728,1.14372,1.23868,1.25427,0.84288,0.90995,0.90168,0.91073,0.91834,0.92675,0.92733,0.93791,0.94298,0.93613,0.95094,0.96068,0.97329,0.97024,0.97488,0.99978,1.0515,1.01313,1.03368,1.03529,1.03234,0.98675,1.03925,1.01839,0.8665,0.0
100354_2023-05-30;100354_2023-06-07;100354_2023-08-02;100707_2024-04-01;102016_2023-07-20;102016_2024-03-08;104481_2023-08-15;106298_2023-06-14;106298_2023-08-01;106793_2023-06-09;106793_2023-09-21;106793_2024-09-15;107448_2024-01-07;107448_2024-08-07;108795_2023-12-14;110260_2023-01-06;113377_2023-08-10;113377_2024-01-04;113377_2024-01-08;113377_2024-06-13;115937_2024-09-22;115937_2024-09-25;116320_2023-01-28;120517_2024-07-01;120517_2024-11-08;121500_2023-08-12;121500_2024-12-01;121555_2023-02-20;125463_2023-10-09;125463_2023-12-21;127225_2023-05-09;127225_2023-05-30;127524_2023-11-09;127524_2024-04-05;127524_2024-06-25;128843_2024-02-22;129071_2023-05-02;130253_2024-03-23;132256_2024-11-19;132967_2023-11-12;132967_2024-02-20;133165_2024-03-01;133165_2024-08-03;133165_2024-11-27;133996_2023-10-02;136407_2023-09-30;138414_2023-10-18;138414_2024-04-18;138414_2024-11-09;140211_2023-06-14;140649_2023-12-03;142975_2023-11-02;142975_2024-09-28;142975_2024-12-10;144492_2023-05-06;146624_2023-01-11;147049_2023-04-04;147049_2023-08-22;155209_2024-11-15;157904_2023-03-28;157904_2023-03-31;160216_2024-03-06;160431_2024-05-11;160431_2024-07-01;161573_2024-08-06;161573_2024-11-23;163329_2024-09-29;163817_2023-03-14;165786_2023-02-16;166084_2024-01-13;166084_2024-09-20;166206_2023-07-12;167494_2024-03-08;167494_2024-12-11;169310_2023-08-02;169310_2023-08-08;170013_2023-11-17;171530_2024-03-17;172262_2023-02-12;172262_2024-09-18,0.68374,0.49812,10.80886,0.97466,1.02825,0.97466,0.92047,0.0,0.49317,0.62879,0.67813,0.70723,0.72658,0.7504,0.77155,0.79074,0.8072,0.84538,0.88763,0.90672,0.93537,0.96327,0.98896,1.02811,1.04991,1.06785,1.08927,1.11291,1.11448,1.19112,1.21617,0.88851,0.94766,0.94692,0.94922,0.94984,0.95727,0.95037,0.95621,0.96072,0.94986,0.95167,0.95614,0.96631,0.95968,0.96573,0.97415,1.00213,1.00959,1.00475,1.01161,1.00134,0.92551,0.97705,0.96097,0.78093,0.0
100354_2023-03-02;100354_2024-06-25;102016_2023-07-18;104481_2023-08-15;104481_2024-07-30;106793_2023-04-10;106793_2024-09-15;106793_2024-12-22;107448_2024-01-07;107448_2024-05-30;108517_2023-08-02;108517_2024-04-07;108795_2023-12-14;108795_2024-01-21;108795_2024-05-15;108795_2024-06-13;110260_2023-01-06;110260_2023-12-25;112377_2024-10-02;113377_2023-08-03;113377_2024-08-24;115937_2024-07-11;116320_2024-12-14;118984_2023-08-29;121500_2024-02-02;121500_2024-02-24;121555_2023-02-14;121555_2024-03-09;123129_2023-03-14;123129_2024-08-11;123129_2024-08-26;125463_2024-07-05;127524_2023-11-09;128843_2023-04-13;129071_2024-08-11;130253_2024-03-23;130253_2024-09-21;133165_2024-03-01;133165_2024-11-27;133996_2023-10-02;139410_2023-03-06;139410_2024-07-16;140649_2023-11-22;146624_2023-03-12;147049_2024-01-27;151740_2023-03-12;151740_2024-07-24;152601_2023-11-27;155209_2023-04-23;155209_2023-05-10;157904_2023-02-24;157904_2023-03-31;157904_2024-02-10;157904_2024-05-25;160216_2024-03-08;160431_2023-03-01;160431_2024-05-11;163817_2024-01-26;164897_2023-08-13;164897_2024-11-16;165786_2024-04-08;166084_2023-08-10;166084_2023-09-25;166084_2024-01-13;166084_2024-09-20;167494_2024-12-11;168165_2023-02-15;169310_2024-06-28;170013_2023-02-25;170013_2023-11-17;170013_2024-05-20;170013_2024-11-10;171530_2024-03-17;172262_2023-06-20;172262_2024-02-24;172510_2023-11-29;172510_2024-05-07;172510_2024-12-21;174968_2023-08-16;174968_2024-05-19,0.67095,0.5058,10.81468,0.97838,1.03287,0.97838,0.92712,0.0,0.49687,0.634,0.691,0.72601,0.74682,0.76461,0.78345,0.80216,0.81846,0.85754,0.88288,0.90032,0.9236,0.94335,0.97819,1.03609,1.05548,1.0734,1.09664,1.117,1.12023,1.20732,1.22397,0.85271,0.91461,0.9128,0.91894,0.92472,0.9405,0.93012,0.93171,0.94671,0.92839,0.93183,0.95133,0.96558,0.95337,0.97427,0.97231,1.01707,1.00891,1.0275,1.0214,1.00491,0.95651,1.00912,0.99794,0.75885,0.0
100354_2024-06-25;100707_2024-06-02;104481_2024-07-30;105366_2023-01-03;107448_2024-10-09;108517_2023-07-12;108517_2024-05-30;108795_2023-12-14;110260_2023-01-06;112377_2023-01-26;113377_2024-01-04;113377_2024-08-24;113377_2024-09-29;115937_2024-06-30;115937_2024-07-11;116320_2023-08-20;116320_2024-11-01;118984_2024-12-11;120517_2023-03-07;121555_2024-08-25;125463_2023-10-09;127225_2023-05-09;127225_2023-12-05;127524_2024-07-02;127524_2024-09-05;128843_2024-05-16;129071_2024-08-11;130253_2024-03-23;133165_2023-08-22;133165_2024-02-02;133996_2023-04-20;138414_2024-04-18;139410_2023-03-06;140649_2023-02-05;140649_2024-03-22;142975_2024-12-10;142999_2023-06-29;144492_2023-07-28;144492_2024-06-12;146624_2023-03-12;147049_2023-11-20;147049_2024-04-22;147049_2024-11-03;147147_2023-04-24;151683_2023-10-20;151740_2023-08-22;152601_2024-08-01;152601_2024-12-21;155209_2023-01-16;155209_2024-11-11;157904_2023-02-24;157904_2023-03-31;157904_2024-02-10;160216_2023-04-09;160216_2024-03-08;160216_2024-06-07;160216_2024-08-22;160431_2023-04-18;160431_2023-09-29;160431_2024-05-11;161573_2023-06-22;161573_2024-07-29;163329_2023-11-20;163595_2024-02-27;163817_2024-01-26;163817_2024-11-27;164897_2023-01-29;165786_2024-04-08;166084_2023-01-03;166084_2023-08-10;166084_2023-09-19;167494_2024-01-08;167494_2024-11-16;167494_2024-12-11;168165_2023-03-10;168165_2024-06-18;169310_2023-08-08;169310_2024-07-01;172262_2024-01-06;172510_2023-03-10,0.68643,0.51718,10.82187,0.95993,1.02009,0.95993,0.91384,0.0,0.51256,0.65116,0.69447,0.73067,0.74775,0.76213,0.77681,0.79156,0.80433,0.82855,0.85503,0.87491,0.89848,0.91894,0.95535,0.99535,1.01889,1.03755,1.06716,1.10548,1.12401,1.21295,1.23152,0.85929,0.90506,0.9065,0.90975,0.91535,0.94348,0.93025,0.93306,0.94923,0.94436,0.92444,0.942,0.97097,0.94994,0.97136,0.98686,1.02467,0.97367,0.98136,0.93608,0.97495,0.91709,1.00068,0.97003,0.79728,0.0
100354_2023-05-30;100354_2023-06-07;100354_2023-09-22;100354_2024-06-25;100707_2023-01-07;100707_2024-06-02;100707_2024-12-03;102016_2023-07-20;102016_2024-04-10;104481_2023-09-01;104481_2024-05-05;105366_2023-01-03;105366_2023-09-16;106298_2023-02-25;106298_2023-08-01;107448_2024-01-07;108517_2023-05-01;110260_2023-06-23;113377_2023-08-10;115937_2023-03-01;116320_2023-08-20;116320_2024-06-14;120517_2024-11-08;121500_2023-10-10;123129_2023-07-13;123129_2024-08-11;127225_2023-03-14;127225_2023-05-30;127524_2024-12-28;129071_2024-10-24;130253_2024-05-06;132256_2024-03-31;132967_2023-12-31;133165_2024-08-03;133996_2023-04-02;133996_2023-04-09;133996_2023-06-12;133996_2023-10-02;133996_2024-08-30;136407_2023-04-22;138414_2023-11-03;138414_2024-04-18;140211_2023-04-23;144492_2024-06-12;146624_2023-03-12;146624_2023-03-20;146624_2024-05-25;146624_2024-05-28;147049_2023-04-04;147049_2023-08-22;147049_2023-11-20;147147_2023-10-10;151683_2024-05-25;151740_2024-07-24;151740_2024-12-21;152601_2024-11-18;155209_2023-09-05;157904_2023-03-28;160216_2024-06-07;160216_2024-09-21;161573_2024-07-29;161573_2024-11-23;163329_2023-03-29;163329_2023-06-28;163329_2024-09-01;163595_2023-02-25;164897_2023-01-28;164897_2023-09-05;164897_2024-08-06;165786_2023-02-16;165786_2024-11-22;166084_2023-09-19;166084_2024-01-13;166206_2024-09-27;168165_2024-01-17;168165_2024-05-28;169310_2023-06-10;172262_2023-07-08;172262_2024-09-18;172510_2024-01-06,0.62965,0.50723,10.81253,0.96188,1.01671,0.96188,0.90481,0.0,0.49212,0.63296,0.66799,0.70457,0.72838,0.74668,0.75939,0.77509,0.79524,0.82773,0.85579,0.88435,0.91591,0.93654,0.97349,1.01379,1.03832,1.05668,1.07587,1.09992,1.10701,1.18716,1.20672,0.86486,0.9121,0.91751,0.92114,0.92375,0.9255,0.92673,0.93301,0.93999,0.92941,0.93217,0.93853,0.94956,0.94904,0.96818,0.97911,1.0042,0.99197,1.00256,1.00782,0.99584,0.92069,0.95283,0.95269,0.69567,0.0
104481_2023-08-15;104481_2023-09-01;105366_2023-01-03;105366_2024-01-02;106298_2023-11-11;106793_2023-06-09;106793_2024-06-13;107448_2023-10-19;107448_2023-11-02;108517_2024-07-13;112377_2024-01-18;113377_2024-01-08;115937_2024-05-17;115937_2024-07-11;116320_2024-06-14;118984_2024-12-11;120517_2024-08-08;121500_2023-05-20;125463_2023-06-18;125463_2023-11-25;127225_2023-12-05;127225_2024-06-27;127225_2024-11-10;127524_2023-07-08;127524_2024-01-23;127524_2024-10-26;128843_2023-04-02;128843_2023-11-19;128843_2024-02-22;129071_2023-02-19;130253_2024-05-06;132967_2023-02-03;132967_2023-11-03;132967_2024-08-12;132967_2024-11-29;133165_2024-03-01;133165_2024-08-03;133996_2023-03-03;133996_2023-04-09;133996_2023-10-02;133996_2024-11-14;136407_2023-05-07;136407_2023-09-24;136407_2024-09-22;140211_2023-03-09;144492_2023-05-06;144492_2023-06-20;151683_2023-10-20;151683_2024-09-19;151740_2023-01-09;152601_2023-01-18;152601_2023-02-14;152601_2023-11-27;155209_2023-01-10;157904_2023-03-31;160216_2024-03-06;160216_2024-03-08;160216_2024-06-07;160431_2023-03-27;161573_2024-02-04;161573_2024-07-29;163329_2023-06-28;163595_2023-02-25;163595_2024-05-08;163817_2024-01-21;163817_2024-05-09;165786_2023-02-10;166084_2024-01-13;167494_2023-11-16;167494_2024-02-26;168165_2024-05-28;168165_2024-06-18;169310_2023-01-03;169310_2023-12-13;171530_2023-06-20;171530_2024-05-02;172262_2023-11-11;172262_2024-11-20;172510_2023-08-20;172510_2024-05-21,0.67664,0.4974,10.8138,0.95355,1.01483,0.95355,0.90181,0.0,0.49457,0.64149,0.68609,0.72344,0.74581,0.76947,0.78122,0.8019,0.80026,0.82187,0.84474,0.86331,0.8866,0.90914,0.94432,0.98988,1.01078,1.0269,1.05505,1.09979,1.1264,1.21055,1.23227,0.8404,0.89378,0.88991,0.90158,0.90955,0.94483,0.93881,0.94554,0.94999,0.94549,0.94193,0.9516,0.9801,0.96348,0.97638,0.9807,1.02631,0.98749,0.94633,0.92943,0.93972,1.00478,0.94837,0.92861,0.80625,0.0
100354_2024-06-25;100707_2023-07-04;100707_2023-07-20;100707_2023-09-06;100707_2024-04-14;100707_2024-07-11;100707_2024-12-18;102016_2023-07-20;102016_2024-10-15;104481_2023-11-01;105366_2023-01-03;106298_2023-02-04;106793_2023-10-28;106793_2024-06-14;108517_2023-04-24;108795_2024-01-21;110260_2023-09-02;113377_2023-08-03;113377_2024-08-13;115937_2023-03-01;115937_2024-06-30;115937_2024-07-11;115937_2024-09-22;116320_2024-04-04;116320_2024-12-29;121500_2023-05-20;121500_2023-10-23;123129_2023-03-09;123129_2024-02-01;123129_2024-06-13;125463_2023-06-17;127225_2023-03-14;127225_2023-05-02;127225_2023-08-28;127524_2024-01-23;127524_2024-04-05;128843_2023-03-22;128843_2023-04-02;128843_2024-02-22;133165_2024-03-19;133165_2024-11-27;133996_2023-04-09;133996_2023-06-12;139410_2023-03-21;140211_2023-11-11;140211_2024-02-16;140211_2024-06-18;140649_2023-12-03;140649_2024-03-22;142975_2023-01-19;146624_2023-08-08;147147_2024-01-18;152601_2023-11-27;155209_2023-01-10;157904_2023-02-24;160216_2023-03-29;160216_2024-06-07;160431_2024-05-28;160431_2024-10-28;161573_2023-04-07;163595_2023-08-18;163595_2024-02-27;164897_2023-01-28;164897_2023-08-13;164897_2024-10-30;166084_2024-08-23;166206_2023-01-05;167494_2024-01-08;167494_2024-03-08;168165_2024-06-18;169310_2023-06-02;169310_2023-08-02;169310_2023-08-08;169310_2023-10-10;171530_2023-05-31;171530_2024-06-13;172262_2024-02-12;172510_2023-01-25;172510_2024-11-01;174968_2023-08-16,0.679,0.51273,10.81648,0.97108,1.03936,0.97108,0.90877,0.0,0.48818,0.64134,0.6879,0.71658,0.72806,0.74364,0.75718,0.77033,0.78683,0.81772,0.84902,0.87194,0.8948,0.92026,0.9543,1.01051,1.03647,1.04764,1.07333,1.12258,1.17337,1.26412,1.27627,0.84907,0.89377,0.88536,0.89947,0.92842,0.96056,0.96367,0.97148,0.97968,0.96614,0.96813,0.98307,1.02105,0.97246,1.0056,1.0199,1.08003,0.97408,0.96749,0.91427,0.97308,0.90844,0.96275,0.92812,0.70672,0.0
100354_2023-05-30;100354_2023-06-07;100354_2023-08-19;104481_2023-09-01;104481_2024-07-30;105366_2023-01-03;105366_2024-07-06;106298_2023-04-26;106793_2023-04-10;106793_2023-09-21;107448_2023-10-19;107448_2024-08-07;107448_2024-11-26;108795_2024-06-13;110260_2023-09-02;110260_2024-12-09;112377_2023-10-18;115937_2024-07-11;116320_2023-01-28;116320_2024-06-20;121500_2024-02-02;121500_2024-07-24;121555_2023-10-09;123129_2023-10-10;125463_2023-10-09;125463_2023-11-25;128843_2023-11-19;128843_2024-02-22;129071_2023-04-09;129071_2023-10-25;129071_2024-04-09;132256_2023-12-01;132256_2024-01-07;132256_2024-03-31;132967_2023-09-22;132967_2023-11-12;132967_2023-12-02;132967_2024-08-12;132967_2024-11-29;138414_2024-04-18;138414_2024-11-09;140211_2023-06-14;140211_2023-11-11;140211_2024-06-18;140649_2024-03-22;142975_2023-08-21;142975_2024-06-07;142975_2024-10-10;142975_2024-12-10;144492_2023-06-20;146624_2023-03-12;147049_2023-11-20;147147_2023-05-14;147147_2023-06-07;147147_2023-11-10;151683_2024-05-09;151740_2024-12-21;160431_2023-04-18;161573_2023-06-22;161573_2024-05-27;161573_2024-07-23;163329_2024-08-29;163595_2023-02-04;166084_2023-02-20;166084_2023-09-25;166084_2024-04-26;166084_2024-09-20;166206_2024-10-22;167494_2024-06-22;167494_2024-10-26;167494_2024-11-16;169310_2023-06-10;170013_2023-11-17;171530_2024-09-18;172262_2024-03-18;172510_2023-01-25;172510_2024-05-07;172510_2024-12-24;174968_2023-10-16;174968_2024-04-14,0.66051,0.49346,10.8086,0.9715,1.02616,0.9715,0.91151,0.0,0.49011,0.61751,0.67643,0.71827,0.74599,0.77023,0.79694,0.82342,0.84393,0.87235,0.89417,0.90898,0.92935,0.9417,0.97248,1.01019,1.03592,1.05631,1.08009,1.10697,1.11737,1.1974,1.21919,0.86236,0.91831,0.92077,0.94587,0.95431,0.95233,0.95325,0.96533,0.97144,0.95699,0.96066,0.96572,0.9796,0.96967,0.97622,0.9908,1.00565,0.99328,0.99657,0.98824,0.98125,0.93017,0.98805,0.97234,0.70353,0.0
100354_2024-12-28;102016_2024-03-27;102016_2024-10-15;104481_2024-01-19;106298_2023-02-04;106298_2023-06-14;106298_2024-03-13;106793_2023-04-10;106793_2023-09-21;107448_2023-02-24;107448_2023-08-23;107448_2024-12-04;108517_2023-05-01;108517_2023-07-12;108517_2024-05-30;108517_2024-07-13;108795_2023-12-14;108795_2024-05-15;110260_2023-09-02;112377_2023-10-18;115937_2024-09-22;116320_2023-04-19;116320_2024-11-01;118984_2024-12-11;120517_2024-10-01;121500_2024-01-25;123129_2023-03-09;123129_2024-02-01;125463_2023-10-09;125463_2023-11-30;125463_2024-03-27;127225_2023-05-30;127524_2024-03-16;127524_2024-06-25;128843_2023-11-19;128843_2024-02-22;128843_2024-05-16;132967_2023-11-03;132967_2023-12-02;133996_2023-03-03;133996_2023-10-02;133996_2024-11-02;136407_2023-09-30;138414_2023-10-18;138414_2024-11-09;140211_2023-03-17;140211_2023-06-14;140211_2024-02-16;140649_2023-12-03;140649_2024-06-14;142999_2023-05-01;146624_2023-08-08;147147_2024-08-31;151740_2023-03-12;151740_2024-04-21;152601_2024-08-27;160216_2023-03-29;160216_2024-03-06;160216_2024-08-22;160431_2023-04-18;161573_2023-04-21;164897_2023-01-29;164897_2023-03-26;167494_2024-06-22;168165_2024-06-24;169310_2023-06-02;169310_2023-06-10;169310_2023-08-02;169310_2024-07-08;170013_2023-02-25;170013_2023-10-01;170013_2023-11-17;171530_2023-03-22;171530_2024-05-02;171530_2024-09-18;172262_2023-02-12;172510_2023-01-25;172510_2023-11-29;172510_2024-12-21;174968_2023-10-16,0.6749,0.51003,10.80771,0.96355,1.02215,0.96355,0.91835,0.0,0.51012,0.65387,0.70511,0.73395,0.74568,0.76416,0.78037,0.79966,0.81763,0.84965,0.88388,0.90615,0.92092,0.93803,0.95899,0.99734,1.01847,1.0326,1.05907,1.10339,1.12353,1.20482,1.22766,0.88564,0.91944,0.93402,0.94551,0.95331,0.96328,0.95844,0.95992,0.96859,0.96254,0.94452,0.95108,0.97854,0.96148,0.96793,0.97708,1.00529,0.96995,0.9639,0.94784,0.98545,0.9454,0.97545,0.95822,0.82688,0.0
100354_2023-06-07;100354_2023-07-21;100354_2023-09-22;100354_2023-12-02;100707_2023-01-07;102016_2024-03-27;106298_2023-02-01;106298_2024-03-13;106793_2024-12-22;107448_2024-07-03;107448_2024-10-21;108517_2023-04-24;108517_2023-05-01;108517_2023-07-12;110260_2023-09-02;110260_2024-01-11;113377_2023-02-27;113377_2023-08-03;113377_2024-01-08;116320_2024-04-04;120517_2023-03-07;121500_2023-08-12;125463_2023-06-18;125463_2023-11-25;125463_2023-11-30;125463_2023-12-21;127225_2023-12-05;127524_2024-01-15;127524_2024-04-05;127524_2024-12-28;128843_2023-04-05;128843_2023-11-19;129071_2024-04-09;129071_2024-08-11;129071_2024-10-24;130253_2024-05-06;132967_2023-12-02;132967_2024-08-12;133165_2024-03-19;133996_2023-04-09;133996_2023-06-12;133996_2024-11-14;136407_2023-10-01;139410_2023-06-21;139410_2024-07-16;140211_2023-06-14;142975_2023-08-21;142975_2024-09-28;142999_2023-05-01;144492_2023-07-21;144492_2024-06-12;146624_2023-04-28;147049_2023-04-04;147147_2024-08-31;152601_2024-08-01;155209_2023-05-10;155209_2024-11-11;157904_2023-03-28;157904_2024-05-25;161573_2023-04-07;161573_2023-04-21;161573_2024-07-23;166084_2023-01-05;166084_2023-09-25;166084_2024-04-26;166084_2024-08-23;166206_2023-07-12;167494_2024-02-26;167494_2024-03-08;167494_2024-10-26;168165_2023-08-25;168165_2024-05-28;168165_2024-06-18;169310_2023-01-03;169310_2023-08-02;170013_2023-06-07;171530_2023-06-20;171530_2024-06-13;174968_2023-10-16;174968_2024-05-19,0.65481,0.49468,10.80959,0.963,1.01829,0.963,0.90115,0.0,0.48921,0.61596,0.67447,0.71857,0.74077,0.75898,0.7791,0.79794,0.81377,0.85795,0.8848,0.91118,0.9303,0.94236,0.9651,1.00196,1.02114,1.03695,1.06584,1.10646,1.11463,1.19026,1.21437,0.88265,0.93089,0.93238,0.9327,0.93385,0.95206,0.9471,0.9665,0.97376,0.94956,0.95475,0.95775,0.98482,0.96485,0.96791,0.97628,1.00081,1.01202,0.97504,0.94491,0.9926,0.94106,0.98238,0.90437,0.69166,0.0
100707_2024-04-14;100707_2024-06-02;102016_2023-07-18;105366_2023-09-05;106298_2023-08-01;106298_2023-11-11;106793_2024-09-15;107448_2024-10-09;107448_2024-11-26;108517_2023-08-02;108517_2024-05-30;108517_2024-07-13;108795_2023-07-29;108795_2024-05-15;108795_2024-11-23;110260_2023-01-06;110260_2024-01-11;113377_2024-06-26;115937_2023-03-01;115937_2024-05-17;116320_2023-08-02;120517_2023-04-01;121555_2024-03-31;125463_2023-06-28;127225_2023-08-28;127524_2023-02-12;127524_2023-08-27;127524_2023-11-09;128843_2023-04-13;129071_2023-02-19;132256_2024-01-07;132967_2023-12-02;132967_2023-12-31;132967_2024-07-16;133165_2024-02-02;133996_2023-03-03;136407_2023-10-01;139410_2023-06-21;139410_2023-07-18;140211_2023-04-23;140211_2024-02-16;142975_2023-01-19;142975_2023-08-21;142975_2023-10-18;142975_2024-06-07;142999_2023-06-08;142999_2024-06-11;144492_2023-07-21;144492_2023-12-08;147049_2024-01-27;147049_2024-11-03;147049_2024-12-20;151740_2023-08-22;151740_2023-10-14;152601_2023-01-18;152601_2024-08-01;155209_2023-05-10;160216_2024-03-06;160216_2024-08-22;160431_2023-09-29;160431_2024-10-28;161573_2023-04-07;161573_2023-06-22;163329_2023-11-20;163595_2024-05-08;164897_2023-09-05;164897_2024-07-09;166084_2023-02-20;166084_2023-09-19;166084_2024-08-23;166084_2024-09-20;166206_2024-09-27;167494_2023-08-27;168165_2024-05-28;168165_2024-06-18;170013_2023-06-07;171530_2023-06-06;172262_2023-02-12;172262_2024-02-24;172510_2024-01-06,0.66215,0.49304,10.80954,0.95386,1.01389,0.95386,0.8913,0.0,0.48558,0.61744,0.66626,0.70102,0.72406,0.74879,0.7696,0.78813,0.80786,0.85192,0.87478,0.89071,0.90691,0.91815,0.94476,0.98779,1.01375,1.02423,1.05045,1.09472,1.12321,1.20492,1.22541,0.87247,0.90276,0.90295,0.93234,0.9502,0.97587,0.96251,0.97495,0.98621,0.96921,0.95552,0.96695,1.00065,0.97066,0.98433,0.98577,1.00785,0.93775,0.9408,0.93162,0.95169,0.90912,0.93466,0.91828,0.72318,0.0
100354_2023-05-30;100354_2023-12-02;102016_2023-07-18;102016_2023-07-20;102016_2024-06-29;106298_2023-06-14;106298_2024-03-13;106793_2023-10-28;106793_2024-09-15;108517_2023-05-01;108517_2023-11-05;108517_2024-05-21;108795_2024-11-23;110260_2024-06-10;112377_2023-01-26;113377_2023-02-13;113377_2023-02-27;113377_2024-08-24;118984_2023-08-29;121500_2023-03-22;121555_2023-02-20;123129_2023-07-13;127225_2023-08-28;127524_2023-08-27;127524_2024-01-15;128843_2023-11-19;128843_2024-05-16;129071_2023-03-16;129071_2023-04-09;129071_2024-08-11;129071_2024-10-24;130253_2024-03-23;132256_2024-11-19;132967_2023-12-31;132967_2024-02-20;132967_2024-11-28;133165_2024-11-27;133996_2023-03-03;133996_2023-04-02;136407_2023-03-14;136407_2023-04-23;136407_2024-09-22;138414_2023-01-16;138414_2024-11-09;139410_2023-06-21;140211_2023-06-14;142999_2023-06-08;147049_2024-12-20;147147_2023-05-14;147147_2023-11-10;151683_2023-10-20;151740_2023-01-09;151740_2023-08-22;151740_2023-10-14;152601_2024-03-10;152601_2024-11-18;155209_2024-11-11;157904_2024-01-01;157904_2024-02-10;157904_2024-12-15;160216_2023-10-14;160216_2024-08-17;160216_2024-08-22;161573_2024-02-04;161573_2024-05-27;163817_2024-01-21;166084_2023-01-05;166084_2023-09-19;166084_2024-01-13;166084_2024-09-20;166206_2023-07-12;168165_2024-06-18;171530_2023-06-06;172262_2024-05-27;172262_2024-11-20;172510_2024-11-01;174968_2023-08-16;174968_2023-10-16;174968_2023-10-28;174968_2024-04-14,0.64977,0.50601,10.82094,0.94683,1.00615,0.94683,0.89292,0.0,0.49923,0.62827,0.6843,0.72231,0.74437,0.76554,0.78336,0.79539,0.80488,0.82997,0.85038,0.86797,0.88714,0.91013,0.94614,0.98947,1.01243,1.02162,1.03061,1.06549,1.10554,1.20188,1.2239,0.83976,0.87759,0.8804,0.90589,0.92819,0.92432,0.92147,0.95166,0.95703,0.93322,0.92786,0.96313,0.96799,0.95416,0.9539,0.96547,1.03614,0.93388,0.95799,0.95205,0.9553,0.86407,0.93815,0.91187,0.73074,0.0
100354_2023-07-21;100354_2024-06-25;100707_2023-07-04;100707_2023-07-28;100707_2024-06-02;100707_2024-12-18;102016_2024-10-15;104481_2023-09-01;104481_2023-11-01;104481_2024-07-30;105366_2023-09-16;106298_2023-04-26;107448_2023-11-16;107448_2024-07-03;108517_2023-11-05;108795_2024-05-15;112377_2023-01-26;112377_2024-01-18;112377_2024-05-22;116320_2023-01-28;116320_2024-04-04;116320_2024-05-09;116320_2024-06-12;116320_2024-12-29;118984_2024-12-11;121500_2023-10-23;123129_2023-08-08;123129_2024-08-26;125463_2023-06-18;125463_2023-11-30;127225_2024-07-07;127225_2024-11-10;128843_2023-11-19;129071_2023-04-09;129071_2024-01-30;132256_2024-03-31;132967_2023-02-02;132967_2023-02-03;132967_2023-11-12;132967_2024-02-20;133165_2024-08-21;136407_2023-09-30;138414_2023-11-03;139410_2023-06-21;140211_2023-11-11;142975_2023-04-09;142975_2023-11-02;142975_2024-09-28;144492_2023-06-20;146624_2024-05-28;147049_2024-08-15;151683_2023-03-15;151683_2024-09-19;152601_2023-02-14;152601_2024-03-10;152601_2024-08-01;157904_2024-12-15;160216_2023-01-17;160216_2024-03-06;160216_2024-09-21;160431_2024-05-11;160431_2024-10-28;161573_2023-02-25;161573_2023-06-22;163329_2023-11-20;163595_2023-02-04;163817_2024-04-11;164897_2023-01-29;164897_2023-07-03;164897_2023-12-12;164897_2024-03-01;164897_2024-11-16;165786_2023-09-07;166084_2023-01-03;167494_2024-01-08;169310_2024-07-01;170013_2023-10-01;171530_2024-05-02;171530_2024-09-18;174968_2023-03-21,0.63439,0.50469,10.81012,0.97387,1.02802,0.97387,0.91531,0.0,0.51095,0.62612,0.67625,0.71086,0.72722,0.74231,0.76063,0.78406,0.80232,0.84899,0.87744,0.90047,0.92914,0.95649,0.98863,1.02912,1.04833,1.06742,1.08978,1.11203,1.11556,1.19487,1.21785,0.8799,0.93986,0.94248,0.94218,0.9444,0.94565,0.94329,0.95019,0.95644,0.94426,0.94722,0.95261,0.96181,0.95925,0.96602,0.9737,1.00352,1.01458,1.0142,1.02458,1.0135,0.91534,0.96638,0.96366,0.69792,0.0
100354_2023-08-02;100354_2023-09-22;100354_2024-04-27;104481_2023-09-01;104481_2024-10-02;105366_2024-07-06;106298_2023-02-01;106298_2023-04-26;107448_2023-02-24;108517_2024-05-27;108517_2024-07-01;110260_2024-01-11;112377_2024-01-18;113377_2023-08-10;115937_2024-07-11;116320_2023-08-02;118984_2023-04-25;118984_2024-12-11;120517_2024-07-01;121500_2023-05-20;121500_2023-08-12;121555_2024-08-19;123129_2024-08-26;125463_2023-09-25;125463_2023-11-25;125463_2023-11-30;127225_2023-05-09;127225_2023-08-28;127524_2024-06-25;127524_2024-07-02;128843_2023-11-19;129071_2024-08-11;130253_2023-05-03;130253_2024-05-17;132967_2023-02-02;132967_2023-02-03;133165_2023-08-22;133996_2024-11-02;140649_2023-11-22;142975_2023-11-02;142999_2023-06-29;146624_2023-03-12;146624_2023-08-26;146624_2024-05-25;147049_2023-08-22;147147_2023-11-10;151683_2023-10-20;151740_2023-03-12;152601_2024-03-10;152601_2024-12-21;157904_2024-01-23;160216_2024-02-23;160216_2024-09-21;160431_2023-03-27;161573_2023-10-14;161573_2024-08-06;163329_2023-03-29;163329_2024-09-01;163595_2023-08-18;163817_2024-01-21;163817_2024-02-14;163817_2024-05-09;164897_2023-01-29;164897_2024-07-09;165786_2023-10-16;165786_2024-06-04;166084_2023-09-19;166084_2024-04-26;166084_2024-10-08;167494_2024-01-23;167494_2024-11-16;169310_2023-12-13;169310_2024-07-08;170013_2024-11-12;171530_2024-06-13;172262_2023-02-12;172262_2023-06-20;172510_2023-01-25;172510_2024-01-06;174968_2023-10-16,0.73502,0.53822,10.81743,0.96991,1.02493,0.96991,0.93745,0.0,0.54254,0.69488,0.75894,0.78266,0.79427,0.80052,0.82084,0.83621,0.83722,0.84977,0.87457,0.89454,0.9139,0.93766,0.96492,1.0077,1.02693,1.04168,1.06079,1.09692,1.11387,1.20202,1.22303,0.85779,0.90831,0.91457,0.92191,0.92605,0.9309,0.92871,0.93831,0.94692,0.92763,0.93139,0.93793,0.97028,0.95168,0.95327,0.97099,1.02026,0.96233,0.96815,0.96272,0.9882,0.94597,1.01669,0.97866,0.88904,0.0
100354_2023-09-22;100707_2024-06-02;102016_2023-07-20;104481_2024-01-19;105366_2024-07-06;106298_2023-02-04;106298_2023-02-25;107448_2023-11-02;107448_2024-11-26;108517_2023-07-12;108795_2024-06-13;112377_2023-10-18;113377_2023-08-10;115937_2024-07-11;115937_2024-09-25;116320_2024-04-04;116320_2024-12-14;118984_2023-08-29;120517_2024-08-07;121500_2024-12-01;123129_2024-07-05;123129_2024-08-11;125463_2023-10-15;127225_2024-09-15;127524_2024-01-15;127524_2024-03-16;127524_2024-10-18;127524_2024-10-26;129071_2023-05-02;129071_2024-08-11;130253_2023-02-09;130253_2024-03-23;130253_2024-05-06;132256_2024-11-19;132967_2023-02-03;133996_2023-04-09;136407_2023-09-30;138414_2024-02-24;139410_2023-06-21;140649_2023-01-20;140649_2023-12-03;142975_2024-10-10;146624_2023-08-26;147049_2023-11-20;151683_2023-10-20;151683_2024-05-25;151740_2023-01-09;152601_2024-08-27;155209_2023-01-10;160431_2023-03-01;161573_2023-10-14;161573_2024-07-29;163595_2023-11-21;163817_2024-02-14;164897_2023-09-05;164897_2024-03-01;165786_2024-04-08;165786_2024-09-04;166084_2023-01-05;166084_2024-04-26;167494_2023-08-27;167494_2024-01-23;167494_2024-03-08;169310_2023-06-10;169310_2024-07-08;169310_2024-10-03;169310_2024-10-05;170013_2023-02-25;170013_2023-11-17;170013_2024-06-23;171530_2023-03-22;171530_2023-06-06;172262_2023-06-20;172510_2023-11-29;172510_2024-05-21;172510_2024-11-01;172510_2024-12-21;174968_2023-03-21;174968_2023-10-16;174968_2023-10-28,0.67143,0.49221,10.81312,0.96851,1.03286,0.96851,0.91559,0.0,0.49046,0.62696,0.68865,0.73371,0.75422,0.7676,0.78356,0.79533,0.80607,0.83178,0.85755,0.88099,0.90453,0.92486,0.95982,1.01214,1.03466,1.04359,1.06384,1.10142,1.14499,1.24215,1.27135,0.85354,0.91417,0.89698,0.90184,0.92459,0.94773,0.94516,0.94242,0.95445,0.93694,0.94027,0.95627,0.98998,0.97335,0.98674,0.9945,1.07262,0.97136,0.98155,0.95133,0.94813,0.94375,0.9883,0.9521,0.77451,0.0
100354_2023-07-21;100354_2023-08-19;100354_2024-04-27;100354_2024-06-25;100354_2024-12-28;102016_2024-11-04;104481_2024-05-05;106298_2024-08-18;106793_2023-03-14;106793_2024-06-13;106793_2024-09-15;107448_2023-02-24;107448_2023-11-02;112377_2023-10-18;113377_2024-06-13;113377_2024-08-13;113377_2024-08-17;116320_2023-08-20;118984_2023-08-29;120517_2024-08-08;121500_2024-09-09;121500_2024-12-01;123129_2024-08-26;125463_2023-06-18;125463_2023-06-28;125463_2023-11-25;127225_2024-06-02;127225_2024-07-07;127524_2024-03-16;127524_2024-04-05;127524_2024-06-25;128843_2023-11-19;130253_2024-05-14;130253_2024-08-31;132256_2024-01-07;132967_2023-02-02;132967_2023-02-03;132967_2023-09-22;132967_2024-04-06;132967_2024-08-07;133996_2023-04-20;133996_2023-10-02;136407_2023-10-01;136407_2023-10-16;136407_2023-12-20;138414_2023-10-18;138414_2023-11-03;142975_2023-11-02;142975_2024-12-10;146624_2024-05-25;146624_2024-05-28;151683_2023-10-20;151740_2023-10-14;152601_2023-10-21;155209_2023-01-16;155209_2024-11-11;157904_2023-11-11;160216_2023-04-09;160216_2024-06-28;161573_2023-04-21;161573_2023-06-22;163817_2023-10-03;163817_2024-04-11;164897_2024-03-01;164897_2024-07-09;165786_2023-02-16;165786_2023-09-07;166084_2024-01-13;167494_2023-07-05;167494_2023-11-16;167494_2024-01-08;168165_2024-01-17;168165_2024-06-18;170013_2024-11-10;170013_2024-11-12;171530_2023-06-20;171530_2024-09-18;172262_2023-06-20;172510_2024-01-06;174968_2023-10-16,0.62598,0.50868,10.81124,0.9565,1.01393,0.9565,0.89484,0.0,0.49951,0.62291,0.66498,0.70131,0.72549,0.74807,0.76264,0.77804,0.78924,0.81869,0.84652,0.87355,0.90628,0.92681,0.95921,1.00642,1.02679,1.0424,1.06642,1.09981,1.11511,1.19225,1.21054,0.86429,0.90913,0.91142,0.92795,0.9348,0.93503,0.93476,0.93591,0.94922,0.95105,0.93871,0.95185,0.97344,0.95075,0.97316,0.98011,1.0049,0.97339,0.97941,0.97272,0.97713,0.87622,0.93446,0.91896,0.64552,0.0
100354_2024-06-25;100707_2024-07-11;100707_2024-12-18;102016_2023-07-20;102016_2024-10-15;106793_2024-06-14;107448_2024-08-07;108517_2023-07-12;108517_2023-11-05;108517_2024-05-21;108517_2024-05-30;108795_2024-06-13;110260_2024-12-09;115937_2024-09-25;116320_2024-12-14;118984_2023-04-25;120517_2024-08-08;121500_2024-01-25;121555_2023-02-14;121555_2024-08-25;123129_2024-06-13;125463_2023-06-17;125463_2024-03-27;127225_2023-05-30;127225_2024-11-10;128843_2024-05-16;129071_2023-05-02;130253_2024-05-06;132256_2023-12-01;132967_2024-11-28;133165_2024-10-17;133996_2023-06-12;133996_2024-11-14;136407_2023-10-01;138414_2023-10-18;138414_2023-11-03;138414_2024-11-09;140211_2023-06-14;140211_2023-11-11;140649_2023-04-24;142999_2024-06-11;144492_2023-12-08;146624_2023-03-10;146624_2024-05-28;147049_2024-08-15;147049_2024-12-20;147147_2023-04-24;151740_2023-01-09;151740_2024-04-21;157904_2023-02-24;157904_2023-03-28;157904_2023-11-11;160216_2024-06-07;160216_2024-08-17;160216_2024-08-22;160431_2024-07-01;161573_2024-08-23;163329_2023-06-28;163329_2023-11-20;163595_2024-09-22;163817_2024-01-26;163817_2024-05-09;164897_2023-09-05;166084_2024-01-13;167494_2024-01-08;167494_2024-01-23;167494_2024-06-22;168165_2023-02-15;168165_2023-08-25;169310_2023-08-02;170013_2023-10-01;170013_2024-06-23;170013_2024-11-10;170013_2024-11-12;171530_2023-05-31;171530_2023-06-06;171530_2024-05-02;172262_2024-02-24;172510_2024-01-06;172510_2024-12-21,0.65728,0.50362,10.81183,0.96797,1.03003,0.96797,0.91358,0.0,0.50029,0.63013,0.67711,0.72185,0.74763,0.76488,0.77972,0.79007,0.80344,0.84355,0.87312,0.89014,0.91085,0.92716,0.95525,1.0088,1.0294,1.04615,1.07322,1.10485,1.13929,1.23481,1.25867,0.83918,0.90236,0.89177,0.90338,0.92105,0.91956,0.94193,0.95063,0.95673,0.95059,0.96408,0.96089,0.98136,0.96297,0.97023,0.98234,1.04723,1.0032,0.96863,0.97232,0.94403,0.92191,0.98475,1.00492,0.73057,0.0
100354_2023-09-22;100354_2024-04-27;100354_2024-06-25;100707_2023-09-06;102016_2024-03-08;102016_2024-11-04;104481_2023-08-15;104481_2024-01-19;106298_2023-02-01;106298_2023-02-04;106298_2023-02-25;106298_2023-05-06;106298_2024-03-13;106298_2024-08-12;106298_2024-11-17;106793_2023-03-14;107448_2023-02-24;107448_2023-11-02;108517_2023-07-12;108517_2024-07-01;108795_2024-04-26;108795_2024-05-15;110260_2024-06-10;112377_2024-05-22;113377_2024-08-17;116320_2023-08-02;123129_2023-03-09;123129_2024-08-11;125463_2023-12-21;127225_2023-05-02;127524_2023-11-09;128843_2024-05-06;129071_2024-10-24;130253_2023-07-26;132256_2023-12-01;132967_2023-12-02;132967_2024-07-16;132967_2024-08-07;133165_2023-08-22;136407_2023-04-23;136407_2023-09-24;138414_2024-02-24;138414_2024-11-09;140211_2023-04-23;140211_2023-11-11;142999_2023-06-29;146624_2023-08-08;147049_2023-11-20;147049_2024-12-20;147147_2023-10-10;151683_2023-10-20;151740_2024-04-21;152601_2023-10-21;152601_2024-11-18;155209_2023-04-23;155209_2023-05-10;155209_2024-11-11;157904_2024-01-01;157904_2024-01-23;160216_2023-10-14;160216_2024-03-06;160431_2023-03-27;163595_2023-11-21;163817_2024-06-23;164897_2023-08-13;164897_2023-09-05;164897_2023-12-12;165786_2023-09-07;165786_2023-10-16;166084_2023-08-04;169310_2023-06-10;169310_2023-08-08;169310_2023-12-13;170013_2024-11-10;171530_2023-03-22;172262_2023-02-12;172262_2024-11-20;172510_2023-03-10;172510_2024-12-24;174968_2024-05-19,0.69868,0.50554,10.81433,0.96598,1.02251,0.96598,0.91041,0.0,0.50375,0.63161,0.68221,0.71398,0.73745,0.75542,0.77264,0.7889,0.79991,0.83518,0.86658,0.89593,0.92628,0.94575,0.97332,1.01892,1.03535,1.04814,1.07161,1.10371,1.11393,1.19197,1.21861,0.9031,0.94777,0.9516,0.95153,0.95104,0.963,0.95595,0.96633,0.96726,0.94355,0.94629,0.94761,0.97767,0.95621,0.96363,0.97156,1.00031,0.98188,0.98308,0.97297,0.99719,0.91963,0.95187,0.92556,0.71077,0.0
100354_2023-06-07;100354_2023-08-19;100354_2023-09-22;100707_2023-01-07;100707_2023-07-04;102016_2023-07-20;104481_2024-01-19;106298_2024-03-13;106793_2024-06-13;107448_2023-08-23;107448_2024-12-04;108517_2024-05-21;108795_2024-04-26;108795_2024-05-15;112377_2024-01-18;112377_2024-05-22;113377_2023-02-27;113377_2023-08-10;113377_2024-08-13;115937_2024-10-13;121500_2023-05-20;121500_2024-02-02;121555_2023-02-20;121555_2023-10-09;121555_2024-03-09;121555_2024-08-25;123129_2023-07-13;123129_2024-08-26;125463_2023-06-18;125463_2023-11-25;125463_2023-11-30;125463_2024-07-05;127225_2024-06-27;127225_2024-11-10;127524_2023-02-12;127524_2024-01-15;127524_2024-10-26;127524_2024-12-28;128843_2023-04-05;128843_2023-11-19;129071_2023-05-02;130253_2024-09-21;132256_2024-03-31;132967_2023-12-31;133165_2023-08-22;133165_2024-08-16;133996_2023-04-20;133996_2023-10-02;139410_2023-07-18;140211_2023-04-23;140649_2023-02-05;142975_2023-04-09;142975_2023-11-02;142999_2024-03-13;146624_2024-05-25;147049_2023-08-22;147147_2024-08-31;151683_2023-10-20;152601_2023-10-21;152601_2024-11-18;155209_2023-05-10;155209_2024-07-16;157904_2024-05-25;160431_2023-09-29;161573_2023-09-11;163329_2023-03-29;163329_2024-08-29;163595_2024-05-08;163817_2023-03-14;166206_2023-01-05;167494_2024-01-08;168165_2024-06-18;169310_2023-06-02;169310_2023-06-10;172262_2024-02-12;172262_2024-09-18;172510_2024-02-12;172510_2024-05-21;174968_2023-10-16;174968_2023-10-28,0.67319,0.50954,10.8112,0.95873,1.0183,0.95873,0.90267,0.0,0.48643,0.62459,0.66974,0.70972,0.73432,0.7537,0.77012,0.78554,0.79924,0.82526,0.85114,0.8701,0.89131,0.91812,0.94964,1.0002,1.03161,1.04566,1.07498,1.10601,1.12144,1.20484,1.22349,0.84981,0.90196,0.90626,0.91312,0.93091,0.93733,0.93562,0.94631,0.95244,0.93644,0.93399,0.94784,0.97569,0.95583,0.96973,0.97571,1.0146,0.97815,0.97605,0.96871,0.94535,0.9092,0.97376,0.95356,0.75795,0.0
102016_2024-03-08;102016_2024-11-04;104481_2024-07-30;106298_2023-05-06;106298_2023-08-01;106298_2024-08-18;106793_2023-06-04;106793_2023-06-09;107448_2023-08-23;107448_2023-11-16;108517_2024-05-21;108517_2024-05-27;110260_2023-06-23;110260_2023-12-25;112377_2023-10-18;112377_2024-01-18;113377_2024-06-26;113377_2024-09-29;115937_2024-05-17;115937_2024-09-22;116320_2024-05-09;120517_2024-11-08;121500_2023-10-23;121555_2024-03-09;121555_2024-08-19;123129_2023-03-14;123129_2023-10-10;123129_2024-02-01;125463_2023-06-28;125463_2023-09-25;127225_2023-08-28;127524_2024-01-23;128843_2023-11-19;129071_2023-02-19;129071_2023-03-16;129071_2024-07-19;130253_2023-07-26;130253_2024-03-23;130253_2024-05-14;132256_2024-12-13;132967_2023-11-12;132967_2024-04-06;133165_2024-02-02;133996_2024-08-30;136407_2023-04-22;136407_2023-09-30;140211_2023-03-09;140211_2023-04-23;140211_2023-06-14;140211_2024-06-18;140649_2023-11-22;140649_2024-06-14;142975_2023-11-02;142975_2024-09-28;142975_2024-12-10;144492_2023-12-08;146624_2023-03-10;146624_2024-05-28;147049_2024-04-17;151683_2024-05-25;155209_2024-07-16;157904_2024-02-10;160216_2024-02-23;160216_2024-03-06;160216_2024-06-07;160216_2024-06-28;163817_2023-02-09;163817_2023-03-14;163817_2024-06-23;163817_2024-11-27;165786_2023-09-07;167494_2023-08-27;167494_2024-03-08;167494_2024-10-26;170013_2023-10-01;172262_2023-02-12;172262_2023-07-08;172510_2024-01-21;172510_2024-11-01;174968_2023-02-25,0.6712,0.4966,10.81869,0.95649,1.01385,0.95649,0.90412,0.0,0.49303,0.64064,0.70903,0.73492,0.75887,0.76926,0.78866,0.81578,0.81528,0.84392,0.87879,0.89232,0.90612,0.91954,0.95095,0.99479,1.01346,1.02683,1.05429,1.08795,1.10702,1.19292,1.22294,0.84319,0.90453,0.90621,0.92444,0.93047,0.94014,0.93238,0.94096,0.9543,0.93536,0.93798,0.95077,0.97207,0.96579,0.95977,0.97314,1.02309,0.94999,0.95526,0.94295,0.97439,0.93048,0.96236,0.94715,0.73448,0.0
100354_2023-09-22;100707_2023-07-20;102016_2023-07-18;102016_2023-07-20;104481_2023-11-01;106793_2023-09-21;106793_2024-12-22;107448_2024-08-07;108517_2023-07-12;108517_2023-08-02;108517_2024-05-21;108517_2024-05-27;108795_2023-07-29;110260_2023-12-25;110260_2024-02-01;112377_2024-10-02;113377_2023-02-13;113377_2024-01-08;115937_2024-09-22;115937_2024-09-25;116320_2023-08-02;116320_2024-06-12;118984_2023-04-25;118984_2024-06-15;120517_2024-08-08;120517_2024-11-08;125463_2023-06-18;125463_2023-11-25;127225_2023-05-09;127225_2023-05-30;127225_2023-08-28;127225_2024-06-02;127225_2024-09-15;128843_2023-11-19;128843_2024-05-16;129071_2023-03-16;132256_2024-11-19;132967_2023-02-03;132967_2023-11-12;133165_2024-08-16;133165_2024-08-21;138414_2023-11-03;139410_2023-07-18;139410_2024-07-16;140211_2023-03-09;144492_2023-05-06;144492_2023-06-20;144492_2023-09-22;144492_2024-06-12;147049_2024-04-11;147147_2023-06-07;147147_2023-11-02;147147_2024-01-18;151683_2023-10-20;151740_2023-01-09;152601_2024-11-18;155209_2024-11-11;157904_2023-03-31;160216_2024-06-07;160431_2024-05-28;160431_2024-10-28;161573_2024-11-23;163329_2024-08-29;163595_2023-02-25;163817_2024-04-11;163817_2024-11-27;164897_2023-01-28;164897_2023-09-05;164897_2024-07-09;165786_2024-11-22;166084_2023-08-10;166084_2024-08-23;168165_2023-02-15;168165_2023-08-25;171530_2024-05-02;171530_2024-09-18;172262_2024-02-24;172262_2024-09-18;172510_2024-05-21;174968_2023-02-25,0.61684,0.48567,10.81548,0.98666,1.04535,0.98666,0.92585,0.0,0.48276,0.62275,0.68076,0.72766,0.7492,0.76497,0.78694,0.80341,0.81332,0.85329,0.88209,0.9067,0.93122,0.95013,0.98922,1.03412,1.058,1.08341,1.10839,1.14288,1.14101,1.22782,1.25948,0.86161,0.92582,0.92857,0.92793,0.92869,0.92882,0.93081,0.99307,0.99733,0.93584,0.93916,0.94676,1.01814,0.96111,0.97231,0.98322,1.0191,1.04699,1.05763,1.06242,0.97613,0.9136,1.0529,1.00938,0.67665,0.0
100354_2024-06-25;100707_2023-01-01;100707_2023-01-07;100707_2023-07-04;100707_2023-09-06;102016_2024-11-04;104481_2023-08-15;106793_2023-06-09;108517_2023-11-05;108517_2024-07-13;110260_2024-06-10;113377_2024-06-26;116320_2023-03-16;116320_2024-12-29;121500_2023-05-20;121500_2024-02-24;121500_2024-12-01;121555_2023-02-14;121555_2023-10-09;123129_2023-07-13;123129_2024-08-26;125463_2023-06-28;125463_2024-01-22;127225_2023-12-05;127225_2024-07-07;127524_2023-07-08;127524_2023-08-27;127524_2024-06-25;127524_2024-10-18;127524_2024-10-26;128843_2023-04-02;128843_2023-04-05;128843_2024-05-06;129071_2023-02-19;129071_2024-08-11;130253_2024-05-14;132967_2023-02-02;132967_2023-02-03;133165_2024-08-03;133165_2024-08-16;133996_2023-04-02;133996_2023-06-12;136407_2023-05-07;136407_2024-08-01;138414_2024-11-09;139410_2023-07-18;140649_2023-02-05;140649_2023-12-03;142999_2024-03-13;142999_2024-06-11;146624_2023-08-26;146624_2024-05-28;147049_2024-08-15;147147_2023-10-10;147147_2023-11-10;151683_2024-05-09;151740_2023-01-09;152601_2024-11-18;160216_2023-01-17;160216_2023-03-29;160216_2024-03-08;160216_2024-06-28;160216_2024-08-22;160431_2023-03-27;160431_2023-04-18;160431_2024-05-11;161573_2023-09-11;161573_2023-12-20;163329_2024-09-01;163817_2024-01-21;164897_2023-09-05;164897_2023-12-12;165786_2023-09-07;166084_2024-09-20;166084_2024-09-23;167494_2024-12-11;169310_2023-06-02;171530_2023-05-31;172262_2024-02-24;174968_2023-11-13,0.69752,0.49414,10.81474,0.96056,1.02744,0.96056,0.90602,0.0,0.52405,0.64803,0.70238,0.73635,0.75291,0.76483,0.78231,0.79485,0.79749,0.82947,0.85646,0.86327,0.88788,0.9048,0.93821,0.99351,1.01631,1.02862,1.04978,1.10549,1.15132,1.24545,1.26076,0.87248,0.9069,0.8964,0.89575,0.93962,0.95355,0.95077,0.96023,0.96768,0.94073,0.94642,0.97109,0.99423,0.97777,0.9862,0.9995,1.06074,0.94042,0.92745,0.90649,0.93847,0.87873,0.96054,0.90453,0.77976,0.0
100354_2023-07-21;100354_2024-06-25;100707_2023-01-01;100707_2024-04-14;105366_2024-07-06;106298_2023-02-25;106298_2023-04-26;106298_2024-11-17;106793_2023-09-21;107448_2024-05-30;113377_2024-08-13;115937_2024-05-17;116320_2024-04-04;116320_2024-06-12;116320_2024-11-29;116320_2024-12-29;121500_2023-10-10;121500_2023-10-23;121500_2024-02-24;121500_2024-07-24;121555_2023-02-14;125463_2023-06-28;125463_2023-09-25;127225_2023-12-05;127524_2024-01-23;127524_2024-09-05;127524_2024-10-26;128843_2023-03-22;128843_2024-02-22;128843_2024-06-27;129071_2024-12-19;130253_2024-05-06;130253_2024-05-14;130253_2024-08-31;132967_2023-11-03;132967_2024-04-06;132967_2024-07-16;133165_2024-08-21;133996_2023-04-20;136407_2024-08-01;138414_2023-11-03;138414_2024-02-24;139410_2023-07-18;140211_2023-03-17;140211_2024-06-18;140649_2023-04-24;140649_2024-06-14;142975_2024-10-10;142999_2023-05-01;142999_2024-06-11;144492_2023-05-06;144492_2023-07-21;146624_2023-03-20;146624_2023-08-26;147049_2024-11-03;147147_2023-05-14;147147_2024-08-31;151740_2023-10-14;151740_2024-07-24;152601_2023-10-21;155209_2023-07-18;160216_2024-06-07;161573_2024-05-27;161573_2024-08-06;163329_2024-09-01;163595_2024-02-27;163817_2024-05-09;163817_2024-11-27;167494_2024-01-08;167494_2024-12-11;168165_2023-02-15;168165_2024-01-17;169310_2023-01-03;169310_2023-06-02;169310_2023-06-10;171530_2024-09-18;172262_2023-02-12;172262_2024-02-12;172510_2024-11-01;174968_2023-03-21,0.66693,0.5291,10.82363,0.97662,1.03179,0.97662,0.93164,0.0,0.51682,0.64768,0.69398,0.73476,0.75209,0.77012,0.78976,0.79848,0.80271,0.83734,0.86631,0.8861,0.91989,0.94102,0.97687,1.03341,1.05635,1.07496,1.09806,1.1171,1.11836,1.20529,1.22447,0.85534,0.9075,0.90682,0.91013,0.91493,0.92672,0.91678,0.92141,0.93462,0.92234,0.92631,0.94273,0.95645,0.94912,0.97255,0.97149,1.01991,1.01443,1.02829,1.03151,0.99628,0.95386,1.01417,1.00431,0.81968,0.0
100354_2023-12-02;100354_2024-04-27;100354_2024-06-25;100707_2024-04-14;100707_2024-12-03;102016_2024-04-10;105366_2024-07-06;106298_2024-03-13;107448_2023-10-19;107448_2024-10-09;107448_2024-12-04;108517_2023-08-02;113377_2023-08-10;113377_2024-08-13;115937_2024-09-25;115937_2024-10-13;116320_2024-04-04;116320_2024-11-29;121500_2023-03-22;121500_2024-01-25;121500_2024-02-24;121555_2024-03-09;123129_2023-07-13;123129_2024-08-11;123129_2024-08-26;127225_2024-07-07;127524_2024-12-28;128843_2024-05-16;129071_2023-03-16;129071_2024-10-24;132256_2024-11-19;132967_2024-04-06;132967_2024-11-28;133165_2024-10-17;133996_2023-03-03;133996_2023-04-20;133996_2023-06-12;133996_2024-11-02;136407_2023-09-30;136407_2023-12-20;139410_2023-03-21;140211_2023-03-09;140211_2023-03-17;140649_2023-04-24;142975_2023-08-21;142975_2024-06-07;142975_2024-09-28;142999_2024-03-13;144492_2023-12-08;146624_2023-03-12;146624_2023-08-08;146624_2023-08-26;146624_2024-05-25;147049_2023-08-22;147147_2024-01-18;151740_2024-07-24;155209_2024-11-15;157904_2024-01-23;160216_2024-06-28;161573_2023-02-25;161573_2024-08-23;161573_2024-11-23;163329_2023-03-29;163595_2023-02-25;163595_2023-08-18;163817_2023-10-03;163817_2024-11-27;164897_2024-08-06;165786_2023-10-08;166206_2024-09-27;167494_2024-06-22;168165_2023-02-15;169310_2023-08-02;169310_2023-10-10;169310_2024-07-01;170013_2023-11-17;170013_2024-06-23;171530_2024-03-17;172510_2024-01-21;172510_2024-05-21,0.65212,0.48949,10.80622,0.95877,1.02231,0.95877,0.8944,0.0,0.48177,0.61451,0.6683,0.71554,0.73821,0.75806,0.77198,0.78357,0.7955,0.83383,0.85563,0.88119,0.90294,0.91698,0.94371,0.99261,1.01556,1.03448,1.06676,1.11294,1.13674,1.22375,1.24166,0.86498,0.90883,0.91179,0.91105,0.92338,0.95597,0.95395,0.95009,0.96729,0.94446,0.93859,0.95824,0.98724,0.96074,0.9793,0.98731,1.02654,1.01564,0.97229,0.947,0.96494,0.9437,0.97708,0.92422,0.69253,0.0
100354_2023-07-21;100354_2024-06-25;100707_2023-07-04;102016_2023-07-18;102016_2024-10-15;104481_2023-08-15;104481_2023-11-01;106298_2023-02-25;106298_2023-04-26;106298_2023-06-14;106298_2024-03-13;106793_2023-06-09;106793_2024-12-22;107448_2024-08-07;108795_2024-11-23;113377_2023-08-03;113377_2024-01-08;113377_2024-08-17;115937_2024-10-13;116320_2023-01-28;116320_2024-11-29;116320_2024-12-29;121500_2023-10-23;121500_2024-07-24;121500_2024-12-01;121555_2023-10-09;121555_2024-03-09;127225_2024-06-02;127524_2024-10-26;128843_2024-06-27;129071_2024-01-30;129071_2024-07-19;132967_2023-02-02;132967_2023-11-12;132967_2023-12-31;132967_2024-04-06;138414_2023-01-16;140649_2023-04-24;142975_2023-04-09;142975_2024-12-10;142999_2024-03-13;144492_2023-07-28;144492_2024-06-12;146624_2023-03-12;146624_2023-08-08;146624_2023-08-26;147049_2023-11-20;147147_2023-05-14;147147_2023-11-02;151683_2023-03-15;151683_2024-09-19;151740_2024-04-21;152601_2023-02-14;152601_2023-10-21;155209_2023-01-16;155209_2024-11-11;160431_2024-05-11;161573_2023-04-07;161573_2023-06-22;161573_2023-10-14;161573_2024-07-29;163595_2024-05-08;163817_2024-11-27;164897_2024-03-01;164897_2024-07-09;166084_2024-01-13;166206_2023-01-05;166206_2023-07-12;166206_2024-09-14;166206_2024-10-22;167494_2024-10-26;169310_2023-08-02;169310_2024-03-17;170013_2023-11-17;171530_2024-09-18;172262_2024-09-18;172262_2024-11-20;172510_2024-01-06;172510_2024-05-21;172510_2024-12-24,0.63336,0.48376,10.80906,0.96117,1.01865,0.96117,0.89951,0.0,0.48918,0.6213,0.67529,0.71097,0.73164,0.75153,0.77039,0.78764,0.80803,0.85422,0.87984,0.89314,0.91136,0.92766,0.95434,1.00206,1.02955,1.04573,1.0683,1.10426,1.11782,1.19747,1.21817,0.86192,0.91019,0.9231,0.93511,0.94102,0.94153,0.94782,0.95963,0.96654,0.94637,0.95083,0.96406,0.9831,0.95755,0.97382,0.97485,1.00897,0.98042,0.98035,0.96967,0.98323,0.9002,0.94221,0.94664,0.71625,0.0
100354_2023-05-30;100354_2023-06-07;100707_2023-01-01;100707_2024-04-14;100707_2024-06-02;105366_2023-09-05;106298_2023-08-01;106298_2024-08-18;107448_2023-11-16;107448_2024-07-03;107448_2024-12-04;108517_2023-12-09;108517_2024-07-13;108795_2024-05-15;110260_2024-01-11;112377_2023-10-18;116320_2023-11-03;116320_2024-06-20;116320_2024-11-29;120517_2023-11-28;121555_2024-08-19;123129_2023-10-10;125463_2023-06-17;125463_2023-12-21;127225_2023-03-14;127524_2023-02-12;127524_2024-06-25;127524_2024-10-18;127524_2024-10-26;127524_2024-12-28;128843_2023-03-22;128843_2023-04-13;128843_2024-06-27;129071_2023-10-25;130253_2024-09-21;132967_2023-11-03;132967_2024-04-06;133996_2023-06-12;136407_2024-09-22;138414_2024-04-18;140211_2024-06-18;140649_2023-12-03;140649_2024-06-14;142975_2023-11-02;142999_2023-06-29;144492_2023-06-20;144492_2023-07-21;144492_2023-12-08;147049_2023-08-22;147049_2024-11-03;147147_2023-06-07;147147_2023-11-02;151683_2024-05-09;151740_2023-08-22;151740_2024-04-21;152601_2024-08-27;155209_2023-01-16;155209_2024-07-16;160431_2023-03-27;163329_2024-09-29;163595_2023-02-25;163817_2023-02-09;163817_2023-07-05;164897_2024-07-09;165786_2023-10-08;165786_2024-11-22;166084_2023-08-04;166084_2023-09-19;166206_2024-09-14;167494_2024-01-23;167494_2024-03-08;167494_2024-06-22;167494_2024-10-26;169310_2023-06-02;169310_2024-07-01;171530_2024-09-18;172262_2023-06-20;172262_2024-02-24;172510_2024-05-07;174968_2023-10-16,0.68312,0.50068,10.81,0.96772,1.02478,0.96772,0.91036,0.0,0.4939,0.62353,0.66661,0.70096,0.72448,0.74528,0.76607,0.78471,0.80719,0.85369,0.88776,0.90477,0.92141,0.93344,0.96096,1.01107,1.038,1.05847,1.08749,1.11189,1.12243,1.20169,1.22244,0.85919,0.91449,0.91667,0.92216,0.93422,0.96095,0.95978,0.96424,0.96756,0.95377,0.95451,0.96117,0.97655,0.95815,0.97697,0.98538,1.0076,0.98618,0.9903,0.98378,0.98364,0.93358,0.98002,0.96541,0.70608,0.0
100707_2024-12-18;106298_2023-02-01;106298_2023-04-26;106793_2024-06-13;108517_2023-12-09;108517_2024-04-07;108517_2024-05-27;113377_2023-08-10;113377_2024-06-13;113377_2024-08-17;115937_2024-09-25;116320_2023-04-19;116320_2023-08-20;116320_2024-06-12;116320_2024-06-14;120517_2024-07-01;120517_2024-08-08;121500_2024-09-09;125463_2023-09-25;125463_2024-03-27;127225_2023-05-02;127225_2024-09-15;127524_2023-07-08;127524_2023-08-27;127524_2024-07-02;127524_2024-10-26;128843_2024-02-22;129071_2023-02-19;129071_2024-07-19;130253_2023-07-26;130253_2024-08-31;132256_2023-12-01;132967_2023-02-03;132967_2023-11-03;132967_2024-02-20;132967_2024-07-16;133165_2024-10-17;133996_2023-03-03;133996_2023-10-02;133996_2024-11-02;136407_2023-09-30;138414_2023-11-03;139410_2023-03-06;140211_2024-06-18;140649_2023-01-20;142975_2023-11-02;142975_2024-06-07;142975_2024-09-28;142999_2023-05-01;146624_2023-03-10;147049_2023-04-04;147147_2023-04-24;151683_2024-05-09;151683_2024-09-19;151740_2023-01-09;151740_2024-12-21;152601_2024-08-27;157904_2023-02-24;157904_2024-02-10;160216_2023-01-17;160216_2024-03-06;160216_2024-08-22;161573_2023-09-11;161573_2023-10-14;161573_2024-08-23;163595_2023-08-18;164897_2023-09-05;164897_2024-07-09;165786_2023-10-08;166084_2023-02-20;166084_2023-08-04;167494_2023-08-27;167494_2023-11-16;167494_2024-01-23;168165_2023-02-15;169310_2023-06-02;171530_2023-06-06;171530_2024-09-18;172510_2024-01-21;174968_2023-08-16,0.63402,0.48577,10.81801,0.96365,1.03718,0.96365,0.8934,0.0,0.48744,0.6207,0.67809,0.72013,0.72692,0.73842,0.74864,0.7631,0.77462,0.79962,0.8334,0.86065,0.88549,0.91035,0.94612,1.00523,1.02821,1.0317,1.05748,1.11758,1.17236,1.26475,1.29315,0.92239,0.91543,0.89974,0.90778,0.93941,0.96857,0.97134,0.96554,0.97619,0.95902,0.96509,0.97592,1.01795,0.99619,1.02067,1.01413,1.10134,0.95169,0.94154,0.89848,0.93081,0.88468,0.97299,0.88438,0.69681,0.0
100354_2024-04-27;102016_2024-03-27;106298_2023-02-25;106298_2023-06-14;106298_2024-08-12;106793_2024-06-13;106793_2024-12-22;108517_2023-04-24;108517_2023-11-05;108517_2024-04-07;108517_2024-05-21;108795_2023-07-29;108795_2024-06-13;110260_2023-06-23;112377_2023-10-18;113377_2023-02-27;113377_2024-08-17;115937_2024-06-30;116320_2023-03-16;116320_2023-04-19;116320_2024-05-09;116320_2024-12-29;120517_2023-11-28;120517_2024-07-01;121500_2023-05-20;121555_2023-10-09;121555_2024-08-19;123129_2024-07-05;125463_2023-10-15;127225_2024-07-07;127524_2024-10-18;127524_2024-12-28;128843_2024-05-06;129071_2023-03-16;130253_2024-03-03;132256_2024-03-31;132967_2023-02-02;132967_2023-12-02;132967_2024-08-12;133165_2023-08-22;133165_2024-03-01;133165_2024-08-21;133165_2024-10-17;138414_2024-11-09;139410_2023-03-06;142999_2024-03-13;146624_2023-08-26;147049_2024-01-27;147049_2024-04-11;147049_2024-04-22;147049_2024-12-20;147147_2023-06-07;151740_2024-04-21;152601_2023-01-18;152601_2023-02-14;152601_2024-08-01;152601_2024-11-18;155209_2023-01-16;155209_2023-04-23;155209_2024-11-11;157904_2024-01-01;160216_2023-04-09;160216_2023-10-14;160431_2024-05-28;163329_2023-06-28;163817_2023-03-14;163817_2023-07-05;164897_2023-12-12;164897_2024-11-16;166084_2023-09-25;169310_2023-06-10;170013_2023-10-01;170013_2024-06-23;172262_2024-02-12;172262_2024-09-18;172510_2024-01-21;172510_2024-11-01;172510_2024-12-21;172510_2024-12-24;174968_2024-05-19,0.6597,0.5051,10.81544,0.97161,1.02607,0.97161,0.91495,0.0,0.49998,0.63188,0.68192,0.72032,0.74478,0.76451,0.7842,0.79797,0.81095,0.84996,0.89545,0.91352,0.92833,0.94508,0.97643,1.02655,1.0425,1.05581,1.07818,1.10746,1.11364,1.19058,1.21383,0.91136,0.94839,0.95676,0.95156,0.95564,0.96409,0.96084,0.97344,0.98202,0.96266,0.95001,0.95254,0.9861,0.96083,0.96612,0.97519,1.00436,0.98674,0.98472,0.97389,0.99886,0.92734,0.98997,0.96696,0.71024,0.0
100354_2023-06-07;100354_2024-04-27;102016_2023-07-20;106298_2024-08-12;106298_2024-11-17;106793_2023-09-21;107448_2024-05-30;107448_2024-08-07;107448_2024-11-26;108517_2024-07-01;108795_2023-07-29;110260_2023-12-25;110260_2024-01-11;110260_2024-12-09;112377_2023-01-26;112377_2023-10-18;116320_2023-08-02;116320_2024-04-04;120517_2023-11-28;121500_2023-10-23;121500_2024-01-25;121500_2024-09-09;121555_2024-03-09;121555_2024-03-31;121555_2024-08-25;123129_2023-03-09;123129_2023-03-14;123129_2023-07-13;123129_2024-06-13;125463_2024-03-27;125463_2024-07-05;127225_2024-06-02;127524_2024-10-18;127524_2024-12-28;129071_2023-05-02;129071_2024-07-19;130253_2024-05-06;130253_2024-09-21;132256_2023-12-01;132256_2024-01-07;132967_2023-09-22;133165_2023-08-22;133165_2024-10-17;133996_2023-03-03;136407_2023-04-23;136407_2023-10-01;138414_2023-01-16;139410_2023-03-06;140211_2023-06-14;140211_2023-11-11;140649_2023-04-24;142975_2024-12-10;144492_2023-07-21;146624_2023-01-11;146624_2023-03-20;146624_2023-04-28;147049_2024-01-27;147049_2024-11-03;147147_2023-06-07;152601_2024-12-21;155209_2023-04-23;160216_2024-02-23;160431_2023-03-27;163595_2023-02-04;163817_2023-07-05;163817_2024-06-23;163817_2024-11-27;164897_2024-07-09;164897_2024-11-16;165786_2023-02-16;165786_2023-10-08;165786_2024-06-04;166206_2024-09-14;168165_2023-08-25;170013_2023-02-25;170013_2023-11-17;170013_2024-11-10;172262_2023-11-11;172262_2024-01-06;172510_2023-11-29,0.61492,0.49156,10.8107,0.96708,1.024,0.96708,0.90725,0.0,0.48598,0.63118,0.68842,0.72643,0.75371,0.78099,0.80314,0.81701,0.82607,0.85326,0.87423,0.89161,0.91047,0.92271,0.9558,1.00614,1.0331,1.0533,1.07822,1.10667,1.12037,1.2084,1.22287,0.84564,0.90219,0.90988,0.92279,0.93473,0.95337,0.93896,0.94496,0.97046,0.94251,0.94582,0.96708,0.9852,0.96582,0.98452,0.98254,1.01947,0.97805,0.99526,0.98271,0.99685,0.90792,0.96538,0.97183,0.72026,0.0
100354_2023-06-07;100707_2023-01-01;100707_2024-04-01;104481_2024-05-05;105366_2024-01-02;106298_2023-11-11;106298_2024-08-12;106793_2023-10-28;106793_2024-06-14;107448_2023-08-23;107448_2024-05-30;107448_2024-11-26;110260_2023-09-02;112377_2023-01-26;113377_2023-08-03;113377_2024-01-08;115937_2024-05-17;116320_2024-05-09;120517_2023-04-01;121500_2023-10-23;123129_2024-02-01;123129_2024-08-11;125463_2023-09-25;125463_2023-10-15;125463_2023-11-30;127225_2024-06-02;127524_2024-06-25;129071_2024-04-09;130253_2024-02-18;130253_2024-03-23;130253_2024-05-14;130253_2024-09-21;132256_2023-12-01;132256_2024-01-07;132967_2023-11-03;133165_2024-03-19;133996_2024-08-30;136407_2023-04-23;136407_2023-05-07;138414_2024-11-09;139410_2023-03-06;139410_2024-03-11;142975_2023-11-02;142975_2024-12-10;142999_2024-06-11;144492_2023-07-28;146624_2023-03-10;146624_2023-03-12;147049_2024-12-20;147147_2023-06-07;147147_2023-10-10;147147_2024-01-18;151683_2023-03-15;151740_2023-08-22;155209_2023-01-16;157904_2024-01-23;157904_2024-05-25;160216_2023-10-14;160431_2023-03-01;161573_2023-04-07;161573_2023-12-20;161573_2024-08-06;163595_2024-02-27;163817_2023-02-09;163817_2023-07-05;164897_2023-01-29;165786_2023-02-16;166084_2023-09-19;166084_2024-09-23;166206_2023-07-12;166206_2024-09-14;167494_2024-10-26;168165_2024-05-28;169310_2024-10-03;170013_2023-11-17;170013_2024-11-12;171530_2023-06-20;172262_2024-05-27;172510_2023-11-29;172510_2023-12-22,0.67255,0.48777,10.81722,0.9534,1.01384,0.9534,0.89217,0.0,0.4853,0.62332,0.67612,0.71292,0.7387,0.75763,0.77259,0.78601,0.79596,0.82052,0.84321,0.8643,0.88752,0.90727,0.94788,0.99902,1.01968,1.03349,1.05569,1.09453,1.12165,1.20817,1.22149,0.84144,0.88215,0.88493,0.9257,0.93657,0.93949,0.92982,0.95728,0.96483,0.94787,0.95205,0.96029,0.98401,0.96313,0.95678,0.98152,1.03206,0.93708,0.9539,0.94148,0.98454,0.88152,0.9233,0.90983,0.68683,0.0
100354_2023-05-30;102016_2023-07-20;105366_2024-01-02;106793_2023-10-28;107448_2024-08-12;108517_2024-05-27;110260_2023-06-23;110260_2024-02-01;113377_2023-02-27;113377_2023-08-10;115937_2024-07-11;115937_2024-10-13;116320_2023-03-16;116320_2024-06-20;116320_2024-12-14;121500_2023-03-22;121500_2023-10-10;121500_2024-12-01;121555_2023-02-14;121555_2024-08-25;125463_2023-11-25;125463_2023-11-30;125463_2024-07-05;127225_2023-05-30;127225_2024-07-07;127524_2024-04-05;130253_2024-02-18;130253_2024-08-31;132967_2023-02-02;132967_2023-11-03;133165_2024-08-03;133996_2023-04-20;133996_2024-11-14;136407_2023-03-14;136407_2024-09-22;138414_2024-02-24;138414_2024-11-09;139410_2023-07-18;139410_2024-03-11;140211_2023-03-09;140649_2024-03-22;142975_2023-04-09;142975_2024-09-28;142999_2023-05-01;142999_2023-06-08;142999_2024-03-13;144492_2023-12-08;146624_2023-08-26;147147_2023-05-14;151683_2023-03-15;151740_2023-10-14;151740_2024-07-24;152601_2023-11-27;152601_2024-03-10;152601_2024-12-21;155209_2024-07-16;155209_2024-11-15;157904_2023-03-28;157904_2023-11-11;160216_2024-09-21;160431_2023-04-18;160431_2024-05-11;161573_2024-05-27;161573_2024-07-23;163817_2023-03-14;163817_2024-02-14;164897_2023-08-13;164897_2024-08-06;166084_2023-01-03;166084_2024-04-26;168165_2024-06-18;168165_2024-06-24;169310_2024-07-08;170013_2023-11-17;170013_2024-05-20;170013_2024-06-23;171530_2024-05-02;172510_2023-01-25;174968_2023-08-16;174968_2023-11-13,0.71038,0.51013,10.81409,0.97885,1.03735,0.97885,0.93301,0.0,0.50992,0.6422,0.69522,0.72915,0.75114,0.77488,0.79304,0.80666,0.81713,0.84543,0.87464,0.89828,0.92332,0.94204,0.98154,1.02806,1.04792,1.06413,1.08276,1.10956,1.13774,1.23529,1.24363,0.83986,0.89606,0.88182,0.89791,0.9133,0.91701,0.91585,0.92803,0.95358,0.94376,0.93483,0.97451,0.97945,0.96184,0.98831,0.99994,1.05294,0.97954,1.00667,1.00014,0.99528,0.92672,1.00487,0.98943,0.80384,0.0
100354_2024-06-25;100707_2023-01-07;100707_2024-04-01;100707_2024-04-14;102016_2024-03-27;104481_2023-09-01;104481_2024-01-19;106298_2023-02-01;106793_2023-09-21;106793_2023-10-28;107448_2023-10-19;107448_2024-07-03;108517_2023-11-05;108517_2023-12-09;108517_2024-05-27;108795_2024-05-15;110260_2024-02-01;110260_2024-06-10;112377_2023-02-13;115937_2024-05-17;116320_2023-04-19;116320_2024-11-29;118984_2023-04-25;120517_2024-08-07;123129_2024-08-26;125463_2023-06-28;125463_2023-10-09;125463_2023-12-21;127524_2023-07-08;127524_2024-01-23;127524_2024-09-05;128843_2023-04-02;128843_2024-02-22;129071_2024-01-30;129071_2024-10-24;130253_2024-02-18;130253_2024-05-06;132256_2024-03-31;133996_2023-04-20;136407_2023-03-14;138414_2023-10-18;138414_2024-11-09;142975_2024-09-28;142999_2024-03-13;144492_2023-06-20;147049_2023-08-22;147147_2023-05-14;151683_2023-03-15;155209_2023-01-10;155209_2023-01-16;155209_2023-09-05;155209_2024-11-15;160216_2023-04-09;161573_2023-06-22;161573_2024-05-27;163329_2023-06-28;163595_2023-02-04;163595_2023-08-18;163595_2023-11-21;163817_2024-05-09;163817_2024-11-27;164897_2023-12-12;164897_2024-03-01;164897_2024-10-30;164897_2024-11-16;165786_2023-09-07;165786_2023-10-08;166084_2023-01-03;166084_2023-08-04;166084_2024-10-08;167494_2024-01-23;167494_2024-03-08;168165_2024-05-28;169310_2023-01-03;169310_2023-08-08;170013_2024-11-12;171530_2024-09-18;172510_2023-12-22;172510_2024-12-21;174968_2023-10-28,0.6949,0.53663,10.81465,0.95889,1.02132,0.95889,0.91706,0.0,0.53067,0.65805,0.69246,0.7176,0.73433,0.75087,0.76616,0.78091,0.79403,0.82523,0.85546,0.87714,0.89629,0.91575,0.9497,0.99746,1.01982,1.03412,1.06009,1.09844,1.12933,1.2258,1.24701,0.83883,0.90316,0.89468,0.9051,0.92078,0.93481,0.93185,0.94087,0.94511,0.93746,0.92731,0.94052,0.96997,0.95564,0.96437,0.99374,1.03951,0.96707,0.96446,0.9675,0.96716,0.93921,1.00078,0.95384,0.83311,0.0
100354_2023-09-22;100707_2023-07-04;102016_2023-07-18;104481_2023-11-01;104481_2024-07-30;106298_2023-02-04;106298_2023-11-11;106298_2024-03-13;106298_2024-08-18;107448_2024-08-07;107448_2024-11-26;108517_2023-04-24;108517_2023-06-11;113377_2023-02-13;113377_2024-08-13;113377_2024-08-24;116320_2023-04-19;120517_2023-04-01;120517_2023-11-28;120517_2024-07-01;121500_2024-02-24;121500_2024-12-01;121555_2024-08-25;123129_2024-08-26;125463_2024-01-22;125463_2024-03-27;127225_2023-03-14;127225_2023-05-09;127524_2024-06-25;127524_2024-07-02;129071_2023-03-16;130253_2024-05-17;133996_2023-06-12;133996_2023-10-02;138414_2023-01-16;139410_2023-06-21;139410_2024-03-11;139410_2024-07-16;140649_2024-03-22;142999_2023-05-01;144492_2023-06-20;144492_2023-12-08;147049_2024-11-03;147147_2023-05-14;151740_2023-10-14;152601_2023-02-14;152601_2023-10-21;155209_2023-04-23;157904_2024-01-01;160216_2023-03-29;160431_2023-03-27;161573_2023-04-07;161573_2024-02-04;161573_2024-08-06;163595_2023-11-21;163817_2023-07-05;164897_2023-03-26;164897_2023-09-05;165786_2024-09-04;165786_2024-11-22;166084_2023-01-05;166206_2023-07-12;167494_2024-11-16;169310_2023-01-03;169310_2023-12-13;169310_2024-03-17;170013_2023-10-01;170013_2024-11-12;171530_2024-09-18;172262_2023-02-12;172262_2023-07-08;172262_2024-02-12;172262_2024-02-24;172510_2024-01-21;172510_2024-05-21;172510_2024-09-26;174968_2023-08-16;174968_2023-11-13;174968_2024-04-14;174968_2024-05-19,0.63517,0.4977,10.81492,0.96916,1.02751,0.96916,0.91144,0.0,0.49467,0.63652,0.68158,0.71789,0.73378,0.7445,0.75788,0.77858,0.78956,0.8291,0.85947,0.88414,0.90921,0.93222,0.97419,1.02483,1.04796,1.06113,1.08107,1.10552,1.1237,1.21664,1.23817,0.83708,0.89923,0.89056,0.90191,0.92048,0.91903,0.91735,0.9311,0.93704,0.92793,0.92817,0.94197,0.95866,0.95709,0.96507,0.99353,1.03614,0.9932,1.00959,1.01657,1.00224,0.92495,0.9866,0.96172,0.68758,0.0
100354_2024-04-27;100707_2023-01-07;102016_2023-07-18;102016_2024-04-10;102016_2024-11-04;104481_2024-01-19;105366_2023-09-05;106298_2023-11-11;107448_2023-08-23;107448_2023-11-02;107448_2024-01-07;107448_2024-07-03;107448_2024-08-12;108517_2023-07-12;108795_2024-05-15;110260_2023-01-06;110260_2024-01-11;113377_2023-07-01;113377_2024-01-04;113377_2024-01-08;115937_2024-06-30;116320_2023-04-19;116320_2023-08-20;116320_2024-06-20;116320_2024-12-14;118984_2023-04-25;121500_2023-03-22;121500_2023-10-10;121555_2024-03-31;123129_2024-08-11;127524_2023-02-12;127524_2024-01-15;128843_2023-04-02;128843_2024-05-16;128843_2024-06-27;129071_2023-02-19;130253_2023-05-03;130253_2024-05-06;130253_2024-05-14;132256_2024-01-07;132256_2024-03-31;132967_2023-11-12;132967_2024-02-20;132967_2024-04-06;132967_2024-07-16;133165_2024-03-01;136407_2023-04-23;138414_2023-11-03;140211_2023-03-17;140649_2024-03-22;142975_2024-10-10;142999_2024-06-11;147049_2023-11-20;152601_2023-01-18;152601_2024-08-27;155209_2024-11-11;157904_2023-11-11;160216_2024-06-07;160216_2024-06-28;161573_2024-02-04;163329_2024-08-29;163595_2023-02-04;164897_2023-12-12;165786_2023-09-07;166084_2024-04-26;166084_2024-09-20;166084_2024-10-08;167494_2024-01-08;167494_2024-10-26;168165_2023-02-15;169310_2024-07-01;169310_2024-10-03;171530_2024-09-18;172262_2023-07-08;172262_2024-02-24;172510_2024-05-07;172510_2024-09-26;172510_2024-12-24;174968_2023-02-25;174968_2023-03-21,0.60776,0.49917,10.80989,0.97661,1.0286,0.97661,0.9199,0.0,0.4825,0.62136,0.67789,0.71717,0.74371,0.7699,0.79812,0.81854,0.83645,0.8824,0.90897,0.92134,0.93961,0.95408,0.98847,1.02671,1.04433,1.06061,1.08223,1.10696,1.11285,1.19182,1.21248,0.87801,0.92741,0.93878,0.94817,0.95178,0.95166,0.95473,0.96434,0.96807,0.9538,0.95245,0.96251,0.97464,0.96348,0.97117,0.97894,1.00288,0.99219,1.00424,1.00426,1.02235,0.94513,0.98216,0.96772,0.71452,0.0
100707_2023-07-28;102016_2024-04-10;102016_2024-11-04;104481_2023-09-01;106298_2023-06-14;106298_2024-08-18;106793_2024-09-15;107448_2024-08-12;108795_2023-12-14;110260_2023-01-06;110260_2023-12-25;112377_2024-10-02;113377_2023-02-13;115937_2024-10-13;116320_2023-01-28;116320_2023-04-19;116320_2023-11-03;116320_2024-06-20;116320_2024-11-01;118984_2024-06-15;120517_2024-07-01;120517_2024-08-07;120517_2024-10-01;120517_2024-11-08;121500_2023-08-12;121500_2023-10-23;121555_2024-03-09;123129_2023-08-08;125463_2023-06-17;125463_2023-06-28;125463_2024-03-27;127225_2023-05-09;127524_2023-07-08;129071_2023-03-16;129071_2024-12-19;130253_2023-02-09;132256_2024-12-13;133165_2024-02-02;133165_2024-03-01;133165_2024-11-27;133996_2023-03-03;133996_2024-08-30;136407_2023-05-07;140211_2023-03-09;140211_2023-06-14;140649_2024-06-14;142975_2023-01-19;142999_2024-06-11;146624_2024-05-25;146624_2024-05-28;147049_2024-12-20;147147_2023-05-14;147147_2023-06-07;147147_2024-08-31;151683_2023-03-15;151683_2024-05-21;151740_2024-04-21;152601_2024-08-27;152601_2024-11-18;155209_2024-11-15;160431_2023-03-27;163329_2023-06-28;163329_2023-11-20;163329_2024-09-29;163595_2024-09-22;163817_2024-05-09;164897_2023-03-26;164897_2024-07-09;165786_2024-04-08;166084_2023-02-20;166084_2023-09-25;166206_2023-01-05;166206_2024-09-27;169310_2023-10-10;170013_2024-05-20;171530_2023-05-31;172262_2023-11-11;172262_2024-09-18;172510_2024-12-21;174968_2023-03-21,0.6381,0.48265,10.8124,0.96431,1.02495,0.96431,0.90867,0.0,0.47897,0.62327,0.68371,0.72604,0.75085,0.77398,0.79149,0.80382,0.81611,0.84152,0.86485,0.88326,0.90542,0.92237,0.95479,1.00002,1.02831,1.03504,1.0623,1.11068,1.13223,1.22667,1.24012,0.83582,0.89682,0.88583,0.90146,0.90979,0.96394,0.94368,0.95217,0.97826,0.93206,0.93399,0.94571,0.98052,0.96526,0.98833,0.98533,1.02863,0.98933,0.96587,0.94528,0.92897,0.9214,0.98268,0.97588,0.76061,0.0
100354_2024-03-09;100707_2024-12-03;102016_2024-11-04;106793_2023-09-21;106793_2023-10-28;108517_2024-05-30;108795_2023-07-29;108795_2024-06-13;110260_2023-12-25;113377_2024-01-04;115937_2023-03-01;115937_2024-06-30;116320_2023-01-28;116320_2023-11-03;118984_2023-04-25;120517_2024-08-08;121500_2023-10-23;121500_2024-01-25;123129_2023-03-09;123129_2024-07-05;125463_2023-11-30;125463_2023-12-21;127225_2023-05-30;127524_2023-07-08;127524_2024-03-16;128843_2024-06-27;129071_2023-05-02;129071_2023-10-25;129071_2024-01-30;129071_2024-07-19;129071_2024-10-24;130253_2024-03-23;132256_2024-01-07;132967_2023-09-22;132967_2024-11-29;133996_2023-03-03;136407_2023-04-22;136407_2023-10-16;140211_2024-06-18;142975_2024-06-07;146624_2023-04-28;147049_2023-08-22;147049_2024-04-11;147049_2024-12-20;151683_2024-05-21;151683_2024-09-19;151740_2023-03-12;152601_2023-10-21;152601_2024-12-21;155209_2023-01-16;155209_2023-04-23;160216_2024-03-06;160431_2024-05-11;161573_2023-04-07;161573_2023-10-14;161573_2024-07-29;161573_2024-08-06;163595_2024-05-08;163817_2024-04-11;163817_2024-11-27;164897_2023-01-29;164897_2023-03-26;164897_2024-03-01;166084_2023-01-03;166084_2024-01-13;166084_2024-10-08;167494_2023-08-27;167494_2024-01-23;167494_2024-06-22;167494_2024-10-26;169310_2023-10-10;169310_2024-03-17;170013_2023-11-17;171530_2023-05-31;171530_2024-06-13;172510_2023-03-10;172510_2023-11-29;172510_2024-01-06;172510_2024-02-12;174968_2023-02-25,0.67804,0.49027,10.80682,0.9629,1.02007,0.9629,0.90722,0.0,0.48717,0.62491,0.68481,0.72541,0.75286,0.78188,0.81204,0.83065,0.84371,0.86336,0.88372,0.89832,0.91659,0.9278,0.95155,0.99197,1.01995,1.03057,1.06231,1.10806,1.12556,1.20281,1.22266,0.86153,0.91789,0.92722,0.94029,0.94551,0.97724,0.96765,0.97025,0.97471,0.94973,0.95288,0.95884,0.98746,0.96445,0.97084,0.97689,1.00799,0.99621,0.94592,0.95488,0.95535,0.93873,0.98076,0.96056,0.74643,0.0
102016_2024-10-15;104481_2023-08-15;104481_2024-01-19;105366_2023-09-05;106298_2023-02-25;106298_2023-06-14;106298_2024-11-17;107448_2023-10-19;107448_2024-05-30;108517_2023-08-02;110260_2024-06-10;110260_2024-12-09;113377_2023-02-13;113377_2023-07-01;113377_2024-06-26;115937_2024-09-22;116320_2023-03-16;116320_2024-12-14;121500_2023-03-22;121500_2023-08-12;121500_2023-10-23;121500_2024-02-02;125463_2023-06-17;125463_2023-06-18;125463_2024-07-05;127225_2023-05-09;127225_2024-06-02;128843_2023-04-02;128843_2023-11-19;128843_2024-05-16;129071_2023-03-16;129071_2023-10-25;130253_2024-05-14;132967_2024-04-06;132967_2024-08-07;133165_2024-03-19;133165_2024-11-27;133996_2024-11-14;136407_2023-04-22;136407_2023-05-07;136407_2023-12-20;139410_2023-03-21;139410_2024-03-11;140211_2023-06-14;140211_2023-11-11;140649_2023-04-24;140649_2023-12-03;144492_2023-12-08;146624_2024-05-28;147049_2023-12-19;147049_2024-11-03;147147_2023-06-07;151683_2023-03-15;155209_2023-01-10;157904_2023-11-11;157904_2024-01-01;157904_2024-01-23;157904_2024-12-15;160216_2024-03-08;160216_2024-08-22;160431_2024-07-01;161573_2023-04-07;161573_2023-04-21;161573_2024-02-04;163817_2023-07-05;163817_2024-01-26;164897_2024-07-09;164897_2024-10-30;165786_2024-11-22;166084_2023-09-19;166206_2024-10-22;167494_2024-01-08;168165_2024-06-24;169310_2023-06-10;169310_2023-08-08;169310_2024-06-28;172262_2023-11-11;172510_2024-01-21;172510_2024-05-21;172510_2024-11-01,0.68726,0.49186,10.81238,0.96275,1.02715,0.96275,0.90319,0.0,0.50249,0.64928,0.70088,0.72653,0.74163,0.76796,0.78126,0.79823,0.7934,0.82594,0.86047,0.8773,0.89547,0.91658,0.95277,0.99583,1.01566,1.03212,1.0635,1.1068,1.14249,1.24012,1.25722,0.8418,0.90171,0.89373,0.90253,0.92055,0.94408,0.94385,0.94591,0.95787,0.95102,0.94491,0.96165,0.98751,0.96341,0.97783,1.00544,1.04915,0.95026,0.96257,0.95244,0.92974,1.0659,1.03454,0.94259,0.72984,0.0
100354_2023-05-30;100354_2023-07-21;100354_2024-03-09;100707_2024-06-02;102016_2024-11-04;105366_2024-01-02;105366_2024-07-06;106793_2023-03-14;107448_2023-02-24;107448_2024-01-07;108517_2023-12-09;108517_2024-05-27;110260_2023-09-02;113377_2023-08-03;113377_2024-06-26;113377_2024-08-17;115937_2024-05-17;115937_2024-09-25;116320_2023-08-02;116320_2024-12-14;120517_2023-03-07;120517_2023-11-28;120517_2024-07-01;120517_2024-11-08;121555_2023-02-14;121555_2023-02-20;121555_2023-10-09;123129_2024-02-01;123129_2024-08-11;127225_2024-06-02;127524_2024-01-15;127524_2024-04-05;127524_2024-10-26;128843_2023-03-22;129071_2024-04-09;129071_2024-07-19;132256_2024-12-13;133165_2023-08-22;133996_2023-04-09;133996_2023-04-20;133996_2023-10-02;138414_2024-02-24;138414_2024-11-09;140211_2024-06-18;142975_2023-08-21;142975_2023-10-18;142999_2024-06-11;146624_2023-03-10;146624_2023-08-08;147147_2023-11-02;147147_2024-08-31;151683_2023-03-15;151683_2024-05-09;151683_2024-09-19;151740_2023-08-22;151740_2024-07-24;152601_2024-03-10;157904_2023-02-24;157904_2023-03-31;157904_2023-11-11;157904_2024-01-01;157904_2024-05-25;160431_2023-03-01;160431_2023-04-18;160431_2024-10-28;161573_2023-10-14;164897_2023-07-03;165786_2023-09-07;166084_2023-08-04;166084_2023-09-19;166084_2024-04-26;166206_2024-10-22;167494_2024-10-26;168165_2024-05-28;169310_2023-06-10;170013_2023-02-25;170013_2024-05-20;171530_2024-06-13;172510_2023-03-10;172510_2024-09-26,0.67023,0.49845,10.81364,0.96149,1.02399,0.96149,0.90499,0.0,0.48022,0.61231,0.67693,0.72311,0.74824,0.76819,0.78539,0.80041,0.80612,0.83248,0.86158,0.88226,0.9024,0.92358,0.9517,1.00106,1.02396,1.03704,1.05585,1.09605,1.13216,1.2324,1.24289,0.85838,0.90417,0.8955,0.90776,0.92078,0.93214,0.93332,0.94284,0.95317,0.94317,0.93087,0.96985,0.98715,0.96152,0.98012,0.98338,1.04668,0.95069,0.96439,0.94964,0.97143,0.92717,1.00156,0.94312,0.7011,0.0
100354_2024-03-09;100707_2023-07-28;100707_2024-04-14;102016_2024-10-15;104481_2023-08-15;106298_2024-03-13;106793_2024-09-15;108517_2024-07-01;108795_2024-06-13;110260_2023-09-02;110260_2024-02-01;113377_2023-08-03;116320_2023-03-16;116320_2023-08-02;116320_2024-04-04;116320_2024-12-29;120517_2023-03-07;120517_2024-07-01;121555_2023-02-14;123129_2023-03-09;123129_2023-03-14;123129_2023-08-08;125463_2023-06-17;127225_2023-05-02;127225_2023-05-09;127225_2023-05-30;127524_2023-02-12;127524_2023-08-27;128843_2023-04-02;128843_2024-05-06;132256_2024-01-07;132967_2023-02-02;132967_2023-11-03;133165_2024-03-19;133165_2024-11-27;138414_2023-10-18;139410_2023-03-06;139410_2023-06-21;142975_2023-10-18;142975_2024-06-07;142999_2023-06-08;142999_2023-06-29;144492_2023-09-22;146624_2023-03-10;146624_2024-05-28;147049_2024-01-27;147147_2023-11-10;151740_2023-01-09;152601_2023-01-18;152601_2023-10-21;152601_2024-08-01;155209_2023-05-10;155209_2023-07-18;155209_2024-07-16;157904_2023-02-24;157904_2023-03-31;160216_2023-01-17;160216_2023-03-29;161573_2023-02-25;161573_2023-04-21;161573_2024-02-04;163595_2024-05-08;163817_2023-02-09;163817_2024-02-14;164897_2023-12-12;165786_2023-02-16;168165_2024-06-18;168165_2024-06-24;169310_2023-10-10;171530_2023-05-31;171530_2023-06-20;172262_2023-06-20;172262_2023-07-08;172262_2024-02-24;172262_2024-05-27;172262_2024-09-18;172510_2024-11-01;172510_2024-12-24;174968_2023-08-16;174968_2023-10-16,0.66023,0.50624,10.82178,0.94228,1.00578,0.94228,0.88253,0.0,0.50156,0.63108,0.67244,0.69945,0.71368,0.73185,0.74405,0.75708,0.76967,0.79723,0.82898,0.85212,0.87718,0.90374,0.93476,0.9842,1.00572,1.01595,1.04277,1.08764,1.11798,1.20583,1.23084,0.84279,0.89431,0.8932,0.91533,0.92727,0.93815,0.93595,0.94497,0.95094,0.94043,0.93116,0.93032,0.97808,0.95661,0.95498,0.97925,1.02801,0.92953,0.93719,0.92356,0.95702,0.88948,0.92082,0.9101,0.72279,0.0
100354_2023-08-19;102016_2023-07-18;106298_2023-02-25;106298_2023-11-11;106298_2024-08-18;106793_2023-10-28;107448_2024-10-09;107448_2024-12-04;108517_2023-05-01;108795_2024-05-15;110260_2024-01-11;110260_2024-02-01;112377_2023-02-13;113377_2024-09-29;115937_2023-03-01;115937_2024-06-30;118984_2024-12-11;120517_2024-11-08;121500_2023-08-12;121500_2023-10-10;121555_2024-08-19;125463_2023-12-21;127225_2023-03-14;127225_2023-08-28;127524_2024-01-15;128843_2024-05-06;129071_2024-07-19;129071_2024-10-24;133165_2024-02-02;133165_2024-03-19;133165_2024-10-17;133996_2024-11-14;136407_2023-09-24;136407_2023-09-30;136407_2023-10-01;139410_2023-06-21;139410_2024-07-16;140211_2023-06-14;142999_2023-05-01;142999_2023-06-29;142999_2024-03-13;144492_2023-07-28;146624_2023-03-12;146624_2023-08-26;146624_2024-05-25;147049_2023-08-22;147049_2023-12-19;147049_2024-01-27;147049_2024-11-03;147147_2023-04-24;147147_2023-11-10;151683_2023-03-15;151740_2023-10-14;151740_2024-12-21;152601_2024-11-18;152601_2024-12-21;155209_2023-01-16;155209_2023-04-23;155209_2024-11-11;160216_2023-03-29;160216_2023-10-14;160431_2023-04-18;161573_2024-08-23;163329_2023-03-29;163329_2024-08-29;163595_2023-11-21;163817_2024-05-09;163817_2024-11-27;164897_2024-10-30;166084_2023-02-20;166084_2023-08-10;166084_2023-09-19;166084_2024-09-20;167494_2024-11-16;169310_2023-06-02;169310_2023-06-10;169310_2024-10-03;171530_2023-06-06;172262_2023-06-20;172510_2023-01-25,0.67546,0.50934,10.82503,0.96657,1.02554,0.96657,0.91664,0.0,0.49985,0.65645,0.70598,0.73882,0.7545,0.76558,0.7775,0.79237,0.80605,0.82447,0.84987,0.87588,0.90338,0.91912,0.95823,1.00984,1.02984,1.04923,1.08723,1.12268,1.12547,1.21125,1.23008,0.85195,0.91153,0.90829,0.91659,0.91915,0.92907,0.92003,0.93133,0.94357,0.92212,0.92392,0.94485,0.96637,0.96086,0.97205,0.97408,1.0264,1.00701,0.99525,0.98016,0.97206,0.90477,0.97908,0.95409,0.79193,0.0
100354_2024-04-27;100707_2024-04-01;100707_2024-12-18;104481_2024-01-19;105366_2023-01-03;105366_2024-01-02;105366_2024-07-06;106298_2023-04-26;106793_2023-03-14;106793_2023-09-21;106793_2023-10-28;107448_2023-09-20;107448_2023-11-02;107448_2024-05-30;107448_2024-10-21;108517_2024-05-27;108517_2024-05-30;108795_2024-01-21;110260_2024-06-10;113377_2023-02-27;115937_2024-09-22;116320_2023-01-28;116320_2023-08-02;116320_2023-11-03;116320_2024-04-04;116320_2024-11-01;120517_2023-11-28;121500_2023-08-12;121500_2023-10-10;121555_2023-10-09;121555_2024-08-25;123129_2023-10-10;125463_2023-06-18;127225_2023-05-09;127225_2024-06-27;128843_2023-04-13;128843_2024-05-16;128843_2024-06-27;129071_2023-04-09;132967_2023-02-03;132967_2024-08-07;132967_2024-08-12;133165_2024-02-02;133165_2024-10-17;133996_2023-06-12;139410_2023-06-21;139410_2024-03-11;140649_2023-02-05;142975_2023-11-02;142975_2024-09-28;142999_2024-03-13;144492_2023-06-20;144492_2023-09-22;144492_2024-06-12;147049_2023-12-19;147049_2024-04-11;151683_2023-10-20;151740_2023-01-09;160216_2024-08-22;160431_2024-05-11;161573_2023-06-22;161573_2023-12-20;161573_2024-08-06;161573_2024-08-23;163595_2024-02-27;163817_2024-01-21;164897_2023-12-12;165786_2024-04-08;167494_2024-03-08;168165_2024-06-24;169310_2024-07-01;169310_2024-07-08;170013_2023-06-07;170013_2023-10-01;170013_2023-11-17;171530_2023-06-06;171530_2024-03-17;172510_2023-12-22;172510_2024-09-26;174968_2023-08-16,0.67908,0.491,10.81263,0.96163,1.02004,0.96163,0.91164,0.0,0.48357,0.64009,0.70084,0.73668,0.7548,0.77445,0.79501,0.81359,0.83281,0.86034,0.88676,0.90234,0.91873,0.93148,0.94909,0.99272,1.01346,1.02813,1.06013,1.09632,1.12224,1.20459,1.23129,0.87162,0.90417,0.92443,0.93288,0.93536,0.97061,0.96822,0.97862,0.985,0.94568,0.94071,0.95699,1.00334,0.95697,0.97536,0.98501,1.0094,0.97359,0.95244,0.9371,0.98426,0.93967,0.98302,0.93704,0.79936,0.0
100707_2023-07-04;102016_2024-06-29;104481_2023-11-01;105366_2023-09-16;106298_2023-02-01;106298_2023-05-06;106298_2023-06-14;106298_2024-11-17;106793_2023-03-14;106793_2024-06-13;107448_2024-05-30;107448_2024-08-07;107448_2024-12-04;108517_2024-07-13;112377_2023-10-18;113377_2024-08-24;115937_2024-06-30;116320_2023-04-19;116320_2024-04-04;116320_2024-05-09;116320_2024-06-20;120517_2024-08-07;120517_2024-08-08;121555_2024-03-31;123129_2024-02-01;125463_2023-06-28;127225_2023-05-02;127225_2024-07-07;127524_2023-02-12;127524_2024-10-18;128843_2023-04-02;128843_2023-04-13;129071_2023-02-19;130253_2023-05-03;132256_2024-12-13;132967_2023-09-22;132967_2023-11-03;133165_2023-08-22;133165_2024-08-16;133165_2024-10-17;133996_2023-04-20;136407_2023-10-16;136407_2023-12-20;139410_2023-07-18;139410_2024-03-11;140649_2023-02-05;147049_2023-12-19;147147_2023-04-24;147147_2023-10-10;147147_2024-01-18;147147_2024-08-31;151683_2024-09-19;152601_2023-01-18;155209_2023-09-05;157904_2023-02-24;157904_2023-03-31;157904_2024-01-23;157904_2024-05-25;160216_2023-03-29;160216_2024-08-17;160216_2024-08-22;160431_2023-03-27;161573_2024-05-27;161573_2024-08-23;164897_2024-07-09;165786_2024-09-04;166084_2024-09-20;167494_2023-08-27;167494_2024-06-30;167494_2024-11-16;168165_2024-05-28;169310_2023-08-02;170013_2024-06-23;171530_2023-05-31;172262_2023-02-12;172262_2023-06-20;172510_2023-03-10;172510_2023-11-29;172510_2024-01-21;174968_2023-11-13,0.65622,0.49583,10.81728,0.95372,1.01577,0.95372,0.89642,0.0,0.48,0.6246,0.68096,0.71611,0.7357,0.75405,0.76692,0.77676,0.78714,0.81859,0.84881,0.86506,0.89081,0.9107,0.94075,0.99466,1.01462,1.03018,1.05789,1.10482,1.12489,1.21001,1.22826,0.85919,0.9128,0.92982,0.92274,0.93046,0.95905,0.93925,0.94434,0.95876,0.93672,0.9302,0.94203,0.9729,0.9719,0.96612,0.97661,1.01288,0.97043,0.9674,0.91915,0.9673,0.8969,0.98721,0.94028,0.73054,0.0
100707_2023-07-20;100707_2023-07-28;100707_2024-06-02;102016_2024-03-27;106298_2023-02-04;106298_2023-02-25;106298_2024-03-13;106793_2023-10-28;107448_2024-10-09;107448_2024-10-21;108517_2023-11-05;110260_2023-06-23;110260_2023-09-02;113377_2024-01-04;113377_2024-01-08;113377_2024-08-17;116320_2023-01-28;116320_2023-03-16;116320_2023-08-20;116320_2024-04-04;116320_2024-05-09;116320_2024-12-14;116320_2024-12-29;118984_2024-12-11;120517_2024-08-08;121500_2023-08-12;121500_2023-10-10;121500_2024-02-24;121500_2024-07-24;121500_2024-09-09;121500_2024-12-01;127225_2023-03-14;127225_2023-08-28;127524_2024-07-02;129071_2023-02-19;129071_2024-01-30;130253_2024-05-14;132256_2024-03-31;133996_2024-11-02;138414_2023-11-03;138414_2024-02-24;139410_2024-03-11;140211_2023-04-23;140649_2023-04-24;142975_2024-10-10;146624_2023-03-12;147147_2023-11-10;151740_2024-07-24;152601_2024-12-21;155209_2023-01-16;155209_2024-11-11;160216_2023-04-09;160216_2024-03-06;160216_2024-03-08;160216_2024-06-28;160431_2024-07-01;161573_2023-02-25;161573_2023-04-21;161573_2023-12-20;161573_2024-05-27;163595_2023-02-25;163595_2024-02-27;164897_2023-12-12;164897_2024-03-01;164897_2024-10-30;166084_2023-08-10;166084_2024-10-08;167494_2024-03-08;168165_2024-06-18;169310_2023-01-03;169310_2024-07-01;170013_2023-10-01;170013_2024-11-10;171530_2023-06-20;172262_2023-02-12;172510_2024-01-21;174968_2023-02-25;174968_2023-10-16;174968_2023-10-28;174968_2024-04-14,0.62099,0.49948,10.8081,0.97651,1.03201,0.97651,0.92716,0.0,0.48789,0.63671,0.70105,0.73242,0.75299,0.77853,0.80183,0.81871,0.8328,0.87471,0.90298,0.92546,0.94707,0.95765,0.97974,1.0149,1.03575,1.05209,1.07757,1.10817,1.12155,1.20718,1.22992,0.89051,0.93644,0.9446,0.94074,0.94228,0.96112,0.95716,0.96027,0.96414,0.94282,0.94537,0.95142,0.97691,0.96217,0.9688,0.97768,1.0062,0.983,0.9862,0.98943,0.99563,0.99492,1.03599,0.98508,0.76295,0.0
100707_2023-07-28;100707_2024-06-02;105366_2024-07-06;106298_2023-06-14;106298_2023-08-01;106298_2024-08-12;106793_2023-04-10;107448_2024-08-12;108517_2024-05-21;108517_2024-07-13;110260_2024-02-01;110260_2024-12-09;113377_2023-08-03;113377_2023-08-10;113377_2024-01-08;113377_2024-06-13;113377_2024-08-24;116320_2023-01-28;116320_2024-04-04;116320_2024-11-01;120517_2024-08-07;120517_2024-11-08;121500_2023-03-22;121500_2024-01-25;121500_2024-02-24;121500_2024-09-09;121555_2023-10-09;121555_2024-08-25;123129_2023-07-13;123129_2024-02-01;123129_2024-07-05;125463_2023-06-17;125463_2023-12-21;125463_2024-01-22;127225_2023-12-05;127524_2023-07-08;127524_2024-03-16;127524_2024-04-05;127524_2024-09-05;129071_2024-08-11;129071_2024-10-24;132967_2023-11-03;132967_2023-11-12;132967_2024-07-16;133996_2023-04-09;133996_2023-10-02;136407_2023-09-30;142975_2023-04-09;142975_2023-08-21;146624_2024-05-25;147049_2023-08-22;147049_2024-04-11;147147_2023-06-07;147147_2023-11-10;147147_2024-01-18;151683_2024-09-19;151740_2024-12-21;152601_2023-11-27;155209_2023-07-18;157904_2024-01-01;157904_2024-01-23;157904_2024-05-25;157904_2024-12-15;161573_2023-04-21;161573_2023-10-14;161573_2024-07-23;163329_2023-03-29;163817_2024-11-27;164897_2023-03-26;164897_2024-08-06;165786_2023-02-10;166084_2023-09-19;166084_2024-09-23;169310_2023-06-02;169310_2024-07-08;170013_2023-06-07;171530_2023-05-31;172262_2023-07-08;172262_2024-03-18;172510_2024-05-21,0.72904,0.52959,10.81359,0.97697,1.03998,0.97697,0.92253,0.0,0.52694,0.67442,0.7167,0.75307,0.76597,0.78858,0.80831,0.82589,0.82756,0.86331,0.87806,0.86348,0.92642,0.93928,0.96706,1.02134,1.02856,1.03964,1.0586,1.10818,1.14985,1.24251,1.27135,0.87075,0.89518,0.87965,0.905,0.93495,0.95301,0.95166,0.94869,0.95307,0.9551,0.95947,0.96525,0.98815,0.99138,1.0018,0.99666,1.08331,0.97842,0.95966,0.93369,0.92978,1.52123,0.96205,0.94103,0.76894,0.0
100354_2023-06-07;100707_2024-07-11;104481_2024-01-19;106298_2023-02-01;106298_2023-11-11;106298_2024-08-12;107448_2023-02-24;107448_2024-11-26;108517_2024-04-07;108517_2024-05-27;108795_2024-05-15;110260_2023-09-02;112377_2024-01-18;113377_2024-06-26;116320_2024-06-20;120517_2023-04-01;120517_2024-10-01;121500_2024-12-01;127225_2023-05-09;127225_2024-09-15;127524_2024-10-18;128843_2023-04-05;128843_2024-05-16;129071_2023-02-19;129071_2023-05-02;130253_2023-07-26;130253_2024-05-17;132256_2024-03-31;132256_2024-12-13;132967_2023-12-02;132967_2023-12-31;132967_2024-11-29;133996_2023-04-02;136407_2023-09-24;136407_2024-08-01;138414_2023-01-16;139410_2023-03-06;142975_2023-08-21;142975_2023-10-18;142975_2024-06-07;142999_2023-05-01;142999_2024-03-13;146624_2023-08-08;146624_2024-05-25;147049_2023-11-20;147049_2024-01-27;147147_2023-10-10;147147_2023-11-02;151683_2023-03-15;151683_2024-09-19;151740_2023-10-14;151740_2024-12-21;152601_2023-10-21;152601_2024-08-27;155209_2023-07-18;160216_2023-04-09;160216_2024-03-08;160216_2024-06-07;160431_2023-03-01;163329_2024-09-29;163817_2023-02-09;163817_2023-07-05;163817_2024-01-21;163817_2024-05-09;163817_2024-06-23;163817_2024-11-27;164897_2023-01-29;165786_2023-02-10;165786_2023-10-16;165786_2024-04-08;166084_2024-01-13;168165_2023-03-10;169310_2024-10-03;170013_2024-05-20;170013_2024-06-23;171530_2024-06-13;172262_2023-06-20;172262_2024-05-27;172262_2024-11-20;172510_2024-09-26,0.61996,0.4904,10.81318,0.97707,1.0293,0.97707,0.92418,0.0,0.48261,0.62552,0.6861,0.72632,0.75519,0.78218,0.80391,0.8197,0.83009,0.86301,0.88878,0.90445,0.9207,0.93783,0.97542,1.03562,1.05876,1.07509,1.09588,1.11524,1.11402,1.18575,1.20643,0.90954,0.93657,0.94738,0.94785,0.95199,0.9521,0.95124,0.95172,0.9593,0.95213,0.95318,0.96007,0.96703,0.96853,0.97005,0.9785,1.00616,1.00713,1.00294,1.01218,1.00613,0.94174,0.98621,0.96613,0.76755,0.0
100354_2023-03-02;100354_2024-03-09;100707_2024-12-18;104481_2024-10-02;106298_2023-02-25;106793_2024-09-15;107448_2024-01-07;107448_2024-08-12;108517_2023-05-01;108517_2024-05-21;110260_2024-01-11;110260_2024-02-01;113377_2024-08-17;115937_2024-07-11;116320_2023-03-16;121500_2023-10-10;121500_2024-02-02;121555_2024-08-19;123129_2023-10-10;125463_2023-09-25;127524_2023-11-09;127524_2024-01-23;127524_2024-12-28;128843_2023-04-02;128843_2023-04-05;129071_2023-04-09;129071_2023-10-25;130253_2023-02-09;132256_2024-03-31;132967_2024-07-16;132967_2024-08-12;133165_2024-08-16;136407_2023-04-23;136407_2023-10-16;136407_2024-09-22;138414_2023-11-03;139410_2023-07-18;140211_2023-04-23;140649_2023-11-22;142975_2024-09-28;144492_2023-07-28;144492_2023-09-22;146624_2023-03-12;146624_2023-04-28;146624_2023-08-26;151740_2023-08-22;152601_2023-10-21;152601_2023-11-27;152601_2024-08-27;152601_2024-11-18;155209_2023-09-05;160216_2024-06-07;160216_2024-06-28;160431_2023-03-01;160431_2024-05-28;160431_2024-07-01;161573_2023-02-25;163329_2023-11-20;163595_2023-02-04;163817_2024-04-11;164897_2023-01-29;164897_2024-03-01;165786_2023-10-16;166084_2023-08-04;166206_2023-07-12;167494_2024-03-08;167494_2024-06-22;167494_2024-11-16;167494_2024-12-11;168165_2024-06-24;169310_2023-06-10;169310_2023-12-13;171530_2023-06-06;171530_2024-05-02;172262_2023-02-12;172510_2023-12-22;172510_2024-01-06;172510_2024-02-12;174968_2023-10-16;174968_2023-10-28,0.63414,0.51118,10.81644,0.95687,1.01586,0.95687,0.89659,0.0,0.49026,0.62942,0.68162,0.71668,0.73198,0.74307,0.75749,0.77348,0.78293,0.81265,0.85236,0.87793,0.90914,0.9345,0.96444,1.00323,1.02345,1.03769,1.05856,1.09638,1.11605,1.19731,1.22032,0.90168,0.92832,0.92395,0.92466,0.93007,0.96563,0.95771,0.96118,0.96608,0.93883,0.94142,0.94708,0.97642,0.9527,0.9647,0.97399,1.00756,0.95989,0.96106,0.95722,0.97868,0.93467,0.98533,0.92637,0.72181,0.0
100354_2024-12-28;100707_2024-12-18;104481_2023-08-15;104481_2024-10-02;105366_2023-09-16;106298_2023-02-01;106298_2023-04-26;106298_2024-08-12;106793_2023-04-10;106793_2024-12-22;107448_2023-09-20;107448_2024-12-04;108517_2024-05-21;108517_2024-05-27;108517_2024-05-30;108795_2024-05-15;108795_2024-11-23;110260_2024-02-01;113377_2023-02-13;113377_2023-08-10;115937_2024-06-30;115937_2024-09-25;116320_2024-11-29;121500_2024-01-25;121555_2024-08-25;123129_2023-08-08;123129_2023-10-10;123129_2024-06-13;125463_2024-03-27;127225_2023-12-05;128843_2024-05-16;129071_2023-02-19;129071_2024-12-19;130253_2024-09-21;132256_2024-11-19;132967_2023-02-02;132967_2024-11-29;133165_2024-02-02;136407_2023-12-20;138414_2023-01-16;138414_2023-11-03;138414_2024-11-09;139410_2024-07-16;140211_2023-04-23;140211_2023-06-14;140211_2023-11-11;140211_2024-02-16;140211_2024-06-18;140649_2024-06-14;144492_2023-07-28;144492_2023-12-08;147049_2024-04-22;147147_2023-11-02;151683_2023-03-15;151740_2023-03-12;152601_2024-03-10;152601_2024-08-01;160216_2023-04-09;160431_2023-09-29;160431_2024-05-11;160431_2024-07-01;161573_2023-04-21;161573_2024-02-04;161573_2024-07-29;161573_2024-08-23;163329_2024-08-29;163329_2024-09-29;163595_2023-02-04;166084_2023-02-20;166084_2023-08-10;166084_2024-09-20;166206_2023-07-12;167494_2023-08-27;168165_2023-03-10;168165_2024-05-28;169310_2023-12-13;170013_2024-05-20;172262_2024-02-12;172262_2024-09-18;172510_2024-05-21,0.62465,0.49997,10.81485,0.97056,1.02736,0.97056,0.90858,0.0,0.49224,0.61956,0.66803,0.71146,0.7348,0.76029,0.78849,0.80952,0.83079,0.86281,0.88536,0.90054,0.92298,0.93841,0.96899,1.01953,1.04328,1.05356,1.07403,1.10649,1.12195,1.19782,1.23144,0.92551,0.95742,0.96168,0.96422,0.96502,1.01736,1.01465,1.0206,1.02399,0.96541,0.96505,0.96904,0.98182,0.96727,0.97271,0.98035,1.00553,0.94824,0.94532,0.94207,0.94176,0.93299,0.95983,0.92953,0.7541,0.0
100354_2023-03-02;100354_2023-12-02;100707_2023-07-04;100707_2024-12-18;102016_2024-11-04;107448_2023-10-19;107448_2024-01-07;107448_2024-10-09;108517_2023-04-24;108517_2023-06-11;108517_2023-12-09;108517_2024-07-01;108795_2023-07-29;108795_2024-11-23;110260_2023-09-02;110260_2024-02-01;116320_2023-03-16;116320_2024-06-20;116320_2024-11-29;120517_2023-04-01;120517_2024-08-08;121555_2023-02-20;121555_2024-03-09;123129_2024-08-26;127225_2024-11-10;127524_2023-02-12;127524_2024-01-15;128843_2024-05-06;129071_2023-04-09;129071_2024-08-11;132967_2024-04-06;133165_2024-08-03;133996_2023-03-03;133996_2023-04-02;133996_2023-04-09;136407_2023-05-07;136407_2023-09-24;136407_2023-10-01;136407_2024-09-22;139410_2023-03-21;140649_2024-03-22;142975_2023-01-19;142975_2024-06-07;142999_2023-06-29;144492_2023-07-28;146624_2023-03-10;146624_2023-03-12;146624_2024-05-25;146624_2024-05-28;147049_2023-08-22;147049_2024-01-27;147147_2024-08-31;151683_2024-05-25;151740_2023-08-22;152601_2023-10-21;157904_2024-01-01;157904_2024-01-23;160216_2023-10-14;160431_2023-03-27;160431_2023-04-18;161573_2024-02-04;161573_2024-11-23;163595_2023-02-04;163817_2023-03-14;163817_2024-11-27;164897_2024-08-06;165786_2023-02-10;166084_2023-01-03;166084_2023-08-10;166084_2024-01-13;166084_2024-09-23;167494_2024-06-30;167494_2024-12-11;168165_2023-08-25;170013_2023-11-17;171530_2023-05-31;171530_2023-06-06;171530_2023-06-20;172262_2024-09-18;172510_2024-05-07,0.69987,0.54413,10.81945,0.95912,1.02116,0.95912,0.90084,0.0,0.5428,0.67262,0.70443,0.74208,0.75114,0.77804,0.79934,0.81729,0.81646,0.84683,0.86241,0.85006,0.90383,0.91634,0.94218,0.98563,1.00753,1.01867,1.05203,1.10798,1.13038,1.21638,1.23693,0.87908,0.90353,0.90431,0.92341,0.93433,1.00502,0.97655,0.98685,0.99506,0.93272,0.93162,0.96516,1.01694,0.97563,0.9688,0.97221,1.01011,0.95731,0.92171,0.89495,0.93421,1.53208,0.94998,0.92276,0.76713,0.0
100354_2023-05-30;100354_2024-03-09;100707_2024-12-18;102016_2024-03-27;102016_2024-04-10;104481_2023-11-01;104481_2024-10-02;105366_2023-09-16;106298_2024-03-13;106793_2023-09-21;107448_2023-11-16;107448_2024-10-09;108517_2023-12-09;108517_2024-05-27;108517_2024-05-30;108795_2023-12-14;108795_2024-04-26;116320_2023-03-16;116320_2024-05-09;116320_2024-12-14;120517_2024-08-07;121500_2023-05-20;121500_2023-08-12;121555_2023-10-09;123129_2023-07-13;123129_2024-07-05;127524_2024-06-25;128843_2024-02-22;129071_2023-02-19;129071_2023-04-09;129071_2024-04-09;129071_2024-07-19;130253_2023-07-26;130253_2024-05-14;132256_2024-01-07;132967_2024-08-12;132967_2024-11-29;133165_2024-08-03;133165_2024-08-21;133996_2024-11-02;136407_2023-09-24;136407_2024-09-22;139410_2023-03-06;140211_2023-11-11;140211_2024-06-18;142975_2023-11-02;142975_2024-10-10;142999_2024-06-11;147049_2023-12-19;147049_2024-04-11;147147_2023-06-07;147147_2023-11-02;151740_2023-03-12;151740_2023-10-14;151740_2024-07-24;155209_2024-11-11;157904_2023-11-11;160216_2023-03-29;161573_2023-04-07;161573_2024-08-23;163817_2023-03-14;164897_2023-07-03;164897_2023-08-13;164897_2024-08-06;166084_2023-08-04;166084_2023-09-19;166206_2023-07-12;166206_2024-09-14;167494_2024-12-11;168165_2024-06-18;168165_2024-06-24;169310_2023-01-03;169310_2024-07-08;170013_2023-06-07;170013_2023-11-17;171530_2023-03-22;171530_2023-05-31;172262_2023-11-11;172510_2024-05-07;174968_2023-10-16,0.65994,0.48571,10.81197,0.9625,1.02107,0.9625,0.90118,0.0,0.48299,0.62375,0.67987,0.71435,0.73286,0.7497,0.76851,0.78542,0.80128,0.83552,0.87551,0.90659,0.92888,0.94236,0.95692,1.00442,1.02352,1.03914,1.07135,1.11163,1.12231,1.20286,1.22972,0.88819,0.94178,0.943,0.94141,0.94269,0.98626,0.99326,0.99511,0.99753,0.94248,0.94402,0.94897,0.98725,0.95749,0.96283,0.97261,1.00265,1.02487,0.98088,0.94702,0.94302,0.92794,0.99576,0.91783,0.70904,0.0
100354_2024-03-09;100707_2023-07-28;100707_2024-12-03;100707_2024-12-18;106298_2023-02-25;106298_2024-08-12;106793_2023-06-09;106793_2023-10-28;106793_2024-09-15;107448_2024-07-03;107448_2024-10-09;108517_2023-07-12;108517_2024-05-27;108517_2024-07-01;110260_2024-06-10;112377_2023-02-13;112377_2024-01-18;112377_2024-10-02;113377_2023-07-01;115937_2024-06-30;115937_2024-09-25;118984_2023-04-25;118984_2023-08-29;120517_2024-07-01;121500_2024-07-24;127225_2023-05-09;127225_2024-07-07;127524_2023-11-09;127524_2024-04-05;128843_2024-05-16;129071_2023-03-16;130253_2024-05-17;130253_2024-08-31;132967_2024-02-20;136407_2023-04-22;136407_2024-09-22;138414_2024-04-18;139410_2023-03-06;140211_2023-06-14;140211_2023-11-11;140649_2023-01-20;140649_2023-12-03;142975_2023-01-19;142975_2023-04-09;142975_2023-10-18;142975_2024-06-07;146624_2023-01-11;146624_2024-05-25;147049_2024-04-11;147049_2024-08-15;147049_2024-11-03;147147_2023-04-24;151740_2023-03-12;151740_2024-12-21;152601_2023-01-18;152601_2023-10-21;152601_2024-08-27;155209_2023-04-23;155209_2024-11-11;157904_2023-03-31;157904_2024-05-25;160431_2023-03-27;163329_2023-06-28;163329_2024-08-29;163329_2024-09-01;163329_2024-09-29;163595_2023-02-25;163817_2024-02-14;164897_2024-11-16;166084_2023-01-03;166084_2024-04-26;167494_2024-12-11;168165_2024-01-17;169310_2023-01-03;169310_2024-07-01;170013_2024-11-12;172262_2023-11-11;172510_2023-03-10;172510_2024-02-12;172510_2024-09-26,0.68463,0.48643,10.82178,0.96024,1.01822,0.96024,0.90534,0.0,0.4927,0.63287,0.68892,0.7183,0.73621,0.75098,0.76388,0.77808,0.7925,0.81889,0.84671,0.86928,0.89194,0.91943,0.96463,1.00879,1.03508,1.0522,1.07771,1.10649,1.11783,1.19594,1.21745,0.8669,0.90006,0.90482,0.92372,0.92847,0.93051,0.93078,0.93795,0.94294,0.93111,0.93042,0.93788,0.95749,0.95818,0.96207,0.97877,1.01537,0.98826,0.99165,0.9778,0.9665,0.90603,0.94415,0.96133,0.75514,0.0
100354_2024-04-27;100354_2024-12-28;100707_2024-06-02;100707_2024-07-11;102016_2024-03-27;105366_2023-01-03;106298_2023-02-01;106793_2023-06-09;106793_2024-09-15;107448_2023-02-24;107448_2024-08-12;108795_2024-01-21;113377_2024-01-08;113377_2024-06-26;113377_2024-08-24;115937_2024-05-17;116320_2023-08-20;116320_2024-06-12;116320_2024-06-14;116320_2024-11-29;116320_2024-12-14;116320_2024-12-29;120517_2024-08-07;121500_2023-10-23;121500_2024-12-01;123129_2023-03-14;125463_2023-10-15;127225_2024-06-02;127524_2024-06-25;128843_2023-11-19;128843_2024-05-06;129071_2023-10-25;130253_2024-08-31;132256_2024-11-19;132967_2024-11-29;133165_2024-02-02;133165_2024-08-16;133996_2023-04-09;133996_2024-08-30;136407_2023-09-24;136407_2023-10-01;138414_2023-10-18;138414_2024-02-24;139410_2023-03-21;140211_2023-06-14;140211_2024-06-18;142999_2023-06-08;144492_2023-06-20;144492_2023-07-21;146624_2023-03-10;147147_2023-05-14;151683_2024-05-25;151740_2023-08-22;152601_2024-12-21;160216_2024-02-23;160216_2024-06-07;160431_2023-09-29;161573_2024-07-29;163329_2023-03-29;164897_2023-12-12;164897_2024-07-09;164897_2024-10-30;164897_2024-11-16;165786_2023-10-08;165786_2024-04-08;165786_2024-06-04;166084_2023-01-05;166084_2024-08-23;166206_2023-07-12;166206_2024-09-27;167494_2024-02-26;167494_2024-06-30;169310_2023-08-02;169310_2024-03-17;170013_2024-11-10;172510_2024-01-21;172510_2024-02-12;172510_2024-05-07;174968_2023-03-21;174968_2023-11-13,0.66054,0.49242,10.80925,0.98882,1.03852,0.98882,0.93295,0.0,0.48735,0.61483,0.67507,0.72552,0.75938,0.78906,0.82022,0.83886,0.85288,0.88105,0.90315,0.92503,0.95028,0.96683,1.00636,1.04487,1.06524,1.08369,1.10433,1.11946,1.11418,1.19359,1.21626,0.88102,0.93948,0.94195,0.94317,0.94471,0.94564,0.94404,0.94887,0.95195,0.94632,0.94806,0.95364,0.96042,0.96467,0.97112,0.979,1.00277,1.02989,1.04045,1.04895,1.03761,0.98156,1.0271,1.0166,0.7095,0.0
100354_2023-03-02;100354_2023-08-02;100354_2023-08-19;102016_2024-03-27;104481_2023-11-01;106298_2023-06-14;106298_2024-03-13;107448_2024-01-07;107448_2024-08-12;108517_2023-06-11;108517_2023-12-09;110260_2024-06-10;112377_2024-05-22;113377_2023-08-03;113377_2024-08-17;113377_2024-09-29;116320_2023-04-19;116320_2024-06-12;116320_2024-06-14;116320_2024-11-01;120517_2023-11-28;120517_2024-07-01;121555_2023-02-20;121555_2023-10-09;121555_2024-08-25;123129_2024-06-13;127524_2023-02-12;128843_2023-03-22;129071_2023-02-19;129071_2023-05-02;130253_2024-02-18;132256_2024-03-31;132256_2024-12-13;132967_2023-12-31;133165_2024-08-03;133165_2024-10-17;133996_2024-08-30;136407_2023-09-24;136407_2024-08-01;139410_2024-07-16;140211_2024-02-16;142975_2024-10-10;144492_2023-07-28;144492_2023-09-22;146624_2023-01-11;146624_2023-08-26;147049_2024-04-11;147147_2023-04-24;147147_2023-05-14;151740_2024-12-21;152601_2024-03-10;152601_2024-11-18;155209_2023-07-18;157904_2024-12-15;160216_2024-06-07;161573_2023-12-20;163329_2023-03-29;163595_2023-08-18;163817_2024-05-09;164897_2023-03-26;164897_2023-07-03;165786_2023-02-16;166084_2023-08-10;166084_2023-09-19;166084_2024-09-20;166206_2024-10-22;168165_2023-03-10;168165_2024-01-17;168165_2024-06-18;169310_2023-06-10;169310_2023-08-02;169310_2023-08-08;169310_2024-03-17;172262_2023-02-12;172262_2023-11-11;172262_2024-02-24;172262_2024-03-18;172262_2024-05-27;172510_2024-01-21;172510_2024-09-26,0.66399,0.48648,10.8107,0.96539,1.02133,0.96539,0.90761,0.0,0.47718,0.62111,0.67649,0.7143,0.73349,0.75185,0.76947,0.78524,0.80382,0.83733,0.8728,0.90255,0.92419,0.93705,0.96441,1.01606,1.03607,1.05463,1.08249,1.11079,1.11705,1.18918,1.21594,0.88935,0.93473,0.94191,0.94227,0.94382,0.95865,0.9533,0.95517,0.9601,0.95271,0.9554,0.95746,0.96424,0.96536,0.96214,0.9724,1.00271,0.98923,0.98165,1.00656,0.96793,0.93007,0.97272,0.94043,0.74793,0.0
100354_2023-03-02;100354_2023-08-02;102016_2023-07-20;104481_2023-09-01;105366_2024-07-06;106298_2023-04-26;106298_2023-08-01;106793_2024-06-14;107448_2024-07-03;107448_2024-10-09;107448_2024-12-04;108517_2024-04-07;108517_2024-05-27;108517_2024-07-13;112377_2023-02-13;112377_2023-10-18;112377_2024-01-18;113377_2024-06-13;115937_2023-03-01;115937_2024-07-11;116320_2023-08-20;116320_2024-06-14;116320_2024-11-29;120517_2024-07-01;121500_2024-12-01;123129_2024-08-26;127225_2023-05-30;127524_2024-09-05;128843_2023-11-19;128843_2024-06-27;129071_2024-08-11;129071_2024-12-19;130253_2024-09-21;132967_2023-02-02;132967_2024-02-20;132967_2024-08-12;133165_2024-08-21;133996_2023-03-03;133996_2023-04-20;136407_2023-04-22;136407_2023-04-23;136407_2023-05-07;136407_2023-09-30;136407_2023-10-16;138414_2024-02-24;140211_2024-06-18;142975_2023-11-02;142975_2024-09-28;142999_2023-05-01;144492_2023-06-20;144492_2023-07-28;147049_2023-12-19;147049_2024-04-11;147147_2023-10-10;147147_2024-01-18;151740_2023-08-22;152601_2024-12-21;157904_2023-03-31;157904_2024-01-23;161573_2023-10-14;161573_2024-02-04;161573_2024-08-06;161573_2024-11-23;163329_2024-09-29;163817_2024-11-27;164897_2023-12-12;166084_2023-08-10;166084_2023-09-19;166206_2023-01-05;168165_2023-02-15;169310_2023-06-02;170013_2023-10-01;171530_2023-06-20;172262_2024-01-06;172262_2024-05-27;172262_2024-09-18;172510_2024-01-21;172510_2024-05-21;172510_2024-09-26;174968_2024-04-14,0.68497,0.50252,10.81102,0.96165,1.03004,0.96165,0.90327,0.0,0.49226,0.63103,0.68155,0.71583,0.7371,0.75432,0.76932,0.78061,0.79413,0.81946,0.84844,0.86992,0.88848,0.90873,0.93831,0.99401,1.01481,1.02866,1.06851,1.12137,1.15354,1.25279,1.27233,0.85124,0.91838,0.91677,0.92425,0.92246,0.96932,0.96164,0.97082,0.97646,0.94716,0.95119,0.95935,0.99472,0.97855,0.98661,1.00029,1.05237,0.97512,0.95323,0.92933,0.94363,0.89964,0.99961,0.9553,0.76485,0.0
100354_2023-05-30;100707_2023-01-01;100707_2023-01-07;105366_2024-01-02;106298_2024-08-18;106793_2023-03-14;106793_2024-06-13;106793_2024-12-22;107448_2023-11-02;108517_2024-05-30;108517_2024-07-01;110260_2024-06-10;113377_2024-09-29;115937_2024-05-17;115937_2024-07-11;115937_2024-09-25;116320_2024-06-14;116320_2024-11-29;120517_2024-10-01;121500_2023-10-23;123129_2024-08-26;125463_2023-06-28;125463_2024-03-27;127225_2023-05-09;127225_2024-06-02;127225_2024-07-07;127524_2023-08-27;127524_2024-01-23;127524_2024-06-25;130253_2024-05-14;132256_2024-01-07;132967_2023-11-12;132967_2024-07-16;132967_2024-08-12;133165_2024-02-02;133165_2024-10-17;133996_2024-11-02;136407_2023-03-14;136407_2024-08-01;138414_2024-02-24;139410_2024-07-16;140211_2023-03-17;140211_2024-06-18;140649_2023-01-20;142975_2023-04-09;142975_2024-12-10;142999_2023-05-01;142999_2024-06-11;147147_2023-10-10;151740_2023-08-22;155209_2023-04-23;155209_2023-09-05;155209_2024-11-11;157904_2023-02-24;157904_2024-02-10;160216_2024-02-23;160216_2024-06-28;160431_2023-09-29;160431_2024-05-11;161573_2023-06-22;161573_2024-07-29;163595_2023-02-25;163595_2024-02-27;163817_2023-03-14;163817_2024-02-14;164897_2023-01-28;164897_2023-07-03;166084_2023-08-10;166084_2023-09-25;166084_2024-09-23;166084_2024-10-08;167494_2024-12-11;169310_2023-06-02;169310_2023-08-08;169310_2024-06-28;172262_2023-02-12;172510_2023-03-10;172510_2024-05-21;172510_2024-12-24;174968_2023-08-16,0.66059,0.51287,10.82152,0.96755,1.02239,0.96755,0.91522,0.0,0.49174,0.61737,0.67948,0.71833,0.74101,0.76198,0.77841,0.79325,0.80995,0.84294,0.86849,0.89007,0.91038,0.93162,0.97213,1.02605,1.04471,1.06084,1.08489,1.10961,1.11343,1.18822,1.21065,0.88644,0.91608,0.92644,0.92894,0.93279,0.93857,0.93308,0.93955,0.94239,0.93764,0.93114,0.93818,0.95154,0.95015,0.9589,0.97057,1.00931,1.00521,1.00456,1.00131,0.98949,0.93457,0.97706,0.9613,0.73744,0.0
100354_2023-06-07;100354_2024-06-25;100707_2024-04-01;102016_2024-10-15;104481_2023-11-01;104481_2024-01-19;104481_2024-05-05;106793_2024-09-15;107448_2023-11-02;108517_2023-05-01;108795_2023-07-29;108795_2023-12-14;112377_2023-01-26;112377_2024-05-22;113377_2023-02-27;113377_2023-07-01;113377_2024-06-13;116320_2023-08-20;116320_2024-04-04;116320_2024-11-29;120517_2023-11-28;120517_2024-08-08;121500_2023-08-12;121500_2024-02-02;121500_2024-09-09;121555_2024-08-25;125463_2023-11-30;127225_2023-12-05;127225_2024-09-15;127524_2023-02-12;127524_2024-03-16;128843_2023-04-05;130253_2023-02-09;130253_2023-05-03;132967_2024-02-20;133165_2024-11-27;133996_2023-06-12;136407_2023-10-01;136407_2024-09-22;138414_2024-02-24;139410_2024-07-16;142975_2023-01-19;142999_2024-03-13;144492_2023-06-20;144492_2023-12-08;146624_2024-05-28;147049_2023-11-20;147049_2024-08-15;147147_2023-06-07;151740_2023-08-22;151740_2024-07-24;155209_2023-01-10;157904_2024-02-10;157904_2024-12-15;160216_2023-03-29;160216_2024-08-17;160431_2023-03-01;161573_2024-07-23;161573_2024-08-06;163595_2023-08-18;163817_2024-01-26;164897_2023-09-05;165786_2023-02-10;166084_2024-04-26;166084_2024-09-23;166206_2024-09-27;167494_2024-10-26;167494_2024-11-16;168165_2024-06-24;169310_2023-01-03;169310_2023-06-10;169310_2023-08-08;169310_2024-10-05;170013_2023-11-17;170013_2024-11-10;172510_2023-03-10;172510_2024-01-06;174968_2023-10-16;174968_2023-10-28;174968_2024-04-14,0.67804,0.49475,10.81802,0.97232,1.02555,0.97232,0.92039,0.0,0.48161,0.62335,0.67831,0.71953,0.74345,0.76637,0.78462,0.80185,0.81622,0.84189,0.86826,0.891,0.91847,0.94288,0.9895,1.02854,1.04779,1.06495,1.08704,1.10838,1.11154,1.19663,1.21029,0.86571,0.91841,0.91406,0.9198,0.92486,0.94418,0.94092,0.93266,0.94796,0.94005,0.92979,0.94934,0.96022,0.94643,0.96487,0.97941,1.00815,0.99486,1.01497,1.01364,1.00238,0.93988,1.00041,0.9675,0.75085,0.0
100354_2023-09-22;100354_2024-12-28;100707_2023-07-04;102016_2023-07-20;102016_2024-11-04;105366_2023-09-16;107448_2023-02-24;107448_2024-08-12;107448_2024-10-21;108517_2023-04-24;108517_2023-07-12;108517_2023-08-02;108517_2023-11-05;108795_2023-07-29;110260_2023-06-23;110260_2024-01-11;113377_2024-08-17;116320_2023-08-02;118984_2023-04-25;120517_2024-07-01;121500_2024-02-02;121500_2024-12-01;123129_2023-03-09;123129_2024-06-13;125463_2023-06-18;127225_2023-12-05;127524_2024-03-16;127524_2024-10-18;127524_2024-12-28;129071_2024-12-19;130253_2024-03-23;132967_2024-07-16;132967_2024-08-07;133996_2023-10-02;136407_2024-08-01;139410_2024-03-11;140211_2023-03-17;140649_2024-06-14;142975_2024-09-28;144492_2023-06-20;144492_2023-07-28;144492_2023-09-22;146624_2023-03-20;147049_2023-11-20;147049_2023-12-19;147049_2024-04-17;152601_2023-01-18;155209_2023-01-10;155209_2023-09-05;155209_2024-07-16;157904_2023-03-31;157904_2023-11-11;160431_2024-07-01;161573_2023-10-14;161573_2024-07-23;161573_2024-08-06;163329_2024-09-29;163595_2023-11-21;163595_2024-05-08;163817_2023-02-09;163817_2024-02-14;163817_2024-04-11;163817_2024-06-23;164897_2023-01-28;164897_2023-07-03;164897_2024-08-06;164897_2024-10-30;165786_2023-02-16;165786_2023-09-07;166084_2023-09-19;166084_2024-09-23;167494_2024-02-26;168165_2024-05-28;169310_2023-06-10;169310_2023-08-02;170013_2023-06-07;170013_2024-05-20;172262_2024-02-24;172510_2024-09-26;174968_2024-05-19,0.68208,0.51043,10.81848,0.96151,1.02013,0.96151,0.91352,0.0,0.51328,0.66407,0.70694,0.74265,0.75597,0.76628,0.78647,0.79989,0.80446,0.84384,0.86824,0.87525,0.90018,0.91662,0.95368,0.99805,1.02084,1.03699,1.06926,1.10278,1.12311,1.20614,1.22679,0.85433,0.91182,0.90586,0.90878,0.91579,0.9447,0.94559,0.94749,0.95254,0.93024,0.93659,0.94281,0.97485,0.94695,0.96701,0.9827,1.01306,0.99524,0.98319,0.96141,0.95991,0.95012,0.97043,0.96473,0.77361,0.0
100707_2023-07-04;102016_2024-03-27;102016_2024-11-04;106298_2023-08-01;106793_2024-12-22;107448_2023-09-20;107448_2023-10-19;107448_2024-10-21;108517_2023-11-05;108517_2024-04-07;108517_2024-07-01;108795_2024-01-21;110260_2023-01-06;110260_2024-01-11;113377_2024-08-13;116320_2023-04-19;118984_2024-06-15;121500_2023-03-22;127524_2023-02-12;127524_2023-11-09;127524_2024-03-16;128843_2023-11-19;128843_2024-06-27;129071_2023-05-02;130253_2023-05-03;130253_2024-03-03;130253_2024-05-14;132256_2024-01-07;132967_2024-11-28;133165_2023-08-22;133996_2023-03-03;133996_2023-04-20;136407_2023-04-23;136407_2023-05-07;139410_2023-07-18;139410_2024-03-11;140211_2024-02-16;140649_2023-04-24;140649_2023-12-03;140649_2024-06-14;142975_2023-04-09;142999_2024-03-13;142999_2024-06-11;144492_2023-05-06;144492_2023-12-08;146624_2023-08-08;147147_2023-04-24;151683_2023-03-15;151683_2024-05-09;152601_2023-01-18;152601_2024-08-27;152601_2024-11-18;155209_2023-01-10;160216_2024-02-23;160216_2024-09-21;160431_2023-03-01;160431_2023-03-27;160431_2024-10-28;161573_2023-10-14;161573_2024-07-29;163329_2024-08-29;163595_2023-02-04;163595_2023-08-18;163817_2023-02-09;163817_2023-10-03;164897_2023-01-28;164897_2024-07-09;164897_2024-11-16;167494_2023-07-05;167494_2024-10-26;168165_2024-01-17;169310_2023-08-08;169310_2023-12-13;169310_2024-07-08;170013_2023-02-25;170013_2023-06-07;171530_2023-06-06;171530_2023-06-20;172262_2023-06-20;172510_2024-11-01,0.68257,0.51975,10.81888,0.9598,1.02243,0.9598,0.90194,0.0,0.50937,0.64587,0.69277,0.72893,0.74542,0.76527,0.78846,0.80477,0.80819,0.83191,0.86729,0.88183,0.89983,0.91654,0.94905,0.99247,1.0155,1.02849,1.05583,1.1016,1.13395,1.22617,1.24065,0.86658,0.91253,0.92501,0.91166,0.92337,0.95596,0.94334,0.9589,0.96136,0.94999,0.96135,0.96706,0.98166,0.98454,0.96351,0.98202,1.02318,0.95736,0.98477,0.95078,0.97731,0.93046,0.97089,0.94821,0.72169,0.0
100354_2024-12-28;100707_2023-01-07;100707_2023-09-06;102016_2024-04-10;102016_2024-10-15;104481_2024-07-30;106298_2023-11-11;106793_2023-04-10;106793_2024-12-22;107448_2024-10-21;108517_2023-06-11;108517_2024-07-01;108795_2024-04-26;110260_2023-12-25;112377_2024-05-22;113377_2023-02-13;116320_2023-01-28;116320_2023-04-19;118984_2024-12-11;120517_2024-08-07;121555_2023-02-20;121555_2023-10-09;121555_2024-03-31;123129_2023-03-14;123129_2023-08-08;123129_2024-02-01;125463_2023-06-18;127225_2023-05-30;127225_2023-12-05;127524_2024-01-23;127524_2024-09-05;127524_2024-10-26;129071_2024-04-09;130253_2024-03-23;132967_2023-12-02;132967_2023-12-31;132967_2024-04-06;132967_2024-11-28;132967_2024-11-29;133996_2023-04-02;133996_2023-04-09;133996_2023-04-20;133996_2023-10-02;136407_2023-09-24;138414_2024-02-24;140211_2023-04-23;140649_2023-01-20;140649_2023-04-24;140649_2024-03-22;142975_2023-08-21;144492_2023-05-06;144492_2023-07-21;144492_2023-09-22;147049_2024-01-27;151740_2023-01-09;151740_2023-08-22;151740_2024-07-24;152601_2023-11-27;160216_2023-10-14;160216_2024-06-28;163329_2023-06-28;163329_2023-11-20;163817_2023-02-09;163817_2023-10-03;163817_2024-05-09;163817_2024-06-23;164897_2024-10-30;165786_2024-06-04;165786_2024-09-04;166084_2023-08-04;166084_2023-09-19;166206_2023-01-05;167494_2023-08-27;168165_2023-03-10;169310_2024-07-01;172262_2023-07-08;172262_2024-09-18;172510_2024-12-24;174968_2023-02-25;174968_2023-03-21,0.65986,0.49377,10.81451,0.95747,1.01452,0.95747,0.90439,0.0,0.48588,0.62675,0.69473,0.73853,0.7603,0.78204,0.80147,0.81888,0.82897,0.85816,0.87585,0.88988,0.90618,0.92319,0.95077,0.99038,1.00901,1.02449,1.05147,1.08871,1.11703,1.20202,1.21748,0.84258,0.89773,0.89558,0.91155,0.92862,0.92785,0.93568,0.95518,0.94958,0.95392,0.95315,0.95189,0.96895,0.97786,0.98147,0.98048,1.02367,0.94292,0.95297,0.9447,0.9586,0.93617,0.99205,0.96088,0.77035,0.0
100354_2023-07-21;100707_2024-07-11;102016_2023-07-20;102016_2024-03-27;105366_2023-09-05;106298_2024-11-17;106793_2023-09-21;107448_2023-10-19;107448_2024-10-09;108517_2023-05-01;108517_2023-12-09;108517_2024-07-13;110260_2023-01-06;110260_2024-02-01;112377_2023-01-26;112377_2024-01-18;113377_2023-02-27;115937_2024-07-11;116320_2023-11-03;116320_2024-12-29;118984_2024-06-15;120517_2024-11-08;121500_2023-03-22;121500_2024-12-01;121555_2024-03-31;123129_2024-02-01;125463_2023-10-15;125463_2023-11-25;125463_2023-11-30;125463_2024-07-05;127524_2023-07-08;127524_2023-08-27;128843_2024-02-22;129071_2023-04-09;129071_2023-10-25;129071_2024-01-30;129071_2024-10-24;130253_2024-05-06;130253_2024-05-14;132256_2024-03-31;133996_2023-04-02;142975_2023-04-09;142975_2023-08-21;142999_2023-05-01;142999_2024-03-13;147049_2024-08-15;147147_2023-05-14;151683_2024-05-09;152601_2023-11-27;152601_2024-08-27;155209_2023-01-10;155209_2023-01-16;157904_2023-11-11;160216_2023-01-17;160216_2023-10-14;160216_2024-08-17;160431_2023-03-01;160431_2023-03-27;160431_2024-07-01;161573_2023-02-25;163329_2024-09-01;165786_2023-10-16;166084_2023-01-03;166084_2023-08-04;166084_2023-09-25;166206_2023-07-12;167494_2024-06-30;168165_2024-01-17;169310_2023-10-10;169310_2024-03-17;170013_2023-02-25;170013_2023-11-17;170013_2024-05-20;170013_2024-11-12;172262_2023-06-20;172510_2024-02-12;172510_2024-05-21;174968_2023-02-25;174968_2023-08-16;174968_2023-11-13,0.63808,0.48675,10.816,0.95424,1.01377,0.95424,0.8941,0.0,0.48835,0.61847,0.66885,0.70528,0.72475,0.74255,0.76156,0.7767,0.79063,0.82123,0.85051,0.88085,0.91288,0.9272,0.95445,0.9957,1.01825,1.03264,1.05809,1.09572,1.1172,1.20258,1.22234,0.86076,0.90821,0.91237,0.91646,0.91905,0.95862,0.95875,0.95015,0.96961,0.94069,0.93001,0.95039,0.98055,0.94702,0.96613,0.98079,1.0091,0.97716,0.96759,0.95376,0.97077,0.92983,0.97688,0.88875,0.68959,0.0
100707_2023-01-01;100707_2023-07-04;102016_2024-04-10;104481_2023-09-01;106793_2023-06-04;107448_2023-09-20;107448_2024-08-07;107448_2024-10-09;112377_2023-01-26;112377_2023-10-18;112377_2024-01-18;113377_2024-09-29;115937_2023-03-01;116320_2023-11-03;120517_2024-08-08;120517_2024-10-01;121500_2023-08-12;121500_2023-10-23;121500_2024-01-25;121555_2023-02-20;123129_2024-08-26;125463_2023-06-17;125463_2023-11-30;125463_2024-01-22;125463_2024-03-27;127225_2023-05-30;127225_2023-08-28;127524_2024-04-05;127524_2024-09-05;127524_2024-12-28;129071_2024-07-19;129071_2024-10-24;132256_2023-12-01;132967_2023-09-22;133165_2023-08-22;133165_2024-08-21;133165_2024-10-17;133996_2023-10-02;133996_2024-11-14;136407_2023-09-24;139410_2023-03-06;139410_2023-07-18;140211_2023-06-14;142975_2023-04-09;142975_2023-11-02;142975_2024-06-07;142999_2023-05-01;144492_2023-09-22;146624_2023-03-20;147049_2023-04-04;147049_2024-12-20;147147_2024-01-18;151683_2024-05-25;151740_2024-07-24;155209_2024-11-15;160216_2023-10-14;160216_2024-08-22;160431_2024-05-11;161573_2023-09-11;161573_2024-07-23;163595_2023-11-21;163817_2024-02-14;164897_2023-03-26;164897_2024-07-09;166084_2023-01-05;166084_2023-09-19;166084_2023-09-25;166084_2024-08-23;166206_2024-09-14;167494_2023-08-27;167494_2024-03-08;168165_2024-05-28;170013_2023-10-01;170013_2024-06-23;171530_2023-03-22;172262_2024-02-12;172262_2024-09-18;172510_2023-08-20;174968_2023-08-16;174968_2023-10-28,0.64525,0.49767,10.80909,0.97919,1.03262,0.97919,0.92067,0.0,0.4819,0.61654,0.66989,0.70918,0.73091,0.74934,0.76929,0.79025,0.80587,0.84949,0.89437,0.91464,0.93716,0.95831,0.99002,1.03583,1.05806,1.0779,1.0993,1.11774,1.11721,1.20092,1.22101,0.86094,0.92587,0.92699,0.93033,0.93187,0.93368,0.93354,0.9387,0.945,0.93573,0.93953,0.9527,0.96092,0.95714,0.97012,0.97305,1.00986,1.01888,1.02726,1.03753,1.02284,0.9639,1.00297,0.977,0.69367,0.0
100354_2024-04-27;100707_2024-04-01;102016_2023-07-18;102016_2024-04-10;105366_2024-01-02;106298_2023-05-06;106298_2024-11-17;106793_2023-09-21;106793_2024-06-14;107448_2023-08-23;107448_2023-11-16;107448_2024-01-07;107448_2024-08-07;107448_2024-11-26;108517_2023-07-12;108795_2023-07-29;110260_2024-06-10;113377_2023-02-27;115937_2023-03-01;116320_2024-06-12;116320_2024-11-29;118984_2023-04-25;121500_2024-09-09;123129_2024-08-26;125463_2023-06-28;125463_2023-11-30;127524_2023-08-27;127524_2024-01-23;128843_2024-05-06;130253_2024-03-23;132967_2024-04-06;133165_2024-08-16;133165_2024-08-21;133996_2024-08-30;138414_2023-10-18;139410_2023-07-18;140211_2023-04-23;140649_2024-03-22;140649_2024-06-14;142975_2023-04-09;144492_2024-06-12;146624_2023-08-08;147049_2024-11-03;147147_2023-11-02;152601_2023-01-18;152601_2024-03-10;152601_2024-08-27;160216_2023-03-29;160216_2023-04-09;160216_2023-10-14;160216_2024-03-06;160216_2024-06-07;160216_2024-06-28;160431_2024-05-28;161573_2023-06-22;161573_2023-09-11;161573_2023-10-14;163595_2023-02-04;163595_2024-02-27;163817_2023-02-09;163817_2024-01-26;165786_2024-06-04;166084_2023-01-03;166084_2024-08-23;166084_2024-09-20;167494_2023-08-27;167494_2024-11-16;168165_2023-03-10;168165_2024-01-17;169310_2023-06-02;169310_2023-06-10;169310_2023-10-10;170013_2024-05-20;171530_2023-06-20;172262_2023-11-11;172262_2024-02-12;172262_2024-05-27;172510_2023-08-20;172510_2024-01-21;172510_2024-09-26,0.66422,0.50911,10.80801,0.991,1.03976,0.991,0.95841,0.0,0.51238,0.66728,0.72516,0.75934,0.78782,0.81562,0.83367,0.85018,0.86599,0.89303,0.91625,0.93216,0.94935,0.96425,0.99889,1.03811,1.06012,1.07722,1.10309,1.1195,1.11382,1.19201,1.2145,0.88404,0.93172,0.93495,0.93553,0.93767,0.93712,0.93399,0.93586,0.93918,0.93705,0.94002,0.94654,0.95533,0.95834,0.96472,0.97376,1.00207,1.01952,1.03555,1.04496,1.02973,0.98858,1.03871,1.05025,0.90707,0.0
100354_2023-05-30;100354_2023-06-07;100354_2023-08-19;102016_2024-03-08;105366_2023-09-16;106793_2023-10-28;107448_2024-12-04;108517_2023-04-24;108517_2023-07-12;108517_2024-05-21;110260_2024-01-11;112377_2023-01-26;112377_2023-10-18;113377_2023-02-13;115937_2023-03-01;115937_2024-09-22;116320_2023-08-20;120517_2023-04-01;120517_2024-10-01;121500_2024-01-25;121500_2024-02-24;125463_2023-06-28;127225_2023-03-14;127225_2023-05-30;127225_2023-08-28;127225_2024-07-07;127524_2024-07-02;129071_2024-10-24;130253_2024-02-18;130253_2024-05-14;132256_2024-01-07;132967_2023-09-22;132967_2023-11-03;133996_2023-04-02;133996_2023-10-02;133996_2024-11-02;133996_2024-11-14;136407_2023-04-23;136407_2023-12-20;136407_2024-09-22;139410_2023-03-21;140211_2023-03-09;140211_2023-06-14;140649_2023-02-05;142999_2023-05-01;144492_2023-05-06;146624_2023-01-11;147049_2023-11-20;147049_2024-01-27;147147_2024-01-18;147147_2024-08-31;152601_2024-08-27;155209_2024-11-15;157904_2023-03-28;160216_2024-03-06;160216_2024-06-28;160216_2024-08-17;160431_2023-03-27;160431_2024-05-11;160431_2024-10-28;161573_2023-09-11;161573_2024-07-29;161573_2024-08-06;163329_2023-03-29;163329_2024-08-29;163817_2023-03-14;165786_2023-09-07;166084_2023-09-19;166206_2024-10-22;167494_2023-07-05;167494_2024-01-08;167494_2024-12-11;171530_2024-06-13;172262_2023-02-12;172262_2024-02-24;172262_2024-11-20;172510_2024-11-01;174968_2023-02-25;174968_2023-10-16;174968_2023-11-13,0.66001,0.49854,10.81946,0.96559,1.02357,0.96559,0.90926,0.0,0.48862,0.63265,0.68219,0.71841,0.74065,0.75697,0.77198,0.78521,0.79863,0.82402,0.85296,0.87634,0.90586,0.92423,0.95781,1.00721,1.03468,1.06296,1.09845,1.12205,1.11961,1.20134,1.22046,0.87333,0.92145,0.92406,0.92391,0.92368,0.94109,0.93666,0.93929,0.94305,0.92934,0.93137,0.93779,0.95829,0.94795,0.96097,0.97221,1.01061,1.03292,1.00962,1.00583,0.98119,0.92548,0.97757,0.94709,0.709,0.0
100354_2023-07-21;100354_2024-04-27;100707_2023-09-06;100707_2024-04-14;100707_2024-12-03;102016_2023-07-18;102016_2023-07-20;106298_2023-02-01;106298_2023-06-14;107448_2024-05-30;108517_2023-06-11;108517_2024-05-30;110260_2024-12-09;112377_2023-01-26;112377_2023-02-13;113377_2023-07-01;113377_2023-08-03;113377_2024-06-26;115937_2024-09-25;116320_2023-01-28;116320_2024-11-01;118984_2023-04-25;121500_2023-08-12;121500_2023-10-10;123129_2024-02-01;123129_2024-06-13;125463_2023-11-25;125463_2023-11-30;125463_2024-03-27;127225_2023-03-14;127225_2024-11-10;127524_2024-01-23;127524_2024-10-26;128843_2023-04-02;128843_2023-04-05;128843_2024-05-16;130253_2023-05-03;130253_2024-03-03;132256_2024-12-13;132967_2024-11-29;133165_2024-08-21;133996_2023-10-02;138414_2024-04-18;139410_2023-03-21;139410_2024-07-16;140649_2023-04-24;144492_2023-12-08;146624_2023-01-11;146624_2023-03-20;147049_2023-12-19;147049_2024-04-22;147147_2023-05-14;152601_2024-08-01;155209_2023-01-16;155209_2023-07-18;157904_2024-01-23;157904_2024-02-10;160216_2024-06-28;161573_2023-04-07;161573_2023-10-14;161573_2024-08-23;163595_2023-11-21;163817_2023-02-09;163817_2023-10-03;163817_2024-01-26;164897_2023-01-29;164897_2023-07-03;166206_2024-09-27;167494_2023-07-05;167494_2023-11-16;167494_2024-06-30;167494_2024-11-16;168165_2024-06-18;169310_2023-08-08;169310_2023-10-10;169310_2024-07-08;172262_2024-09-18;172510_2023-01-25;172510_2024-11-01;174968_2023-10-16,0.66762,0.49872,10.80925,0.9688,1.02733,0.9688,0.91083,0.0,0.48501,0.63079,0.68016,0.7146,0.73585,0.7502,0.76478,0.78173,0.79703,0.82994,0.86031,0.89385,0.91924,0.9361,0.97358,1.01684,1.0406,1.05786,1.08395,1.1154,1.12352,1.20758,1.2313,0.86708,0.92452,0.92636,0.93691,0.94,0.94187,0.93875,0.95207,0.95871,0.94247,0.94653,0.95596,0.97123,0.96479,0.96777,0.97417,1.00995,0.99858,1.00268,0.99682,1.00492,0.92445,0.96257,0.97297,0.70675,0.0
100354_2024-06-25;100354_2024-12-28;102016_2024-03-27;102016_2024-04-10;104481_2024-01-19;104481_2024-05-05;106298_2023-06-14;106298_2024-03-13;106793_2023-03-14;106793_2024-06-13;107448_2023-11-02;107448_2023-11-16;107448_2024-08-12;108517_2023-06-11;108517_2024-05-21;108517_2024-05-27;113377_2024-06-26;116320_2024-12-14;116320_2024-12-29;120517_2024-10-01;121500_2024-02-24;123129_2023-10-10;125463_2024-07-05;127225_2024-11-10;127524_2023-11-09;127524_2024-03-16;127524_2024-06-25;127524_2024-10-26;129071_2023-02-19;129071_2023-10-25;129071_2024-08-11;129071_2024-12-19;130253_2024-05-06;130253_2024-09-21;132256_2024-03-31;132967_2023-02-02;132967_2023-12-31;132967_2024-02-20;132967_2024-08-07;133165_2023-08-22;133165_2024-08-03;133165_2024-08-16;133996_2023-03-03;133996_2024-08-30;133996_2024-11-14;136407_2023-04-22;136407_2023-09-30;136407_2023-10-16;139410_2023-03-21;140211_2023-06-14;142975_2024-12-10;144492_2024-06-12;146624_2023-03-12;146624_2023-04-28;146624_2024-05-25;147049_2023-11-20;147049_2023-12-19;147147_2024-01-18;155209_2023-01-10;155209_2023-04-23;157904_2024-05-25;161573_2023-04-07;161573_2023-12-20;161573_2024-05-27;163817_2024-06-23;163817_2024-11-27;164897_2023-03-26;164897_2024-03-01;165786_2024-11-22;166084_2023-01-03;168165_2023-03-10;168165_2024-01-17;169310_2024-07-01;169310_2024-10-03;170013_2024-06-23;172262_2024-02-24;172262_2024-11-20;172510_2024-01-21;174968_2023-02-25;174968_2023-11-13,0.67831,0.49699,10.80876,0.97283,1.02894,0.97283,0.92106,0.0,0.49908,0.65441,0.70465,0.73527,0.75498,0.77252,0.79141,0.8115,0.83333,0.87572,0.89286,0.90633,0.92275,0.94338,0.98548,1.01676,1.03324,1.0461,1.0697,1.11303,1.12454,1.19666,1.22315,0.93104,0.96092,0.96452,0.95593,0.95699,0.97934,0.97242,0.98945,0.9871,0.97255,0.97549,0.9755,1.00021,0.97901,0.97072,0.97826,1.00253,1.01868,0.96298,0.95479,0.97521,0.95461,0.92554,0.94078,0.78221,0.0
100354_2023-09-22;100707_2024-06-02;102016_2023-07-20;102016_2024-04-10;105366_2024-01-02;105366_2024-07-06;107448_2023-10-19;108517_2023-05-01;108795_2023-07-29;108795_2024-01-21;110260_2023-12-25;110260_2024-02-01;112377_2023-10-18;113377_2023-02-27;120517_2023-03-07;120517_2023-04-01;120517_2024-07-01;121555_2024-03-31;125463_2023-12-21;127225_2023-03-14;127225_2023-08-28;127524_2024-01-23;127524_2024-07-02;127524_2024-09-05;129071_2023-10-25;129071_2024-08-11;130253_2023-07-26;130253_2024-03-03;130253_2024-09-21;132256_2023-12-01;132967_2023-11-03;132967_2023-12-02;133996_2024-08-30;138414_2024-02-24;142975_2023-01-19;142975_2023-04-09;142975_2023-11-02;142999_2024-06-11;146624_2023-08-08;147049_2024-11-03;147147_2023-06-07;147147_2023-10-10;152601_2024-08-27;155209_2023-01-16;155209_2024-07-16;157904_2023-11-11;157904_2024-12-15;160216_2023-01-17;160216_2023-03-29;160216_2024-03-08;161573_2023-02-25;161573_2023-04-07;163595_2023-08-18;163595_2023-11-21;163595_2024-05-08;163817_2023-07-05;163817_2023-10-03;163817_2024-11-27;164897_2024-03-01;164897_2024-07-09;165786_2023-10-16;165786_2024-09-04;166084_2024-04-26;166206_2024-09-14;166206_2024-09-27;167494_2023-11-16;167494_2024-01-23;167494_2024-02-26;167494_2024-06-22;167494_2024-11-16;168165_2024-06-18;169310_2024-03-17;169310_2024-10-03;170013_2023-02-25;172262_2023-11-11;172262_2024-05-27;172510_2024-12-24;174968_2023-02-25;174968_2024-04-14;174968_2024-05-19,0.68982,0.49833,10.81185,0.96658,1.02179,0.96658,0.91117,0.0,0.49,0.6186,0.67591,0.71831,0.74572,0.77094,0.79002,0.80778,0.82747,0.86364,0.89343,0.91518,0.9303,0.94167,0.96772,1.00655,1.0272,1.04254,1.06815,1.10103,1.11794,1.19455,1.21448,0.87378,0.91248,0.92236,0.93776,0.94719,0.95818,0.95633,0.96419,0.9678,0.9589,0.96126,0.966,0.97914,0.9675,0.96941,0.98486,1.00409,0.96586,0.97447,0.96635,0.97702,0.94962,0.96549,0.95717,0.72512,0.0
100354_2024-03-09;100707_2023-01-01;105366_2023-09-05;106298_2023-11-11;106793_2024-12-22;107448_2024-07-03;108517_2023-06-11;108517_2023-07-12;108517_2023-08-02;108517_2024-04-07;108517_2024-05-27;113377_2023-02-13;113377_2023-02-27;115937_2024-06-30;116320_2023-08-20;116320_2024-05-09;116320_2024-06-12;118984_2023-08-29;120517_2023-03-07;121500_2023-10-10;121500_2024-02-24;121500_2024-07-24;121500_2024-09-09;121555_2024-03-09;121555_2024-08-25;123129_2023-03-09;123129_2023-07-13;123129_2024-07-05;123129_2024-08-11;125463_2023-11-30;127225_2023-05-30;127524_2024-01-15;128843_2024-05-06;129071_2023-03-16;129071_2023-04-09;129071_2023-10-25;129071_2024-04-09;130253_2023-02-09;132256_2023-12-01;132967_2023-12-31;133165_2024-08-16;136407_2023-10-01;136407_2024-08-01;139410_2023-03-21;140649_2023-04-24;142975_2024-10-10;142999_2023-06-08;146624_2023-04-28;146624_2023-08-08;147049_2024-11-03;147147_2024-01-18;155209_2023-01-16;157904_2024-01-01;157904_2024-12-15;160431_2023-04-18;160431_2023-09-29;161573_2023-04-21;161573_2024-08-06;161573_2024-08-23;163817_2023-03-14;163817_2024-02-14;163817_2024-04-11;163817_2024-06-23;165786_2024-06-04;166084_2024-10-08;167494_2024-10-26;167494_2024-11-16;168165_2023-02-15;168165_2024-01-17;169310_2023-01-03;169310_2023-12-13;170013_2024-11-12;171530_2023-05-31;171530_2023-06-20;172510_2023-11-29;172510_2024-01-21;172510_2024-05-07;172510_2024-11-01;174968_2023-11-13;174968_2024-04-14,0.66617,0.49253,10.81469,0.95901,1.0162,0.95901,0.89827,0.0,0.48594,0.62587,0.68645,0.73349,0.76197,0.77794,0.79459,0.80414,0.81063,0.83404,0.85702,0.87219,0.89031,0.91017,0.95249,1.00735,1.03417,1.04555,1.0692,1.10279,1.11624,1.18667,1.21082,0.89903,0.91057,0.93707,0.94338,0.94289,0.95469,0.9522,0.96298,0.97745,0.93854,0.94158,0.94474,0.96755,0.956,0.9645,0.976,1.006,0.97741,0.97002,0.95634,0.98188,0.89602,0.95975,0.89241,0.70167,0.0
100354_2023-06-07;100354_2023-07-21;100354_2024-03-09;102016_2023-07-20;102016_2024-03-08;102016_2024-04-10;104481_2024-05-05;104481_2024-07-30;104481_2024-10-02;105366_2024-01-02;106298_2023-02-04;106793_2023-09-21;108517_2023-05-01;108517_2023-11-05;108795_2024-06-13;110260_2023-06-23;115937_2024-06-30;115937_2024-09-25;116320_2024-06-12;118984_2023-08-29;120517_2023-03-07;121500_2023-10-10;121500_2023-10-23;121500_2024-02-24;121555_2024-08-25;123129_2023-03-09;123129_2023-03-14;123129_2023-08-08;125463_2023-11-25;127225_2023-05-02;127524_2023-11-09;127524_2024-01-23;127524_2024-12-28;129071_2023-04-09;129071_2024-07-19;129071_2024-12-19;130253_2024-03-23;130253_2024-05-14;130253_2024-08-31;132967_2024-07-16;133996_2023-03-03;136407_2023-03-14;136407_2023-12-20;139410_2024-07-16;140211_2023-11-11;140649_2023-04-24;140649_2024-03-22;142975_2024-09-28;144492_2024-06-12;146624_2023-03-12;146624_2023-08-26;147049_2023-08-22;147049_2024-04-17;147049_2024-04-22;151683_2023-03-15;151683_2024-05-21;152601_2023-11-27;152601_2024-08-27;155209_2023-04-23;157904_2023-02-24;160216_2024-02-23;163329_2024-09-01;163329_2024-09-29;164897_2024-03-01;166084_2023-08-04;166084_2023-08-10;166084_2023-09-25;167494_2023-11-16;167494_2024-02-26;167494_2024-03-08;167494_2024-11-16;168165_2023-03-10;169310_2024-10-05;170013_2024-06-23;170013_2024-11-10;171530_2023-03-22;171530_2023-06-06;171530_2023-06-20;172262_2023-02-12;172510_2023-03-10,0.66958,0.50662,10.8136,0.96326,1.0203,0.96326,0.91409,0.0,0.496,0.64082,0.69392,0.73329,0.75448,0.77602,0.79263,0.80267,0.81318,0.83776,0.8618,0.88171,0.90855,0.92463,0.95154,1.00201,1.02935,1.04623,1.0802,1.10799,1.11616,1.20461,1.21834,0.84666,0.90708,0.90153,0.91213,0.92162,0.95252,0.93218,0.93524,0.95815,0.92908,0.9327,0.94018,0.97701,0.95162,0.97619,0.97077,1.02043,0.99037,0.99736,0.97937,0.97113,0.9353,0.98828,0.96181,0.79334,0.0
100354_2024-04-27;100707_2023-01-07;100707_2024-04-01;100707_2024-12-18;104481_2023-11-01;105366_2023-09-05;105366_2023-09-16;106793_2023-09-21;106793_2024-06-14;107448_2024-05-30;108517_2023-05-01;108517_2024-04-07;112377_2024-01-18;113377_2023-02-13;113377_2023-08-10;113377_2024-09-29;115937_2024-07-11;116320_2024-04-04;116320_2024-12-14;120517_2023-04-01;121500_2024-02-24;121500_2024-09-09;121555_2024-08-19;123129_2023-03-14;123129_2024-07-05;127225_2023-03-14;127225_2024-07-07;127524_2024-01-23;128843_2023-04-13;128843_2024-02-22;129071_2024-04-09;130253_2024-05-06;132256_2024-01-07;132967_2024-02-20;132967_2024-07-16;133165_2024-08-03;133165_2024-08-16;133165_2024-10-17;133996_2023-10-02;136407_2023-10-16;136407_2024-08-01;138414_2023-01-16;139410_2023-03-06;140649_2024-03-22;142975_2023-11-02;142999_2023-06-29;146624_2023-03-10;147049_2024-04-11;147049_2024-04-17;151683_2024-05-21;152601_2024-12-21;155209_2023-05-10;157904_2023-11-11;157904_2024-02-10;160216_2024-02-23;160216_2024-09-21;163595_2023-02-25;163595_2023-08-18;163817_2024-02-14;164897_2023-01-28;164897_2023-01-29;164897_2023-07-03;164897_2023-09-05;164897_2024-07-09;165786_2024-09-04;166084_2024-04-26;166206_2024-09-14;167494_2023-08-27;167494_2023-11-16;167494_2024-03-08;167494_2024-12-11;168165_2024-06-18;169310_2024-10-03;170013_2023-11-17;170013_2024-06-23;171530_2023-03-22;172510_2023-12-22;172510_2024-05-07;174968_2023-02-25;174968_2023-08-16,0.61196,0.49088,10.8192,0.96309,1.01944,0.96309,0.90714,0.0,0.48235,0.62713,0.68123,0.72802,0.75052,0.77099,0.78337,0.79462,0.80421,0.83059,0.86045,0.89072,0.91088,0.92968,0.96489,1.01145,1.03491,1.04901,1.0697,1.09716,1.11344,1.20297,1.21712,0.84213,0.89601,0.89864,0.91789,0.92521,0.93217,0.92238,0.93865,0.94302,0.93426,0.93955,0.9477,0.96492,0.96068,0.95328,0.9769,1.02468,0.96967,0.98757,0.98547,0.98646,0.93693,0.96571,0.95611,0.72363,0.0
102016_2023-07-18;102016_2024-11-04;104481_2024-01-19;106298_2023-02-04;106298_2023-02-25;106793_2024-12-22;107448_2023-08-23;107448_2024-01-07;107448_2024-10-09;107448_2024-12-04;108517_2024-07-01;112377_2023-01-26;113377_2024-06-26;113377_2024-08-13;113377_2024-08-24;115937_2024-10-13;116320_2024-06-12;118984_2024-06-15;120517_2023-04-01;120517_2023-11-28;121555_2024-03-09;123129_2023-10-10;123129_2024-08-11;125463_2023-06-17;125463_2024-03-27;127225_2023-05-02;127225_2024-06-02;127524_2023-02-12;127524_2023-07-08;127524_2023-08-27;127524_2024-01-15;129071_2024-01-30;130253_2024-03-03;130253_2024-09-21;132256_2024-12-13;132967_2023-02-02;132967_2023-12-02;133165_2024-08-03;133996_2023-04-02;136407_2023-09-24;136407_2023-09-30;138414_2023-01-16;138414_2023-11-03;138414_2024-02-24;140211_2023-03-09;140649_2023-01-20;140649_2024-06-14;142975_2023-01-19;142975_2024-12-10;144492_2023-07-28;146624_2023-08-26;147147_2023-06-07;151683_2024-05-25;151740_2023-03-12;152601_2023-02-14;155209_2023-01-10;155209_2023-09-05;157904_2024-02-10;160216_2023-03-29;160216_2023-10-14;160216_2024-02-23;160431_2024-05-28;161573_2024-11-23;163329_2023-03-29;163329_2024-09-29;163817_2024-05-09;164897_2023-09-05;166084_2024-09-20;166084_2024-09-23;166206_2023-01-05;166206_2024-09-27;168165_2024-05-28;169310_2023-06-10;169310_2023-08-08;170013_2023-10-01;171530_2024-06-13;172262_2024-01-06;172510_2023-08-20;172510_2024-01-06;174968_2023-10-28,0.62694,0.49516,10.82612,1.02497,1.07404,1.02497,0.9591,0.0,0.4809,0.61806,0.68731,0.73968,0.77387,0.803,0.82812,0.8513,0.87131,0.92593,0.96249,0.98326,0.99823,1.01103,1.04125,1.09754,1.11347,1.12254,1.14131,1.16173,1.15906,1.21388,1.22626,1.04325,1.03465,1.0291,1.02756,1.03212,1.04245,1.03358,1.03856,1.0389,1.01327,1.01325,1.01395,1.03108,1.01466,1.01723,1.02178,1.04169,1.03796,1.04166,1.03358,1.05974,1.03859,1.05763,0.98215,0.73992,0.0
100354_2023-05-30;100354_2023-08-02;100707_2024-04-01;100707_2024-12-18;102016_2024-03-27;106298_2024-08-18;107448_2024-01-07;107448_2024-08-12;108517_2023-12-09;108795_2023-12-14;108795_2024-06-13;110260_2023-12-25;113377_2024-01-04;113377_2024-08-24;116320_2023-03-16;116320_2024-11-29;121500_2024-02-24;121500_2024-09-09;121555_2023-02-14;123129_2023-03-09;123129_2024-02-01;125463_2023-06-28;125463_2023-10-09;125463_2024-01-22;127524_2023-02-12;127524_2024-04-05;127524_2024-09-05;128843_2023-03-22;128843_2024-06-27;129071_2024-01-30;129071_2024-07-19;129071_2024-08-11;130253_2024-08-31;132967_2023-09-22;132967_2024-11-29;133165_2024-08-16;133996_2023-04-20;136407_2023-03-14;136407_2023-10-01;136407_2023-12-20;140211_2023-04-23;140211_2024-02-16;140649_2023-11-22;144492_2023-05-06;146624_2023-03-10;146624_2024-05-25;147049_2024-04-17;147049_2024-04-22;151683_2023-10-20;151683_2024-05-21;151740_2023-08-22;157904_2023-03-28;157904_2023-03-31;157904_2023-11-11;157904_2024-05-25;160216_2023-01-17;160216_2024-02-23;160216_2024-03-06;160216_2024-06-28;160431_2023-03-27;163329_2024-08-29;163817_2023-07-05;163817_2024-01-21;164897_2024-11-16;165786_2024-11-22;166084_2023-08-10;166084_2024-04-26;166206_2024-09-27;167494_2023-07-05;167494_2024-01-23;167494_2024-11-16;167494_2024-12-11;169310_2023-06-02;171530_2023-06-06;172262_2024-09-18;172510_2023-03-10;172510_2024-01-06;172510_2024-05-21;174968_2023-08-16;174968_2023-11-13,0.67115,0.4887,10.81185,0.95965,1.01545,0.95965,0.90573,0.0,0.48007,0.63054,0.70174,0.74717,0.77406,0.80006,0.81629,0.8274,0.83488,0.85529,0.87475,0.89008,0.90729,0.9211,0.95077,0.9908,1.01811,1.03341,1.05698,1.09417,1.1125,1.19592,1.21294,0.86543,0.91307,0.91968,0.92451,0.93495,0.953,0.94445,0.95182,0.97147,0.93671,0.93879,0.94021,0.97132,0.96019,0.97277,0.9769,1.00011,0.97475,0.97583,0.93223,0.97947,0.91405,0.98309,0.94829,0.75243,0.0
100354_2023-03-02;100354_2023-07-21;100354_2023-09-22;100354_2024-03-09;100354_2024-12-28;100707_2024-12-18;102016_2024-03-27;102016_2024-06-29;104481_2023-08-15;105366_2024-01-02;106298_2023-02-25;106298_2023-06-14;107448_2023-11-16;107448_2024-12-04;108517_2024-07-01;108517_2024-07-13;108795_2024-06-13;113377_2024-06-13;113377_2024-08-13;113377_2024-08-24;115937_2024-07-11;116320_2023-03-16;116320_2023-08-02;116320_2023-08-20;116320_2023-11-03;121500_2024-01-25;121500_2024-02-02;121500_2024-07-24;121500_2024-12-01;121555_2023-10-09;123129_2023-03-09;123129_2024-07-05;123129_2024-08-11;127225_2023-05-30;127225_2024-09-15;127524_2024-03-16;127524_2024-10-18;127524_2024-12-28;128843_2023-03-22;128843_2024-02-22;128843_2024-05-16;130253_2023-02-09;130253_2024-05-14;130253_2024-05-17;132256_2023-12-01;132967_2023-09-22;132967_2024-11-28;133165_2024-03-01;133165_2024-03-19;133996_2024-11-02;138414_2023-10-18;139410_2023-03-21;144492_2023-07-28;146624_2024-05-25;151683_2024-05-21;152601_2023-01-18;155209_2023-07-18;160216_2023-03-29;160216_2024-06-07;160431_2024-05-11;160431_2024-07-01;161573_2023-04-21;161573_2024-05-27;163329_2024-08-29;163595_2024-02-27;163595_2024-05-08;164897_2024-08-06;166084_2023-01-03;166084_2023-02-20;166084_2023-08-10;166084_2024-04-26;166206_2023-01-05;166206_2024-10-22;167494_2024-06-30;168165_2023-03-10;169310_2023-06-02;169310_2023-10-10;171530_2023-03-22;172510_2023-03-10;172510_2024-01-21,0.63277,0.49173,10.80829,0.97836,1.03072,0.97836,0.91663,0.0,0.49004,0.6193,0.67293,0.72045,0.74595,0.77306,0.79651,0.81742,0.83414,0.85607,0.87619,0.89685,0.92586,0.95345,0.99375,1.02898,1.05681,1.07908,1.10094,1.11865,1.11268,1.18995,1.21167,0.89002,0.94471,0.9464,0.94629,0.94793,0.94589,0.94857,0.95357,0.95731,0.9486,0.94904,0.95337,0.95957,0.96461,0.96949,0.97627,1.0012,1.02951,1.04132,1.0473,1.02271,0.92134,0.97871,0.97933,0.6926,0.0
100354_2023-08-02;100354_2023-08-19;100354_2024-03-09;100707_2023-07-04;100707_2024-07-11;106298_2023-02-01;106298_2023-04-26;106298_2024-08-12;106793_2023-04-10;106793_2023-06-04;106793_2023-06-09;107448_2023-02-24;107448_2024-01-07;108517_2023-04-24;108517_2023-08-02;108517_2024-07-13;108795_2023-07-29;108795_2024-04-26;108795_2024-11-23;110260_2023-12-25;110260_2024-01-11;112377_2024-01-18;113377_2023-02-13;113377_2023-08-10;116320_2023-08-02;116320_2024-11-29;123129_2024-06-13;125463_2024-01-22;125463_2024-07-05;127225_2023-05-09;127225_2023-12-05;127225_2024-06-02;127225_2024-06-27;127524_2024-07-02;127524_2024-10-26;128843_2023-04-02;129071_2023-05-02;130253_2024-02-18;132967_2024-08-07;133996_2023-04-20;133996_2024-11-02;139410_2024-03-11;139410_2024-07-16;142975_2023-11-02;142975_2024-12-10;146624_2023-01-11;146624_2023-04-28;146624_2023-08-26;147049_2023-12-19;147049_2024-01-27;147147_2024-08-31;151683_2024-05-09;151740_2024-07-24;157904_2024-05-25;161573_2023-04-07;161573_2023-10-14;163329_2024-08-29;163595_2023-11-21;163817_2024-06-23;164897_2023-09-05;165786_2023-02-16;165786_2024-06-04;166084_2023-08-10;166084_2024-08-23;166084_2024-09-20;166084_2024-10-08;166206_2024-09-27;167494_2024-01-23;167494_2024-12-11;168165_2023-03-10;171530_2023-03-22;171530_2024-06-13;171530_2024-09-18;172262_2024-02-24;172262_2024-09-18;172510_2023-08-20;172510_2023-11-29;172510_2024-12-21;174968_2023-03-21;174968_2023-08-16,0.66225,0.49114,10.81036,0.95812,1.01856,0.95812,0.90166,0.0,0.48767,0.63551,0.6824,0.71654,0.73813,0.76066,0.77981,0.79385,0.81258,0.8503,0.87471,0.89126,0.90986,0.92312,0.94724,0.98802,1.00687,1.02649,1.0593,1.10254,1.12602,1.21578,1.23382,0.85129,0.91875,0.91868,0.92485,0.93087,0.97094,0.95724,0.96054,0.97371,0.93421,0.93842,0.95641,0.99335,0.95975,0.97775,0.97711,1.01631,1.0005,0.9535,0.9273,0.94905,0.92668,0.98808,0.92177,0.75444,0.0
100354_2023-03-02;100707_2023-07-04;100707_2023-07-20;100707_2024-04-01;102016_2024-06-29;104481_2023-08-15;106298_2023-02-25;106298_2023-08-01;107448_2023-08-23;107448_2024-05-30;108517_2023-07-12;108517_2023-12-09;108517_2024-05-21;108517_2024-05-27;110260_2023-01-06;110260_2024-12-09;112377_2024-01-18;113377_2024-01-04;113377_2024-08-13;116320_2024-05-09;116320_2024-12-14;120517_2023-04-01;120517_2024-08-08;121500_2023-05-20;121500_2023-10-23;121500_2024-01-25;121555_2024-08-19;123129_2024-08-26;125463_2023-11-30;127225_2023-12-05;127225_2024-09-15;127524_2023-07-08;127524_2024-01-23;128843_2023-11-19;128843_2024-05-16;129071_2023-02-19;129071_2023-05-02;129071_2024-04-09;130253_2024-03-03;130253_2024-03-23;130253_2024-05-06;130253_2024-08-31;132967_2023-09-22;133165_2024-08-03;133165_2024-08-21;133996_2023-04-02;133996_2023-04-20;138414_2023-11-03;139410_2023-06-21;142975_2023-11-02;146624_2023-01-11;146624_2023-08-08;151683_2023-03-15;151683_2024-05-09;151740_2023-03-12;151740_2023-08-22;151740_2024-04-21;157904_2023-03-28;160216_2023-03-29;161573_2023-06-22;161573_2024-05-27;163329_2023-03-29;163329_2024-09-29;163595_2023-02-04;163595_2023-08-18;163817_2023-02-09;164897_2024-03-01;166084_2023-01-03;166084_2023-09-25;166206_2024-09-14;166206_2024-10-22;167494_2023-08-27;168165_2024-05-28;169310_2023-12-13;169310_2024-07-01;169310_2024-07-08;170013_2023-10-01;171530_2024-03-17;171530_2024-05-02;172262_2024-05-27,0.58979,0.47687,10.80813,0.95929,1.02134,0.95929,0.90358,0.0,0.47651,0.62263,0.67867,0.72038,0.73979,0.76005,0.78108,0.79645,0.80859,0.84022,0.86881,0.888,0.90639,0.92395,0.94945,0.99075,1.01518,1.03063,1.05836,1.10115,1.13085,1.2165,1.24009,0.87031,0.90743,0.90459,0.92596,0.93356,0.95716,0.951,0.95933,0.96723,0.93874,0.94277,0.95456,0.9895,0.96459,0.97141,0.98192,1.01926,0.94616,0.95222,0.92806,0.97273,0.91771,0.99573,0.93993,0.76178,0.0
100354_2023-08-02;100354_2023-12-02;100354_2024-04-27;100354_2024-06-25;102016_2024-03-08;105366_2023-09-16;106298_2023-02-01;106298_2023-11-11;106793_2023-04-10;106793_2024-09-15;107448_2024-07-03;107448_2024-11-26;110260_2023-06-23;110260_2024-06-10;112377_2024-10-02;113377_2023-08-10;113377_2024-08-13;120517_2023-11-28;121500_2024-12-01;121555_2024-03-31;123129_2024-07-05;125463_2024-01-22;125463_2024-03-27;127524_2024-06-25;128843_2023-04-02;129071_2024-12-19;132967_2023-12-31;133165_2024-08-16;133996_2023-04-20;136407_2024-08-01;138414_2023-10-18;140649_2023-04-24;140649_2023-11-22;142975_2023-01-19;142975_2024-06-07;142999_2023-06-29;142999_2024-03-13;142999_2024-06-11;146624_2023-03-10;147147_2024-08-31;151740_2023-01-09;152601_2024-03-10;155209_2024-11-11;155209_2024-11-15;157904_2023-03-31;157904_2024-05-25;157904_2024-12-15;160431_2024-05-11;161573_2023-06-22;161573_2024-07-23;161573_2024-08-06;161573_2024-11-23;163329_2023-11-20;163595_2024-02-27;163817_2023-07-05;163817_2024-01-26;163817_2024-04-11;163817_2024-06-23;164897_2023-03-26;164897_2023-08-13;164897_2024-07-09;165786_2023-09-07;165786_2024-11-22;166084_2023-01-05;166084_2024-09-23;166206_2024-09-14;167494_2023-07-05;168165_2024-05-28;169310_2023-01-03;169310_2023-06-02;169310_2023-10-10;169310_2023-12-13;170013_2023-02-25;171530_2023-06-06;172262_2023-07-08;172262_2024-03-18;172510_2023-11-29;172510_2024-01-06;174968_2023-03-21;174968_2023-10-16,0.67455,0.49275,10.81672,0.9544,1.01452,0.9544,0.91118,0.0,0.50125,0.64137,0.7055,0.74543,0.76915,0.78748,0.80299,0.81462,0.82441,0.84652,0.86699,0.88063,0.8975,0.91257,0.93905,0.98582,1.00707,1.01923,1.04599,1.08735,1.12041,1.20909,1.23231,0.85884,0.90097,0.88891,0.91007,0.9184,0.93606,0.93112,0.93518,0.93959,0.93476,0.94648,0.94305,0.97938,0.95905,0.95559,0.98045,1.03568,0.94499,0.96349,0.95571,0.96314,0.93275,0.99338,0.97238,0.85033,0.0
100354_2023-08-19;100354_2023-09-22;104481_2024-07-30;105366_2023-09-16;106298_2023-02-25;106298_2023-08-01;106793_2023-04-10;106793_2024-06-14;107448_2023-11-02;107448_2024-01-07;107448_2024-07-03;107448_2024-08-12;108517_2024-05-21;110260_2023-01-06;110260_2023-06-23;112377_2024-01-18;112377_2024-05-22;113377_2024-09-29;116320_2024-06-12;116320_2024-06-14;116320_2024-12-14;121500_2024-09-09;123129_2023-07-13;123129_2024-06-13;125463_2023-06-18;125463_2023-11-25;127524_2023-02-12;127524_2024-01-15;128843_2024-06-27;129071_2023-02-19;129071_2024-10-24;130253_2024-03-23;130253_2024-05-06;132256_2024-03-31;132256_2024-12-13;132967_2024-07-16;133165_2024-11-27;133996_2023-04-20;136407_2023-09-30;136407_2023-10-01;138414_2023-10-18;139410_2023-06-21;139410_2023-07-18;139410_2024-07-16;140649_2023-11-22;142975_2023-01-19;142975_2023-10-18;142975_2024-09-28;142975_2024-12-10;142999_2023-06-29;147049_2023-08-22;147049_2023-11-20;147049_2024-01-27;151683_2024-05-21;151740_2023-01-09;151740_2023-08-22;155209_2023-04-23;157904_2023-02-24;157904_2024-12-15;160216_2024-08-22;161573_2023-10-14;161573_2023-12-20;161573_2024-02-04;163595_2023-02-04;163595_2023-08-18;164897_2023-01-29;164897_2023-07-03;165786_2024-11-22;166084_2023-09-25;166084_2024-04-26;166206_2024-10-22;167494_2024-12-11;169310_2024-10-03;170013_2023-11-17;172262_2024-11-20;172510_2024-01-06;172510_2024-12-24;174968_2023-08-16;174968_2023-10-16;174968_2023-10-28,0.62823,0.49158,10.81112,0.97582,1.02668,0.97582,0.9233,0.0,0.48811,0.63503,0.69271,0.73736,0.76437,0.78959,0.81074,0.83584,0.86215,0.89301,0.9101,0.92237,0.93999,0.95323,0.98308,1.01773,1.0361,1.05341,1.0752,1.10228,1.11459,1.19044,1.20617,0.87377,0.9233,0.92719,0.93341,0.94025,0.9565,0.95486,0.96386,0.96531,0.9606,0.96229,0.96813,0.9817,0.97497,0.98287,0.996,1.00411,0.99261,0.9927,1.00422,0.99384,0.92782,1.0027,0.97659,0.79601,0.0
100354_2023-08-02;100707_2024-06-02;100707_2024-07-11;100707_2024-12-03;100707_2024-12-18;102016_2024-04-10;102016_2024-10-15;104481_2023-08-15;106298_2023-11-11;106298_2024-08-18;106793_2023-03-14;107448_2024-08-12;108517_2023-04-24;108517_2024-04-07;108517_2024-05-30;108795_2023-12-14;108795_2024-11-23;110260_2023-01-06;112377_2024-01-18;113377_2023-08-03;113377_2023-08-10;113377_2024-01-08;115937_2023-03-01;116320_2024-06-12;116320_2024-12-14;118984_2024-06-15;121500_2023-10-23;121500_2024-01-25;121555_2023-02-14;121555_2023-10-09;121555_2024-08-19;125463_2023-06-18;125463_2023-10-15;127225_2024-06-27;128843_2023-04-13;130253_2023-07-26;130253_2024-09-21;132256_2024-01-07;132967_2024-04-06;133165_2024-11-27;133996_2023-04-02;136407_2024-08-01;139410_2023-07-18;140211_2023-03-09;142999_2023-06-29;144492_2024-06-12;146624_2023-03-10;147049_2024-04-17;147049_2024-11-03;147147_2023-04-24;147147_2023-11-02;151683_2024-05-09;151683_2024-05-21;151740_2023-01-09;152601_2023-02-14;152601_2024-12-21;155209_2023-01-10;157904_2023-03-31;160216_2023-10-14;160216_2024-02-23;160216_2024-03-08;160431_2023-03-01;160431_2024-05-28;161573_2024-07-23;163329_2024-09-01;163595_2023-11-21;163817_2024-02-14;164897_2023-03-26;166084_2023-08-10;166084_2024-09-23;166084_2024-10-08;166206_2024-10-22;167494_2024-11-16;168165_2024-01-17;169310_2023-06-10;169310_2024-10-05;171530_2024-03-17;172262_2023-06-20;172262_2024-11-20;172510_2024-12-24,0.69264,0.51827,10.8231,0.98832,1.03712,0.98832,0.93999,0.0,0.51306,0.69498,0.73558,0.76815,0.7847,0.80135,0.82863,0.85664,0.86334,0.88989,0.9103,0.89441,0.95633,0.96802,1.00331,1.03484,1.04165,1.06653,1.09673,1.11839,1.11906,1.18732,1.20422,0.91372,0.92386,0.93537,0.93558,0.93542,0.94089,0.94047,0.94109,0.94423,0.93123,0.93419,0.9373,0.95301,0.95096,0.95935,0.97229,1.00792,1.0035,1.0142,1.02136,1.01268,1.42394,0.96488,1.38706,0.88661,0.0
102016_2024-11-04;104481_2024-10-02;105366_2023-09-05;105366_2024-01-02;106298_2023-02-01;106298_2023-02-25;106298_2023-04-26;106793_2023-04-10;106793_2024-09-15;106793_2024-12-22;107448_2023-02-24;107448_2024-05-30;107448_2024-11-26;108517_2023-04-24;108517_2023-05-01;108517_2024-05-21;108795_2023-07-29;112377_2023-02-13;112377_2023-10-18;113377_2023-02-27;115937_2024-05-17;116320_2024-12-14;121500_2024-09-09;121555_2024-03-09;123129_2023-07-13;123129_2023-08-08;125463_2023-10-15;125463_2023-12-21;127225_2023-05-30;127225_2023-08-28;127225_2024-06-27;127524_2023-02-12;127524_2024-10-18;128843_2024-05-16;129071_2024-01-30;130253_2023-02-09;130253_2024-05-17;132256_2023-12-01;132256_2024-12-13;132967_2023-11-03;132967_2024-08-07;133165_2023-08-22;133165_2024-08-03;133996_2023-03-03;136407_2023-04-22;139410_2023-06-21;142975_2023-10-18;142975_2023-11-02;144492_2023-12-08;147049_2024-08-15;147147_2023-11-02;151683_2024-05-09;151740_2023-03-12;152601_2024-08-01;152601_2024-11-18;155209_2023-01-16;155209_2023-09-05;160431_2023-04-18;160431_2024-05-28;161573_2024-05-27;161573_2024-07-29;163329_2024-08-29;163595_2023-02-04;163595_2024-02-27;163817_2023-02-09;164897_2023-01-28;164897_2023-08-13;164897_2024-07-09;166084_2023-01-03;166206_2024-10-22;167494_2024-11-16;168165_2023-02-15;169310_2023-10-10;171530_2023-05-31;171530_2023-06-06;171530_2024-06-13;172262_2024-11-20;172510_2023-01-25;172510_2024-11-01;174968_2023-08-16,0.65465,0.48526,10.81566,0.9603,1.01804,0.9603,0.9011,0.0,0.4805,0.61027,0.6721,0.71381,0.74163,0.76098,0.77243,0.78465,0.79782,0.82238,0.85548,0.87627,0.90373,0.92246,0.96016,1.01234,1.03194,1.04772,1.07408,1.10489,1.11649,1.19588,1.21403,0.8711,0.90582,0.91935,0.92924,0.93491,0.94175,0.94171,0.9463,0.96009,0.94418,0.93662,0.95392,0.97135,0.95534,0.97531,0.97505,1.00932,0.98973,0.98171,0.96844,0.97829,0.92111,0.95717,0.94592,0.70303,0.0
100707_2024-04-01;102016_2024-03-27;102016_2024-06-29;102016_2024-10-15;104481_2023-11-01;105366_2023-01-03;106298_2023-02-25;106298_2023-11-11;106298_2024-08-18;106298_2024-11-17;107448_2023-11-02;108517_2023-07-12;108517_2024-07-13;108795_2023-12-14;110260_2024-02-01;112377_2024-10-02;113377_2023-08-10;115937_2024-10-13;116320_2024-05-09;121500_2024-02-24;121555_2024-03-31;121555_2024-08-19;123129_2024-02-01;125463_2023-06-17;125463_2023-10-15;125463_2023-11-25;125463_2023-12-21;127225_2023-12-05;127524_2024-09-05;127524_2024-10-26;129071_2023-10-25;130253_2023-07-26;130253_2024-03-03;130253_2024-09-21;132256_2024-01-07;133165_2024-03-19;133996_2024-11-14;136407_2023-03-14;138414_2023-10-18;138414_2023-11-03;139410_2023-06-21;140211_2023-11-11;140211_2024-02-16;140649_2023-01-20;140649_2023-12-03;142975_2024-06-07;142999_2023-06-08;142999_2024-03-13;142999_2024-06-11;144492_2023-09-22;146624_2023-03-10;147147_2023-10-10;151683_2023-03-15;151683_2023-10-20;151740_2024-04-21;151740_2024-12-21;152601_2024-03-10;152601_2024-12-21;160216_2024-03-08;160431_2023-04-18;161573_2024-07-29;161573_2024-08-23;163817_2023-07-05;163817_2023-10-03;163817_2024-01-21;164897_2023-09-05;165786_2023-02-10;166084_2023-02-20;166084_2023-08-10;166084_2024-09-20;166206_2023-07-12;167494_2024-01-08;168165_2024-06-24;169310_2023-01-03;169310_2023-06-02;169310_2023-08-08;170013_2023-06-07;172262_2023-11-11;172510_2024-11-01;174968_2023-03-21,0.60395,0.48436,10.81488,0.9726,1.02676,0.9726,0.91015,0.0,0.49126,0.62079,0.66805,0.70449,0.71871,0.73652,0.75639,0.77367,0.78653,0.83151,0.8697,0.89593,0.92167,0.93918,0.97845,1.02629,1.07617,1.08682,1.10638,1.12084,1.11387,1.18587,1.20586,0.91421,0.94259,0.94484,0.94354,0.94382,0.95027,0.94749,0.94635,0.9489,0.93943,0.94188,0.94527,0.9549,0.95702,0.96368,0.97459,1.00475,1.0131,1.03049,1.03536,1.00987,0.90653,0.95457,0.94745,0.67979,0.0
100354_2023-03-02;100354_2023-05-30;100707_2023-07-04;100707_2023-07-28;100707_2024-04-01;100707_2024-06-02;104481_2023-08-15;106793_2023-10-28;107448_2024-01-07;107448_2024-08-12;108517_2023-12-09;112377_2024-01-18;113377_2024-01-08;113377_2024-08-17;115937_2024-06-30;116320_2024-06-20;116320_2024-11-29;116320_2024-12-29;120517_2024-07-01;121500_2023-03-22;121500_2023-10-23;121500_2024-09-09;123129_2024-08-26;125463_2023-06-17;125463_2023-06-18;125463_2023-06-28;125463_2023-11-25;127225_2023-05-30;127524_2024-07-02;127524_2024-12-28;128843_2023-03-22;128843_2023-04-02;128843_2023-11-19;130253_2023-05-03;130253_2024-02-18;130253_2024-08-31;132967_2023-12-31;132967_2024-04-06;138414_2023-01-16;138414_2024-02-24;140649_2023-01-20;144492_2023-07-28;144492_2023-12-08;146624_2023-03-10;146624_2023-03-12;146624_2024-05-25;147049_2023-11-20;151683_2024-09-19;151740_2024-12-21;155209_2023-01-10;155209_2023-04-23;155209_2023-07-18;155209_2024-11-11;160216_2023-10-14;160431_2024-10-28;161573_2024-07-29;163595_2023-02-25;163595_2023-11-21;164897_2023-01-29;164897_2024-11-16;165786_2023-02-10;165786_2024-06-04;166084_2023-01-05;166084_2023-08-10;166084_2024-09-23;166206_2023-07-12;166206_2024-09-14;166206_2024-09-27;167494_2024-03-08;167494_2024-11-16;168165_2024-01-17;168165_2024-05-28;170013_2024-05-20;170013_2024-11-12;171530_2024-03-17;172262_2023-06-20;172262_2024-02-12;172262_2024-03-18;172510_2024-01-21;172510_2024-09-26,0.62966,0.49892,10.80858,0.95969,1.01719,0.95969,0.89589,0.0,0.49125,0.61419,0.67029,0.71122,0.73061,0.74417,0.76264,0.78028,0.79586,0.83859,0.8689,0.89749,0.92413,0.93733,0.96332,1.00038,1.02125,1.04081,1.06957,1.10474,1.11707,1.19125,1.21259,0.90322,0.93373,0.94222,0.94462,0.94512,0.95685,0.96412,0.9691,0.96895,0.96042,0.96012,0.95744,0.97347,0.9654,0.97275,0.97435,1.00213,0.97432,0.97518,0.9585,0.97928,0.92211,0.96886,0.93138,0.70577,0.0
100707_2023-07-20;102016_2024-10-15;104481_2024-10-02;105366_2023-01-03;106298_2023-02-04;106298_2023-02-25;106298_2024-08-18;106793_2024-06-14;107448_2023-09-20;107448_2024-05-30;107448_2024-10-09;107448_2024-12-04;108517_2023-05-01;108795_2024-01-21;108795_2024-06-13;110260_2023-01-06;110260_2023-06-23;113377_2023-02-27;115937_2024-06-30;115937_2024-09-22;120517_2024-08-08;121500_2023-10-23;121500_2024-07-24;125463_2023-09-25;125463_2024-03-27;127524_2023-11-09;127524_2024-09-05;128843_2023-04-02;128843_2024-05-06;129071_2023-03-16;130253_2023-02-09;130253_2023-05-03;130253_2024-02-18;130253_2024-05-06;130253_2024-05-14;132967_2024-02-20;133165_2024-02-02;133996_2023-04-20;136407_2023-09-24;136407_2023-10-01;136407_2023-10-16;136407_2024-08-01;139410_2023-03-21;142975_2023-10-18;142999_2023-05-01;142999_2024-03-13;144492_2023-12-08;147049_2024-12-20;151683_2023-03-15;151683_2023-10-20;151683_2024-09-19;151740_2023-03-12;152601_2023-11-27;157904_2023-11-11;157904_2024-12-15;160216_2024-09-21;160431_2023-03-01;161573_2023-04-07;161573_2023-06-22;161573_2023-09-11;161573_2024-07-29;161573_2024-11-23;163329_2024-09-29;163595_2024-09-22;163817_2024-06-23;166084_2023-01-05;166084_2024-09-20;166206_2024-09-14;167494_2023-07-05;167494_2024-01-23;169310_2023-12-13;169310_2024-03-17;169310_2024-07-01;169310_2024-10-03;172262_2024-01-06;172510_2023-03-10;172510_2024-12-21;174968_2023-03-21;174968_2023-10-16;174968_2023-10-28,0.65498,0.49007,10.81109,0.97651,1.03015,0.97651,0.92006,0.0,0.48688,0.6283,0.68175,0.71938,0.73686,0.75911,0.78005,0.80268,0.82347,0.85594,0.88436,0.91295,0.93512,0.95176,0.97933,1.02387,1.05332,1.07272,1.09525,1.11365,1.11654,1.20094,1.21814,0.86291,0.92838,0.92362,0.92888,0.93077,0.95135,0.93779,0.9423,0.95534,0.94666,0.9405,0.95686,0.96912,0.95702,0.97126,0.97308,1.00981,1.00643,1.01678,1.02353,0.99868,0.94892,1.0089,0.98549,0.70998,0.0
100354_2023-06-07;100354_2024-06-25;100707_2023-07-04;100707_2023-09-06;100707_2024-12-18;102016_2024-04-10;104481_2023-08-15;104481_2024-05-05;105366_2023-01-03;105366_2024-07-06;106298_2023-06-14;106298_2023-08-01;106298_2024-03-13;106793_2023-04-10;107448_2023-11-16;108517_2023-06-11;108517_2024-05-27;108795_2024-06-13;108795_2024-11-23;110260_2023-09-02;112377_2023-02-13;112377_2024-05-22;113377_2024-01-04;113377_2024-08-17;118984_2023-04-25;120517_2024-07-01;123129_2023-03-14;123129_2024-06-13;123129_2024-07-05;125463_2023-10-15;125463_2023-11-30;127225_2024-06-27;127524_2024-04-05;128843_2023-04-13;128843_2024-05-16;129071_2023-03-16;129071_2024-10-24;130253_2024-03-03;132256_2024-01-07;132967_2023-12-31;132967_2024-08-07;133165_2024-03-01;133165_2024-08-03;136407_2023-09-24;136407_2024-09-22;138414_2024-11-09;139410_2024-07-16;140211_2023-03-17;144492_2023-07-28;144492_2024-06-12;146624_2023-03-20;147049_2023-08-22;147049_2023-11-20;151683_2024-05-25;151683_2024-09-19;151740_2023-01-09;152601_2023-11-27;155209_2023-01-10;155209_2023-07-18;155209_2024-11-11;157904_2024-05-25;161573_2024-05-27;161573_2024-11-23;163817_2024-01-26;164897_2023-09-05;165786_2024-11-22;166084_2024-01-13;166084_2024-08-23;166206_2023-07-12;167494_2024-01-23;168165_2023-03-10;169310_2023-06-10;169310_2023-08-08;169310_2024-07-08;169310_2024-10-05;170013_2023-10-01;171530_2023-03-22;174968_2023-10-28;174968_2023-11-13;174968_2024-04-14,0.68189,0.49511,10.80909,0.98053,1.03572,0.98053,0.91885,0.0,0.48507,0.62608,0.68501,0.72036,0.73701,0.75554,0.77772,0.79794,0.81626,0.86015,0.90005,0.92395,0.94682,0.96067,0.98373,1.02534,1.05188,1.07345,1.09871,1.12756,1.12395,1.20646,1.24674,0.87643,0.94046,0.94219,0.94188,0.94284,0.94751,0.99693,1.00142,1.00456,0.99929,0.94819,0.95269,0.96155,0.96083,0.96652,0.97488,1.00445,1.02816,1.04049,1.0443,0.98751,0.91489,1.00089,0.97982,0.67288,0.0
100354_2023-09-22;100354_2024-04-27;100707_2023-01-01;100707_2023-07-04;100707_2023-09-06;100707_2024-04-01;100707_2024-12-03;106298_2023-05-06;106793_2023-06-09;106793_2024-06-14;108517_2023-04-24;108517_2023-06-11;108517_2024-04-07;108517_2024-05-21;108517_2024-05-30;112377_2024-10-02;113377_2024-06-13;113377_2024-06-26;115937_2024-07-11;116320_2023-03-16;116320_2023-04-19;116320_2024-05-09;118984_2024-06-15;120517_2023-11-28;121500_2023-08-12;121555_2024-03-09;125463_2023-10-15;127225_2023-05-30;127225_2024-07-07;127524_2024-07-02;127524_2024-10-26;128843_2023-03-22;129071_2024-08-11;130253_2023-05-03;130253_2024-02-18;132256_2024-11-19;132967_2023-02-02;133165_2023-08-22;133165_2024-03-01;133996_2023-04-02;133996_2024-08-30;133996_2024-11-14;136407_2023-04-22;136407_2023-09-24;140211_2023-03-09;140211_2023-06-14;140649_2023-02-05;140649_2023-12-03;142975_2024-10-10;142999_2024-03-13;144492_2023-05-06;146624_2023-08-08;146624_2024-05-28;147147_2023-04-24;147147_2023-10-10;147147_2024-01-18;151683_2024-05-21;151740_2023-01-09;151740_2024-07-24;152601_2024-08-01;155209_2023-07-18;157904_2023-03-28;160216_2023-03-29;160431_2024-10-28;161573_2024-07-29;163329_2024-08-29;163595_2023-02-25;165786_2024-04-08;165786_2024-09-04;166084_2023-02-20;166084_2024-10-08;167494_2024-01-23;167494_2024-12-11;169310_2023-01-03;169310_2023-06-02;169310_2024-03-17;169310_2024-10-05;170013_2024-05-20;172262_2024-01-06;172262_2024-02-24,0.70434,0.51123,10.81671,0.96834,1.03824,0.96834,0.91056,0.0,0.50839,0.64728,0.69362,0.71718,0.72848,0.74754,0.76377,0.77895,0.79343,0.82023,0.84487,0.86858,0.89466,0.91204,0.94649,1.00734,1.02746,1.04307,1.07017,1.1275,1.16491,1.26022,1.29091,0.87452,0.92011,0.8938,0.90551,0.91683,0.94277,0.93126,0.95309,0.97174,0.94742,0.94628,0.97221,1.01673,0.98929,1.00694,1.01595,1.06836,1.01437,0.96189,0.93313,0.9202,0.91356,0.98547,0.91834,0.78924,0.0
100354_2023-03-02;100354_2024-03-09;100707_2024-06-02;102016_2024-03-08;102016_2024-10-15;104481_2023-11-01;104481_2024-10-02;105366_2023-01-03;106298_2023-11-11;106793_2023-03-14;107448_2023-11-02;107448_2024-10-21;108517_2023-05-01;108517_2023-07-12;110260_2023-12-25;110260_2024-06-10;112377_2023-01-26;112377_2024-10-02;113377_2024-08-17;115937_2024-09-25;115937_2024-10-13;116320_2024-06-20;116320_2024-11-29;120517_2024-10-01;123129_2024-02-01;123129_2024-07-05;125463_2023-10-09;125463_2024-01-22;127225_2023-05-02;127225_2024-11-10;127524_2023-02-12;127524_2023-11-09;129071_2024-07-19;129071_2024-10-24;132967_2024-02-20;132967_2024-07-16;133165_2024-10-17;133996_2023-03-03;133996_2023-06-12;133996_2024-08-30;136407_2023-03-14;136407_2023-04-23;136407_2023-05-07;136407_2024-08-01;139410_2023-03-06;139410_2023-07-18;139410_2024-03-11;140211_2023-03-09;142999_2024-06-11;146624_2023-04-28;146624_2024-05-25;147049_2023-11-20;147049_2024-11-03;147147_2023-06-07;147147_2023-10-10;147147_2024-01-18;151683_2023-03-15;151683_2023-10-20;151683_2024-05-21;151683_2024-05-25;151740_2023-03-12;155209_2023-07-18;157904_2023-11-11;157904_2024-01-23;157904_2024-02-10;157904_2024-05-25;160216_2024-03-06;160431_2023-03-27;161573_2023-04-21;164897_2024-07-09;166084_2024-09-23;166206_2023-01-05;167494_2024-03-08;167494_2024-06-22;168165_2023-08-25;168165_2024-06-24;169310_2024-07-08;170013_2023-02-25;170013_2024-11-12;172262_2024-05-27,0.69451,0.53425,10.81939,0.96537,1.02272,0.96537,0.91663,0.0,0.53215,0.6812,0.72558,0.75831,0.77188,0.79753,0.81692,0.83273,0.83089,0.85958,0.87422,0.85784,0.91487,0.92099,0.9529,1.00844,1.02348,1.0356,1.06115,1.10528,1.12305,1.19407,1.22202,0.90669,0.92132,0.93404,0.94206,0.95027,0.96098,0.95325,0.95521,0.97203,0.95156,0.95402,0.95719,0.97474,0.96544,0.96131,0.97115,1.0046,0.97568,0.95632,0.9352,0.95191,1.52396,0.93304,0.93887,0.8087,0.0
100354_2023-05-30;100354_2023-08-19;100707_2023-09-06;100707_2024-12-03;104481_2024-07-30;104481_2024-10-02;106298_2023-04-26;106793_2023-06-04;108517_2023-04-24;108517_2023-06-11;108517_2024-05-27;108795_2024-06-13;110260_2023-01-06;110260_2023-09-02;112377_2024-10-02;113377_2024-01-08;115937_2023-03-01;115937_2024-05-17;116320_2023-03-16;116320_2023-08-02;116320_2024-06-14;118984_2023-08-29;118984_2024-06-15;120517_2023-11-28;120517_2024-07-01;120517_2024-08-07;121500_2023-03-22;121500_2024-09-09;121555_2024-03-31;125463_2023-10-15;125463_2023-12-21;125463_2024-01-22;127225_2024-06-27;127524_2024-12-28;129071_2023-04-09;129071_2024-12-19;130253_2024-03-23;130253_2024-05-17;132967_2023-12-02;132967_2023-12-31;132967_2024-04-06;133996_2023-10-02;133996_2024-11-02;136407_2023-03-14;138414_2024-11-09;139410_2023-03-06;140211_2023-03-17;140649_2024-03-22;140649_2024-06-14;142975_2023-11-02;142975_2024-06-07;144492_2023-05-06;144492_2023-06-20;146624_2023-01-11;147049_2024-01-27;147049_2024-04-22;147049_2024-12-20;147147_2023-05-14;147147_2024-01-18;152601_2023-01-18;157904_2023-03-31;160216_2024-08-22;160431_2023-04-18;161573_2023-02-25;161573_2024-02-04;163595_2023-02-04;163595_2023-02-25;165786_2024-11-22;166206_2023-07-12;167494_2023-08-27;167494_2024-06-22;167494_2024-06-30;167494_2024-12-11;168165_2023-02-15;168165_2024-05-28;171530_2024-06-13;172262_2024-02-12;172262_2024-05-27;172510_2023-01-25;172510_2023-11-29,0.67012,0.49376,10.81858,0.95869,1.02686,0.95869,0.89829,0.0,0.48973,0.63627,0.68456,0.72001,0.73515,0.75543,0.77355,0.79112,0.80269,0.82965,0.862,0.88198,0.90084,0.91564,0.94526,0.99014,1.01192,1.01288,1.04,1.10754,1.14946,1.23581,1.26137,0.91275,0.93705,0.9408,0.94401,0.96597,1.0046,0.98703,1.01028,1.01851,0.99746,1.00118,0.99394,1.05179,0.96921,0.9715,0.98874,1.02318,0.90835,0.92058,0.85026,0.96387,0.90121,0.95309,0.9297,0.75597,0.0
100354_2023-07-21;100354_2024-12-28;102016_2023-07-18;102016_2024-04-10;104481_2024-01-19;104481_2024-10-02;106298_2024-08-18;106793_2023-06-04;107448_2023-02-24;108795_2023-07-29;110260_2023-01-06;110260_2024-01-11;110260_2024-02-01;112377_2023-02-13;112377_2024-01-18;116320_2023-03-16;118984_2023-08-29;121500_2024-12-01;121555_2024-03-09;123129_2023-03-09;123129_2023-03-14;123129_2024-06-13;125463_2023-06-17;127225_2024-06-27;127225_2024-09-15;128843_2024-02-22;128843_2024-06-27;129071_2023-02-19;130253_2024-03-23;130253_2024-05-17;130253_2024-08-31;132256_2024-01-07;132256_2024-03-31;133996_2024-11-02;136407_2023-04-22;136407_2023-04-23;138414_2023-01-16;138414_2023-11-03;138414_2024-11-09;139410_2023-07-18;140211_2023-03-09;140211_2023-11-11;140649_2024-03-22;142975_2023-01-19;142975_2023-11-02;142999_2023-06-29;144492_2024-06-12;146624_2023-03-20;146624_2023-08-08;147049_2023-08-22;147049_2024-01-27;147147_2023-06-07;151683_2024-09-19;151740_2024-07-24;152601_2023-11-27;155209_2023-01-16;155209_2023-04-23;155209_2023-09-05;157904_2023-03-28;160216_2024-03-06;160216_2024-06-28;160216_2024-08-17;160431_2023-03-27;160431_2024-05-28;163595_2024-05-08;164897_2023-03-26;165786_2023-02-10;166084_2024-01-13;167494_2023-07-05;169310_2023-06-02;169310_2023-08-08;169310_2023-12-13;169310_2024-07-01;169310_2024-07-08;170013_2023-11-17;171530_2023-03-22;171530_2023-06-20;172262_2023-02-12;172510_2024-05-07;174968_2023-02-25,0.66277,0.51373,10.81771,0.96547,1.02425,0.96547,0.90527,0.0,0.51085,0.64212,0.68308,0.72403,0.74208,0.75825,0.77187,0.78884,0.80631,0.83686,0.86181,0.87765,0.90178,0.91853,0.95339,1.00799,1.04454,1.06093,1.08151,1.1084,1.12423,1.2178,1.23135,0.84043,0.90004,0.89435,0.90533,0.91894,0.9351,0.93876,0.99617,0.95293,0.94027,0.93354,0.95248,0.97002,0.95617,0.96435,0.98676,1.03281,0.98994,0.98587,0.97694,1.01275,0.89465,0.95303,0.97054,0.66489,0.0
100707_2023-07-20;100707_2024-06-02;102016_2024-10-15;104481_2023-08-15;105366_2023-01-03;106298_2023-06-14;106298_2024-03-13;106793_2023-06-04;106793_2023-06-09;106793_2024-06-14;107448_2024-01-07;107448_2024-08-12;108517_2023-08-02;108795_2023-12-14;110260_2023-09-02;110260_2023-12-25;110260_2024-12-09;113377_2024-08-13;115937_2024-10-13;116320_2023-04-19;116320_2024-11-29;121500_2023-08-12;121555_2023-02-20;123129_2024-08-26;125463_2023-06-18;125463_2023-11-25;127225_2023-05-02;127524_2024-09-05;127524_2024-10-26;128843_2023-04-13;128843_2024-06-27;129071_2024-04-09;130253_2023-05-03;130253_2024-05-06;130253_2024-05-14;133165_2024-03-01;133165_2024-08-21;133996_2023-03-03;133996_2023-04-02;133996_2023-06-12;133996_2024-08-30;136407_2023-04-22;136407_2023-09-24;136407_2024-09-22;138414_2023-10-18;138414_2024-11-09;140649_2024-06-14;142975_2024-06-07;142975_2024-09-28;142999_2024-03-13;146624_2023-04-28;147049_2023-08-22;147049_2024-01-27;147049_2024-11-03;155209_2024-11-15;160216_2023-01-17;160216_2024-08-22;160431_2023-09-29;161573_2023-04-07;161573_2024-02-04;161573_2024-05-27;163329_2023-11-20;164897_2023-01-29;164897_2024-03-01;165786_2023-02-10;166206_2024-10-22;167494_2023-08-27;168165_2024-05-28;169310_2023-01-03;169310_2023-12-13;169310_2024-03-17;169310_2024-07-01;169310_2024-10-03;169310_2024-10-05;170013_2024-11-12;172262_2023-06-20;172262_2024-01-06;172510_2024-09-26;174968_2023-02-25;174968_2024-04-14,0.68414,0.50228,10.80796,0.97407,1.03451,0.97407,0.91965,0.0,0.49864,0.63347,0.68445,0.71504,0.73025,0.74605,0.75886,0.77331,0.78789,0.8211,0.8558,0.88037,0.91025,0.93405,0.96663,1.02573,1.05289,1.07303,1.1013,1.12623,1.13792,1.22443,1.2471,0.84615,0.91523,0.91596,0.92185,0.9291,0.94597,0.93889,0.94322,0.9535,0.94735,0.95003,0.95035,0.97606,0.97417,0.97253,0.98159,1.02508,1.01417,0.98751,1.02862,0.98251,0.93943,0.99302,0.98934,0.76294,0.0
100354_2024-12-28;100707_2023-01-07;100707_2023-07-20;100707_2024-04-01;100707_2024-04-14;102016_2024-03-08;102016_2024-11-04;104481_2024-07-30;105366_2023-09-05;106298_2023-02-04;106298_2023-05-06;106793_2023-06-09;106793_2024-12-22;107448_2024-10-09;107448_2024-10-21;108517_2023-04-24;108517_2023-06-11;108795_2024-06-13;110260_2023-01-06;110260_2023-09-02;113377_2024-09-29;115937_2024-09-22;116320_2023-03-16;118984_2023-08-29;120517_2023-03-07;120517_2024-08-07;120517_2024-10-01;120517_2024-11-08;121555_2024-03-09;123129_2024-02-01;125463_2023-09-25;125463_2024-07-05;127225_2023-12-05;127524_2023-08-27;127524_2024-04-05;127524_2024-07-02;127524_2024-12-28;128843_2023-03-22;128843_2024-05-06;129071_2023-05-02;129071_2024-01-30;130253_2024-05-17;130253_2024-09-21;132256_2024-03-31;132967_2024-08-07;133165_2024-03-19;133165_2024-08-16;133165_2024-10-17;133996_2023-04-09;136407_2023-04-23;142975_2024-06-07;146624_2023-08-26;147049_2023-04-04;147049_2023-12-19;147049_2024-04-17;147049_2024-04-22;151683_2024-05-21;151740_2023-03-12;155209_2024-11-15;160216_2024-06-28;160431_2023-03-01;161573_2024-05-27;161573_2024-11-23;163595_2024-09-22;163817_2024-06-23;164897_2024-03-01;167494_2023-07-05;167494_2024-11-16;168165_2023-08-25;170013_2023-10-01;171530_2023-06-20;171530_2024-06-13;172262_2023-02-12;172262_2024-03-18;172262_2024-11-20;172510_2023-03-10;172510_2024-12-21;174968_2023-10-28;174968_2024-04-14;174968_2024-05-19,0.66283,0.50021,10.81392,0.95512,1.01939,0.95512,0.89918,0.0,0.48672,0.62168,0.67925,0.72704,0.74565,0.75825,0.76901,0.78088,0.79375,0.81731,0.84257,0.86202,0.8888,0.90649,0.9475,0.99336,1.01726,1.02657,1.05838,1.10155,1.12429,1.22058,1.23768,0.89144,0.92517,0.93299,0.92892,0.93051,0.94821,0.94476,0.97099,0.97814,0.93001,0.93258,0.94371,1.00686,0.9573,0.97116,0.97709,1.01697,0.968,0.96656,0.9137,0.96695,0.91265,0.96822,0.93036,0.74931,0.0
100707_2023-09-06;100707_2024-04-14;100707_2024-12-03;100707_2024-12-18;102016_2023-07-20;102016_2024-11-04;104481_2024-07-30;104481_2024-10-02;105366_2023-09-05;106298_2023-08-01;106793_2023-10-28;106793_2024-12-22;107448_2024-07-03;107448_2024-12-04;108517_2023-04-24;108517_2023-11-05;108517_2024-07-01;110260_2023-12-25;112377_2023-01-26;112377_2024-05-22;113377_2024-06-13;116320_2024-06-12;118984_2023-08-29;120517_2023-04-01;121500_2023-05-20;121555_2024-08-19;121555_2024-08-25;123129_2024-02-01;125463_2023-06-17;127225_2023-12-05;127225_2024-06-02;127225_2024-11-10;130253_2024-03-03;132967_2024-08-12;132967_2024-11-28;133165_2023-08-22;133165_2024-10-17;133996_2023-06-12;139410_2024-03-11;140211_2023-03-17;140649_2024-03-22;142975_2023-01-19;142975_2024-10-10;142999_2023-06-29;146624_2023-01-11;146624_2023-04-28;147049_2023-04-04;147049_2023-12-19;147049_2024-01-27;151683_2024-05-09;152601_2023-01-18;155209_2023-09-05;157904_2023-11-11;160216_2024-06-07;160431_2023-03-27;161573_2023-04-21;161573_2023-06-22;163817_2024-04-11;164897_2023-01-29;164897_2023-08-13;164897_2023-12-12;164897_2024-10-30;165786_2023-09-07;166084_2023-08-04;166206_2023-01-05;167494_2024-06-22;167494_2024-11-16;168165_2024-06-24;169310_2023-01-03;169310_2023-08-02;169310_2024-06-28;169310_2024-07-08;169310_2024-10-03;170013_2023-11-17;170013_2024-06-23;170013_2024-11-10;171530_2023-06-20;172262_2024-05-27;172510_2024-01-21;172510_2024-12-24,0.67562,0.50087,10.815,0.96609,1.03192,0.96609,0.90883,0.0,0.49037,0.62941,0.68761,0.72515,0.74271,0.75707,0.77244,0.78308,0.79726,0.82682,0.85378,0.87751,0.9026,0.92481,0.95085,0.99581,1.0238,1.03839,1.07042,1.11378,1.14924,1.25078,1.26494,0.84174,0.90813,0.9017,0.91209,0.92706,0.97436,0.95526,0.96364,0.97845,0.93688,0.94271,0.95614,1.00975,0.96975,0.98851,0.99551,1.05072,0.94879,0.98025,0.9227,0.96158,0.90939,1.0061,0.9405,0.76136,0.0
100707_2023-01-07;102016_2023-07-18;102016_2023-07-20;102016_2024-11-04;105366_2023-09-05;105366_2024-01-02;107448_2023-09-20;107448_2023-11-16;108517_2023-07-12;108517_2024-07-13;108795_2023-12-14;113377_2023-07-01;113377_2023-08-10;115937_2024-09-25;116320_2024-06-12;120517_2024-07-01;121500_2024-02-24;121500_2024-12-01;123129_2023-08-08;127524_2023-02-12;127524_2024-01-15;128843_2024-05-16;129071_2024-07-19;130253_2024-02-18;130253_2024-05-06;132256_2023-12-01;132256_2024-01-07;132967_2023-11-12;132967_2024-07-16;133165_2024-08-03;133165_2024-11-27;133996_2023-04-09;138414_2023-01-16;139410_2024-03-11;140649_2023-04-24;140649_2024-03-22;142999_2023-05-01;144492_2023-05-06;146624_2023-03-12;146624_2023-08-26;147049_2023-08-22;147147_2024-01-18;151683_2023-03-15;151683_2024-05-25;152601_2023-01-18;157904_2024-02-10;157904_2024-05-25;160216_2023-10-14;160216_2024-03-06;160216_2024-06-28;160216_2024-08-17;160431_2023-09-29;161573_2023-10-14;161573_2024-02-04;161573_2024-05-27;165786_2023-10-16;165786_2024-06-04;165786_2024-09-04;166084_2023-02-20;166084_2024-01-13;166084_2024-04-26;166084_2024-08-23;166206_2024-10-22;167494_2023-07-05;167494_2023-08-27;167494_2023-11-16;167494_2024-03-08;167494_2024-11-16;170013_2023-02-25;170013_2023-10-01;171530_2023-06-20;171530_2024-09-18;172262_2023-06-20;172262_2024-01-06;172262_2024-02-12;172262_2024-02-24;172510_2023-11-29;172510_2023-12-22;172510_2024-11-01;174968_2023-11-13,0.62633,0.49594,10.81225,0.98136,1.03211,0.98136,0.92192,0.0,0.48368,0.62614,0.67287,0.71289,0.74049,0.76326,0.78495,0.80304,0.82342,0.85851,0.90477,0.93792,0.96273,0.9749,1.0035,1.03659,1.05399,1.06869,1.09029,1.11384,1.11254,1.18763,1.21007,0.90676,0.95436,0.95897,0.96369,0.96413,0.96346,0.96194,0.9652,0.96956,0.96045,0.96155,0.96636,0.97677,0.96684,0.97216,0.97964,1.0054,1.00408,1.01898,1.01916,1.0293,0.93744,0.97435,0.94144,0.70948,0.0
100354_2024-06-25;100707_2023-09-06;100707_2024-04-01;102016_2023-07-20;104481_2024-01-19;104481_2024-10-02;106298_2023-02-25;106298_2023-04-26;106298_2023-08-01;106298_2024-11-17;106793_2023-06-09;106793_2024-06-13;107448_2023-10-19;107448_2024-08-12;107448_2024-10-21;107448_2024-11-26;110260_2024-01-11;110260_2024-12-09;112377_2023-02-13;113377_2024-06-26;113377_2024-09-29;115937_2024-09-25;116320_2023-11-03;116320_2024-04-04;120517_2023-03-07;121500_2023-03-22;121500_2024-02-02;121555_2024-08-19;123129_2023-08-08;125463_2023-11-25;127225_2023-03-14;127225_2023-05-02;127225_2023-12-05;127524_2024-06-25;128843_2024-02-22;129071_2023-10-25;129071_2024-08-11;130253_2024-03-03;132967_2023-09-22;132967_2023-11-03;132967_2024-04-06;132967_2024-08-12;133165_2024-02-02;133165_2024-03-19;133996_2023-04-20;133996_2024-08-30;133996_2024-11-14;136407_2023-10-16;138414_2023-01-16;138414_2024-02-24;140211_2023-03-09;140211_2023-11-11;140649_2023-12-03;142975_2024-09-28;142999_2023-06-08;144492_2023-12-08;147049_2023-11-20;147049_2024-08-15;147049_2024-12-20;147147_2023-11-02;147147_2024-01-18;151683_2024-05-21;151740_2023-08-22;152601_2024-08-27;152601_2024-11-18;160216_2023-01-17;160216_2024-03-06;160431_2024-10-28;161573_2023-04-07;165786_2024-04-08;166084_2023-09-25;167494_2023-07-05;167494_2024-02-26;167494_2024-11-16;168165_2024-06-18;169310_2023-01-03;169310_2023-06-10;170013_2023-10-01;174968_2023-08-16;174968_2024-05-19,0.64478,0.5247,10.81627,0.9655,1.0186,0.9655,0.9182,0.0,0.51636,0.63699,0.68795,0.7311,0.75829,0.78083,0.79819,0.81181,0.82569,0.86766,0.89317,0.91176,0.92752,0.9426,0.97067,1.00873,1.0271,1.0414,1.06097,1.089,1.10501,1.18938,1.21127,0.84921,0.89968,0.89672,0.92091,0.92713,0.92688,0.92695,0.933,0.94106,0.92841,0.93836,0.94727,0.96488,0.95987,0.959,0.97633,1.01774,0.97429,0.98465,0.98782,0.9877,0.94673,0.98352,0.99243,0.78493,0.0
100354_2023-08-02;100354_2023-09-22;100354_2023-12-02;100354_2024-03-09;104481_2024-10-02;106298_2023-04-26;106793_2023-09-21;106793_2023-10-28;107448_2023-11-16;107448_2024-12-04;108517_2023-06-11;108517_2023-12-09;108517_2024-05-21;108517_2024-05-27;108517_2024-07-13;110260_2024-06-10;112377_2024-01-18;113377_2023-02-27;113377_2024-06-13;113377_2024-08-13;113377_2024-09-29;115937_2024-10-13;116320_2023-01-28;116320_2023-03-16;116320_2023-08-20;116320_2024-05-09;116320_2024-06-12;120517_2024-11-08;121500_2023-08-12;123129_2023-08-08;123129_2024-02-01;123129_2024-08-26;125463_2023-06-28;127225_2023-05-30;127225_2024-11-10;128843_2024-05-06;129071_2023-03-16;132256_2024-11-19;132967_2023-02-03;132967_2023-11-12;132967_2024-08-07;133165_2024-03-19;133996_2023-06-12;133996_2023-10-02;136407_2023-03-14;136407_2023-04-22;136407_2023-10-16;140649_2023-04-24;144492_2023-06-20;144492_2024-06-12;146624_2023-08-08;147049_2023-08-22;147147_2023-04-24;147147_2023-05-14;147147_2024-08-31;151683_2024-09-19;152601_2024-12-21;155209_2023-05-10;157904_2024-01-01;157904_2024-12-15;160216_2024-08-22;160216_2024-09-21;160431_2024-05-11;161573_2023-09-11;161573_2024-11-23;163817_2023-10-03;163817_2024-01-26;164897_2024-07-09;166084_2023-01-05;166084_2023-09-25;166084_2024-08-23;166084_2024-09-23;168165_2024-06-24;169310_2023-08-02;170013_2023-11-17;171530_2024-09-18;172510_2024-02-12;172510_2024-09-26;174968_2023-02-25;174968_2023-10-28,0.68164,0.52518,10.81336,0.98622,1.03517,0.98622,0.93581,0.0,0.52799,0.67205,0.71535,0.75128,0.77145,0.80484,0.82919,0.84948,0.85532,0.90458,0.92808,0.92279,0.96516,0.98086,0.99902,1.03624,1.03844,1.05393,1.07554,1.10277,1.1136,1.19203,1.21494,0.87469,0.92784,0.93019,0.94842,0.95374,0.95624,0.95124,0.96181,0.96787,0.94689,0.95024,0.95884,0.97836,0.96301,0.96859,0.98193,1.00319,0.98735,0.99572,0.99137,1.00384,1.53019,1.02336,0.97805,0.75279,0.0
100354_2024-12-28;100707_2024-12-18;102016_2024-03-27;102016_2024-10-15;104481_2023-09-01;105366_2024-01-02;106298_2023-08-01;106793_2024-06-13;107448_2024-05-30;108517_2023-04-24;108795_2023-12-14;108795_2024-04-26;108795_2024-06-13;108795_2024-11-23;113377_2023-07-01;113377_2024-01-08;113377_2024-06-13;115937_2024-05-17;115937_2024-09-25;116320_2024-04-04;116320_2024-11-29;116320_2024-12-14;121500_2024-12-01;123129_2024-02-01;125463_2023-10-09;125463_2024-03-27;127225_2024-06-27;128843_2024-05-16;129071_2023-05-02;129071_2024-01-30;130253_2023-02-09;133165_2024-03-01;133165_2024-10-17;133165_2024-11-27;133996_2023-06-12;136407_2024-08-01;138414_2023-11-03;139410_2023-03-06;139410_2023-03-21;139410_2024-03-11;140211_2023-03-17;140211_2024-06-18;142975_2023-01-19;142975_2024-10-10;142999_2023-06-08;147147_2023-11-10;151740_2023-10-14;155209_2023-04-23;155209_2023-07-18;157904_2023-03-28;157904_2024-01-01;157904_2024-12-15;160216_2023-01-17;160216_2024-08-22;160431_2024-05-28;160431_2024-10-28;161573_2023-04-07;161573_2024-07-29;163329_2023-03-29;163329_2023-06-28;163329_2024-08-29;163595_2024-05-08;163817_2023-10-03;163817_2024-06-23;163817_2024-11-27;164897_2024-08-06;166084_2024-09-20;167494_2023-07-05;167494_2024-01-23;168165_2024-01-17;168165_2024-06-24;169310_2023-08-08;169310_2024-07-08;170013_2023-02-25;170013_2024-06-23;170013_2024-11-12;171530_2024-09-18;172510_2023-11-29;172510_2023-12-22;172510_2024-01-06,0.63288,0.50124,10.8168,0.95669,1.01686,0.95669,0.90375,0.0,0.50519,0.6375,0.67947,0.72106,0.7363,0.75337,0.77261,0.78817,0.79399,0.82053,0.8533,0.87861,0.90619,0.9297,0.95014,0.99562,1.02362,1.03236,1.05827,1.09232,1.12082,1.2145,1.23087,0.84482,0.90673,0.90399,0.9172,0.92004,0.96138,0.94474,0.95421,0.95847,0.9253,0.9292,0.93895,0.98079,0.95356,0.9516,0.97297,1.02381,0.94122,0.96358,0.93703,0.97159,0.97826,0.99574,0.98036,0.76319,0.0
100707_2024-06-02;104481_2024-01-19;105366_2023-01-03;106298_2023-02-01;106298_2024-08-18;106298_2024-11-17;106793_2023-06-09;106793_2024-12-22;107448_2023-11-16;107448_2024-05-30;108517_2023-04-24;108517_2023-06-11;108517_2023-07-12;108517_2023-12-09;113377_2024-08-24;115937_2024-07-11;116320_2023-03-16;116320_2024-11-29;118984_2023-08-29;120517_2024-07-01;120517_2024-08-08;121500_2024-09-09;121555_2023-02-20;121555_2024-08-19;123129_2024-02-01;123129_2024-08-26;125463_2023-10-15;125463_2024-03-27;127225_2023-05-30;127225_2023-08-28;127225_2024-09-15;127524_2023-11-09;127524_2024-12-28;128843_2023-04-13;129071_2023-04-09;129071_2024-07-19;130253_2023-02-09;130253_2024-05-06;130253_2024-05-17;132256_2024-01-07;132967_2023-09-22;132967_2023-11-12;132967_2024-08-07;133996_2024-11-02;136407_2023-10-16;136407_2024-08-01;138414_2024-02-24;140649_2023-02-05;144492_2023-05-06;144492_2023-07-21;146624_2023-03-12;146624_2023-03-20;146624_2023-04-28;146624_2023-08-26;151683_2023-10-20;151683_2024-05-25;151740_2024-07-24;152601_2023-11-27;152601_2024-12-21;155209_2023-05-10;157904_2024-01-23;160216_2024-06-28;161573_2024-02-04;163329_2023-03-29;163595_2024-02-27;163817_2024-11-27;164897_2023-07-03;164897_2024-03-01;165786_2023-09-07;166206_2024-09-27;167494_2023-08-27;167494_2023-11-16;167494_2024-10-26;168165_2023-08-25;171530_2024-06-13;172262_2023-06-20;172510_2023-03-10;172510_2024-12-21;174968_2023-03-21;174968_2023-11-13,0.67801,0.49708,10.80973,0.96253,1.03073,0.96253,0.8957,0.0,0.49437,0.61897,0.67531,0.7145,0.73496,0.74904,0.76226,0.77757,0.78953,0.81719,0.84864,0.86737,0.88676,0.9101,0.9449,0.99764,1.0288,1.03919,1.06613,1.10889,1.15103,1.25397,1.2733,0.86649,0.90737,0.89403,0.90569,0.92546,0.95135,0.95178,0.98412,0.99761,0.95658,0.93737,0.96286,1.01742,0.97168,0.98453,0.99666,1.06085,0.96211,0.96036,0.94236,0.96464,0.90685,0.98397,0.91255,0.66621,0.0
100354_2023-05-30;100354_2024-03-09;100707_2024-04-01;102016_2024-04-10;102016_2024-10-15;104481_2023-11-01;104481_2024-05-05;106793_2024-06-13;107448_2023-11-02;107448_2024-12-04;108517_2023-07-12;108517_2024-04-07;108795_2024-04-26;110260_2024-06-10;112377_2023-01-26;112377_2024-01-18;113377_2023-08-03;113377_2024-06-13;115937_2024-09-22;116320_2024-06-12;118984_2024-12-11;120517_2024-08-07;125463_2023-06-17;125463_2023-06-18;127225_2023-05-02;127225_2024-07-07;127225_2024-09-15;128843_2023-04-05;128843_2024-02-22;129071_2023-02-19;129071_2023-04-09;129071_2023-05-02;130253_2024-03-23;130253_2024-05-14;132256_2024-12-13;132967_2023-11-03;133165_2024-02-02;133165_2024-08-16;136407_2023-09-30;138414_2024-04-18;138414_2024-11-09;139410_2023-06-21;140211_2023-03-09;140649_2023-11-22;142975_2023-11-02;142975_2024-09-28;142975_2024-12-10;142999_2023-05-01;142999_2024-03-13;144492_2024-06-12;146624_2023-04-28;146624_2024-05-25;147049_2023-04-04;151683_2023-03-15;151740_2024-07-24;152601_2024-12-21;155209_2023-07-18;157904_2024-01-23;157904_2024-02-10;160216_2023-03-29;160216_2024-06-28;160431_2023-03-01;160431_2023-09-29;163817_2023-07-05;163817_2023-10-03;164897_2023-01-28;164897_2023-07-03;165786_2023-10-16;165786_2024-11-22;166084_2023-01-05;166084_2024-10-08;166206_2024-09-14;167494_2024-11-16;168165_2023-08-25;170013_2023-11-17;172262_2023-07-08;172262_2024-11-20;174968_2023-03-21;174968_2023-08-16;174968_2023-11-13,0.67472,0.49911,10.81432,0.96755,1.0254,0.96755,0.90716,0.0,0.49092,0.62285,0.67311,0.70786,0.72839,0.7502,0.77151,0.79106,0.8069,0.83798,0.86604,0.88385,0.90825,0.92437,0.96296,1.01535,1.04503,1.06183,1.08589,1.11155,1.12299,1.21295,1.22682,0.84217,0.90237,0.898,0.90723,0.92123,0.93049,0.92499,0.93993,0.96099,0.92815,0.92902,0.94791,0.96773,0.95924,0.97677,0.97958,1.02719,0.99545,1.00457,1.00553,0.98691,0.89967,0.96548,0.96105,0.67587,0.0
100354_2024-03-09;100354_2024-04-27;100707_2023-01-01;104481_2023-08-15;104481_2023-09-01;104481_2024-10-02;105366_2024-01-02;106298_2023-06-14;107448_2024-08-12;107448_2024-11-26;108517_2024-05-21;108517_2024-05-30;108795_2023-07-29;108795_2024-11-23;110260_2023-09-02;110260_2024-12-09;113377_2024-08-13;113377_2024-09-29;115937_2023-03-01;115937_2024-09-22;120517_2024-08-08;121555_2024-08-25;123129_2023-08-08;125463_2023-06-17;125463_2023-06-18;125463_2024-07-05;127225_2023-05-09;127225_2024-07-07;127524_2023-08-27;127524_2024-01-23;127524_2024-12-28;130253_2024-08-31;132256_2024-11-19;132256_2024-12-13;132967_2024-02-20;132967_2024-08-12;133165_2024-08-03;133165_2024-08-16;133996_2023-03-03;133996_2023-04-02;136407_2024-08-01;138414_2023-01-16;139410_2023-07-18;140211_2023-03-17;140211_2023-06-14;142975_2023-08-21;142999_2023-06-08;142999_2024-03-13;144492_2023-05-06;146624_2023-01-11;147147_2023-04-24;151740_2023-03-12;155209_2024-11-15;157904_2023-11-11;157904_2024-05-25;160216_2023-10-14;160216_2024-03-06;160216_2024-06-28;160431_2024-10-28;163329_2024-09-29;163817_2024-06-23;164897_2023-01-28;164897_2024-08-06;165786_2023-02-10;165786_2024-09-04;165786_2024-11-22;166084_2023-02-20;166084_2024-10-08;166206_2024-10-22;168165_2023-03-10;169310_2024-10-03;170013_2024-11-12;171530_2023-05-31;171530_2024-05-02;171530_2024-09-18;172262_2023-06-20;172262_2024-09-18;172262_2024-11-20;172510_2024-01-06;172510_2024-09-26,0.63175,0.50048,10.81815,0.95792,1.01966,0.95792,0.89544,0.0,0.48969,0.62572,0.67933,0.71322,0.73088,0.74898,0.76612,0.78139,0.79394,0.8265,0.8592,0.87911,0.90132,0.91611,0.94323,0.97858,1.01462,1.03182,1.09528,1.12941,1.12913,1.19597,1.22699,0.94998,0.93741,0.94767,0.94475,0.9468,0.95736,1.00301,0.99935,1.00424,0.94583,0.94206,0.94777,0.9618,0.95872,0.96541,0.97917,1.01018,0.98554,0.97922,0.93364,0.95476,0.90476,0.95269,0.90823,0.69595,0.0
100707_2024-04-14;100707_2024-12-03;102016_2024-06-29;104481_2023-11-01;106298_2023-02-25;106793_2024-06-14;107448_2023-09-20;107448_2024-05-30;107448_2024-07-03;107448_2024-10-21;107448_2024-12-04;108517_2023-08-02;108517_2024-05-21;110260_2023-01-06;110260_2023-12-25;110260_2024-06-10;115937_2024-09-25;116320_2023-08-02;118984_2023-04-25;120517_2023-03-07;121500_2023-10-23;121500_2024-01-25;121500_2024-07-24;121555_2024-08-19;123129_2023-08-08;125463_2023-06-17;125463_2024-01-22;125463_2024-07-05;127524_2024-01-23;127524_2024-10-18;128843_2023-04-13;129071_2023-02-19;132256_2024-12-13;132967_2023-02-03;132967_2023-12-31;132967_2024-02-20;132967_2024-11-29;133165_2024-02-02;133165_2024-08-21;133165_2024-11-27;136407_2023-09-30;136407_2023-10-16;138414_2023-10-18;138414_2024-04-18;142975_2023-01-19;142975_2023-10-18;142975_2024-12-10;142999_2023-05-01;146624_2023-01-11;146624_2023-03-20;146624_2023-08-26;146624_2024-05-28;147049_2024-04-22;147049_2024-12-20;151740_2023-03-12;151740_2024-12-21;152601_2023-02-14;152601_2024-03-10;155209_2023-01-16;160216_2024-03-08;160216_2024-08-22;160431_2024-05-28;161573_2023-06-22;161573_2023-10-14;161573_2024-11-23;163595_2023-02-04;163817_2024-11-27;164897_2024-10-30;165786_2023-10-08;165786_2024-04-08;166084_2023-01-03;166084_2024-04-26;167494_2024-03-08;169310_2023-08-08;170013_2023-06-07;172262_2023-06-20;172262_2023-11-11;172510_2023-03-10;172510_2023-08-20;172510_2024-05-07,0.64033,0.48431,10.81062,0.96489,1.01693,0.96489,0.91014,0.0,0.48446,0.62004,0.67789,0.71931,0.74624,0.77043,0.79331,0.81443,0.82823,0.86754,0.8906,0.90537,0.92551,0.94059,0.96798,1.00708,1.02922,1.0445,1.06652,1.09718,1.11023,1.19031,1.20013,0.84251,0.90489,0.91593,0.92136,0.92987,0.93868,0.93721,0.93761,0.94724,0.9445,0.94616,0.96902,0.98059,0.95523,0.97909,0.97841,1.01115,0.97023,0.97096,0.98165,0.98771,0.92251,0.95264,0.95976,0.77659,0.0
100707_2024-04-01;100707_2024-12-03;100707_2024-12-18;102016_2024-03-27;102016_2024-11-04;105366_2023-01-03;105366_2023-09-05;107448_2024-11-26;108517_2023-04-24;110260_2024-01-11;112377_2023-10-18;113377_2024-01-08;116320_2024-12-14;116320_2024-12-29;118984_2023-08-29;121555_2023-10-09;125463_2023-10-15;125463_2023-12-21;125463_2024-03-27;127225_2023-05-09;127225_2024-06-27;127524_2023-02-12;127524_2024-07-02;127524_2024-10-18;127524_2024-10-26;127524_2024-12-28;128843_2024-06-27;129071_2024-08-11;130253_2024-02-18;130253_2024-05-06;130253_2024-09-21;132967_2023-09-22;132967_2023-12-02;132967_2024-08-12;133165_2024-08-16;133996_2023-06-12;136407_2023-04-23;136407_2023-09-24;136407_2024-08-01;140649_2023-11-22;142975_2024-12-10;142999_2024-06-11;144492_2023-09-22;146624_2023-03-12;146624_2023-03-20;146624_2023-08-08;146624_2024-05-25;147049_2023-12-19;147147_2023-05-14;147147_2023-06-07;152601_2023-11-27;152601_2024-11-18;155209_2023-04-23;155209_2023-09-05;155209_2024-11-15;160216_2024-08-22;160431_2023-03-01;160431_2024-05-11;161573_2023-06-22;161573_2023-12-20;161573_2024-07-23;163817_2023-02-09;163817_2024-05-09;164897_2023-09-05;164897_2024-03-01;164897_2024-07-09;164897_2024-11-16;165786_2024-09-04;166084_2023-09-19;167494_2024-10-26;169310_2023-06-02;169310_2023-08-02;169310_2024-06-28;172262_2024-02-24;172262_2024-11-20;172510_2023-11-29;172510_2023-12-22;172510_2024-05-21;172510_2024-09-26;174968_2023-10-28,0.66581,0.51104,10.8145,0.94733,1.01664,0.94733,0.88793,0.0,0.49924,0.6263,0.66424,0.7046,0.72263,0.73881,0.75298,0.76404,0.7785,0.80836,0.83909,0.86098,0.8783,0.89729,0.92523,0.97996,1.00208,1.01083,1.03872,1.09725,1.14323,1.24104,1.26885,0.84764,0.90181,0.89436,0.91027,0.93191,0.96904,0.96341,0.97487,0.9844,0.95827,0.9347,0.95097,0.99143,0.97196,0.9765,0.98867,1.04755,0.94127,0.91006,0.88489,0.94221,0.87352,0.94144,0.9165,0.76003,0.0
100354_2023-07-21;100354_2023-09-22;100354_2023-12-02;100354_2024-04-27;100707_2023-01-07;100707_2023-07-04;102016_2024-11-04;105366_2023-01-03;106298_2023-02-25;106298_2024-08-12;106793_2023-06-09;107448_2023-11-16;108517_2023-05-01;108517_2023-08-02;108517_2024-07-01;108795_2024-04-26;110260_2023-06-23;113377_2024-09-29;115937_2023-03-01;120517_2023-03-07;120517_2024-08-07;121555_2024-08-25;123129_2024-07-05;123129_2024-08-11;125463_2023-12-21;125463_2024-07-05;127225_2024-06-27;127225_2024-09-15;127524_2024-01-23;127524_2024-06-25;127524_2024-10-26;128843_2024-05-06;128843_2024-05-16;129071_2024-07-19;130253_2024-02-18;130253_2024-05-06;133996_2023-04-02;133996_2023-06-12;133996_2024-11-02;136407_2024-09-22;140211_2024-02-16;140649_2023-01-20;140649_2024-06-14;142975_2024-09-28;144492_2024-06-12;147049_2023-11-20;147049_2023-12-19;147049_2024-01-27;151740_2023-01-09;152601_2023-02-14;155209_2023-01-10;155209_2023-05-10;157904_2024-12-15;160216_2024-03-08;160431_2023-09-29;160431_2024-05-28;160431_2024-10-28;161573_2023-10-14;163329_2023-03-29;163329_2023-06-28;163329_2024-09-01;163595_2023-02-04;163595_2023-11-21;163595_2024-05-08;163817_2024-05-09;164897_2023-01-28;164897_2023-03-26;165786_2023-09-07;165786_2023-10-16;165786_2024-11-22;166084_2023-01-05;166084_2024-09-20;167494_2023-08-27;167494_2024-01-08;169310_2023-06-02;170013_2024-11-10;170013_2024-11-12;171530_2023-03-22;172262_2024-09-18;172510_2023-08-20,0.68565,0.49318,10.8188,0.97367,1.03016,0.97367,0.93197,0.0,0.49426,0.64526,0.69643,0.74286,0.76465,0.79483,0.81327,0.82922,0.82281,0.84508,0.86743,0.88149,0.90698,0.93629,0.97462,1.02183,1.04198,1.05906,1.0816,1.10865,1.12602,1.21124,1.23138,0.84109,0.89669,0.89539,0.90711,0.92346,0.92382,0.92234,0.92883,0.93206,0.92615,0.93526,0.94473,0.96702,0.9627,0.96921,0.98313,1.02936,0.98504,1.00033,1.00314,0.98954,1.09041,1.00126,1.00083,0.8281,0.0
100354_2024-03-09;100354_2024-04-27;100707_2023-01-07;100707_2023-07-20;100707_2024-06-02;102016_2024-03-08;105366_2023-09-05;106298_2023-06-14;106793_2024-06-13;106793_2024-12-22;107448_2023-02-24;107448_2024-07-03;108517_2024-05-27;110260_2023-01-06;110260_2024-06-10;112377_2024-01-18;113377_2024-01-04;113377_2024-08-24;115937_2024-05-17;115937_2024-09-25;116320_2023-08-02;120517_2024-10-01;121500_2023-05-20;121500_2023-10-23;121555_2024-03-09;121555_2024-08-19;123129_2024-02-01;123129_2024-08-26;125463_2023-06-28;125463_2023-10-15;125463_2024-07-05;127225_2023-08-28;127524_2023-07-08;127524_2024-01-15;127524_2024-10-26;129071_2023-10-25;130253_2024-05-06;132967_2023-11-12;133996_2023-04-02;133996_2023-06-12;133996_2023-10-02;138414_2023-11-03;138414_2024-02-24;140211_2023-11-11;140649_2023-04-24;140649_2024-06-14;142975_2023-04-09;142975_2024-10-10;142999_2023-05-01;142999_2023-06-08;146624_2023-01-11;146624_2023-08-08;147049_2023-08-22;147049_2024-01-27;147147_2023-11-02;147147_2024-08-31;152601_2023-10-21;157904_2023-11-11;157904_2024-01-23;160216_2023-04-09;160216_2024-09-21;160431_2023-03-01;163329_2023-03-29;163817_2024-04-11;164897_2023-07-03;164897_2024-10-30;165786_2024-06-04;165786_2024-11-22;166084_2024-09-23;166206_2023-01-05;166206_2024-09-14;167494_2024-06-22;167494_2024-10-26;167494_2024-11-16;172262_2023-06-20;172262_2024-02-24;172262_2024-11-20;172510_2024-02-12;172510_2024-11-01;172510_2024-12-24,0.64271,0.49731,10.8094,0.96978,1.02366,0.96978,0.90851,0.0,0.49049,0.61787,0.67305,0.71436,0.73811,0.75608,0.77855,0.79547,0.81214,0.85139,0.89181,0.91703,0.9359,0.95244,0.98771,1.01567,1.0357,1.05041,1.07484,1.10543,1.11371,1.19043,1.21389,0.88902,0.94438,0.95194,0.9513,0.95783,0.97234,0.96702,0.96738,0.96708,0.96586,0.95365,0.95305,0.97982,0.96606,0.96661,0.97778,1.0042,0.98292,0.98396,0.98327,0.99225,0.94976,0.97714,0.95399,0.72192,0.0
100354_2023-03-02;100354_2023-07-21;102016_2023-07-20;102016_2024-03-27;102016_2024-06-29;102016_2024-11-04;104481_2024-10-02;106298_2024-08-12;106793_2023-09-21;106793_2024-06-13;106793_2024-09-15;107448_2023-11-02;108517_2023-04-24;108517_2023-05-01;112377_2023-10-18;113377_2024-06-26;113377_2024-08-24;115937_2023-03-01;115937_2024-06-30;115937_2024-10-13;116320_2023-08-02;120517_2023-11-28;120517_2024-11-08;121555_2023-02-14;121555_2024-03-09;121555_2024-03-31;121555_2024-08-25;123129_2023-03-14;123129_2024-02-01;125463_2023-09-25;125463_2024-01-22;125463_2024-07-05;128843_2023-11-19;129071_2024-08-11;132256_2023-12-01;132967_2024-11-29;133165_2024-11-27;136407_2023-04-22;136407_2023-04-23;136407_2023-09-24;136407_2024-08-01;138414_2023-01-16;140649_2023-11-22;140649_2023-12-03;142999_2024-03-13;147049_2023-11-20;152601_2023-01-18;152601_2023-02-14;152601_2024-11-18;152601_2024-12-21;155209_2023-07-18;157904_2023-03-31;157904_2024-12-15;160216_2023-03-29;160216_2023-04-09;160431_2023-03-01;160431_2024-05-11;161573_2023-12-20;161573_2024-11-23;163329_2023-03-29;164897_2023-01-28;164897_2024-07-09;164897_2024-08-06;166084_2024-10-08;167494_2023-08-27;167494_2024-06-22;169310_2024-03-17;169310_2024-07-08;169310_2024-10-05;171530_2023-03-22;172262_2024-11-20;172510_2023-08-20;172510_2024-02-12;172510_2024-05-21;172510_2024-09-26;174968_2023-02-25;174968_2023-08-16;174968_2023-10-16;174968_2023-11-13;174968_2024-05-19,0.62068,0.50094,10.81581,0.96361,1.02014,0.96361,0.90994,0.0,0.49254,0.6339,0.68585,0.71952,0.74027,0.75979,0.77975,0.79458,0.80125,0.83245,0.86844,0.88922,0.91442,0.93277,0.96175,1.01093,1.03088,1.04727,1.08878,1.11462,1.11446,1.19068,1.21379,0.89515,0.92385,0.92522,0.92489,0.92677,0.93439,0.93216,0.93543,0.94246,0.92498,0.9276,0.935,0.95177,0.94637,0.95525,0.96754,1.00488,1.01482,0.9977,1.0101,0.9855,0.91169,0.98738,0.93749,0.71908,0.0
100354_2023-05-30;100707_2023-01-07;100707_2023-07-04;100707_2024-06-02;102016_2024-06-29;104481_2024-05-05;106298_2023-02-01;106793_2024-06-14;106793_2024-12-22;107448_2023-02-24;107448_2024-07-03;108517_2023-05-01;108795_2023-07-29;108795_2023-12-14;108795_2024-11-23;112377_2023-01-26;113377_2024-01-04;116320_2023-04-19;116320_2024-11-29;116320_2024-12-14;118984_2024-06-15;120517_2024-11-08;121500_2024-01-25;121500_2024-02-02;121555_2023-02-20;125463_2023-11-25;127225_2023-03-14;127225_2024-09-15;128843_2024-05-06;128843_2024-05-16;128843_2024-06-27;129071_2024-04-09;129071_2024-10-24;129071_2024-12-19;130253_2023-05-03;130253_2024-05-06;130253_2024-05-14;133165_2024-02-02;133996_2023-04-02;136407_2023-05-07;136407_2024-08-01;138414_2024-11-09;139410_2023-03-21;139410_2024-03-11;139410_2024-07-16;140211_2024-06-18;140649_2024-06-14;142975_2023-04-09;142975_2023-08-21;142975_2023-10-18;142999_2023-06-29;142999_2024-06-11;146624_2023-01-11;146624_2023-04-28;146624_2023-08-08;147147_2023-06-07;151683_2023-10-20;151740_2024-04-21;152601_2024-08-01;152601_2024-08-27;155209_2023-01-16;157904_2024-12-15;160216_2023-04-09;160216_2024-09-21;160431_2024-07-01;161573_2023-09-11;161573_2023-12-20;161573_2024-02-04;163817_2024-01-26;163817_2024-06-23;164897_2024-07-09;165786_2024-09-04;166084_2023-01-03;166084_2024-09-20;169310_2023-06-10;169310_2023-08-08;169310_2023-12-13;169310_2024-03-17;171530_2024-05-02;172510_2023-08-20,0.67976,0.4873,10.81027,0.96923,1.03465,0.96923,0.91217,0.0,0.48558,0.62772,0.68247,0.71923,0.74005,0.76319,0.77864,0.79164,0.80345,0.82893,0.85763,0.88327,0.90988,0.92704,0.95273,1.00539,1.03238,1.04455,1.07502,1.11128,1.14893,1.25013,1.27135,0.8433,0.90922,0.89919,0.90874,0.92637,0.9614,0.95998,0.96915,0.97572,0.95143,0.94213,0.97011,0.99634,0.96945,0.97545,0.99145,1.05327,0.96018,0.96686,0.96596,0.96877,0.95916,1.00489,0.98191,0.77305,0.0
100707_2024-12-18;104481_2024-01-19;106298_2023-06-14;106298_2024-08-12;106298_2024-08-18;106793_2024-06-14;107448_2023-02-24;107448_2024-01-07;107448_2024-12-04;108517_2023-07-12;108517_2024-05-27;110260_2024-02-01;110260_2024-12-09;112377_2023-01-26;113377_2024-01-08;113377_2024-06-13;113377_2024-06-26;115937_2024-06-30;116320_2023-01-28;116320_2024-12-14;121500_2024-01-25;121555_2023-02-20;123129_2024-08-26;125463_2023-09-25;125463_2023-11-30;127225_2023-05-30;127524_2024-04-05;128843_2023-03-22;128843_2023-04-02;129071_2023-03-16;132256_2024-11-19;133165_2024-03-19;133996_2023-04-02;133996_2023-04-20;133996_2024-08-30;138414_2023-01-16;138414_2024-02-24;138414_2024-04-18;138414_2024-11-09;140211_2024-06-18;140649_2023-12-03;140649_2024-03-22;142999_2023-06-08;144492_2023-07-28;146624_2023-04-28;146624_2023-08-26;147147_2023-05-14;147147_2023-06-07;147147_2023-11-02;147147_2024-01-18;151740_2023-01-09;151740_2024-12-21;155209_2024-11-15;157904_2024-02-10;160216_2023-01-17;160216_2023-03-29;161573_2024-07-29;163329_2023-06-28;163595_2023-11-21;163595_2024-02-27;164897_2023-03-26;164897_2024-08-06;164897_2024-11-16;165786_2023-09-07;166084_2023-09-25;166084_2024-09-23;166206_2023-07-12;167494_2023-07-05;167494_2024-01-23;168165_2023-02-15;169310_2023-06-10;169310_2023-10-10;170013_2023-06-07;170013_2024-05-20;170013_2024-11-10;170013_2024-11-12;171530_2023-06-06;172262_2023-07-08;172262_2024-03-18;172510_2023-11-29,0.64782,0.49725,10.81297,0.96345,1.02137,0.96345,0.90539,0.0,0.49409,0.619,0.66833,0.70938,0.73384,0.75621,0.77718,0.79912,0.81578,0.85033,0.87421,0.89325,0.9057,0.92262,0.96221,1.00958,1.02991,1.04581,1.06919,1.10152,1.1199,1.20606,1.22453,0.84664,0.89605,0.90654,0.92149,0.93904,0.93914,0.93433,0.96054,0.96467,0.94532,0.94846,0.95634,0.97412,0.96892,0.96423,0.97881,1.01906,0.96406,0.98677,0.97695,0.97501,0.91797,0.96112,0.9624,0.7109,0.0
100354_2023-08-02;100707_2023-01-01;100707_2023-07-28;100707_2024-07-11;100707_2024-12-03;105366_2023-09-05;106298_2023-05-06;106298_2024-03-13;106298_2024-08-12;106793_2023-03-14;106793_2023-10-28;106793_2024-06-14;106793_2024-09-15;110260_2023-12-25;113377_2023-02-27;113377_2024-09-29;116320_2024-11-29;120517_2023-11-28;120517_2024-07-01;120517_2024-08-07;121500_2023-10-10;121500_2024-12-01;123129_2024-02-01;125463_2023-09-25;125463_2023-10-09;125463_2024-07-05;127225_2023-03-14;127225_2023-05-02;127225_2024-06-02;127524_2023-02-12;127524_2024-10-18;127524_2024-10-26;128843_2023-11-19;128843_2024-06-27;129071_2023-02-19;130253_2024-02-18;130253_2024-05-17;132256_2024-12-13;132967_2023-02-02;133165_2024-08-16;133165_2024-08-21;136407_2024-08-01;140211_2023-03-17;140211_2023-11-11;144492_2023-07-21;144492_2023-12-08;146624_2023-01-11;146624_2023-08-08;146624_2023-08-26;147049_2023-11-20;147049_2023-12-19;147049_2024-04-11;160216_2024-09-21;161573_2023-09-11;161573_2024-02-04;163329_2023-03-29;163329_2024-08-29;163595_2024-09-22;163817_2023-10-03;164897_2023-03-26;164897_2024-11-16;165786_2024-11-22;166084_2023-08-04;166084_2024-01-13;166084_2024-09-20;166206_2023-01-05;166206_2024-09-27;166206_2024-10-22;167494_2024-12-11;168165_2024-06-18;169310_2023-08-02;169310_2024-07-08;169310_2024-10-03;171530_2023-06-06;171530_2024-03-17;172262_2024-02-24;172262_2024-03-18;172510_2023-01-25;174968_2024-04-14;174968_2024-05-19,0.66407,0.48174,10.80924,0.96489,1.02464,0.96489,0.9057,0.0,0.47569,0.61812,0.67445,0.71389,0.73611,0.75724,0.77689,0.78822,0.80474,0.84685,0.87261,0.89411,0.91399,0.92941,0.95336,0.99383,1.0297,1.04257,1.08429,1.12329,1.128,1.21505,1.24195,0.85115,0.91666,0.9203,0.92613,0.92924,0.95935,0.97477,0.97724,0.99285,0.94374,0.94483,0.95957,0.97957,0.96682,0.98037,0.97963,1.01407,0.99663,0.99115,0.97951,0.92866,0.92592,1.00704,0.95565,0.69959,0.0
100354_2023-12-02;100354_2024-04-27;100707_2023-09-06;100707_2024-04-01;102016_2024-04-10;102016_2024-11-04;104481_2024-01-19;104481_2024-07-30;105366_2023-09-16;106298_2024-08-18;106793_2024-09-15;106793_2024-12-22;107448_2023-09-20;107448_2024-07-03;108517_2024-07-01;112377_2024-01-18;113377_2023-08-03;113377_2024-06-26;115937_2024-07-11;116320_2024-06-14;118984_2023-08-29;120517_2023-04-01;120517_2024-08-08;121500_2024-02-24;121555_2023-02-20;123129_2023-03-09;123129_2023-03-14;125463_2023-09-25;125463_2023-10-15;127225_2023-05-02;127225_2023-05-09;127225_2024-11-10;128843_2023-04-02;129071_2023-04-09;129071_2024-04-09;129071_2024-07-19;130253_2023-02-09;130253_2023-05-03;130253_2024-05-06;132967_2024-02-20;132967_2024-04-06;133165_2024-11-27;136407_2023-04-22;136407_2023-10-16;136407_2023-12-20;138414_2023-10-18;139410_2024-03-11;140211_2023-06-14;140649_2024-03-22;140649_2024-06-14;144492_2023-09-22;144492_2023-12-08;146624_2023-03-12;146624_2023-08-08;146624_2023-08-26;147147_2023-04-24;147147_2023-11-10;151740_2023-01-09;151740_2023-10-14;151740_2024-12-21;160216_2024-03-06;160216_2024-03-08;160431_2023-09-29;161573_2024-02-04;163817_2024-04-11;164897_2024-10-30;166084_2023-02-20;166084_2024-08-23;167494_2023-08-27;167494_2023-11-16;168165_2023-03-10;169310_2023-06-02;169310_2024-07-01;170013_2023-10-01;170013_2024-06-23;170013_2024-11-12;171530_2024-09-18;172262_2023-11-11;172510_2023-08-20;174968_2023-03-21,0.63687,0.48432,10.81099,0.97706,1.02973,0.97706,0.92087,0.0,0.48692,0.61467,0.67346,0.70969,0.73573,0.76479,0.79072,0.81672,0.82552,0.85547,0.88587,0.90692,0.93259,0.95408,0.99317,1.03067,1.05107,1.06871,1.09045,1.11149,1.11388,1.19798,1.21793,0.85577,0.91831,0.91717,0.92364,0.9254,0.93451,0.9254,0.92908,0.94854,0.9322,0.93703,0.94288,0.96595,0.95556,0.97662,0.97272,1.01212,1.00683,1.02409,1.02861,1.02215,0.93519,1.03609,0.98581,0.68067,0.0
100707_2023-07-20;102016_2024-03-27;106298_2024-03-13;107448_2023-08-23;107448_2023-11-16;108517_2023-04-24;108517_2023-08-02;108795_2023-07-29;110260_2023-01-06;110260_2023-12-25;112377_2023-01-26;112377_2023-10-18;112377_2024-10-02;113377_2023-02-13;113377_2023-08-10;113377_2024-08-24;115937_2024-06-30;116320_2024-11-01;116320_2024-12-29;120517_2023-11-28;121500_2023-05-20;121500_2023-08-12;121500_2024-02-02;125463_2023-06-17;127225_2023-08-28;127524_2023-07-08;127524_2024-03-16;128843_2024-02-22;128843_2024-06-27;130253_2023-05-03;130253_2024-08-31;132967_2024-07-16;132967_2024-08-12;133165_2024-02-02;133996_2023-04-09;133996_2023-04-20;133996_2024-11-02;136407_2023-10-01;138414_2023-01-16;140649_2023-11-22;142999_2023-05-01;147049_2024-01-27;147049_2024-12-20;151683_2024-09-19;151740_2023-01-09;151740_2023-03-12;155209_2023-01-16;155209_2023-07-18;157904_2024-01-01;160216_2023-10-14;160216_2024-08-17;160431_2023-04-18;163329_2023-11-20;163595_2023-02-25;163595_2024-02-27;163595_2024-09-22;163817_2023-02-09;163817_2024-01-21;164897_2023-03-26;164897_2023-07-03;164897_2023-09-05;166084_2023-02-20;166206_2024-10-22;167494_2024-01-23;167494_2024-02-26;167494_2024-11-16;167494_2024-12-11;168165_2023-03-10;168165_2024-01-17;169310_2023-01-03;169310_2023-06-10;170013_2024-05-20;171530_2023-03-22;171530_2023-06-06;171530_2024-06-13;172262_2023-02-12;172262_2024-02-24;172262_2024-03-18;172510_2024-02-12;172510_2024-12-21,0.62965,0.48152,10.80915,0.99112,1.04031,0.99112,0.9445,0.0,0.48657,0.63095,0.68827,0.72985,0.75545,0.78119,0.80189,0.82188,0.8372,0.87716,0.91213,0.93672,0.96133,0.98403,1.01308,1.04751,1.0655,1.08417,1.10482,1.12006,1.11468,1.19477,1.21743,0.87926,0.94155,0.94332,0.94358,0.94493,0.94433,0.94138,0.94332,0.94632,0.94389,0.94729,0.95187,0.95755,0.96091,0.96709,0.97449,1.00229,1.02355,1.04359,1.05542,1.03695,0.98309,1.03307,1.01019,0.77322,0.0
100354_2023-05-30;100354_2023-08-19;100354_2023-09-22;100707_2023-07-04;100707_2024-04-01;105366_2024-01-02;106793_2023-04-10;107448_2023-02-24;107448_2023-10-19;108795_2024-01-21;108795_2024-11-23;110260_2023-01-06;112377_2024-05-22;112377_2024-10-02;116320_2024-12-29;120517_2023-03-07;120517_2023-04-01;120517_2024-10-01;121500_2023-05-20;121500_2024-12-01;123129_2024-07-05;123129_2024-08-11;125463_2023-06-18;125463_2023-10-15;125463_2023-11-30;125463_2024-01-22;125463_2024-07-05;127225_2024-09-15;127524_2024-03-16;127524_2024-07-02;128843_2023-04-13;128843_2024-05-06;129071_2023-10-25;130253_2024-03-03;130253_2024-09-21;132256_2024-01-07;132256_2024-03-31;132256_2024-11-19;132967_2024-07-16;133165_2024-03-19;133165_2024-10-17;136407_2023-12-20;140211_2023-11-11;140649_2023-02-05;142999_2023-05-01;144492_2023-07-21;144492_2023-07-28;144492_2023-09-22;146624_2023-03-20;146624_2023-08-08;147147_2023-06-07;147147_2024-01-18;147147_2024-08-31;151683_2024-05-09;151740_2023-08-22;152601_2023-01-18;152601_2024-08-01;157904_2024-01-23;160216_2023-10-14;160431_2023-09-29;160431_2024-05-28;160431_2024-10-28;161573_2023-10-14;163329_2023-11-20;163595_2023-08-18;163817_2023-02-09;163817_2023-03-14;163817_2023-07-05;165786_2024-06-04;166084_2023-02-20;169310_2023-08-02;170013_2024-05-20;170013_2024-11-10;171530_2023-06-06;172262_2024-01-06;172262_2024-05-27;172510_2024-05-07;172510_2024-11-01;174968_2023-02-25;174968_2023-08-16,0.69001,0.51589,10.80928,0.96685,1.02267,0.96685,0.90493,0.0,0.5015,0.62688,0.67182,0.70615,0.7245,0.74558,0.76541,0.78492,0.80137,0.83906,0.87454,0.90474,0.93625,0.94708,0.96817,1.00936,1.03554,1.05484,1.08476,1.11325,1.11516,1.19402,1.21518,0.87514,0.92983,0.94099,0.94407,0.94901,0.95539,0.95046,0.96481,0.96804,0.94764,0.94968,0.95551,0.96951,0.96392,0.96666,0.97949,1.00374,1.00782,0.99177,0.99494,0.98268,0.92943,0.97173,0.92111,0.70041,0.0
100707_2024-06-02;102016_2023-07-20;102016_2024-03-27;104481_2024-05-05;106298_2023-02-25;106298_2024-03-13;106793_2023-06-04;106793_2024-06-14;107448_2023-09-20;107448_2023-11-16;107448_2024-05-30;108517_2023-12-09;110260_2024-01-11;110260_2024-02-01;110260_2024-06-10;110260_2024-12-09;112377_2024-10-02;115937_2024-05-17;115937_2024-06-30;115937_2024-07-11;116320_2024-06-20;116320_2024-12-29;120517_2024-07-01;120517_2024-08-07;121500_2023-03-22;123129_2023-03-14;125463_2023-06-18;125463_2024-07-05;127225_2023-03-14;127225_2023-05-09;127524_2024-01-15;127524_2024-07-02;127524_2024-12-28;128843_2023-03-22;128843_2023-04-13;129071_2024-01-30;129071_2024-04-09;129071_2024-08-11;130253_2024-05-17;132967_2024-08-12;136407_2023-05-07;138414_2024-04-18;139410_2023-07-18;142975_2023-08-21;142975_2023-11-02;142999_2024-03-13;142999_2024-06-11;144492_2023-07-21;147049_2024-04-22;147147_2023-06-07;147147_2023-11-10;151740_2023-01-09;151740_2023-03-12;151740_2023-08-22;152601_2024-03-10;152601_2024-12-21;155209_2023-04-23;155209_2023-05-10;157904_2023-02-24;157904_2023-11-11;157904_2024-01-01;163595_2024-05-08;164897_2023-03-26;164897_2024-11-16;166084_2023-08-04;166084_2023-08-10;166206_2023-07-12;166206_2024-09-27;167494_2024-01-23;168165_2023-02-15;169310_2023-10-10;169310_2024-10-03;170013_2023-11-17;170013_2024-05-20;171530_2023-06-20;172262_2024-03-18;172510_2023-03-10;172510_2024-05-07;172510_2024-12-24;174968_2023-10-28,0.66336,0.49232,10.8117,0.95177,1.01179,0.95177,0.8911,0.0,0.48227,0.61528,0.67121,0.71277,0.73042,0.74878,0.76515,0.78266,0.80174,0.84161,0.88274,0.89833,0.91421,0.92622,0.94457,0.98009,1.00393,1.01624,1.04681,1.09641,1.12025,1.20067,1.22586,0.87947,0.91146,0.92424,0.93503,0.93503,0.99391,0.98383,0.98891,0.99207,0.94611,0.94945,0.95328,0.99143,0.96546,0.97083,0.98022,1.00514,0.95711,0.95739,0.9041,0.94579,0.90366,0.96866,0.90134,0.7464,0.0
100354_2023-08-02;100354_2024-03-09;100707_2023-09-06;102016_2023-07-20;105366_2024-01-02;106298_2023-02-04;106298_2023-08-01;107448_2024-08-12;108517_2024-04-07;108517_2024-05-30;108517_2024-07-01;108795_2024-06-13;110260_2024-01-11;112377_2023-01-26;112377_2023-02-13;113377_2023-08-10;115937_2023-03-01;116320_2023-01-28;116320_2023-03-16;116320_2024-04-04;116320_2024-05-09;116320_2024-06-14;118984_2023-08-29;120517_2023-03-07;121500_2023-10-23;121555_2024-03-31;123129_2023-08-08;127225_2023-05-09;127524_2024-10-26;128843_2024-06-27;129071_2023-10-25;129071_2024-08-11;130253_2023-05-03;132256_2024-03-31;132256_2024-12-13;133165_2024-02-02;133165_2024-03-01;133165_2024-10-17;133165_2024-11-27;133996_2023-10-02;133996_2024-08-30;138414_2023-11-03;138414_2024-04-18;139410_2023-07-18;140649_2023-12-03;142975_2023-08-21;142999_2023-06-08;144492_2023-05-06;144492_2023-07-21;144492_2023-07-28;146624_2023-08-08;147049_2023-11-20;147049_2024-04-17;151683_2024-05-25;151740_2023-03-12;151740_2024-04-21;152601_2023-02-14;157904_2023-03-31;157904_2024-12-15;160216_2024-03-08;160431_2023-03-01;161573_2023-10-14;161573_2024-07-23;161573_2024-08-23;161573_2024-11-23;163595_2023-11-21;163817_2023-07-05;163817_2024-05-09;164897_2024-03-01;165786_2023-10-08;165786_2024-11-22;166084_2024-08-23;166084_2024-09-23;166206_2024-10-22;168165_2023-08-25;169310_2023-12-13;171530_2023-06-20;172262_2024-02-12;172510_2024-02-12;172510_2024-05-07,0.63417,0.48193,10.81274,0.96945,1.02354,0.96945,0.91563,0.0,0.49026,0.62416,0.68224,0.7322,0.76117,0.78351,0.8049,0.82246,0.83426,0.86156,0.88613,0.90467,0.92264,0.93981,0.97449,1.01332,1.03298,1.04861,1.07213,1.09872,1.11572,1.20133,1.21444,0.84795,0.90177,0.90058,0.91231,0.91558,0.9428,0.91631,0.94443,0.96332,0.946,0.94319,0.95688,0.98351,0.96538,0.98277,0.98809,1.01914,0.97186,0.98963,0.99502,0.98783,0.94603,0.9688,0.96796,0.76506,0.0
100354_2023-08-19;100707_2023-07-28;104481_2023-09-01;106298_2023-05-06;107448_2023-11-16;107448_2024-11-26;108517_2023-04-24;108517_2024-05-30;113377_2023-02-13;115937_2023-03-01;115937_2024-06-30;115937_2024-10-13;116320_2023-03-16;116320_2024-05-09;116320_2024-06-14;118984_2023-08-29;121500_2023-10-10;121555_2024-08-19;125463_2024-07-05;127225_2023-03-14;127225_2023-05-09;127225_2024-07-07;127524_2023-02-12;127524_2024-06-25;128843_2024-06-27;129071_2024-07-19;130253_2023-05-03;130253_2023-07-26;130253_2024-03-03;132256_2024-01-07;132967_2024-08-12;132967_2024-11-29;133165_2024-08-21;133165_2024-10-17;133996_2023-04-02;133996_2023-06-12;136407_2024-09-22;140211_2023-03-17;142975_2023-11-02;142975_2024-12-10;142999_2023-05-01;144492_2024-06-12;146624_2024-05-25;147049_2024-04-11;147049_2024-04-17;147049_2024-11-03;147147_2023-11-10;151683_2024-05-25;151740_2024-07-24;152601_2024-03-10;155209_2023-01-10;155209_2023-01-16;155209_2024-11-11;157904_2023-11-11;160216_2023-01-17;160216_2024-08-22;161573_2023-12-20;163595_2023-11-21;163817_2024-01-26;163817_2024-06-23;164897_2023-12-12;165786_2023-02-16;166084_2023-08-04;166206_2024-09-27;166206_2024-10-22;167494_2024-02-26;167494_2024-03-08;167494_2024-11-16;168165_2024-01-17;168165_2024-05-28;168165_2024-06-18;169310_2024-07-01;171530_2023-05-31;171530_2024-03-17;172262_2023-02-12;172262_2023-07-08;172262_2024-02-12;172510_2024-01-06;172510_2024-11-01;174968_2024-04-14,0.66094,0.48162,10.81777,0.95549,1.01279,0.95549,0.89756,0.0,0.47066,0.61557,0.6729,0.71069,0.73026,0.74785,0.76674,0.78465,0.7992,0.82923,0.85014,0.87729,0.90799,0.92482,0.95979,1.00549,1.02511,1.03732,1.05931,1.09131,1.10921,1.19487,1.21929,0.84173,0.90425,0.90581,0.91062,0.92212,0.92901,0.92763,0.92737,0.93344,0.92418,0.9226,0.92619,0.95301,0.9517,0.95054,0.97583,1.01589,0.96899,0.97736,0.99428,0.97658,0.88967,0.99587,0.91218,0.69047,0.0
100354_2023-05-30;104481_2023-08-15;104481_2024-05-05;106298_2023-06-14;106298_2024-08-18;106793_2024-12-22;107448_2023-10-19;107448_2024-10-21;108795_2024-06-13;110260_2024-01-11;112377_2024-01-18;113377_2023-07-01;113377_2024-06-13;113377_2024-08-13;116320_2023-04-19;116320_2024-06-20;118984_2024-06-15;120517_2023-03-07;120517_2024-07-01;120517_2024-08-08;121500_2024-02-02;121555_2024-08-25;123129_2023-07-13;125463_2024-03-27;127524_2023-08-27;127524_2024-01-15;127524_2024-09-05;128843_2024-05-06;129071_2024-12-19;130253_2024-09-21;132256_2024-03-31;132967_2023-02-02;133165_2024-03-19;133165_2024-11-27;133996_2023-04-20;133996_2023-10-02;136407_2023-03-14;136407_2023-10-01;136407_2023-10-16;139410_2023-06-21;142975_2023-04-09;144492_2023-07-28;144492_2024-06-12;146624_2023-03-12;147049_2023-04-04;147049_2023-08-22;147049_2024-04-17;147147_2023-04-24;147147_2023-10-10;151740_2023-01-09;151740_2024-07-24;152601_2023-01-18;152601_2023-02-14;152601_2023-11-27;152601_2024-03-10;152601_2024-08-01;155209_2023-01-10;155209_2023-01-16;155209_2023-04-23;155209_2023-05-10;160431_2023-04-18;164897_2023-01-28;164897_2023-03-26;164897_2023-12-12;164897_2024-03-01;165786_2023-10-08;165786_2024-09-04;166084_2023-09-25;166084_2024-09-20;166206_2024-09-14;166206_2024-09-27;167494_2023-08-27;167494_2024-02-26;167494_2024-10-26;168165_2023-08-25;169310_2023-12-13;169310_2024-03-17;169310_2024-07-01;171530_2023-06-06;171530_2024-06-13,0.64814,0.48635,10.81005,0.96313,1.02689,0.96313,0.90691,0.0,0.49302,0.62607,0.6882,0.72914,0.74913,0.76734,0.77753,0.78761,0.79966,0.82508,0.84989,0.87091,0.89216,0.912,0.94782,1.0044,1.02864,1.04415,1.06688,1.10619,1.14443,1.2347,1.25357,0.84092,0.88899,0.879,0.90057,0.92385,0.92416,0.92639,0.93774,0.94367,0.93248,0.94838,0.9603,0.98882,0.97611,0.99903,0.99771,1.0645,0.9653,0.95884,0.95974,0.94117,0.90058,0.96804,0.95408,0.78364,0.0
100354_2023-05-30;100354_2023-09-22;100707_2023-01-07;102016_2023-07-20;105366_2023-09-16;106298_2023-02-04;106298_2023-08-01;106793_2023-04-10;107448_2023-02-24;107448_2023-10-19;107448_2024-08-07;108517_2023-08-02;108517_2024-07-13;110260_2023-01-06;110260_2023-06-23;110260_2023-12-25;110260_2024-01-11;113377_2023-02-27;113377_2024-06-26;113377_2024-09-29;115937_2024-09-22;116320_2024-11-29;121500_2024-02-02;121500_2024-12-01;121555_2023-10-09;127524_2023-07-08;127524_2024-07-02;129071_2023-05-02;129071_2024-04-09;129071_2024-12-19;130253_2024-09-21;132256_2024-01-07;132967_2023-11-03;132967_2024-02-20;132967_2024-08-12;133165_2024-02-02;133165_2024-03-01;136407_2023-05-07;136407_2023-09-30;136407_2023-12-20;140211_2023-06-14;140649_2023-01-20;140649_2023-04-24;142975_2023-08-21;144492_2024-06-12;146624_2023-03-10;146624_2023-08-08;147049_2024-04-17;151683_2023-10-20;152601_2023-01-18;152601_2024-11-18;155209_2023-05-10;155209_2023-09-05;157904_2024-12-15;160216_2023-03-29;160216_2024-03-06;160431_2023-09-29;160431_2024-05-11;163595_2023-02-04;165786_2023-02-10;165786_2023-10-08;166084_2023-08-10;166084_2024-01-13;166084_2024-04-26;166084_2024-09-23;166206_2024-09-14;166206_2024-10-22;167494_2024-03-08;167494_2024-12-11;168165_2023-02-15;169310_2023-10-10;169310_2024-07-08;169310_2024-10-03;170013_2024-06-23;171530_2023-03-22;171530_2024-06-13;172262_2024-03-18;172510_2024-12-21;172510_2024-12-24;174968_2023-03-21,0.65389,0.47796,10.81657,0.95485,1.01458,0.95485,0.90111,0.0,0.47207,0.63319,0.69522,0.7376,0.76411,0.78748,0.8031,0.8129,0.82201,0.84266,0.86619,0.88696,0.89949,0.91552,0.94119,0.98755,1.0082,1.02112,1.04834,1.09118,1.11894,1.20908,1.22527,0.8551,0.88946,0.90865,0.93494,0.93923,0.95833,0.9446,0.96151,0.96587,0.94494,0.94741,0.95841,0.98984,0.96053,0.95832,0.97825,1.02222,0.95362,0.94207,0.92238,0.97676,0.92506,0.96077,0.9058,0.73239,0.0
100354_2023-05-30;100354_2023-07-21;100354_2023-08-02;100707_2023-01-07;100707_2023-09-06;100707_2024-04-01;102016_2023-07-18;105366_2023-01-03;106793_2024-06-13;107448_2023-02-24;107448_2023-08-23;107448_2023-11-02;107448_2024-05-30;110260_2023-01-06;113377_2023-02-13;113377_2023-08-10;115937_2024-09-22;116320_2023-08-20;116320_2024-12-14;118984_2023-04-25;121500_2023-10-23;121555_2023-02-20;125463_2023-06-28;127225_2023-03-14;127225_2023-05-02;127524_2023-08-27;127524_2024-10-18;129071_2023-02-19;129071_2024-04-09;129071_2024-08-11;130253_2024-02-18;132256_2024-12-13;132967_2024-02-20;133165_2024-08-16;133996_2023-04-02;136407_2023-05-07;136407_2023-12-20;139410_2024-07-16;140649_2023-12-03;140649_2024-03-22;142975_2023-01-19;142975_2024-09-28;142975_2024-10-10;144492_2023-05-06;147147_2023-10-10;147147_2023-11-02;151683_2024-05-09;151740_2023-08-22;152601_2023-11-27;155209_2023-09-05;155209_2024-11-11;157904_2023-03-31;160216_2024-02-23;160216_2024-06-28;160431_2023-03-01;160431_2024-10-28;161573_2023-04-21;163329_2024-09-29;163817_2024-05-09;163817_2024-11-27;164897_2023-08-13;165786_2023-02-16;165786_2023-10-08;166084_2023-08-10;166084_2023-09-25;166084_2024-10-08;166206_2023-07-12;167494_2023-08-27;167494_2024-01-23;167494_2024-02-26;168165_2023-02-15;168165_2024-01-17;169310_2023-01-03;169310_2023-06-10;170013_2023-10-01;170013_2023-11-17;171530_2023-05-31;171530_2024-03-17;172262_2024-05-27;174968_2023-08-16,0.63362,0.47551,10.81038,0.97969,1.03892,0.97969,0.92411,0.0,0.47065,0.61363,0.67831,0.7221,0.74685,0.76796,0.78275,0.7986,0.81348,0.84512,0.86862,0.89253,0.91876,0.93597,0.97687,1.03071,1.05835,1.07623,1.09708,1.12076,1.13761,1.23108,1.25023,0.84005,0.9052,0.89769,0.9107,0.92161,0.92649,0.92543,0.93447,0.94729,0.93296,0.9443,0.95796,0.96771,0.96771,0.98121,0.99903,1.04907,0.99694,1.01489,1.02041,0.99574,0.93649,1.03235,0.9714,0.71952,0.0
100354_2024-03-09;100707_2023-01-01;100707_2024-12-18;102016_2024-11-04;104481_2023-09-01;104481_2024-07-30;105366_2024-07-06;106793_2023-06-04;107448_2024-01-07;107448_2024-07-03;108795_2024-01-21;108795_2024-04-26;110260_2023-06-23;113377_2024-06-26;120517_2023-03-07;120517_2024-08-07;123129_2023-03-14;123129_2023-10-10;125463_2023-06-18;125463_2023-11-25;125463_2023-11-30;127225_2024-07-07;127225_2024-11-10;127524_2023-08-27;127524_2023-11-09;127524_2024-10-26;129071_2023-02-19;129071_2023-05-02;129071_2023-10-25;132967_2023-02-02;133996_2023-04-20;133996_2023-10-02;133996_2024-11-02;136407_2023-04-22;136407_2024-09-22;138414_2023-01-16;140649_2023-02-05;142975_2023-04-09;144492_2023-09-22;146624_2023-03-20;146624_2023-04-28;147049_2024-04-22;147049_2024-08-15;147147_2024-01-18;151683_2024-05-09;151740_2023-01-09;152601_2024-08-01;155209_2023-01-16;155209_2023-05-10;155209_2024-11-11;157904_2024-12-15;160431_2023-03-01;160431_2023-03-27;160431_2024-05-11;161573_2024-02-04;161573_2024-07-29;161573_2024-08-23;161573_2024-11-23;163329_2024-09-29;163817_2023-03-14;163817_2023-10-03;163817_2024-06-23;164897_2023-01-28;164897_2024-07-09;165786_2023-09-07;165786_2023-10-16;166084_2023-02-20;166084_2023-09-25;166206_2024-09-14;166206_2024-09-27;168165_2024-06-18;169310_2024-03-17;170013_2023-10-01;170013_2023-11-17;172262_2023-07-08;172262_2024-02-12;172262_2024-11-20;172510_2023-03-10;172510_2024-01-06;174968_2024-05-19,0.62129,0.50041,10.80895,0.96664,1.02268,0.96664,0.90652,0.0,0.4886,0.61726,0.67573,0.7154,0.74417,0.77154,0.80083,0.8206,0.83424,0.87286,0.89122,0.90503,0.91946,0.9354,0.96637,1.0084,1.02532,1.04401,1.06936,1.10707,1.11784,1.19297,1.21713,0.90781,0.94619,0.95202,0.94806,0.95069,0.96848,0.96354,0.96418,0.97075,0.96599,0.96542,0.96849,0.97835,0.96628,0.97213,0.9786,1.00203,0.98916,0.97062,0.96155,0.98074,0.9241,0.97847,0.93625,0.73098,0.0
100707_2023-01-01;100707_2023-01-07;102016_2023-07-18;102016_2023-07-20;102016_2024-03-08;106793_2023-04-10;106793_2024-06-13;107448_2023-11-02;108517_2023-06-11;108517_2023-08-02;108517_2023-11-05;108517_2023-12-09;108517_2024-04-07;108517_2024-05-30;112377_2024-01-18;113377_2023-02-13;113377_2023-08-03;115937_2023-03-01;115937_2024-06-30;116320_2023-01-28;116320_2023-04-19;121555_2024-08-25;125463_2023-06-17;125463_2024-03-27;127225_2023-03-14;127225_2023-08-28;127225_2024-11-10;127524_2024-09-05;129071_2024-04-09;129071_2024-10-24;130253_2023-02-09;130253_2023-07-26;130253_2024-02-18;130253_2024-09-21;132967_2023-11-12;133996_2023-03-03;133996_2023-04-20;136407_2023-09-30;138414_2024-11-09;140211_2023-06-14;140649_2023-11-22;142975_2023-04-09;142975_2023-08-21;142999_2023-06-08;144492_2023-06-20;146624_2023-01-11;146624_2023-03-10;146624_2023-08-08;147049_2023-12-19;151683_2023-10-20;151683_2024-05-25;152601_2023-02-14;152601_2023-11-27;155209_2023-04-23;155209_2023-05-10;155209_2024-07-16;157904_2023-02-24;160216_2023-03-29;160431_2023-09-29;160431_2024-05-28;164897_2023-01-29;164897_2024-10-30;165786_2023-02-10;165786_2024-04-08;165786_2024-11-22;166206_2024-10-22;167494_2023-11-16;167494_2024-01-08;167494_2024-03-08;167494_2024-12-11;168165_2023-03-10;168165_2024-01-17;168165_2024-05-28;170013_2023-06-07;170013_2024-11-12;172262_2023-07-08;172510_2024-11-01;174968_2023-02-25;174968_2023-03-21;174968_2023-11-13,0.68896,0.49888,10.81667,0.97269,1.03638,0.97269,0.91263,0.0,0.50048,0.63064,0.67299,0.70276,0.72451,0.74334,0.75779,0.77271,0.78805,0.81838,0.84339,0.86751,0.90144,0.92677,0.97173,1.0296,1.05337,1.06777,1.08575,1.11292,1.14033,1.23491,1.26945,0.85522,0.91902,0.8999,0.90392,0.92702,0.94158,0.93862,0.92936,0.94089,0.94074,0.94318,0.95526,0.96584,0.98149,0.99217,0.99273,1.03433,1.01302,1.01409,1.00866,0.96463,0.90332,0.95654,0.9657,0.69377,0.0
100354_2023-12-02;100354_2024-12-28;100707_2023-07-04;100707_2024-12-03;104481_2024-05-05;105366_2023-09-05;106298_2023-02-01;106298_2023-02-25;106298_2024-11-17;106793_2023-09-21;107448_2023-11-16;107448_2024-07-03;110260_2023-06-23;110260_2023-12-25;113377_2024-01-08;115937_2024-06-30;115937_2024-10-13;116320_2023-04-19;121500_2023-10-10;121500_2024-02-24;123129_2024-02-01;123129_2024-08-26;125463_2023-06-18;125463_2023-10-15;125463_2024-01-22;125463_2024-03-27;129071_2024-10-24;130253_2023-05-03;130253_2024-05-06;130253_2024-05-17;132967_2023-12-02;132967_2024-02-20;132967_2024-04-06;132967_2024-08-12;133165_2024-02-02;133996_2023-06-12;133996_2023-10-02;133996_2024-08-30;133996_2024-11-02;136407_2023-09-30;138414_2024-11-09;139410_2023-03-21;142975_2023-01-19;142975_2024-06-07;142999_2023-05-01;144492_2023-12-08;146624_2023-03-20;147049_2023-11-20;147147_2023-11-02;147147_2024-01-18;151683_2023-03-15;151683_2024-05-09;151683_2024-09-19;151740_2023-03-12;151740_2023-08-22;151740_2024-04-21;151740_2024-07-24;157904_2024-02-10;160216_2023-04-09;160216_2023-10-14;160216_2024-08-17;161573_2023-12-20;161573_2024-07-23;163329_2024-08-29;163595_2023-02-04;163595_2024-02-27;163817_2024-02-14;166084_2023-09-19;166084_2024-01-13;166206_2023-07-12;167494_2024-11-16;168165_2023-02-15;169310_2024-07-01;170013_2024-05-20;172262_2023-06-20;172262_2023-11-11;172262_2024-03-18;172262_2024-05-27;172510_2023-03-10;174968_2024-05-19,0.67199,0.49088,10.80976,0.97803,1.03105,0.97803,0.9266,0.0,0.49606,0.63724,0.69368,0.72651,0.74573,0.76179,0.78055,0.7971,0.81201,0.84566,0.87492,0.91139,0.94305,0.95903,0.98813,1.02168,1.05141,1.07331,1.10509,1.12465,1.11898,1.19184,1.2141,0.88477,0.94344,0.95018,0.94555,0.94718,0.95828,0.94796,0.94955,0.95338,0.94444,0.94282,0.94852,0.96213,0.95625,0.96253,0.97245,1.00195,1.00024,1.01001,1.0248,1.00309,0.95067,1.00985,1.00992,0.7701,0.0
100354_2023-06-07;100354_2023-07-21;100354_2023-08-02;100354_2023-08-19;102016_2023-07-20;102016_2024-04-10;104481_2024-01-19;104481_2024-07-30;105366_2023-09-16;106298_2023-02-04;106298_2023-08-01;106298_2023-11-11;106793_2023-10-28;107448_2024-01-07;107448_2024-07-03;107448_2024-10-21;108517_2023-11-05;108517_2024-05-27;108517_2024-07-13;110260_2023-06-23;110260_2023-12-25;110260_2024-02-01;112377_2024-10-02;113377_2023-08-10;113377_2024-06-26;116320_2023-03-16;116320_2023-04-19;118984_2024-06-15;120517_2023-11-28;121555_2023-02-14;121555_2024-08-19;123129_2023-10-10;123129_2024-08-26;125463_2023-11-30;127225_2024-06-02;127524_2024-04-05;127524_2024-09-05;128843_2024-05-16;129071_2023-02-19;129071_2023-10-25;130253_2024-05-14;130253_2024-09-21;132256_2024-01-07;132967_2023-02-02;132967_2023-12-31;132967_2024-08-12;133165_2024-03-01;133996_2023-04-20;133996_2023-10-02;133996_2024-11-02;136407_2023-03-14;142975_2023-11-02;142999_2024-03-13;147049_2023-08-22;147049_2024-04-11;147049_2024-12-20;147147_2023-11-10;151740_2023-10-14;151740_2024-07-24;152601_2023-01-18;157904_2024-01-23;160216_2024-06-28;160431_2023-03-01;161573_2023-02-25;163595_2023-08-18;163817_2023-03-14;164897_2023-09-05;164897_2023-12-12;165786_2023-10-08;166084_2023-08-10;166206_2023-07-12;168165_2023-02-15;168165_2024-01-17;169310_2023-01-03;169310_2024-10-03;170013_2024-05-20;170013_2024-11-10;172262_2024-02-12;172510_2024-01-21;174968_2023-08-16,0.6595,0.49337,10.81199,0.95936,1.01702,0.95936,0.90123,0.0,0.48626,0.63214,0.68082,0.71277,0.73501,0.75826,0.77773,0.79397,0.80808,0.83717,0.86498,0.88874,0.91403,0.93073,0.96176,1.00268,1.02368,1.03415,1.05825,1.09858,1.11753,1.19895,1.21945,0.85734,0.89542,0.91906,0.9292,0.93206,0.94134,0.94052,0.9548,0.96116,0.94462,0.9529,0.96566,0.989,0.95954,0.97512,0.97413,1.0122,0.96739,0.96323,0.96003,0.9955,0.91104,0.93792,0.9234,0.70666,0.0
100354_2023-03-02;100707_2023-01-01;100707_2023-07-28;100707_2023-09-06;100707_2024-12-18;104481_2024-10-02;106298_2024-11-17;106793_2023-04-10;106793_2024-09-15;108517_2023-06-11;108517_2024-05-30;112377_2023-01-26;112377_2024-10-02;113377_2023-02-13;113377_2023-02-27;113377_2024-06-26;115937_2024-06-30;115937_2024-09-22;118984_2024-06-15;118984_2024-12-11;120517_2024-08-07;123129_2024-02-01;125463_2023-12-21;125463_2024-03-27;127524_2024-03-16;127524_2024-10-18;128843_2024-05-06;128843_2024-05-16;128843_2024-06-27;130253_2024-09-21;132256_2024-01-07;132256_2024-12-13;132967_2023-11-12;132967_2024-08-07;132967_2024-08-12;133996_2023-10-02;133996_2024-11-02;136407_2023-04-22;138414_2023-11-03;139410_2023-03-06;139410_2023-07-18;139410_2024-03-11;139410_2024-07-16;140211_2023-03-09;140649_2023-12-03;140649_2024-03-22;142975_2023-04-09;142975_2023-11-02;142975_2024-09-28;142999_2023-05-01;144492_2023-05-06;144492_2023-07-28;146624_2023-03-20;147049_2023-11-20;147049_2023-12-19;147049_2024-11-03;147147_2023-04-24;147147_2023-06-07;151683_2024-05-21;151683_2024-09-19;152601_2024-03-10;155209_2023-09-05;157904_2023-03-31;157904_2024-01-01;160431_2023-09-29;160431_2024-10-28;163329_2024-09-29;163817_2024-01-26;164897_2023-09-05;166084_2023-01-03;166084_2024-09-20;167494_2023-07-05;169310_2024-07-08;170013_2024-05-20;171530_2023-03-22;171530_2024-09-18;172262_2023-07-08;172510_2024-05-07;172510_2024-12-21;174968_2023-10-28,0.61204,0.48998,10.81258,0.96356,1.01944,0.96356,0.90675,0.0,0.47705,0.61981,0.67496,0.71186,0.733,0.75546,0.77346,0.79099,0.8093,0.84766,0.88403,0.90502,0.92799,0.94265,0.97118,1.00807,1.0271,1.04097,1.06542,1.10026,1.11493,1.19502,1.21414,0.87838,0.91949,0.93034,0.93111,0.94014,0.95495,0.95135,0.95612,0.96211,0.94872,0.9424,0.95427,0.97602,0.9581,0.9693,0.9769,1.0032,0.96785,0.97133,0.96992,0.98604,0.91353,0.96648,0.9476,0.69787,0.0
100354_2023-09-22;100707_2024-12-03;102016_2024-10-15;106298_2023-02-01;106793_2023-10-28;106793_2024-09-15;106793_2024-12-22;107448_2024-11-26;108517_2023-07-12;108795_2024-05-15;113377_2024-06-26;113377_2024-08-13;113377_2024-08-17;115937_2024-10-13;116320_2023-01-28;116320_2023-03-16;116320_2024-06-14;120517_2024-08-07;121500_2023-08-12;121500_2024-02-02;121555_2023-02-14;123129_2024-06-13;127524_2023-08-27;127524_2024-01-15;127524_2024-10-26;128843_2023-04-05;128843_2024-05-16;129071_2023-04-09;129071_2024-07-19;130253_2024-02-18;130253_2024-08-31;132256_2024-12-13;132967_2023-02-02;132967_2023-09-22;132967_2023-11-12;132967_2024-07-16;132967_2024-11-29;133165_2024-02-02;133165_2024-10-17;133996_2023-10-02;136407_2023-03-14;136407_2024-08-01;138414_2023-11-03;139410_2023-07-18;140649_2024-06-14;142999_2023-06-29;144492_2023-12-08;144492_2024-06-12;147049_2023-08-22;147049_2023-11-20;147049_2024-12-20;147147_2023-11-10;152601_2024-03-10;152601_2024-11-18;157904_2023-03-28;160431_2024-05-11;161573_2023-04-07;161573_2024-05-27;161573_2024-11-23;163595_2023-02-25;163817_2023-02-09;165786_2023-02-10;165786_2023-09-07;166084_2023-01-03;166084_2024-04-26;166206_2024-09-27;167494_2024-03-08;167494_2024-12-11;168165_2023-03-10;168165_2024-06-24;169310_2023-06-10;170013_2023-02-25;170013_2023-11-17;170013_2024-11-12;172262_2023-02-12;172262_2024-09-18;172510_2023-12-22;172510_2024-02-12;172510_2024-12-24;174968_2023-10-16,0.6045,0.48889,10.81461,0.97918,1.03059,0.97918,0.92252,0.0,0.48586,0.63466,0.68799,0.7288,0.7554,0.78048,0.80376,0.82624,0.84734,0.88708,0.91881,0.939,0.95536,0.96639,0.99138,1.02321,1.04128,1.05526,1.07835,1.10723,1.11407,1.19004,1.21271,0.89745,0.94182,0.95757,0.96647,0.96971,0.96872,0.96692,0.97708,0.97951,0.96827,0.97077,0.97396,0.9884,0.97616,0.97498,0.98262,1.0038,0.99494,0.99441,0.99357,1.00312,0.93537,0.95534,0.96015,0.75486,0.0
100707_2023-07-20;102016_2024-03-08;104481_2023-08-15;104481_2024-07-30;106298_2024-03-13;106298_2024-08-18;107448_2023-09-20;107448_2024-10-21;108517_2023-11-05;108517_2024-04-07;110260_2023-01-06;112377_2023-01-26;113377_2023-08-03;113377_2024-01-08;115937_2024-10-13;116320_2024-06-14;116320_2024-12-29;120517_2024-08-08;121500_2024-02-24;121500_2024-07-24;123129_2023-03-09;123129_2023-07-13;123129_2024-06-13;127225_2023-12-05;127225_2024-06-02;127225_2024-07-07;127524_2024-01-23;127524_2024-04-05;127524_2024-09-05;127524_2024-10-26;130253_2023-02-09;130253_2023-05-03;130253_2024-05-14;132256_2023-12-01;132967_2023-12-02;133165_2024-02-02;133165_2024-03-19;133165_2024-11-27;133996_2023-03-03;133996_2024-11-02;138414_2024-04-18;138414_2024-11-09;140211_2023-11-11;140649_2023-01-20;140649_2023-04-24;140649_2023-12-03;142975_2023-08-21;144492_2023-09-22;147049_2024-11-03;151683_2024-05-09;151740_2023-10-14;157904_2023-03-31;157904_2024-02-10;157904_2024-12-15;160216_2024-08-22;160431_2024-05-11;160431_2024-05-28;161573_2023-04-21;161573_2023-12-20;161573_2024-08-06;163329_2023-06-28;164897_2023-01-29;165786_2023-09-07;165786_2024-06-04;167494_2023-08-27;167494_2024-03-08;167494_2024-12-11;168165_2023-08-25;169310_2023-08-08;169310_2024-10-03;170013_2023-06-07;171530_2023-03-22;172262_2024-05-27;172262_2024-11-20;172510_2023-08-20;172510_2023-11-29;172510_2023-12-22;172510_2024-02-12;172510_2024-05-21;172510_2024-12-24,0.68779,0.49154,10.8111,0.95187,1.00978,0.95187,0.89808,0.0,0.491,0.63071,0.68012,0.71321,0.73846,0.76065,0.78433,0.80664,0.82439,0.84841,0.86753,0.88687,0.90617,0.92049,0.94512,0.98651,1.00797,1.02166,1.0463,1.08615,1.11259,1.19451,1.21955,0.84361,0.89631,0.89814,0.91844,0.92601,0.94731,0.94038,0.94468,0.95105,0.92855,0.93228,0.94719,0.9619,0.96225,0.95859,0.97871,1.02021,0.97582,0.95234,0.94244,0.96222,0.93791,0.95754,0.92093,0.76199,0.0
100354_2023-05-30;100707_2023-01-07;100707_2023-09-06;100707_2024-04-01;100707_2024-12-18;102016_2023-07-20;102016_2024-10-15;104481_2024-10-02;105366_2023-09-16;106298_2023-02-25;106298_2023-04-26;106298_2023-05-06;106298_2023-11-11;106793_2023-10-28;106793_2024-09-15;106793_2024-12-22;107448_2023-11-02;107448_2024-05-30;107448_2024-07-03;107448_2024-12-04;108517_2024-05-21;110260_2024-06-10;110260_2024-12-09;112377_2024-05-22;113377_2023-07-01;115937_2024-06-30;115937_2024-09-25;116320_2023-03-16;116320_2023-04-19;116320_2024-05-09;120517_2024-07-01;121500_2023-05-20;121555_2023-02-14;123129_2023-08-08;125463_2023-10-15;127225_2023-12-05;127225_2024-11-10;127524_2024-01-23;128843_2023-04-02;128843_2024-05-06;129071_2023-04-09;130253_2024-08-31;132256_2024-01-07;132967_2023-11-03;136407_2023-04-22;138414_2024-02-24;139410_2023-03-21;139410_2024-03-11;140211_2023-06-14;142975_2024-10-10;146624_2023-04-28;147049_2023-04-04;147049_2024-04-17;147147_2023-05-14;147147_2024-01-18;152601_2024-03-10;155209_2023-04-23;155209_2024-11-15;157904_2024-05-25;160216_2024-09-21;160431_2023-03-01;161573_2023-04-21;161573_2023-12-20;161573_2024-07-29;163329_2024-08-29;163595_2023-02-04;164897_2023-07-03;164897_2023-08-13;165786_2024-06-04;166084_2023-09-19;166206_2023-01-05;167494_2023-07-05;167494_2024-11-16;168165_2024-06-18;169310_2024-03-17;170013_2023-10-01;172262_2023-06-20;172510_2023-01-25;172510_2024-05-07;174968_2023-10-16,0.66999,0.50039,10.8159,0.9721,1.02555,0.9721,0.91033,0.0,0.48935,0.61807,0.66575,0.6999,0.72329,0.74341,0.76156,0.78266,0.80089,0.84431,0.8884,0.91934,0.94668,0.95943,0.9857,1.02186,1.04584,1.06347,1.08841,1.11159,1.11333,1.18629,1.20889,0.9054,0.94505,0.95477,0.95805,0.96076,0.96312,0.9597,0.96323,0.96452,0.95854,0.95321,0.95689,0.97162,0.96474,0.96736,0.97588,1.00522,1.0002,1.01082,1.00506,1.00502,0.92814,0.95514,0.94566,0.6834,0.0
100707_2023-01-07;100707_2023-09-06;100707_2024-07-11;102016_2023-07-18;102016_2024-03-08;105366_2024-07-06;106298_2023-02-04;106298_2023-02-25;106298_2023-06-14;106793_2024-06-14;107448_2023-11-16;107448_2024-01-07;107448_2024-07-03;107448_2024-08-07;108795_2024-11-23;112377_2024-05-22;113377_2023-02-27;113377_2023-08-03;113377_2024-06-13;120517_2023-04-01;120517_2024-08-08;121500_2023-08-12;121500_2024-02-02;121500_2024-07-24;121555_2024-08-19;125463_2023-10-15;127225_2023-05-09;127225_2023-05-30;127225_2023-08-28;127225_2024-06-02;128843_2023-04-13;129071_2023-04-09;130253_2024-05-06;130253_2024-05-17;130253_2024-09-21;132967_2024-07-16;133165_2023-08-22;133165_2024-08-21;136407_2023-05-07;136407_2023-09-30;138414_2023-01-16;139410_2024-03-11;140211_2023-04-23;140211_2024-06-18;142975_2023-01-19;142975_2023-08-21;142975_2023-11-02;142975_2024-10-10;142999_2024-03-13;144492_2023-05-06;144492_2023-12-08;147049_2023-04-04;147147_2023-05-14;151683_2023-10-20;151683_2024-05-25;151740_2023-08-22;155209_2023-04-23;155209_2024-11-11;160216_2023-10-14;160431_2024-05-11;163817_2024-04-11;163817_2024-05-09;164897_2024-10-30;165786_2023-02-16;166084_2023-08-04;166084_2023-08-10;166084_2024-04-26;166084_2024-10-08;166206_2023-07-12;167494_2024-01-08;167494_2024-10-26;168165_2024-01-17;168165_2024-06-24;169310_2024-07-01;169310_2024-07-08;170013_2024-11-10;171530_2024-05-02;172262_2023-06-20;172262_2024-03-18;172510_2024-05-07,0.63582,0.49403,10.81486,0.95572,1.0178,0.95572,0.89372,0.0,0.4929,0.62656,0.67942,0.71167,0.7317,0.75156,0.7635,0.78186,0.79524,0.82352,0.84355,0.86724,0.89094,0.91506,0.95322,0.99227,1.01807,1.04302,1.0563,1.09846,1.12954,1.21823,1.23678,0.83699,0.88488,0.89234,0.90872,0.92231,0.92523,0.92717,0.94156,0.94647,0.93331,0.95042,0.96496,0.97401,0.96314,0.96477,0.98974,1.03577,0.98068,0.97617,0.96537,0.91425,0.84831,1.02653,0.91226,0.72047,0.0
100354_2023-09-22;100354_2024-03-09;102016_2024-03-27;102016_2024-06-29;104481_2023-08-15;104481_2023-11-01;105366_2023-01-03;105366_2023-09-05;106298_2024-11-17;107448_2024-01-07;107448_2024-08-07;108517_2023-06-11;108795_2024-01-21;108795_2024-11-23;112377_2024-05-22;113377_2024-08-24;116320_2024-04-04;118984_2023-08-29;120517_2023-11-28;120517_2024-11-08;121555_2023-02-20;123129_2023-03-09;123129_2023-08-08;123129_2024-07-05;125463_2023-11-30;127225_2024-06-27;128843_2024-06-27;129071_2023-10-25;132256_2023-12-01;132967_2023-02-03;133165_2023-08-22;133996_2023-04-20;138414_2023-10-18;138414_2023-11-03;140649_2023-12-03;142975_2023-04-09;142975_2024-06-07;142975_2024-12-10;142999_2023-06-29;146624_2023-03-20;146624_2023-08-26;146624_2024-05-25;151683_2024-05-25;151740_2023-08-22;151740_2024-07-24;151740_2024-12-21;152601_2023-01-18;155209_2023-01-10;157904_2023-11-11;157904_2024-05-25;160216_2023-10-14;160216_2024-03-06;160216_2024-03-08;160216_2024-06-07;161573_2023-04-21;161573_2023-10-14;161573_2023-12-20;161573_2024-02-04;163329_2023-06-28;163329_2024-08-29;163595_2023-02-25;163817_2023-03-14;164897_2023-01-28;164897_2023-01-29;164897_2023-07-03;165786_2023-02-16;165786_2024-06-04;166084_2023-01-03;166084_2023-01-05;166084_2024-04-26;168165_2023-02-15;168165_2024-01-17;169310_2023-06-10;169310_2023-08-08;169310_2024-06-28;169310_2024-10-05;170013_2024-06-23;171530_2024-03-17;171530_2024-06-13;172510_2024-01-06,0.61031,0.49604,10.81214,0.96503,1.02088,0.96503,0.90112,0.0,0.48956,0.61398,0.66122,0.69909,0.71716,0.73671,0.75617,0.77262,0.79315,0.83582,0.85884,0.8799,0.90204,0.92245,0.96455,1.02291,1.04976,1.06826,1.09049,1.1123,1.11301,1.19042,1.21122,0.87638,0.92139,0.92392,0.92439,0.92992,0.93282,0.93291,0.94399,0.95028,0.93795,0.94023,0.94666,0.9559,0.95869,0.96314,0.97267,1.00315,1.01196,1.01881,1.0174,1.00208,0.89556,0.94014,0.93599,0.68093,0.0
100354_2023-07-21;100707_2023-01-07;100707_2023-07-28;100707_2023-09-06;100707_2024-04-14;102016_2023-07-20;102016_2024-03-27;104481_2023-08-15;104481_2024-05-05;105366_2023-09-16;106298_2023-02-01;106298_2024-08-18;106793_2023-03-14;106793_2023-09-21;107448_2023-09-20;108517_2023-07-12;108517_2024-04-07;113377_2023-07-01;113377_2023-08-10;113377_2024-09-29;116320_2024-04-04;116320_2024-05-09;116320_2024-06-12;120517_2024-08-08;121500_2024-02-24;121500_2024-07-24;123129_2023-08-08;123129_2024-02-01;125463_2024-01-22;127225_2023-03-14;127225_2023-05-30;127225_2023-08-28;127225_2024-07-07;128843_2024-05-06;130253_2024-03-03;130253_2024-03-23;132256_2024-03-31;132967_2024-07-16;133165_2024-11-27;133996_2023-03-03;133996_2023-04-20;133996_2024-11-14;136407_2023-03-14;136407_2024-08-01;138414_2023-10-18;139410_2023-03-21;140211_2023-11-11;140649_2023-11-22;142975_2024-12-10;142999_2023-06-08;142999_2024-03-13;146624_2023-08-08;147147_2023-06-07;147147_2023-11-10;160431_2024-10-28;161573_2023-02-25;161573_2024-02-04;163329_2024-09-01;163595_2023-08-18;163817_2023-03-14;163817_2024-06-23;164897_2024-03-01;165786_2023-02-16;166084_2023-01-03;166206_2023-01-05;166206_2024-09-27;167494_2023-11-16;167494_2024-01-08;167494_2024-02-26;168165_2023-08-25;169310_2024-07-01;170013_2023-11-17;171530_2024-05-02;172262_2023-06-20;172262_2024-03-18;172262_2024-05-27;172510_2023-11-29;172510_2024-02-12;172510_2024-09-26;174968_2023-02-25,0.65895,0.50899,10.81719,0.97583,1.0324,0.97583,0.9211,0.0,0.50807,0.64253,0.68002,0.70711,0.72678,0.7547,0.76891,0.7887,0.81152,0.84277,0.87281,0.8972,0.92357,0.94288,0.98498,1.03128,1.05044,1.06881,1.08686,1.10926,1.1233,1.21693,1.23557,0.8379,0.90232,0.89445,0.90543,0.9203,0.9293,0.91761,0.93059,0.93665,0.92547,0.94091,0.94977,0.96439,0.95399,0.96193,0.98619,1.03217,1.00298,1.01335,1.02005,1.01551,0.93122,0.99395,0.97469,0.69705,0.0
100354_2023-08-19;100707_2024-06-02;102016_2024-03-08;105366_2023-09-16;106298_2023-02-01;106298_2023-02-04;106298_2023-11-11;107448_2024-05-30;107448_2024-11-26;108517_2023-11-05;108795_2024-05-15;108795_2024-06-13;110260_2023-12-25;110260_2024-06-10;112377_2023-10-18;113377_2023-02-27;113377_2024-01-08;115937_2024-06-30;115937_2024-10-13;116320_2024-05-09;118984_2024-12-11;121500_2023-03-22;121555_2023-02-14;121555_2023-02-20;121555_2024-08-25;123129_2023-10-10;125463_2023-09-25;125463_2023-10-15;125463_2024-01-22;125463_2024-03-27;127524_2023-11-09;127524_2024-01-15;128843_2023-04-02;129071_2023-03-16;129071_2023-04-09;129071_2023-05-02;130253_2024-09-21;132967_2023-02-03;132967_2023-12-31;132967_2024-02-20;132967_2024-07-16;132967_2024-08-12;132967_2024-11-29;138414_2024-11-09;139410_2024-07-16;140211_2023-03-17;142999_2023-06-08;144492_2023-06-20;144492_2024-06-12;146624_2023-08-08;147049_2023-08-22;147049_2024-01-27;147147_2023-06-07;151683_2024-09-19;151740_2023-08-22;155209_2023-05-10;157904_2023-03-28;160216_2024-02-23;163329_2023-06-28;163329_2024-08-29;163329_2024-09-01;163817_2024-01-21;164897_2023-01-28;164897_2024-11-16;166084_2023-01-05;166084_2024-09-20;167494_2023-11-16;167494_2024-01-08;167494_2024-02-26;167494_2024-03-08;169310_2023-06-02;169310_2024-07-01;171530_2024-09-18;172262_2023-02-12;172262_2023-07-08;172262_2024-05-27;172510_2023-03-10;172510_2023-11-29;172510_2024-05-21;174968_2024-04-14,0.6972,0.49833,10.81555,0.97843,1.03053,0.97843,0.92488,0.0,0.51207,0.6588,0.70868,0.7435,0.75864,0.77194,0.79477,0.81968,0.82448,0.85957,0.87785,0.8977,0.92414,0.96607,1.00094,1.03138,1.04817,1.06152,1.08632,1.11167,1.11536,1.18862,1.21206,0.90096,0.95771,0.95879,0.95678,0.9578,0.96623,0.96187,0.97068,0.97735,0.96154,0.96333,0.96416,0.97721,0.97154,0.96907,0.97593,1.00462,0.9978,1.00243,1.01335,0.99231,0.9424,0.96848,0.96005,0.78396,0.0
100354_2023-08-19;100707_2024-04-01;100707_2024-06-02;100707_2024-12-03;102016_2023-07-20;105366_2023-09-16;106793_2023-06-09;106793_2023-09-21;107448_2023-09-20;108517_2023-07-12;108517_2024-05-21;110260_2024-02-01;110260_2024-12-09;113377_2023-07-01;113377_2024-06-26;113377_2024-08-13;116320_2023-04-19;118984_2024-12-11;120517_2023-03-07;121500_2023-10-10;121500_2024-09-09;121555_2023-10-09;121555_2024-03-09;123129_2024-06-13;123129_2024-08-11;125463_2024-01-22;127225_2024-07-07;127225_2024-09-15;127524_2024-01-23;128843_2024-05-16;129071_2024-01-30;130253_2024-03-03;130253_2024-03-23;132967_2024-08-12;132967_2024-11-28;133165_2024-03-01;133996_2023-03-03;133996_2023-10-02;133996_2024-11-14;136407_2023-04-23;136407_2023-09-24;144492_2023-07-21;146624_2023-08-08;147049_2023-11-20;147049_2024-01-27;147147_2023-04-24;151683_2024-05-21;152601_2023-02-14;155209_2023-01-16;155209_2024-07-16;157904_2023-11-11;157904_2024-05-25;160216_2023-04-09;160216_2024-08-17;160431_2024-05-11;160431_2024-10-28;161573_2023-04-07;161573_2023-04-21;161573_2024-11-23;163329_2023-11-20;163595_2023-11-21;163595_2024-02-27;163595_2024-05-08;163817_2023-10-03;163817_2024-01-21;163817_2024-02-14;164897_2023-01-28;164897_2023-03-26;164897_2023-09-05;165786_2024-04-08;165786_2024-09-04;166084_2023-01-05;166084_2023-08-04;167494_2024-02-26;167494_2024-06-30;171530_2023-06-06;171530_2024-03-17;172262_2023-07-08;172262_2023-11-11;172262_2024-02-24,0.69849,0.5334,10.81426,0.99274,1.05594,0.99274,0.94553,0.0,0.52898,0.69526,0.74259,0.77205,0.78031,0.79224,0.7904,0.80232,0.81242,0.83702,0.86198,0.88511,0.91022,0.93424,0.98018,1.04318,1.06628,1.08206,1.10575,1.13765,1.16561,1.26401,1.28014,0.85352,0.91275,0.89679,0.90659,0.9309,0.93957,0.93537,0.94464,0.96539,0.95062,0.94967,0.9643,0.98963,0.98657,1.00506,1.01,1.08513,1.01272,1.0149,1.00699,0.9859,0.98064,1.0209,1.08195,0.87376,0.0
100354_2023-07-21;100707_2023-01-01;104481_2024-05-05;105366_2023-09-16;106298_2023-02-04;106298_2023-04-26;106298_2023-05-06;106298_2024-08-12;107448_2023-10-19;108795_2024-04-26;113377_2023-02-27;113377_2024-01-08;115937_2024-10-13;116320_2023-01-28;116320_2024-05-09;116320_2024-12-29;118984_2023-04-25;120517_2024-07-01;120517_2024-08-08;120517_2024-10-01;121500_2023-03-22;121500_2024-02-24;121500_2024-12-01;123129_2023-03-14;123129_2024-02-01;125463_2023-09-25;125463_2023-11-30;125463_2024-01-22;125463_2024-07-05;127524_2023-02-12;128843_2023-04-02;128843_2023-04-13;129071_2023-05-02;129071_2024-01-30;130253_2024-03-23;132967_2023-02-03;132967_2024-02-20;132967_2024-08-12;133165_2024-11-27;136407_2023-04-22;138414_2023-10-18;138414_2024-11-09;139410_2023-03-06;139410_2024-03-11;140649_2023-11-22;140649_2024-03-22;142975_2023-04-09;142999_2024-03-13;146624_2023-03-12;146624_2023-08-08;147049_2023-04-04;147049_2023-11-20;147049_2024-04-11;147147_2023-05-14;151683_2023-03-15;151740_2024-12-21;152601_2024-03-10;155209_2023-01-16;160216_2023-10-14;160216_2024-03-06;160431_2024-05-28;161573_2023-04-07;161573_2023-04-21;161573_2024-07-29;163595_2023-02-04;163595_2024-05-08;163817_2024-01-21;163817_2024-04-11;163817_2024-11-27;165786_2023-10-16;165786_2024-09-04;166206_2023-01-05;167494_2023-07-05;167494_2023-08-27;169310_2023-06-02;170013_2024-06-23;171530_2023-03-22;171530_2024-05-02;172262_2024-01-06;172510_2024-12-24,0.66576,0.48427,10.81522,0.95623,1.01342,0.95623,0.9008,0.0,0.48871,0.62721,0.68375,0.72047,0.74738,0.7717,0.79064,0.80872,0.82615,0.85112,0.8703,0.88784,0.90702,0.92159,0.94933,0.98996,1.01652,1.03256,1.05321,1.09256,1.11201,1.19872,1.22809,0.84355,0.89725,0.90365,0.91598,0.9306,0.93063,0.97073,0.97763,0.98962,0.92988,0.93887,0.94579,0.96817,0.96132,0.95503,0.97391,1.0212,0.96851,0.98175,0.92519,0.96281,0.88823,0.96033,0.96234,0.75097,0.0
100354_2023-03-02;100354_2023-05-30;100354_2023-08-19;104481_2024-10-02;105366_2023-09-05;105366_2023-09-16;105366_2024-01-02;106298_2023-02-04;107448_2024-07-03;107448_2024-10-21;108795_2024-04-26;108795_2024-05-15;110260_2023-01-06;110260_2024-06-10;112377_2023-01-26;112377_2023-02-13;113377_2023-02-27;113377_2023-08-10;116320_2023-01-28;116320_2024-05-09;118984_2024-12-11;120517_2024-07-01;120517_2024-08-07;121500_2024-01-25;121500_2024-02-24;123129_2023-08-08;123129_2024-08-26;125463_2023-11-25;127524_2024-06-25;129071_2023-10-25;130253_2024-05-06;132256_2023-12-01;132967_2023-02-02;132967_2023-11-03;132967_2023-12-31;132967_2024-08-12;133165_2024-10-17;138414_2023-01-16;139410_2023-03-21;140211_2023-11-11;140649_2023-01-20;146624_2023-03-20;146624_2023-08-08;147049_2024-04-11;151683_2023-03-15;151683_2024-05-25;152601_2024-03-10;157904_2023-03-28;157904_2024-02-10;157904_2024-12-15;161573_2023-02-25;161573_2024-07-29;161573_2024-08-23;163329_2023-06-28;163329_2024-09-01;163595_2023-08-18;163595_2024-02-27;163817_2024-01-26;164897_2023-01-28;165786_2024-11-22;166084_2024-08-23;166084_2024-10-08;166206_2024-09-27;167494_2024-06-30;168165_2023-03-10;168165_2024-06-18;169310_2023-06-10;169310_2024-06-28;169310_2024-07-01;170013_2024-11-10;171530_2023-05-31;171530_2024-03-17;172262_2023-07-08;172262_2023-11-11;172262_2024-02-12;172262_2024-02-24;172262_2024-03-18;172510_2024-09-26;172510_2024-12-24;174968_2023-10-28,0.64987,0.49435,10.81761,0.95502,1.01245,0.95502,0.89699,0.0,0.48691,0.63448,0.68951,0.72098,0.73954,0.75449,0.76767,0.78329,0.7973,0.83794,0.86434,0.88007,0.90256,0.92064,0.95551,1.00222,1.02051,1.03322,1.05178,1.08895,1.11231,1.19638,1.21817,0.84652,0.90059,0.89714,0.91719,0.9236,0.92219,0.92532,0.93006,0.94884,0.93866,0.94464,0.94714,0.96325,0.95398,0.94994,0.97174,1.03217,0.95509,0.96202,0.9646,0.97893,0.90136,0.95541,0.91915,0.69015,0.0
100354_2023-08-02;100354_2023-09-22;100707_2023-07-04;102016_2024-03-08;106298_2023-02-01;106298_2023-08-01;106298_2024-08-12;106298_2024-08-18;108517_2024-05-27;108795_2023-07-29;108795_2024-05-15;113377_2023-02-27;113377_2023-07-01;115937_2024-06-30;115937_2024-09-25;116320_2024-06-20;116320_2024-11-29;118984_2024-06-15;120517_2024-08-07;121500_2023-10-23;121555_2024-08-19;123129_2023-07-13;123129_2024-07-05;125463_2023-06-28;125463_2024-07-05;127225_2023-12-05;127225_2024-06-27;128843_2024-06-27;129071_2023-03-16;129071_2023-10-25;129071_2024-07-19;130253_2024-03-03;130253_2024-03-23;130253_2024-09-21;132967_2023-02-02;132967_2024-04-06;132967_2024-08-12;133165_2023-08-22;133165_2024-03-01;133165_2024-08-16;133996_2024-11-14;136407_2023-12-20;138414_2023-11-03;139410_2024-03-11;140649_2023-04-24;142975_2023-08-21;144492_2023-09-22;147147_2023-11-10;151683_2023-10-20;151740_2024-07-24;151740_2024-12-21;157904_2023-02-24;160216_2023-01-17;160431_2023-03-27;161573_2024-11-23;163329_2023-11-20;163329_2024-08-29;163595_2023-02-25;163817_2023-02-09;164897_2023-01-29;164897_2024-08-06;165786_2023-10-16;166084_2023-01-03;166084_2024-01-13;166084_2024-04-26;166084_2024-09-20;166206_2023-07-12;166206_2024-09-27;167494_2024-11-16;168165_2023-08-25;168165_2024-06-18;170013_2023-02-25;171530_2023-06-20;172262_2023-07-08;172262_2024-02-12;172510_2023-08-20;172510_2024-02-12;172510_2024-05-07;172510_2024-11-01;174968_2023-03-21,0.61571,0.48336,10.81614,0.95776,1.01199,0.95776,0.89882,0.0,0.4791,0.61252,0.67171,0.70696,0.7281,0.75005,0.7703,0.78806,0.80424,0.83628,0.86381,0.8814,0.90595,0.93014,0.96377,1.00884,1.03224,1.0476,1.06791,1.09,1.10347,1.18783,1.2028,0.84566,0.90322,0.89713,0.911,0.91334,0.92977,0.91651,0.93125,0.93653,0.92301,0.92609,0.93317,0.95218,0.94911,0.94512,0.97321,1.02096,0.97686,0.99424,1.00099,0.99653,0.89848,0.96398,0.92669,0.70094,0.0
100354_2023-07-21;100354_2023-08-19;100707_2024-04-14;105366_2023-01-03;106298_2023-02-01;106298_2023-11-11;106298_2024-08-18;106793_2024-06-14;106793_2024-09-15;107448_2023-11-16;107448_2024-10-09;107448_2024-10-21;107448_2024-11-26;108517_2024-07-13;108795_2023-12-14;108795_2024-04-26;108795_2024-06-13;112377_2024-10-02;113377_2023-02-27;113377_2024-01-04;116320_2024-06-14;116320_2024-06-20;121500_2023-03-22;121555_2023-02-20;123129_2023-08-08;123129_2024-06-13;125463_2023-10-09;125463_2023-10-15;127225_2024-06-02;127524_2024-07-02;128843_2024-05-06;129071_2023-05-02;130253_2024-03-03;130253_2024-05-17;132967_2024-11-28;133165_2023-08-22;133165_2024-02-02;133165_2024-10-17;133996_2023-10-02;133996_2024-11-02;133996_2024-11-14;140211_2023-03-09;146624_2024-05-28;147049_2024-04-11;147049_2024-08-15;147147_2023-06-07;151740_2023-03-12;152601_2023-02-14;152601_2024-08-01;152601_2024-11-18;155209_2023-09-05;157904_2024-01-23;160216_2023-01-17;160216_2023-04-09;160216_2024-06-28;160431_2024-05-11;163817_2024-01-26;163817_2024-02-14;163817_2024-11-27;164897_2023-07-03;164897_2023-08-13;164897_2024-03-01;165786_2023-02-16;166084_2024-04-26;166084_2024-09-23;167494_2024-06-30;168165_2023-03-10;168165_2024-06-24;169310_2023-06-10;169310_2023-08-02;169310_2024-07-08;169310_2024-10-03;170013_2023-10-01;170013_2024-05-20;171530_2023-06-06;171530_2024-06-13;172262_2023-02-12;172510_2024-01-21;172510_2024-11-01;174968_2024-04-14,0.67895,0.50836,10.80921,0.96158,1.01898,0.96158,0.91823,0.0,0.50389,0.65566,0.71322,0.74352,0.76029,0.77915,0.7949,0.80895,0.82461,0.85998,0.88451,0.90252,0.91712,0.93103,0.95436,0.99382,1.017,1.02853,1.05498,1.0941,1.11899,1.2018,1.22277,0.87628,0.90837,0.92562,0.93198,0.94201,0.97301,0.96415,0.96554,0.97719,0.94399,0.93916,0.95593,0.99466,0.95652,0.97108,0.97928,1.00552,0.95314,0.95765,0.94262,0.98957,0.95047,0.98063,0.92953,0.86384,0.0
100354_2023-06-07;100354_2023-08-19;100707_2024-04-01;102016_2023-07-20;102016_2024-03-08;104481_2024-10-02;106298_2023-02-04;106298_2023-06-14;106793_2024-06-13;107448_2024-01-07;107448_2024-08-12;108517_2024-04-07;113377_2024-01-04;113377_2024-06-13;113377_2024-08-13;113377_2024-08-17;115937_2024-07-11;116320_2023-04-19;116320_2024-06-12;116320_2024-06-14;116320_2024-11-29;120517_2023-03-07;120517_2023-11-28;123129_2023-03-14;127225_2024-11-10;127524_2024-12-28;128843_2023-03-22;128843_2023-04-02;129071_2024-08-11;129071_2024-12-19;130253_2023-02-09;130253_2024-03-23;132256_2024-03-31;132967_2024-08-07;133165_2023-08-22;133996_2023-10-02;136407_2023-05-07;136407_2023-10-16;136407_2023-12-20;136407_2024-08-01;139410_2024-03-11;140211_2023-03-17;140211_2024-02-16;140649_2023-04-24;144492_2023-05-06;144492_2023-09-22;146624_2023-08-26;147049_2023-11-20;147049_2024-01-27;147049_2024-11-03;147147_2024-01-18;151683_2024-05-09;151683_2024-09-19;151740_2023-03-12;151740_2024-12-21;152601_2024-03-10;155209_2023-04-23;160216_2023-03-29;160216_2023-10-14;160216_2024-03-06;160431_2024-05-28;161573_2023-06-22;161573_2024-05-27;161573_2024-11-23;163329_2023-03-29;163817_2024-01-26;164897_2023-12-12;164897_2024-10-30;164897_2024-11-16;165786_2023-10-08;165786_2023-10-16;166084_2023-01-03;166084_2023-08-04;166084_2023-09-19;166084_2024-09-23;167494_2023-07-05;170013_2024-11-12;172262_2024-11-20;172510_2023-03-10;172510_2023-11-29,0.66194,0.49495,10.81497,0.97324,1.02753,0.97324,0.92236,0.0,0.49658,0.65009,0.71334,0.7435,0.76187,0.77579,0.79609,0.81486,0.81471,0.86671,0.90112,0.90142,0.92867,0.94332,0.97546,1.01921,1.03988,1.05848,1.08167,1.11198,1.1166,1.19077,1.21579,0.90202,0.92804,0.93596,0.93158,0.93473,0.95156,0.94861,0.94528,0.95466,0.94167,0.93995,0.94654,0.96887,0.95371,0.96503,0.97554,1.00493,1.02106,1.00867,1.00135,0.9843,0.93644,1.00056,0.97756,0.73938,0.0
100354_2023-06-07;100354_2023-08-02;100707_2023-01-01;100707_2023-07-28;100707_2024-07-11;102016_2024-04-10;104481_2024-01-19;104481_2024-10-02;106298_2023-08-01;106793_2023-10-28;106793_2024-09-15;106793_2024-12-22;107448_2023-11-02;108517_2024-05-21;108795_2023-12-14;108795_2024-06-13;110260_2024-02-01;112377_2023-01-26;113377_2024-08-24;113377_2024-09-29;115937_2024-07-11;116320_2023-04-19;116320_2023-08-02;118984_2023-08-29;121500_2024-09-09;121555_2023-02-20;123129_2024-08-26;125463_2023-12-21;127225_2023-03-14;127225_2023-05-09;127225_2024-06-02;127524_2024-12-28;128843_2023-03-22;129071_2024-07-19;132256_2024-12-13;132967_2023-09-22;132967_2024-04-06;133996_2024-11-02;138414_2023-11-03;139410_2024-03-11;140211_2023-03-17;140649_2023-01-20;140649_2024-03-22;142999_2023-06-08;142999_2024-03-13;144492_2023-07-21;146624_2023-01-11;146624_2023-08-26;147049_2023-08-22;147049_2024-04-22;151683_2024-05-09;151683_2024-09-19;151740_2023-08-22;152601_2024-03-10;155209_2023-07-18;155209_2023-09-05;160431_2023-03-01;160431_2024-05-11;161573_2024-07-23;163595_2023-11-21;163817_2023-03-14;163817_2023-10-03;163817_2024-05-09;163817_2024-06-23;165786_2023-09-07;166084_2023-01-05;166084_2023-09-25;167494_2023-08-27;167494_2024-02-26;167494_2024-03-08;167494_2024-10-26;168165_2024-06-18;169310_2023-06-10;171530_2024-06-13;172262_2023-06-20;172510_2024-01-06;172510_2024-01-21;172510_2024-05-07;174968_2023-10-16;174968_2024-04-14,0.58784,0.50336,10.81497,0.97307,1.02675,0.97307,0.91565,0.0,0.4919,0.61888,0.67128,0.7131,0.73654,0.76018,0.78282,0.7928,0.80408,0.83614,0.86685,0.88806,0.91545,0.93598,0.99931,1.03464,1.053,1.06963,1.0909,1.11221,1.11236,1.19058,1.21243,0.8838,0.92878,0.93836,0.93867,0.93798,0.93988,0.9395,0.94689,0.95061,0.93936,0.94109,0.94737,0.95841,0.95496,0.96346,0.97269,1.00465,1.00646,1.02113,1.02087,1.01723,0.92657,0.97218,0.9685,0.71618,0.0
100354_2023-12-02;100707_2023-01-01;100707_2023-07-20;100707_2023-07-28;105366_2023-09-16;106298_2023-02-01;106298_2023-11-11;106793_2023-06-04;106793_2023-09-21;106793_2023-10-28;106793_2024-06-13;106793_2024-06-14;106793_2024-12-22;107448_2023-11-02;108517_2023-07-12;108517_2023-12-09;108517_2024-05-30;108795_2024-04-26;110260_2024-06-10;112377_2024-10-02;113377_2023-07-01;113377_2023-08-03;115937_2023-03-01;115937_2024-09-25;115937_2024-10-13;116320_2023-08-20;116320_2024-05-09;116320_2024-06-12;116320_2024-12-14;121500_2023-10-23;121555_2024-03-31;123129_2024-02-01;123129_2024-07-05;125463_2023-06-18;125463_2023-06-28;125463_2023-11-30;125463_2024-03-27;127524_2024-06-25;128843_2023-11-19;129071_2023-02-19;132967_2023-09-22;132967_2024-04-06;132967_2024-07-16;132967_2024-11-29;133165_2024-08-21;133996_2023-06-12;136407_2023-04-23;136407_2023-10-01;139410_2023-03-06;140211_2023-03-17;140649_2023-01-20;140649_2024-06-14;142975_2023-01-19;144492_2023-07-21;144492_2023-09-22;146624_2023-08-08;147049_2024-01-27;147147_2023-11-02;147147_2024-01-18;151683_2023-03-15;151740_2023-01-09;151740_2023-10-14;152601_2023-01-18;152601_2023-02-14;152601_2024-03-10;157904_2024-01-01;157904_2024-01-23;163595_2024-02-27;164897_2023-12-12;164897_2024-03-01;164897_2024-11-16;166084_2024-10-08;169310_2023-06-02;169310_2023-08-08;170013_2023-11-17;170013_2024-06-23;171530_2023-06-06;172262_2023-07-08;172262_2024-09-18;172510_2024-05-21,0.67215,0.49141,10.82101,0.9691,1.03865,0.9691,0.90591,0.0,0.48311,0.61888,0.67951,0.71847,0.73792,0.75247,0.76876,0.77991,0.79232,0.81707,0.84346,0.86954,0.89762,0.92061,0.95909,1.00717,1.02985,1.03723,1.06516,1.12666,1.1675,1.25896,1.28304,0.89235,0.9061,0.88914,0.90094,0.91392,0.95696,0.95729,0.95837,0.97304,0.95502,0.96247,0.97053,1.0376,1.00213,1.01226,1.01389,1.11732,0.97579,0.93342,0.89664,0.90965,0.91586,0.97937,0.89504,0.73074,0.0
100354_2024-04-27;100707_2023-07-28;102016_2024-03-27;105366_2024-07-06;107448_2023-08-23;107448_2023-10-19;107448_2024-01-07;108517_2023-12-09;108795_2023-12-14;112377_2023-02-13;112377_2023-10-18;113377_2024-06-26;115937_2023-03-01;115937_2024-07-11;120517_2023-04-01;121500_2023-05-20;121500_2023-10-23;121500_2024-07-24;123129_2023-03-14;123129_2023-07-13;123129_2024-06-13;123129_2024-07-05;127225_2023-12-05;127524_2023-08-27;127524_2024-04-05;127524_2024-12-28;128843_2023-04-05;128843_2023-11-19;132967_2023-09-22;132967_2024-02-20;132967_2024-11-28;133165_2024-02-02;133165_2024-10-17;133165_2024-11-27;133996_2023-04-20;136407_2023-05-07;136407_2023-12-20;138414_2023-10-18;140211_2023-03-09;140211_2023-03-17;140211_2024-02-16;140649_2023-11-22;142975_2023-01-19;142975_2023-04-09;142975_2024-10-10;142999_2024-03-13;144492_2023-05-06;146624_2024-05-28;151683_2023-10-20;151683_2024-09-19;152601_2023-10-21;155209_2023-01-10;155209_2023-05-10;157904_2024-01-01;160216_2024-08-17;160431_2023-03-01;160431_2023-03-27;160431_2023-04-18;161573_2023-06-22;161573_2023-09-11;161573_2023-10-14;161573_2024-08-23;163329_2023-11-20;163595_2023-02-25;163817_2024-05-09;165786_2024-06-04;166084_2023-01-03;166084_2023-08-04;166084_2024-01-13;167494_2024-10-26;168165_2024-01-17;169310_2023-06-10;169310_2023-12-13;171530_2023-06-20;172262_2023-11-11;172262_2024-01-06;172510_2023-11-29;172510_2024-05-07;172510_2024-11-01;172510_2024-12-24,0.65766,0.50104,10.80913,0.98145,1.03177,0.98145,0.92476,0.0,0.50514,0.62913,0.6682,0.70821,0.73372,0.75948,0.7846,0.80776,0.83038,0.86761,0.91673,0.93816,0.95902,0.97047,0.99939,1.03407,1.05388,1.07003,1.09137,1.11202,1.11248,1.18807,1.20936,0.8872,0.94266,0.95316,0.95555,0.95661,0.95864,0.95881,0.96287,0.96435,0.95749,0.95411,0.96253,0.97165,0.96577,0.97052,0.97825,1.00423,1.00993,1.0161,1.0195,1.0242,0.9348,0.98748,0.98592,0.74404,0.0
100707_2023-07-20;100707_2023-07-28;100707_2023-09-06;100707_2024-07-11;102016_2024-03-08;102016_2024-04-10;102016_2024-11-04;105366_2023-09-16;106298_2023-02-01;106298_2024-11-17;106793_2023-04-10;106793_2024-06-13;106793_2024-09-15;107448_2023-10-19;107448_2024-08-12;108795_2024-11-23;110260_2024-02-01;112377_2023-01-26;112377_2023-10-18;113377_2023-07-01;113377_2024-08-24;115937_2024-06-30;116320_2023-08-02;121500_2023-10-23;121500_2024-02-02;121555_2023-02-20;123129_2024-07-05;125463_2024-03-27;127225_2023-05-09;127225_2023-05-30;127225_2024-07-07;127524_2024-01-15;127524_2024-03-16;127524_2024-04-05;128843_2023-04-13;129071_2024-01-30;129071_2024-08-11;130253_2024-02-18;130253_2024-03-03;130253_2024-03-23;132967_2023-11-12;133165_2023-08-22;133165_2024-03-19;133165_2024-08-21;133165_2024-10-17;133996_2023-04-09;133996_2023-06-12;133996_2024-11-02;136407_2023-09-24;140211_2023-06-14;140211_2024-02-16;140649_2024-03-22;142975_2023-11-02;142975_2024-06-07;147049_2023-11-20;147049_2024-04-17;152601_2023-02-14;157904_2023-03-28;160216_2023-01-17;160216_2023-04-09;160216_2024-03-06;160216_2024-09-21;161573_2024-08-23;163817_2024-05-09;164897_2023-01-28;164897_2023-08-13;164897_2024-10-30;164897_2024-11-16;165786_2024-09-04;166084_2023-01-03;166206_2023-07-12;168165_2024-01-17;168165_2024-06-24;169310_2023-10-10;170013_2023-11-17;170013_2024-11-12;171530_2024-03-17;171530_2024-09-18;172510_2024-11-01;174968_2023-10-16,0.67561,0.49077,10.81071,0.97524,1.02921,0.97524,0.92174,0.0,0.48541,0.62912,0.68799,0.72837,0.74086,0.76424,0.79327,0.81632,0.8322,0.86947,0.89566,0.91241,0.93215,0.94872,0.98159,1.02263,1.04145,1.05892,1.08332,1.1071,1.11922,1.20174,1.22084,0.85825,0.91263,0.91839,0.92332,0.9308,0.94623,0.94556,0.95423,0.9587,0.94877,0.94704,0.95912,0.97289,0.9497,0.97342,0.98723,1.00855,0.98684,1.00798,1.00322,0.9919,0.96626,1.00129,0.97079,0.73594,0.0
100354_2023-05-30;100354_2024-04-27;100707_2023-07-04;100707_2023-07-28;102016_2024-03-08;104481_2023-09-01;106298_2023-02-01;106298_2024-03-13;106793_2023-06-04;106793_2023-06-09;107448_2023-08-23;107448_2023-09-20;107448_2024-12-04;108795_2023-07-29;108795_2024-06-13;108795_2024-11-23;112377_2024-05-22;113377_2023-02-27;113377_2024-08-17;113377_2024-09-29;116320_2023-11-03;116320_2024-06-20;120517_2023-11-28;120517_2024-10-01;121500_2024-02-02;121555_2023-02-20;127225_2023-05-30;127225_2023-08-28;127225_2023-12-05;127225_2024-06-02;127225_2024-06-27;127524_2024-01-15;127524_2024-06-25;128843_2024-05-06;130253_2024-08-31;132256_2024-11-19;133165_2024-08-03;133165_2024-10-17;133996_2023-06-12;136407_2023-03-14;138414_2023-01-16;139410_2024-03-11;140211_2023-03-09;140649_2023-04-24;142975_2023-11-02;142975_2024-12-10;146624_2023-08-26;146624_2024-05-25;147049_2024-01-27;147049_2024-04-22;151683_2024-05-09;151740_2023-01-09;155209_2023-01-16;155209_2024-11-15;157904_2023-02-24;157904_2024-01-01;160216_2024-06-07;160216_2024-08-22;160431_2023-03-01;160431_2023-09-29;161573_2023-10-14;163817_2024-05-09;164897_2023-12-12;164897_2024-10-30;164897_2024-11-16;165786_2023-09-07;166084_2023-08-10;166084_2023-09-25;166206_2023-01-05;167494_2024-06-22;168165_2024-06-18;170013_2023-06-07;170013_2024-06-23;171530_2023-03-22;171530_2024-09-18;172262_2023-02-12;172262_2023-11-11;172510_2024-02-12;172510_2024-09-26;174968_2023-10-28,0.62466,0.4976,10.80582,0.98155,1.03345,0.98155,0.93165,0.0,0.48931,0.6217,0.68764,0.73253,0.76105,0.79047,0.81522,0.83936,0.85627,0.8812,0.90488,0.9261,0.94309,0.95712,0.98811,1.02734,1.04674,1.065,1.08902,1.11513,1.11959,1.19736,1.21883,0.86639,0.92387,0.931,0.93605,0.94954,0.95171,0.94959,0.95225,0.95748,0.95351,0.95538,0.96217,0.96946,0.97311,0.97864,0.98163,1.00503,1.00776,1.01353,1.01353,1.00072,0.96167,1.00858,1.01954,0.79055,0.0
100707_2023-07-04;100707_2024-04-14;104481_2023-08-15;104481_2024-05-05;106298_2023-02-01;107448_2023-10-19;107448_2023-11-02;107448_2023-11-16;108517_2023-12-09;108517_2024-05-30;108795_2024-01-21;110260_2023-01-06;113377_2023-02-27;113377_2024-08-13;116320_2024-04-04;121555_2024-03-09;123129_2023-03-09;123129_2023-08-08;123129_2024-08-26;125463_2023-06-17;125463_2023-06-28;125463_2023-10-09;125463_2024-07-05;127524_2023-07-08;127524_2023-11-09;127524_2024-01-15;127524_2024-01-23;127524_2024-09-05;128843_2023-04-13;129071_2023-04-09;129071_2024-01-30;129071_2024-07-19;130253_2024-09-21;132256_2024-01-07;132967_2023-02-03;133996_2024-11-14;136407_2023-04-23;139410_2023-06-21;139410_2024-03-11;140211_2023-06-14;140649_2023-02-05;140649_2023-12-03;142975_2024-06-07;142975_2024-12-10;144492_2023-07-28;146624_2023-08-08;147049_2023-12-19;147049_2024-12-20;147147_2024-01-18;151683_2024-05-09;151740_2024-07-24;151740_2024-12-21;155209_2023-07-18;160216_2023-03-29;160216_2023-04-09;160216_2024-08-17;160216_2024-09-21;160431_2024-05-11;160431_2024-07-01;161573_2023-04-07;161573_2024-07-23;161573_2024-08-23;163329_2023-03-29;163329_2023-11-20;163817_2023-03-14;163817_2023-07-05;164897_2023-01-29;166206_2024-09-27;167494_2024-06-30;168165_2023-02-15;168165_2024-06-24;170013_2023-06-07;172262_2024-02-12;172262_2024-03-18;172262_2024-05-27;172510_2023-01-25;172510_2024-05-07;172510_2024-09-26;174968_2023-02-25;174968_2023-10-28,0.66789,0.4939,10.81378,0.96224,1.01927,0.96224,0.90001,0.0,0.48755,0.62353,0.67713,0.71084,0.73167,0.75836,0.77859,0.80087,0.82291,0.8703,0.89418,0.90889,0.92693,0.94386,0.96504,1.00089,1.02002,1.03143,1.05567,1.09981,1.11911,1.19357,1.22304,0.89802,0.94176,0.94687,0.9574,0.96174,0.98512,0.98131,0.99023,0.9975,0.97568,0.96607,0.97427,1.00786,0.98159,0.98383,0.98343,1.00219,0.97016,0.9439,0.94837,0.95791,0.9447,0.93278,0.93153,0.73849,0.0
100354_2023-06-07;100354_2023-07-21;100354_2023-08-19;100354_2023-12-02;100707_2023-07-04;100707_2023-09-06;102016_2023-07-20;105366_2023-09-16;106793_2024-06-13;108517_2023-05-01;108517_2023-12-09;108517_2024-04-07;108517_2024-07-13;112377_2023-02-13;113377_2023-02-27;113377_2024-08-24;115937_2024-09-22;116320_2023-03-16;121500_2023-08-12;121500_2024-07-24;123129_2024-02-01;127225_2023-05-09;127225_2023-05-30;127225_2024-06-02;127524_2024-07-02;127524_2024-10-18;128843_2023-04-02;129071_2023-02-19;129071_2023-04-09;129071_2023-05-02;133165_2023-08-22;133165_2024-03-19;133165_2024-08-21;133165_2024-10-17;133996_2023-06-12;133996_2024-08-30;136407_2023-03-14;139410_2023-03-06;139410_2023-03-21;140211_2024-02-16;144492_2023-07-28;144492_2023-12-08;146624_2023-03-12;146624_2023-04-28;147147_2023-05-14;147147_2023-10-10;147147_2023-11-02;151683_2024-05-21;152601_2024-03-10;155209_2023-05-10;155209_2024-11-15;160431_2023-04-18;160431_2024-10-28;161573_2023-06-22;163329_2023-11-20;163595_2023-02-04;163595_2023-11-21;163817_2023-07-05;163817_2023-10-03;163817_2024-02-14;163817_2024-05-09;163817_2024-11-27;165786_2023-02-10;165786_2023-02-16;165786_2023-09-07;165786_2024-09-04;165786_2024-11-22;166084_2023-02-20;166084_2023-08-10;166206_2023-07-12;167494_2024-01-08;168165_2024-05-28;170013_2023-02-25;172262_2024-03-18;172510_2023-11-29;172510_2024-01-06;172510_2024-05-21;172510_2024-12-21;174968_2023-10-28;174968_2024-04-14,0.67057,0.47704,10.81586,0.95152,1.01564,0.95152,0.89422,0.0,0.48099,0.62899,0.6774,0.70966,0.72704,0.74279,0.76138,0.7753,0.78756,0.823,0.85019,0.86904,0.88883,0.90703,0.93578,0.98713,1.01109,1.02398,1.05472,1.10279,1.13105,1.21413,1.23767,0.87794,0.89988,0.9092,0.91666,0.91856,0.96677,0.94599,0.95218,0.99083,0.94335,0.95316,0.95535,0.98944,0.95772,0.97518,0.9816,1.01869,0.94601,0.94802,0.93173,0.92927,0.9351,0.95554,0.90401,0.7612,0.0
100707_2023-01-07;100707_2023-07-28;100707_2024-04-14;100707_2024-07-11;100707_2024-12-18;102016_2024-06-29;104481_2023-09-01;104481_2024-05-05;104481_2024-07-30;104481_2024-10-02;106298_2023-05-06;106793_2024-06-14;106793_2024-09-15;107448_2023-10-19;107448_2024-08-12;107448_2024-12-04;108517_2023-08-02;110260_2023-06-23;110260_2023-12-25;110260_2024-02-01;112377_2024-10-02;113377_2023-08-10;115937_2024-05-17;116320_2023-03-16;116320_2023-08-20;116320_2024-05-09;116320_2024-06-20;116320_2024-12-14;118984_2024-12-11;120517_2024-08-07;121500_2023-08-12;121555_2024-08-25;125463_2023-09-25;127524_2023-08-27;127524_2024-01-15;127524_2024-10-18;130253_2023-02-09;130253_2024-02-18;132967_2023-12-31;133996_2023-10-02;133996_2024-11-02;136407_2023-03-14;136407_2023-09-24;136407_2023-10-01;136407_2023-10-16;136407_2023-12-20;139410_2024-03-11;140649_2023-02-05;140649_2023-12-03;142975_2023-11-02;142975_2024-06-07;142975_2024-12-10;144492_2023-12-08;147049_2023-08-22;147049_2023-11-20;147147_2024-01-18;147147_2024-08-31;151740_2023-08-22;152601_2024-03-10;152601_2024-12-21;157904_2023-03-28;157904_2024-12-15;160216_2023-01-17;160216_2023-10-14;160216_2024-06-28;161573_2023-06-22;161573_2023-10-14;161573_2023-12-20;161573_2024-11-23;163817_2023-02-09;163817_2023-07-05;163817_2023-10-03;163817_2024-01-26;164897_2023-01-28;165786_2024-11-22;166084_2023-01-03;170013_2024-11-10;170013_2024-11-12;171530_2023-06-06;172262_2023-07-08,0.67373,0.51683,10.81168,0.97251,1.02768,0.97251,0.93541,0.0,0.51272,0.68436,0.72935,0.7522,0.77143,0.78728,0.8005,0.81333,0.82646,0.85429,0.87528,0.89229,0.91168,0.93393,0.96347,1.01472,1.04067,1.05815,1.08127,1.10826,1.11999,1.20727,1.22003,0.84213,0.9014,0.8992,0.90667,0.9116,0.91219,0.90871,0.92401,0.92824,0.92458,0.92796,0.94868,0.97379,0.95715,0.98254,0.98407,1.02313,0.98637,0.99683,1.00082,0.98882,0.9574,0.99964,0.98732,0.88153,0.0
100354_2023-09-22;100354_2024-03-09;100354_2024-06-25;100707_2023-07-04;102016_2024-11-04;106793_2023-04-10;108517_2024-05-27;108795_2023-07-29;113377_2024-01-04;115937_2024-06-30;115937_2024-09-22;116320_2023-04-19;116320_2023-11-03;116320_2024-06-12;118984_2024-12-11;120517_2024-07-01;121500_2023-08-12;121500_2024-12-01;121555_2024-03-09;123129_2023-08-08;123129_2024-06-13;125463_2023-06-17;125463_2023-11-25;125463_2024-07-05;127225_2024-09-15;127524_2023-08-27;127524_2023-11-09;128843_2024-05-06;129071_2023-02-19;129071_2023-05-02;130253_2023-02-09;130253_2024-05-14;132967_2023-02-03;132967_2024-02-20;132967_2024-11-28;133996_2023-04-20;136407_2023-09-30;136407_2024-08-01;138414_2024-02-24;139410_2023-03-06;139410_2023-03-21;139410_2023-06-21;140211_2023-11-11;142999_2023-05-01;142999_2023-06-08;144492_2023-07-21;144492_2023-09-22;146624_2023-08-08;147049_2023-08-22;147049_2024-04-11;147049_2024-04-22;147147_2023-04-24;147147_2023-11-02;147147_2023-11-10;151683_2024-05-21;151740_2023-10-14;151740_2024-04-21;152601_2024-03-10;155209_2024-11-15;160431_2023-03-27;160431_2023-04-18;161573_2023-06-22;163329_2023-11-20;163817_2023-07-05;163817_2024-01-26;164897_2023-01-28;164897_2023-09-05;165786_2023-02-16;165786_2023-10-16;165786_2024-04-08;165786_2024-11-22;166084_2023-02-20;166084_2023-08-04;166206_2024-09-14;167494_2023-11-16;168165_2023-02-15;170013_2023-11-17;170013_2024-06-23;172510_2023-08-20;174968_2023-08-16,0.69014,0.48782,10.81117,0.98025,1.03089,0.98025,0.92755,0.0,0.48612,0.63614,0.69696,0.74176,0.76229,0.78289,0.79884,0.81934,0.83886,0.88854,0.90798,0.92022,0.93898,0.95637,0.99598,1.02663,1.04822,1.06395,1.08763,1.11225,1.11593,1.18457,1.20483,0.91455,0.94582,0.96324,0.96373,0.96355,0.97322,0.97027,0.97184,0.97285,0.96603,0.96714,0.96139,0.9761,0.96828,0.97328,0.9801,1.0062,1.00137,0.99969,0.99697,0.99776,0.95031,0.99144,0.9652,0.77822,0.0
100707_2024-07-11;100707_2024-12-03;102016_2023-07-20;102016_2024-04-10;102016_2024-06-29;104481_2024-01-19;105366_2024-01-02;107448_2024-10-21;108517_2023-06-11;108517_2023-07-12;108517_2024-05-21;108795_2024-06-13;113377_2024-06-13;113377_2024-08-17;115937_2024-09-22;116320_2023-08-02;116320_2023-11-03;116320_2024-06-14;116320_2024-12-29;118984_2023-04-25;118984_2023-08-29;120517_2024-11-08;121500_2023-05-20;127524_2024-03-16;127524_2024-10-18;128843_2024-06-27;130253_2023-05-03;130253_2024-03-23;132967_2024-04-06;132967_2024-08-07;133165_2024-08-21;136407_2024-08-01;138414_2023-11-03;138414_2024-02-24;139410_2023-03-06;139410_2024-03-11;140649_2023-01-20;140649_2023-11-22;140649_2024-03-22;142975_2023-11-02;142999_2023-06-29;144492_2023-07-21;144492_2023-07-28;146624_2023-03-12;146624_2023-03-20;146624_2024-05-28;147049_2024-11-03;151683_2024-05-09;151683_2024-05-25;151740_2023-08-22;151740_2024-12-21;152601_2023-01-18;152601_2024-08-27;155209_2023-05-10;155209_2023-07-18;157904_2023-02-24;157904_2024-02-10;157904_2024-12-15;160431_2023-03-01;161573_2023-09-11;161573_2024-02-04;163817_2023-03-14;163817_2023-07-05;163817_2024-01-21;163817_2024-04-11;164897_2023-12-12;164897_2024-10-30;166084_2023-02-20;166084_2024-04-26;167494_2023-08-27;167494_2023-11-16;167494_2024-03-08;167494_2024-10-26;169310_2023-06-02;169310_2024-03-17;169310_2024-06-28;171530_2023-03-22;172510_2024-01-21;174968_2023-03-21;174968_2023-10-16,0.6204,0.49314,10.80805,0.98187,1.0423,0.98187,0.92974,0.0,0.48589,0.62898,0.69658,0.74249,0.76752,0.79093,0.80563,0.81545,0.82189,0.8443,0.87467,0.8858,0.91497,0.93612,0.97824,1.02856,1.04998,1.06723,1.09282,1.12442,1.1442,1.23891,1.25865,0.84507,0.91417,0.90944,0.91594,0.92783,0.93121,0.93068,0.94226,0.94766,0.94314,0.94402,0.95856,0.9734,0.97726,0.97958,0.99514,1.04496,1.00328,1.00554,1.00761,1.01343,0.91416,1.02651,0.99226,0.80993,0.0
100354_2023-08-02;100354_2024-12-28;100707_2023-01-07;102016_2024-10-15;104481_2023-08-15;104481_2023-11-01;105366_2023-01-03;105366_2023-09-16;106298_2023-06-14;106298_2024-03-13;107448_2023-10-19;108517_2023-04-24;108517_2023-08-02;108517_2024-05-27;108517_2024-05-30;110260_2023-09-02;113377_2024-08-17;113377_2024-08-24;115937_2024-10-13;116320_2024-05-09;116320_2024-11-29;116320_2024-12-29;120517_2023-11-28;120517_2024-08-07;120517_2024-10-01;121500_2023-08-12;121555_2023-02-20;123129_2024-08-11;123129_2024-08-26;125463_2023-11-25;127225_2023-08-28;127225_2024-11-10;127524_2023-02-12;128843_2023-04-02;128843_2023-04-05;128843_2024-02-22;128843_2024-05-06;129071_2024-04-09;130253_2024-03-03;130253_2024-05-06;130253_2024-08-31;130253_2024-09-21;132256_2023-12-01;132967_2023-12-02;133165_2024-08-21;133996_2023-04-02;133996_2023-04-09;133996_2023-10-02;136407_2023-09-24;140211_2023-11-11;142975_2023-01-19;142999_2023-06-08;144492_2023-06-20;146624_2023-03-12;147049_2024-01-27;152601_2024-08-01;157904_2023-03-28;160431_2023-04-18;161573_2023-12-20;163595_2023-02-04;163595_2023-02-25;163817_2024-05-09;164897_2024-03-01;165786_2023-02-10;166084_2024-04-26;166206_2023-01-05;166206_2023-07-12;167494_2024-01-23;167494_2024-06-30;167494_2024-11-16;167494_2024-12-11;168165_2024-05-28;168165_2024-06-24;169310_2023-06-02;169310_2023-06-10;169310_2024-03-17;169310_2024-06-28;171530_2024-06-13;172510_2023-01-25;172510_2023-03-10,0.64975,0.49436,10.81601,0.95311,1.02251,0.95311,0.88644,0.0,0.4852,0.6222,0.67281,0.70645,0.72124,0.73768,0.7569,0.77196,0.78816,0.81623,0.85296,0.87708,0.89847,0.92739,0.93877,0.98776,1.00912,1.01227,1.03564,1.10349,1.14101,1.22762,1.25701,0.99317,0.96978,0.94642,0.9326,0.94709,1.03105,0.98494,0.98916,1.00293,0.97606,0.9638,0.97434,1.01865,0.95024,0.9676,0.97317,1.01751,0.92126,0.91792,0.838,0.95082,0.95471,0.99595,0.89028,0.6743,0.0
100707_2024-12-18;102016_2024-10-15;106793_2023-03-14;107448_2023-10-19;107448_2024-08-12;107448_2024-12-04;108517_2024-05-21;110260_2023-01-06;110260_2024-12-09;112377_2023-02-13;113377_2023-07-01;115937_2024-06-30;118984_2024-12-11;120517_2024-07-01;120517_2024-08-08;121500_2024-02-24;121500_2024-07-24;121555_2023-02-20;121555_2023-10-09;123129_2023-03-09;123129_2024-02-01;123129_2024-08-26;125463_2024-01-22;125463_2024-03-27;125463_2024-07-05;127225_2023-05-02;127225_2023-12-05;127225_2024-09-15;127524_2024-01-23;127524_2024-04-05;127524_2024-06-25;127524_2024-07-02;128843_2023-04-02;128843_2024-05-06;129071_2023-02-19;130253_2023-02-09;130253_2024-03-03;130253_2024-05-14;132256_2024-01-07;132967_2023-11-03;133165_2024-02-02;133165_2024-08-21;133996_2023-06-12;136407_2023-10-16;138414_2023-11-03;139410_2023-03-06;139410_2024-03-11;140211_2023-06-14;140211_2024-06-18;140649_2023-01-20;142975_2023-01-19;142999_2023-06-08;142999_2024-06-11;144492_2023-07-21;146624_2023-03-10;146624_2024-05-28;147049_2024-12-20;147147_2023-10-10;152601_2023-01-18;152601_2023-02-14;155209_2023-04-23;155209_2023-09-05;157904_2023-11-11;163329_2023-06-28;163817_2024-02-14;163817_2024-04-11;163817_2024-06-23;163817_2024-11-27;164897_2023-08-13;165786_2023-09-07;166084_2023-01-05;166206_2024-09-27;167494_2024-10-26;168165_2024-01-17;169310_2023-06-02;170013_2023-11-17;171530_2024-03-17;172262_2024-03-18;172510_2024-01-06;174968_2023-03-21,0.62921,0.49398,10.81085,0.9673,1.02199,0.9673,0.90466,0.0,0.49565,0.63037,0.67449,0.71106,0.72765,0.74962,0.77069,0.79254,0.80441,0.83959,0.87384,0.89827,0.93389,0.95037,0.97976,1.01623,1.03908,1.05251,1.07845,1.10357,1.11259,1.19029,1.21229,0.89038,0.93478,0.94253,0.94491,0.94819,0.95785,0.95433,0.96089,0.96976,0.94966,0.95271,0.95768,0.97772,0.96583,0.96832,0.97484,1.00166,0.97421,0.9924,0.99694,0.99859,0.93389,0.97316,0.93255,0.65248,0.0
100707_2023-01-07;104481_2023-08-15;106298_2023-11-11;106793_2023-03-14;106793_2023-06-04;106793_2024-09-15;107448_2024-12-04;108517_2024-05-27;108517_2024-05-30;108517_2024-07-13;110260_2023-01-06;113377_2023-02-27;113377_2023-08-10;113377_2024-01-04;116320_2023-04-19;116320_2024-06-12;118984_2024-12-11;120517_2023-04-01;120517_2024-11-08;121500_2023-10-23;121555_2024-03-31;123129_2023-03-14;125463_2024-03-27;127524_2024-01-23;127524_2024-04-05;128843_2023-04-02;129071_2023-02-19;129071_2023-04-09;130253_2023-05-03;130253_2024-05-17;132256_2024-01-07;132256_2024-11-19;132967_2024-07-16;132967_2024-11-28;133165_2024-03-01;136407_2023-12-20;138414_2024-02-24;138414_2024-04-18;139410_2023-06-21;140211_2023-03-17;140211_2023-11-11;140211_2024-02-16;142975_2023-11-02;146624_2023-01-11;147049_2023-12-19;147049_2024-04-17;147049_2024-08-15;147147_2023-10-10;151683_2023-03-15;151683_2023-10-20;155209_2024-07-16;157904_2024-01-01;160216_2024-03-08;160216_2024-09-21;160431_2024-10-28;161573_2023-02-25;161573_2023-04-21;161573_2023-12-20;161573_2024-07-29;163329_2023-06-28;163329_2024-09-01;163595_2023-02-25;163595_2024-05-08;163817_2024-05-09;165786_2023-02-10;165786_2023-02-16;165786_2024-04-08;166084_2023-01-03;167494_2023-08-27;169310_2024-06-28;170013_2023-02-25;170013_2023-10-01;170013_2024-11-12;171530_2023-06-06;172262_2023-02-12;172262_2024-02-24;172262_2024-11-20;172510_2024-01-21;174968_2023-10-28;174968_2024-04-14,0.67584,0.49801,10.81068,0.96249,1.02408,0.96249,0.90275,0.0,0.48594,0.6209,0.6704,0.70838,0.73243,0.74912,0.76699,0.78104,0.79626,0.83072,0.85954,0.87605,0.90605,0.92411,0.95697,1.00536,1.02886,1.04654,1.07609,1.11302,1.1268,1.21122,1.23902,0.87295,0.92864,0.9307,0.94,0.93877,0.95477,0.95144,0.96479,0.96936,0.95162,0.95437,0.96011,0.9842,0.96076,0.98106,0.97935,1.00934,0.98447,0.97181,0.95297,0.9708,0.89926,0.9457,0.92999,0.732,0.0
100354_2023-08-02;100707_2023-01-01;102016_2024-03-27;102016_2024-10-15;105366_2023-09-05;105366_2024-01-02;106298_2023-02-25;106298_2023-04-26;106298_2023-05-06;106793_2023-03-14;106793_2023-10-28;106793_2024-06-13;106793_2024-06-14;106793_2024-09-15;108517_2024-05-21;108517_2024-05-30;108795_2023-12-14;108795_2024-05-15;113377_2023-02-13;113377_2023-08-03;113377_2024-01-04;113377_2024-08-17;116320_2023-08-02;121500_2023-10-10;121555_2024-03-09;121555_2024-08-25;123129_2024-08-26;125463_2023-06-17;125463_2023-10-15;125463_2024-01-22;127225_2023-03-14;127524_2023-02-12;128843_2024-05-16;129071_2023-04-09;129071_2024-04-09;129071_2024-10-24;130253_2024-05-06;132967_2023-11-03;132967_2023-12-31;133165_2024-11-27;133996_2023-04-02;136407_2023-09-24;139410_2023-06-21;140211_2023-03-09;140211_2024-06-18;142975_2023-01-19;142975_2024-09-28;142999_2024-03-13;147049_2023-12-19;147049_2024-04-22;147147_2023-11-02;147147_2023-11-10;151683_2024-05-25;151683_2024-09-19;151740_2023-10-14;157904_2024-01-01;160216_2023-03-29;161573_2023-02-25;161573_2023-10-14;163595_2023-08-18;163817_2023-02-09;163817_2024-01-21;163817_2024-01-26;163817_2024-06-23;164897_2023-08-13;164897_2024-03-01;165786_2024-06-04;166206_2024-10-22;167494_2024-01-23;167494_2024-02-26;167494_2024-03-08;167494_2024-11-16;169310_2023-10-10;169310_2024-10-03;170013_2023-11-17;171530_2023-03-22;171530_2023-05-31;171530_2024-05-02;172262_2024-01-06;174968_2023-08-16,0.66922,0.49995,10.80829,0.97419,1.029,0.97419,0.91993,0.0,0.48139,0.63411,0.68885,0.72599,0.74993,0.77701,0.80066,0.82211,0.84162,0.86651,0.89554,0.91903,0.94468,0.95871,0.97883,1.01037,1.03829,1.049,1.07549,1.11357,1.12176,1.19723,1.22838,0.89376,0.94609,0.94865,0.95297,0.95222,0.99039,0.98683,0.98874,0.9917,0.95743,0.95902,0.96324,1.00169,0.97164,0.97053,0.97769,1.00222,1.00873,0.95701,0.95695,0.96383,0.94067,0.97411,0.98117,0.73818,0.0
100354_2023-03-02;100354_2024-03-09;102016_2024-06-29;104481_2024-01-19;105366_2023-09-05;105366_2024-07-06;106298_2023-04-26;106298_2023-05-06;106793_2023-03-14;108517_2023-05-01;108517_2024-04-07;108517_2024-05-30;108795_2023-07-29;110260_2024-12-09;112377_2023-01-26;113377_2023-08-03;113377_2024-08-17;115937_2024-10-13;116320_2023-03-16;116320_2023-08-02;116320_2024-05-09;116320_2024-11-29;118984_2024-12-11;120517_2024-08-07;121500_2023-10-23;121500_2024-01-25;121500_2024-09-09;121555_2024-03-09;121555_2024-03-31;121555_2024-08-19;123129_2023-03-09;125463_2023-06-18;125463_2023-10-09;125463_2023-11-25;125463_2023-12-21;127225_2023-08-28;127225_2023-12-05;127524_2024-10-18;128843_2023-03-22;132256_2024-01-07;132967_2024-08-12;133165_2023-08-22;136407_2023-03-14;136407_2023-04-22;136407_2024-08-01;138414_2023-10-18;139410_2023-06-21;142975_2023-11-02;142999_2024-03-13;142999_2024-06-11;146624_2023-08-08;147049_2023-04-04;147147_2024-08-31;151683_2024-05-25;151740_2023-10-14;152601_2023-11-27;155209_2023-05-10;155209_2024-07-16;160216_2024-08-17;161573_2024-08-06;163817_2024-04-11;165786_2023-09-07;165786_2024-11-22;166084_2023-01-05;166084_2023-02-20;166084_2023-08-04;166084_2023-08-10;166084_2023-09-25;166084_2024-04-26;168165_2024-05-28;168165_2024-06-18;169310_2023-01-03;170013_2024-06-23;170013_2024-11-12;171530_2023-05-31;172262_2023-06-20;172262_2023-07-08;172510_2024-12-24;174968_2023-02-25;174968_2024-04-14,0.65071,0.4988,10.81596,0.96383,1.02163,0.96383,0.90322,0.0,0.49393,0.62842,0.67229,0.70364,0.72135,0.74087,0.75922,0.78002,0.79689,0.83409,0.85804,0.88118,0.90694,0.92628,0.9586,1.0138,1.04272,1.06005,1.08191,1.10554,1.11756,1.20618,1.22276,0.8408,0.90303,0.89958,0.91673,0.92248,0.93236,0.92351,0.93487,0.93945,0.93415,0.93637,0.94423,0.95861,0.95881,0.95755,0.97616,1.02739,0.98589,1.01224,1.00356,0.99447,0.91698,0.96576,0.92976,0.65561,0.0
100707_2023-09-06;100707_2024-12-03;102016_2023-07-20;102016_2024-10-15;102016_2024-11-04;106298_2023-06-14;106793_2023-10-28;106793_2024-06-13;107448_2024-10-09;107448_2024-11-26;108517_2024-05-27;108795_2023-07-29;108795_2023-12-14;108795_2024-11-23;110260_2023-01-06;110260_2024-01-11;112377_2024-10-02;113377_2023-02-13;113377_2024-09-29;116320_2023-03-16;116320_2024-04-04;120517_2024-08-07;121500_2023-05-20;121500_2024-07-24;123129_2023-03-09;123129_2023-07-13;125463_2024-03-27;125463_2024-07-05;127225_2023-12-05;127225_2024-06-27;127225_2024-07-07;127225_2024-09-15;127225_2024-11-10;127524_2024-01-23;127524_2024-03-16;127524_2024-04-05;127524_2024-06-25;127524_2024-12-28;128843_2023-04-05;129071_2023-03-16;129071_2024-04-09;129071_2024-12-19;132256_2024-03-31;132967_2024-08-07;133165_2024-11-27;133996_2023-06-12;133996_2023-10-02;133996_2024-11-14;140649_2024-03-22;142975_2023-10-18;142975_2024-10-10;144492_2023-07-21;146624_2023-01-11;147049_2023-04-04;147049_2024-04-11;147049_2024-04-22;147147_2023-10-10;147147_2023-11-02;151683_2024-05-21;151740_2024-04-21;155209_2024-11-11;157904_2023-11-11;160216_2023-04-09;160216_2024-03-06;160216_2024-06-07;160216_2024-06-28;160431_2024-10-28;161573_2023-02-25;166084_2024-10-08;166206_2024-09-27;167494_2024-01-08;167494_2024-01-23;167494_2024-11-16;168165_2023-03-10;169310_2023-08-02;169310_2023-08-08;171530_2023-06-20;172262_2024-02-24;172510_2023-03-10;174968_2024-04-14,0.67333,0.51329,10.81928,0.98496,1.03554,0.98496,0.92724,0.0,0.4945,0.63482,0.68385,0.72849,0.75036,0.76866,0.78593,0.80611,0.81954,0.84486,0.87443,0.89705,0.92138,0.94547,1.00326,1.0561,1.07699,1.09332,1.11258,1.12645,1.11857,1.18578,1.20266,0.90939,0.96973,0.96705,0.96133,0.95954,0.96808,0.96078,0.96238,0.96692,0.95356,0.95543,0.95955,0.96638,0.9635,0.97147,0.98081,1.00686,1.03049,1.04323,1.04285,1.00446,0.93906,0.98758,0.96595,0.73864,0.0
100354_2023-07-21;100354_2023-08-19;100354_2023-12-02;100354_2024-04-27;100707_2023-09-06;100707_2024-04-14;100707_2024-12-18;105366_2023-01-03;106298_2023-02-04;106793_2024-09-15;107448_2023-10-19;107448_2024-11-26;110260_2024-12-09;112377_2023-10-18;112377_2024-05-22;113377_2023-08-10;115937_2024-07-11;116320_2023-03-16;116320_2023-08-02;116320_2024-11-29;118984_2024-12-11;120517_2023-04-01;120517_2024-08-07;121500_2023-10-10;123129_2023-08-08;123129_2024-06-13;125463_2023-06-18;125463_2023-12-21;127225_2024-11-10;130253_2024-03-03;130253_2024-05-14;132256_2024-01-07;132256_2024-12-13;132967_2023-02-03;133165_2024-08-21;136407_2024-08-01;136407_2024-09-22;142975_2023-10-18;142999_2023-06-29;144492_2023-07-28;146624_2023-03-12;147049_2024-04-11;147147_2023-11-10;151683_2024-05-21;151683_2024-05-25;151740_2023-01-09;151740_2023-08-22;152601_2023-11-27;155209_2023-01-10;155209_2023-07-18;157904_2024-01-01;160216_2024-09-21;160431_2023-09-29;163817_2023-07-05;163817_2023-10-03;164897_2023-07-03;164897_2023-08-13;164897_2023-09-05;164897_2024-10-30;164897_2024-11-16;165786_2023-10-08;165786_2024-09-04;166084_2024-04-26;166206_2024-09-27;168165_2024-05-28;168165_2024-06-24;169310_2023-08-08;169310_2024-07-08;170013_2023-02-25;170013_2023-10-01;171530_2023-03-22;171530_2024-06-13;172262_2023-02-12;172262_2023-11-11;172262_2024-01-06;172262_2024-02-12;172262_2024-09-18;172510_2023-03-10;172510_2024-12-21;174968_2023-03-21,0.65915,0.48852,10.81279,0.96468,1.02378,0.96468,0.90593,0.0,0.47709,0.62688,0.68575,0.72169,0.74217,0.76225,0.77495,0.78484,0.79206,0.82343,0.85728,0.87982,0.90401,0.92688,0.97146,1.01422,1.03497,1.0522,1.07647,1.10939,1.11901,1.20827,1.23163,0.86426,0.92871,0.92589,0.93833,0.93967,0.93693,0.93584,0.946,0.95143,0.94182,0.94546,0.95317,0.96813,0.9561,0.96671,0.97542,1.00803,0.97169,0.97895,0.98985,0.98147,0.91356,0.97794,0.92868,0.7153,0.0
100354_2023-06-07;100354_2023-08-02;100354_2024-03-09;100354_2024-04-27;100707_2023-07-20;104481_2024-01-19;104481_2024-07-30;106793_2023-09-21;106793_2024-06-13;106793_2024-06-14;108517_2023-11-05;108517_2024-05-30;110260_2024-01-11;113377_2024-01-08;113377_2024-08-17;115937_2024-06-30;115937_2024-09-22;116320_2023-08-20;121500_2023-08-12;121500_2023-10-23;123129_2024-06-13;125463_2023-06-17;127225_2024-06-27;127524_2023-07-08;128843_2023-04-13;128843_2023-11-19;129071_2024-08-11;130253_2023-05-03;130253_2024-02-18;132256_2023-12-01;132967_2023-09-22;132967_2024-04-06;133165_2024-08-21;133165_2024-10-17;133996_2023-04-02;133996_2023-04-20;133996_2023-10-02;133996_2024-11-14;136407_2023-05-07;136407_2024-08-01;138414_2023-11-03;138414_2024-02-24;139410_2023-06-21;140211_2023-04-23;140211_2023-11-11;142975_2024-09-28;142999_2024-03-13;144492_2023-07-21;144492_2023-09-22;144492_2023-12-08;146624_2023-03-12;147147_2024-01-18;151740_2023-08-22;155209_2024-07-16;160216_2023-01-17;160216_2024-09-21;160431_2024-05-28;160431_2024-10-28;161573_2023-04-21;161573_2024-11-23;163329_2023-03-29;163329_2024-09-29;163817_2023-03-14;163817_2024-04-11;164897_2024-08-06;166084_2023-09-19;166084_2024-10-08;166206_2024-09-27;167494_2024-01-08;167494_2024-06-30;168165_2023-02-15;169310_2023-08-02;169310_2024-07-01;170013_2024-05-20;171530_2024-03-17;172262_2023-06-20;172262_2024-05-27;172510_2024-05-07;172510_2024-09-26;174968_2024-04-14,0.65587,0.50409,10.81882,0.96618,1.02407,0.96618,0.90796,0.0,0.49699,0.6203,0.66712,0.70858,0.72714,0.7428,0.75944,0.77726,0.7885,0.82322,0.85273,0.87086,0.90402,0.9254,0.96118,1.01641,1.05045,1.07104,1.09408,1.11356,1.11902,1.20414,1.22384,0.85252,0.90512,0.90277,0.90854,0.91236,0.92974,0.92039,0.92494,0.93641,0.92777,0.9258,0.94009,0.95522,0.95114,0.96621,0.98079,1.0241,1.00884,1.01465,1.00895,0.97768,0.89663,0.96128,0.98114,0.72569,0.0
100354_2023-06-07;100707_2023-07-28;100707_2024-06-02;102016_2023-07-18;102016_2024-03-27;105366_2023-09-05;106298_2024-08-18;106793_2023-10-28;106793_2024-12-22;107448_2024-10-21;108517_2024-04-07;108517_2024-05-27;113377_2023-02-27;113377_2024-08-13;116320_2023-01-28;116320_2024-04-04;120517_2024-08-07;120517_2024-11-08;121500_2024-02-02;121500_2024-02-24;121555_2024-03-31;123129_2023-03-14;123129_2024-06-13;123129_2024-07-05;125463_2023-12-21;127225_2024-07-07;127524_2024-01-15;127524_2024-10-18;128843_2023-03-22;129071_2023-03-16;129071_2024-07-19;129071_2024-10-24;130253_2024-05-06;130253_2024-05-17;132256_2024-12-13;132967_2023-02-02;132967_2023-02-03;132967_2023-11-12;132967_2023-12-31;133165_2024-03-01;133165_2024-08-03;138414_2024-02-24;139410_2024-07-16;140211_2023-03-17;142975_2024-10-10;144492_2023-06-20;147049_2023-11-20;147049_2024-04-22;147049_2024-08-15;151683_2023-03-15;151683_2024-05-09;151740_2023-10-14;152601_2023-10-21;152601_2024-03-10;155209_2023-01-10;155209_2023-01-16;155209_2023-09-05;155209_2024-11-11;157904_2023-03-28;157904_2024-01-23;161573_2023-10-14;161573_2024-08-06;163329_2024-08-29;163817_2023-10-03;163817_2024-01-21;163817_2024-01-26;163817_2024-06-23;164897_2023-08-13;165786_2024-11-22;166084_2023-01-05;166084_2024-04-26;168165_2023-03-10;170013_2023-06-07;172262_2024-03-18;172262_2024-11-20;172510_2023-11-29;172510_2024-12-24;174968_2023-03-21;174968_2023-10-28;174968_2023-11-13,0.65953,0.4843,10.81053,0.97727,1.02874,0.97727,0.92311,0.0,0.48621,0.6219,0.68297,0.72404,0.74485,0.7669,0.78973,0.80845,0.82569,0.87977,0.92628,0.94284,0.95462,0.96462,0.98849,1.02312,1.04099,1.05564,1.07921,1.10857,1.11571,1.1907,1.21069,0.88816,0.92836,0.94551,0.95519,0.96353,0.96116,0.95984,0.9699,0.97439,0.95997,0.96305,0.96722,0.9803,0.96499,0.97776,0.97686,1.00381,0.99636,0.99193,1.00423,1.00737,0.94843,0.98031,0.95983,0.73108,0.0
100354_2023-08-02;100707_2024-07-11;102016_2023-07-18;104481_2024-07-30;106298_2023-02-04;106298_2023-08-01;106298_2024-11-17;106793_2023-04-10;106793_2023-09-21;107448_2023-09-20;108517_2023-06-11;108517_2023-07-12;108517_2023-11-05;108517_2024-05-21;108795_2024-05-15;108795_2024-06-13;110260_2023-09-02;112377_2023-01-26;112377_2023-10-18;113377_2023-07-01;115937_2024-07-11;115937_2024-09-25;116320_2023-04-19;118984_2024-12-11;120517_2023-11-28;120517_2024-08-08;121500_2023-05-20;121500_2024-07-24;121555_2023-02-14;123129_2024-08-26;125463_2023-10-09;127225_2024-07-07;127524_2023-02-12;127524_2024-07-02;129071_2023-04-09;130253_2024-05-06;132256_2023-12-01;132967_2024-11-28;133165_2023-08-22;133165_2024-03-01;133996_2023-04-20;136407_2023-05-07;140211_2023-03-09;140649_2024-03-22;142975_2024-10-10;142999_2023-05-01;146624_2023-08-26;147049_2024-04-17;147049_2024-04-22;147147_2023-04-24;151683_2024-09-19;151740_2023-03-12;152601_2023-02-14;152601_2024-03-10;155209_2023-01-10;157904_2023-03-28;157904_2023-03-31;157904_2024-01-01;160431_2024-05-28;161573_2024-05-27;163817_2024-01-21;164897_2023-08-13;164897_2024-03-01;164897_2024-11-16;166084_2023-08-04;166084_2023-09-19;166084_2023-09-25;166084_2024-09-20;166206_2024-09-27;166206_2024-10-22;167494_2024-01-08;167494_2024-06-30;168165_2023-03-10;168165_2024-06-18;169310_2023-12-13;171530_2023-06-06;171530_2024-05-02;172262_2024-02-24;172262_2024-05-27;172510_2024-12-21,0.65358,0.49593,10.81895,0.95392,1.01804,0.95392,0.89139,0.0,0.48813,0.6197,0.67412,0.71143,0.72873,0.74367,0.75673,0.77423,0.79115,0.82182,0.84505,0.86633,0.89103,0.90998,0.94246,0.99035,1.0141,1.02896,1.05481,1.09765,1.13371,1.23092,1.2377,0.85682,0.89247,0.89684,0.91165,0.92588,0.96602,0.94324,0.95359,0.97132,0.94773,0.93783,0.96133,1.00041,0.96075,0.97638,0.99879,1.03986,0.93796,0.93696,0.92852,0.95355,0.87539,0.9829,0.90198,0.69241,0.0
100354_2023-08-02;102016_2024-03-08;104481_2024-07-30;106298_2023-04-26;106298_2023-11-11;107448_2023-02-24;107448_2023-09-20;107448_2023-11-02;107448_2024-11-26;108517_2023-05-01;108517_2024-04-07;108517_2024-05-30;108795_2023-07-29;108795_2024-04-26;110260_2023-01-06;113377_2024-06-13;113377_2024-08-13;116320_2023-08-02;116320_2024-11-01;118984_2023-08-29;121500_2023-03-22;121500_2023-10-23;121555_2023-02-20;123129_2023-10-10;125463_2023-09-25;125463_2023-11-25;125463_2024-03-27;127225_2023-05-02;127225_2024-09-15;127524_2024-01-15;127524_2024-01-23;128843_2024-02-22;128843_2024-05-06;129071_2023-10-25;129071_2024-10-24;130253_2024-03-03;132256_2023-12-01;132256_2024-11-19;132967_2024-07-16;132967_2024-08-07;132967_2024-11-29;133996_2023-04-09;133996_2023-04-20;133996_2024-08-30;136407_2023-05-07;138414_2023-11-03;139410_2023-06-21;140649_2023-11-22;140649_2023-12-03;142975_2023-08-21;142975_2023-11-02;142975_2024-12-10;142999_2024-03-13;146624_2023-01-11;146624_2023-03-12;146624_2023-08-26;147049_2024-04-17;147049_2024-08-15;147049_2024-12-20;155209_2023-01-10;155209_2023-01-16;157904_2023-03-31;157904_2024-12-15;160216_2024-08-22;160431_2023-03-27;161573_2023-02-25;163329_2023-11-20;163329_2024-09-01;163595_2023-02-25;163817_2023-07-05;163817_2024-05-09;164897_2023-03-26;164897_2024-10-30;166084_2024-09-20;166206_2024-09-14;167494_2024-03-08;169310_2023-08-02;169310_2024-10-03;171530_2024-03-17;172510_2024-11-01,0.62923,0.49696,10.81512,0.96092,1.01865,0.96092,0.90222,0.0,0.49652,0.62885,0.67513,0.71547,0.73679,0.75947,0.77473,0.78955,0.79443,0.82151,0.84795,0.88364,0.90542,0.92445,0.96201,1.00674,1.03054,1.04517,1.07167,1.10414,1.11936,1.20471,1.21849,0.84225,0.89656,0.89219,0.90615,0.91704,0.95315,0.92926,0.93747,0.96453,0.93196,0.93633,0.96433,0.9815,0.95667,0.98567,0.97189,1.02385,0.9734,0.98197,0.97485,0.97913,0.90476,0.96137,0.93977,0.70031,0.0
100354_2023-06-07;100354_2023-08-19;102016_2024-10-15;105366_2023-09-05;106298_2023-08-01;106793_2024-06-14;107448_2024-08-07;107448_2024-10-09;108517_2023-06-11;108517_2023-12-09;108517_2024-05-27;108517_2024-07-13;108795_2024-04-26;110260_2024-02-01;113377_2023-07-01;115937_2024-09-22;115937_2024-09-25;115937_2024-10-13;116320_2023-08-02;116320_2023-08-20;118984_2023-08-29;120517_2024-08-07;120517_2024-08-08;121500_2023-10-10;123129_2024-02-01;125463_2023-06-18;127225_2023-05-30;127225_2024-09-15;127225_2024-11-10;127524_2023-07-08;127524_2024-03-16;128843_2024-05-06;128843_2024-05-16;129071_2024-04-09;130253_2024-03-03;130253_2024-09-21;132256_2023-12-01;132967_2023-11-03;132967_2023-12-31;132967_2024-11-29;133165_2024-02-02;133165_2024-08-21;136407_2023-09-30;136407_2023-10-16;138414_2024-02-24;138414_2024-04-18;140211_2024-02-16;140649_2023-01-20;144492_2023-06-20;146624_2023-04-28;147049_2024-01-27;147049_2024-08-15;147147_2023-10-10;151740_2023-03-12;151740_2023-10-14;152601_2023-11-27;160216_2023-03-29;161573_2023-04-07;161573_2023-12-20;161573_2024-05-27;161573_2024-07-23;163329_2024-08-29;163817_2023-10-03;163817_2024-02-14;163817_2024-05-09;164897_2023-08-13;164897_2024-07-09;166084_2023-09-19;166084_2024-09-20;167494_2024-03-08;168165_2024-06-24;169310_2023-08-02;169310_2023-12-13;170013_2024-11-12;172262_2023-06-20;172262_2024-01-06;172262_2024-02-24;172510_2023-12-22;172510_2024-02-12;172510_2024-12-21,0.69085,0.50879,10.81271,0.96712,1.02566,0.96712,0.908,0.0,0.49934,0.6232,0.67268,0.7092,0.73283,0.7488,0.76767,0.78612,0.80168,0.83217,0.86463,0.89028,0.91168,0.92761,0.95871,1.00934,1.04111,1.06531,1.08793,1.11097,1.12243,1.21096,1.23125,0.84412,0.90589,0.9049,0.91088,0.92085,0.93151,0.93379,0.94164,0.95347,0.93823,0.92867,0.94582,0.96596,0.95256,0.97011,0.98761,1.02191,0.99735,1.00737,0.98247,0.98106,0.91254,0.98836,0.96623,0.69731,0.0
100354_2023-07-21;100354_2023-08-02;100707_2024-04-14;100707_2024-12-18;102016_2024-03-27;104481_2023-08-15;104481_2024-07-30;105366_2023-09-16;106298_2023-05-06;107448_2024-10-09;108517_2024-05-30;110260_2024-06-10;112377_2023-02-13;113377_2023-02-27;113377_2024-06-26;113377_2024-09-29;116320_2024-06-20;120517_2023-11-28;121500_2024-01-25;121500_2024-09-09;121555_2023-10-09;123129_2023-03-14;123129_2023-07-13;123129_2024-08-26;125463_2023-06-28;127225_2023-08-28;127524_2023-08-27;127524_2024-10-18;128843_2023-03-22;129071_2024-07-19;129071_2024-08-11;130253_2023-02-09;130253_2024-03-23;130253_2024-05-06;132256_2023-12-01;132967_2024-08-12;133165_2024-03-19;136407_2023-12-20;138414_2023-01-16;140211_2023-04-23;140211_2024-06-18;140649_2023-02-05;140649_2024-06-14;144492_2023-07-21;147147_2023-04-24;147147_2024-01-18;151683_2023-10-20;151683_2024-05-21;152601_2023-01-18;152601_2024-03-10;155209_2024-11-11;157904_2024-12-15;160216_2023-03-29;160216_2023-10-14;160216_2024-02-23;160431_2023-09-29;161573_2024-05-27;161573_2024-07-23;163595_2023-11-21;163595_2024-09-22;163817_2024-02-14;163817_2024-06-23;164897_2023-12-12;164897_2024-08-06;166084_2023-09-19;166084_2024-01-13;166084_2024-09-20;167494_2024-01-23;167494_2024-02-26;168165_2023-03-10;168165_2024-05-28;169310_2024-03-17;169310_2024-10-05;172262_2023-07-08;172510_2023-08-20;172510_2023-11-29;172510_2024-01-06;172510_2024-09-26;174968_2023-03-21;174968_2023-11-13,0.6285,0.5076,10.81603,0.96659,1.02195,0.96659,0.91976,0.0,0.49526,0.63692,0.69386,0.73791,0.76334,0.7795,0.80708,0.82787,0.84201,0.87146,0.89106,0.90161,0.92097,0.93279,0.96292,1.00497,1.02619,1.03632,1.05999,1.09557,1.11729,1.20457,1.21812,0.84848,0.89178,0.90394,0.9179,0.9305,0.94033,0.93456,0.9524,0.96754,0.93535,0.93864,0.95556,0.9862,0.95779,0.96942,0.97498,1.02256,0.95536,0.97906,0.9562,1.00658,0.92656,0.98829,0.9535,0.78091,0.0
100354_2023-05-30;100354_2023-08-19;100354_2023-12-02;100707_2023-07-28;100707_2024-07-11;102016_2024-03-27;102016_2024-10-15;102016_2024-11-04;104481_2024-05-05;106298_2023-02-25;106298_2024-08-12;107448_2024-10-21;107448_2024-11-26;108517_2023-08-02;108517_2023-11-05;108517_2024-04-07;108517_2024-05-21;108795_2023-12-14;108795_2024-06-13;112377_2023-02-13;112377_2024-01-18;113377_2024-08-13;116320_2023-08-20;121500_2023-08-12;121500_2023-10-10;121555_2024-08-19;123129_2024-02-01;125463_2023-06-18;125463_2023-09-25;125463_2023-11-25;127524_2023-11-09;127524_2024-10-26;128843_2023-04-13;128843_2024-05-06;129071_2023-10-25;129071_2024-01-30;129071_2024-08-11;130253_2023-02-09;130253_2024-02-18;130253_2024-03-03;130253_2024-05-06;136407_2023-03-14;136407_2023-04-23;140211_2023-04-23;140211_2023-06-14;140649_2023-02-05;140649_2024-03-22;144492_2023-05-06;151683_2024-05-09;155209_2023-01-16;157904_2024-12-15;160216_2024-02-23;160216_2024-03-08;160216_2024-08-22;160431_2023-04-18;161573_2023-04-21;163329_2024-09-01;163817_2024-11-27;164897_2024-03-01;164897_2024-08-06;165786_2023-09-07;166084_2023-01-03;166084_2023-08-10;166084_2024-01-13;166206_2024-09-27;166206_2024-10-22;167494_2023-08-27;167494_2024-02-26;167494_2024-10-26;169310_2023-06-10;170013_2023-06-07;170013_2023-10-01;170013_2023-11-17;171530_2023-06-20;171530_2024-06-13;171530_2024-09-18;172262_2024-09-18;172510_2024-01-06;174968_2023-02-25;174968_2024-04-14,0.67866,0.52324,10.82125,0.96204,1.02089,0.96204,0.90353,0.0,0.51675,0.65823,0.71106,0.75414,0.76922,0.79336,0.81067,0.82685,0.82017,0.84464,0.85403,0.85656,0.91521,0.9336,0.96187,0.98868,1.01676,1.03263,1.06187,1.1039,1.11772,1.19785,1.23067,0.90372,0.9145,0.92815,0.92089,0.93158,0.95789,0.97499,0.97993,0.9837,0.93046,0.93403,0.93809,0.97256,0.95174,0.96081,0.97242,1.00655,0.97091,0.97531,0.9296,0.93325,1.52175,1.00236,0.9071,0.74704,0.0
100354_2023-06-07;100707_2023-07-28;100707_2024-06-02;102016_2023-07-18;102016_2024-06-29;104481_2024-01-19;105366_2023-09-05;105366_2023-09-16;105366_2024-07-06;106298_2023-02-04;106298_2023-04-26;106298_2023-08-01;106298_2024-08-12;107448_2023-08-23;107448_2024-08-12;107448_2024-11-26;108517_2023-12-09;108517_2024-05-27;113377_2023-02-27;113377_2024-06-13;116320_2023-04-19;116320_2024-12-29;120517_2023-04-01;120517_2023-11-28;121500_2024-01-25;123129_2023-07-13;125463_2023-11-25;125463_2024-01-22;125463_2024-07-05;127225_2023-03-14;127225_2024-06-02;127225_2024-07-07;127524_2023-07-08;127524_2024-04-05;127524_2024-09-05;128843_2023-04-05;130253_2024-05-14;130253_2024-09-21;132256_2023-12-01;132967_2023-12-02;133165_2024-08-03;133996_2023-03-03;136407_2023-12-20;138414_2023-11-03;138414_2024-02-24;139410_2024-07-16;140211_2023-06-14;140649_2023-02-05;140649_2023-04-24;142999_2023-05-01;144492_2023-07-28;146624_2024-05-25;147049_2023-12-19;147049_2024-01-27;147049_2024-11-03;147147_2023-06-07;147147_2023-11-10;152601_2023-11-27;152601_2024-12-21;155209_2023-04-23;155209_2024-11-11;157904_2024-01-01;160216_2024-06-28;160431_2023-03-27;161573_2024-07-29;163329_2023-03-29;163817_2024-01-21;163817_2024-04-11;164897_2023-03-26;164897_2024-11-16;165786_2023-09-07;165786_2024-04-08;166084_2024-04-26;166206_2023-07-12;167494_2024-03-08;167494_2024-06-30;169310_2024-10-03;170013_2023-10-01;170013_2024-11-10;171530_2023-05-31,0.61555,0.49054,10.81481,0.96454,1.02211,0.96454,0.9073,0.0,0.48053,0.62605,0.68375,0.72668,0.75132,0.77763,0.79979,0.82145,0.82597,0.84791,0.87124,0.88644,0.9069,0.92336,0.95324,1.00343,1.03076,1.04818,1.07268,1.1035,1.12018,1.20899,1.22349,0.84449,0.89823,0.90496,0.91735,0.93552,0.95401,0.93803,0.94918,0.9658,0.94204,0.9451,0.95365,0.98532,0.96774,0.98669,0.98656,1.02149,0.96945,0.97627,0.97755,0.9728,0.9104,0.97303,0.96522,0.72695,0.0
100354_2023-05-30;100354_2023-09-22;100707_2024-04-01;104481_2023-08-15;105366_2024-07-06;106298_2023-02-01;106298_2023-02-04;106793_2023-03-14;106793_2024-12-22;107448_2023-11-02;107448_2024-01-07;107448_2024-08-12;108517_2023-06-11;108517_2023-11-05;108517_2024-05-27;108795_2024-04-26;108795_2024-05-15;110260_2024-02-01;112377_2023-10-18;113377_2024-06-13;115937_2024-06-30;115937_2024-07-11;115937_2024-09-22;120517_2024-07-01;120517_2024-08-07;121500_2024-09-09;123129_2024-08-11;125463_2023-11-30;127225_2024-07-07;128843_2023-03-22;128843_2023-11-19;129071_2023-05-02;129071_2023-10-25;132967_2023-11-12;132967_2024-08-07;133165_2024-02-02;133996_2023-03-03;133996_2024-11-02;136407_2023-10-16;136407_2023-12-20;140649_2024-03-22;142975_2023-08-21;142999_2023-06-08;144492_2023-06-20;144492_2023-07-21;146624_2023-03-20;146624_2024-05-25;147049_2023-11-20;147147_2023-10-10;151740_2023-08-22;151740_2024-07-24;152601_2024-11-18;155209_2023-01-16;155209_2023-09-05;157904_2023-03-28;160216_2024-03-06;161573_2023-09-11;161573_2024-05-27;163329_2024-09-01;163595_2023-02-04;163595_2024-02-27;163817_2024-01-26;164897_2023-01-28;166084_2023-09-25;166084_2024-01-13;166084_2024-08-23;166206_2023-07-12;167494_2023-08-27;167494_2024-01-08;169310_2023-06-10;170013_2024-05-20;171530_2023-06-06;172262_2023-07-08;172262_2024-01-06;172262_2024-03-18;172510_2024-01-21;172510_2024-05-07;172510_2024-11-01;174968_2023-02-25;174968_2023-10-16,0.65564,0.49224,10.80966,0.97631,1.03041,0.97631,0.92075,0.0,0.48673,0.6217,0.67424,0.71124,0.73408,0.75824,0.78168,0.80053,0.81837,0.86321,0.89037,0.90933,0.9316,0.95113,0.99057,1.02974,1.04818,1.06638,1.08876,1.11244,1.11668,1.19921,1.22202,0.86574,0.91888,0.9347,0.93738,0.94375,0.94317,0.94255,0.94905,0.95167,0.94443,0.94803,0.95357,0.96572,0.96123,0.96836,0.98118,1.00481,1.00266,1.00801,1.01167,1.00136,0.9538,0.99849,0.97262,0.71552,0.0
100354_2023-08-02;100707_2023-07-20;102016_2024-03-08;102016_2024-10-15;106298_2023-02-04;106298_2024-08-12;107448_2023-10-19;107448_2024-07-03;108517_2023-04-24;108517_2023-11-05;110260_2023-09-02;110260_2023-12-25;110260_2024-06-10;112377_2024-10-02;113377_2023-08-03;113377_2024-06-13;115937_2024-07-11;116320_2023-04-19;116320_2023-08-20;118984_2024-12-11;120517_2023-11-28;121500_2023-05-20;121500_2023-10-23;121555_2023-02-14;121555_2024-03-09;123129_2023-10-10;125463_2023-11-25;127524_2023-11-09;128843_2023-03-22;128843_2023-04-02;128843_2023-11-19;128843_2024-05-16;128843_2024-06-27;130253_2024-02-18;130253_2024-05-14;132967_2023-09-22;132967_2024-04-06;132967_2024-08-12;133165_2024-03-01;133996_2023-04-09;133996_2023-04-20;136407_2023-04-22;136407_2023-10-01;139410_2023-03-21;140211_2024-06-18;142975_2023-11-02;142975_2024-10-10;147147_2024-08-31;151740_2023-03-12;151740_2023-10-14;152601_2023-01-18;155209_2023-01-10;155209_2023-01-16;160216_2024-06-07;160431_2024-07-01;161573_2024-02-04;161573_2024-05-27;161573_2024-08-06;163329_2024-08-29;163817_2024-05-09;164897_2023-01-28;164897_2024-08-06;164897_2024-10-30;166084_2023-01-03;166084_2023-02-20;166084_2023-09-19;166084_2024-09-20;166206_2023-01-05;166206_2024-09-27;167494_2023-08-27;167494_2024-01-08;167494_2024-03-08;167494_2024-06-22;167494_2024-12-11;169310_2023-12-13;171530_2023-06-20;171530_2024-05-02;172510_2023-11-29;172510_2024-02-12;174968_2023-02-25,0.6651,0.48399,10.81096,0.96707,1.03226,0.96707,0.91415,0.0,0.4795,0.62588,0.69886,0.74759,0.76782,0.77972,0.78808,0.80035,0.81277,0.8332,0.85864,0.88171,0.9004,0.9207,0.94653,1.00129,1.02436,1.03632,1.06671,1.12038,1.14812,1.23895,1.26277,0.87114,0.91206,0.91265,0.91316,0.92927,0.93916,0.94298,0.95131,0.96847,0.93563,0.93318,0.97279,0.99611,0.95837,0.98217,0.99758,1.0516,0.97973,0.96374,0.90081,0.97481,0.94227,1.00188,0.94467,0.78996,0.0
100354_2023-08-02;100354_2023-08-19;100707_2023-01-01;104481_2023-11-01;104481_2024-07-30;105366_2023-01-03;106298_2023-04-26;106298_2023-08-01;107448_2023-02-24;107448_2023-09-20;107448_2023-10-19;107448_2024-07-03;107448_2024-12-04;108517_2024-07-13;108795_2023-07-29;110260_2023-01-06;112377_2024-01-18;113377_2023-07-01;113377_2024-06-26;113377_2024-08-13;115937_2024-06-30;115937_2024-09-25;116320_2023-04-19;116320_2024-06-14;116320_2024-11-01;121500_2023-05-20;123129_2023-03-09;123129_2023-07-13;125463_2023-11-25;125463_2024-03-27;127225_2023-05-30;127225_2024-11-10;127524_2024-06-25;127524_2024-10-26;128843_2024-05-06;129071_2023-04-09;129071_2024-10-24;132256_2024-11-19;132967_2024-04-06;132967_2024-11-29;136407_2023-04-22;136407_2023-09-24;138414_2024-04-18;139410_2023-06-21;139410_2024-07-16;140211_2023-03-17;140211_2024-06-18;142975_2024-10-10;146624_2023-03-20;146624_2023-04-28;146624_2024-05-25;147049_2023-04-04;147049_2024-04-17;147147_2023-05-14;151683_2024-09-19;151740_2023-08-22;152601_2024-12-21;155209_2023-01-10;160216_2024-02-23;160216_2024-06-07;161573_2023-10-14;161573_2023-12-20;163329_2023-06-28;163817_2023-02-09;164897_2023-07-03;165786_2024-04-08;166084_2023-09-25;166084_2024-08-23;166084_2024-09-20;168165_2024-05-28;168165_2024-06-24;169310_2023-12-13;169310_2024-03-17;170013_2023-02-25;170013_2024-11-12;171530_2023-06-06;172510_2023-11-29;172510_2024-12-24;174968_2023-10-28;174968_2024-04-14,0.67878,0.51229,10.80989,0.96524,1.02256,0.96524,0.91384,0.0,0.51375,0.63732,0.68361,0.72038,0.74132,0.75999,0.77895,0.79278,0.80829,0.84154,0.87451,0.89524,0.91685,0.9357,0.9649,1.01009,1.03141,1.04696,1.06898,1.10215,1.11932,1.20221,1.22564,0.84591,0.89527,0.91317,0.93393,0.93695,0.93273,0.93345,0.94963,0.95701,0.93058,0.93423,0.94119,0.96492,0.96078,0.96281,0.97822,1.02009,0.98354,0.98663,0.98225,0.98742,0.92416,0.9708,0.96783,0.70542,0.0
100707_2023-07-04;100707_2024-07-11;102016_2023-07-18;102016_2024-10-15;104481_2024-05-05;106298_2023-04-26;106298_2023-05-06;106298_2023-11-11;106298_2024-08-12;106793_2023-03-14;106793_2024-06-13;106793_2024-06-14;107448_2024-10-21;108517_2023-07-12;108795_2024-05-15;112377_2023-01-26;113377_2023-02-13;113377_2024-01-04;113377_2024-06-26;120517_2023-03-07;120517_2024-08-07;120517_2024-10-01;120517_2024-11-08;121500_2024-09-09;121555_2023-02-14;123129_2023-03-09;123129_2023-10-10;123129_2024-02-01;125463_2023-09-25;125463_2024-03-27;127225_2023-03-14;127225_2023-12-05;127225_2024-06-27;127524_2023-07-08;127524_2024-01-15;127524_2024-01-23;127524_2024-09-05;128843_2023-04-13;130253_2024-02-18;132256_2024-01-07;132967_2024-08-07;132967_2024-08-12;132967_2024-11-29;133996_2023-04-02;136407_2023-03-14;136407_2023-04-23;136407_2023-09-24;138414_2024-04-18;139410_2023-03-21;142975_2024-09-28;142975_2024-10-10;144492_2023-07-28;146624_2024-05-25;147049_2023-12-19;147049_2024-04-17;147147_2023-10-10;151740_2023-01-09;160216_2023-10-14;160216_2024-08-22;160431_2023-04-18;163329_2024-09-01;163817_2024-01-21;163817_2024-04-11;163817_2024-06-23;164897_2023-07-03;164897_2023-12-12;164897_2024-03-01;164897_2024-07-09;166084_2023-02-20;166084_2023-09-25;166084_2024-08-23;166084_2024-09-20;168165_2024-05-28;169310_2024-07-01;170013_2024-11-12;171530_2023-06-06;171530_2024-06-13;172510_2024-05-21;172510_2024-12-21;174968_2024-04-14,0.65015,0.48449,10.80756,0.96441,1.02119,0.96441,0.90984,0.0,0.47946,0.62008,0.67829,0.71949,0.74589,0.76697,0.7874,0.80309,0.82132,0.85208,0.87631,0.89084,0.91079,0.926,0.95897,1.00699,1.03196,1.04853,1.07327,1.10659,1.12052,1.19828,1.21968,0.86031,0.90532,0.90707,0.92796,0.94337,0.94698,0.94185,0.94563,0.95868,0.94571,0.94941,0.95937,0.97719,0.96893,0.97926,0.97605,1.00818,0.99008,0.97239,0.97787,0.97185,0.92303,0.96541,0.95405,0.74457,0.0
100354_2023-09-22;100354_2023-12-02;100354_2024-06-25;100707_2024-12-03;102016_2024-03-08;102016_2024-10-15;105366_2023-09-16;105366_2024-01-02;106298_2023-08-01;106298_2024-08-18;107448_2023-08-23;107448_2023-10-19;108517_2024-05-27;108795_2023-07-29;108795_2024-01-21;110260_2024-01-11;113377_2024-09-29;115937_2024-09-22;115937_2024-09-25;115937_2024-10-13;116320_2023-03-16;116320_2024-06-12;118984_2023-08-29;120517_2023-11-28;121500_2023-03-22;121500_2023-05-20;121500_2023-10-23;121500_2024-02-24;121500_2024-09-09;121500_2024-12-01;121555_2024-08-19;123129_2024-07-05;127524_2024-04-05;128843_2023-03-22;128843_2023-11-19;132256_2024-03-31;132256_2024-12-13;132967_2023-11-12;132967_2023-12-02;133996_2023-04-20;139410_2023-06-21;140649_2023-04-24;142975_2023-01-19;142975_2024-09-28;146624_2024-05-28;147049_2023-11-20;147147_2023-06-07;151683_2023-10-20;151683_2024-09-19;152601_2023-11-27;160216_2023-03-29;160216_2024-06-28;160216_2024-08-22;160431_2024-05-28;160431_2024-10-28;161573_2023-04-07;163595_2023-11-21;164897_2023-01-29;164897_2023-08-13;164897_2024-10-30;165786_2024-06-04;165786_2024-09-04;166084_2024-09-23;167494_2024-10-26;167494_2024-12-11;168165_2023-08-25;168165_2024-06-18;169310_2023-08-08;169310_2024-07-01;169310_2024-07-08;169310_2024-10-03;170013_2023-02-25;170013_2024-11-10;170013_2024-11-12;171530_2023-06-20;172262_2023-07-08;172510_2024-05-07;172510_2024-11-01;174968_2023-02-25;174968_2024-04-14,0.66773,0.48446,10.81253,0.96109,1.01859,0.96109,0.90752,0.0,0.47707,0.6428,0.69683,0.72614,0.74689,0.75896,0.77719,0.80092,0.80236,0.84231,0.8661,0.8845,0.92133,0.92579,0.95567,1.00223,1.02419,1.04101,1.06559,1.09971,1.12144,1.20685,1.22318,0.84159,0.89418,0.8958,0.90329,0.9131,0.91926,0.91758,0.93881,0.95155,0.93135,0.93507,0.94306,0.96876,0.9591,0.9701,0.98238,1.02753,0.9827,0.96735,0.97492,0.94763,0.91344,0.97531,0.93096,0.71047,0.0
100354_2023-12-02;100354_2024-03-09;100707_2023-07-04;100707_2024-04-01;100707_2024-06-02;102016_2024-04-10;102016_2024-06-29;102016_2024-10-15;104481_2024-07-30;105366_2023-09-05;106298_2024-08-18;106793_2023-06-04;107448_2023-11-02;107448_2024-08-07;108517_2023-07-12;110260_2024-12-09;112377_2023-10-18;112377_2024-05-22;113377_2024-06-26;113377_2024-08-24;116320_2023-01-28;116320_2023-04-19;116320_2024-12-29;120517_2023-04-01;121555_2023-10-09;121555_2024-03-31;123129_2023-03-09;125463_2024-03-27;127225_2023-05-09;127524_2024-01-15;128843_2023-11-19;128843_2024-05-16;128843_2024-06-27;129071_2023-03-16;129071_2024-10-24;129071_2024-12-19;130253_2024-03-03;132967_2023-11-12;132967_2024-04-06;133165_2024-08-16;133996_2023-04-09;136407_2023-03-14;136407_2023-05-07;136407_2024-09-22;139410_2023-03-06;139410_2023-06-21;142975_2023-01-19;142999_2023-05-01;142999_2023-06-08;142999_2023-06-29;144492_2023-09-22;146624_2023-04-28;147049_2023-12-19;147049_2024-11-03;147147_2023-10-10;147147_2024-08-31;151740_2023-10-14;157904_2023-11-11;157904_2024-02-10;157904_2024-12-15;160216_2023-01-17;160216_2024-08-17;160216_2024-08-22;160431_2023-09-29;160431_2024-05-11;161573_2023-04-21;163329_2023-03-29;163329_2023-11-20;163595_2023-02-25;163817_2023-03-14;163817_2024-05-09;163817_2024-06-23;164897_2024-03-01;165786_2023-02-10;165786_2024-04-08;166084_2023-01-05;169310_2023-06-10;169310_2024-10-05;172510_2024-11-01;174968_2023-08-16,0.67436,0.48862,10.81241,0.95021,1.01568,0.95021,0.89624,0.0,0.48999,0.65397,0.70578,0.72897,0.73878,0.75238,0.76735,0.77717,0.79129,0.81271,0.84139,0.85969,0.88842,0.90513,0.93239,0.9895,1.00712,1.01543,1.04101,1.09237,1.1348,1.22502,1.26557,0.8383,0.90195,0.89149,0.90362,0.92111,0.91629,0.96555,0.97686,0.98375,0.92872,0.93076,0.94366,1.00516,0.95958,0.96917,0.99911,1.04401,1.00488,0.90188,0.86703,0.94231,0.94436,0.9753,0.89136,0.75945,0.0
100354_2023-08-02;100354_2023-12-02;100354_2024-03-09;100354_2024-04-27;102016_2024-03-27;102016_2024-06-29;102016_2024-10-15;104481_2024-01-19;105366_2023-09-05;106298_2023-05-06;106298_2023-08-01;106298_2024-03-13;106793_2023-10-28;107448_2023-08-23;108517_2023-07-12;108517_2024-04-07;108517_2024-07-13;108795_2024-01-21;112377_2023-10-18;113377_2023-08-10;113377_2024-01-08;116320_2024-04-04;120517_2024-07-01;120517_2024-08-07;121500_2023-03-22;121500_2024-12-01;123129_2023-03-09;123129_2023-08-08;127225_2023-05-30;128843_2023-04-13;128843_2024-05-06;128843_2024-05-16;130253_2024-05-06;130253_2024-08-31;132967_2023-12-02;133165_2023-08-22;133165_2024-03-19;133996_2024-11-02;136407_2023-12-20;138414_2024-11-09;139410_2023-03-21;139410_2024-07-16;140649_2023-02-05;140649_2023-04-24;142975_2023-01-19;144492_2023-12-08;146624_2023-01-11;146624_2023-04-28;146624_2023-08-08;147147_2024-08-31;151683_2024-05-21;151740_2023-01-09;152601_2024-03-10;155209_2024-11-15;157904_2023-03-28;157904_2024-02-10;160216_2023-01-17;160431_2023-03-01;163329_2024-09-01;163595_2023-02-04;163595_2024-05-08;163817_2023-07-05;163817_2024-05-09;163817_2024-11-27;164897_2024-11-16;165786_2024-06-04;165786_2024-09-04;166084_2023-09-19;166084_2024-01-13;166084_2024-08-23;166084_2024-09-20;167494_2024-02-26;167494_2024-03-08;168165_2024-01-17;168165_2024-06-18;169310_2023-12-13;169310_2024-10-03;172510_2023-08-20;174968_2023-08-16;174968_2023-10-28,0.68787,0.49511,10.80835,0.98218,1.03172,0.98218,0.9342,0.0,0.49837,0.64615,0.71157,0.74678,0.77291,0.79278,0.81305,0.83631,0.85624,0.90422,0.93125,0.94322,0.95595,0.96799,0.98941,1.02152,1.04021,1.05746,1.0814,1.10886,1.11496,1.1867,1.20801,0.89378,0.93423,0.94926,0.95721,0.95988,0.96221,0.96026,0.96364,0.96804,0.96189,0.96613,0.96931,0.97473,0.96954,0.97514,0.97994,1.00325,1.00464,0.99923,1.00777,1.01862,0.96635,0.99424,0.96911,0.77094,0.0
100354_2023-08-02;100354_2023-09-22;100707_2023-01-07;100707_2024-04-14;102016_2024-04-10;104481_2024-10-02;107448_2024-01-07;108795_2023-12-14;108795_2024-11-23;113377_2023-08-10;113377_2024-08-17;113377_2024-08-24;115937_2024-06-30;115937_2024-07-11;115937_2024-09-25;115937_2024-10-13;116320_2024-05-09;116320_2024-11-01;120517_2024-07-01;121500_2023-05-20;121500_2023-10-23;121500_2024-02-24;123129_2023-08-08;125463_2023-06-18;125463_2024-03-27;125463_2024-07-05;127225_2023-03-14;127524_2023-02-12;127524_2023-08-27;127524_2024-10-26;128843_2024-02-22;129071_2024-01-30;132967_2023-02-02;132967_2023-11-12;133996_2023-04-20;136407_2023-04-22;136407_2023-04-23;136407_2024-08-01;140211_2023-04-23;142975_2024-12-10;142999_2023-06-08;142999_2023-06-29;144492_2023-06-20;144492_2023-09-22;146624_2024-05-25;147049_2023-08-22;147147_2023-10-10;151683_2024-05-21;151683_2024-05-25;152601_2023-02-14;152601_2024-11-18;155209_2023-01-16;155209_2023-07-18;155209_2024-11-11;155209_2024-11-15;160216_2024-03-08;160431_2023-03-27;160431_2024-05-28;163329_2024-09-29;163595_2024-05-08;163817_2024-01-21;164897_2023-01-29;164897_2023-03-26;164897_2023-09-05;164897_2024-03-01;165786_2023-02-10;165786_2024-04-08;166084_2024-09-23;168165_2023-08-25;169310_2023-08-02;169310_2024-07-01;170013_2024-11-12;171530_2024-05-02;172262_2023-07-08;172510_2023-01-25;172510_2023-08-20;172510_2023-12-22;172510_2024-05-07;172510_2024-12-24;174968_2023-10-28,0.68181,0.49723,10.81067,0.9553,1.01594,0.9553,0.89641,0.0,0.48854,0.62223,0.67624,0.70909,0.72807,0.74664,0.76585,0.78326,0.80194,0.83707,0.86411,0.88045,0.9002,0.9144,0.94505,0.99253,1.01899,1.0347,1.05826,1.10309,1.12613,1.20511,1.22634,0.85803,0.89137,0.90946,0.93587,0.94145,0.95743,0.95046,0.96805,0.97274,0.95145,0.95833,0.96313,0.99134,0.96209,0.97316,0.97867,1.01453,0.96345,0.94424,0.95279,0.95708,0.89396,0.93666,0.91718,0.75086,0.0
100707_2023-01-01;100707_2023-07-20;100707_2024-06-02;100707_2024-12-03;102016_2024-03-08;105366_2023-09-16;106298_2023-02-04;106298_2023-06-14;106793_2023-03-14;107448_2023-10-19;107448_2024-08-12;108517_2024-07-01;108795_2024-11-23;110260_2023-09-02;113377_2024-08-13;115937_2024-05-17;118984_2024-12-11;120517_2024-08-07;121500_2023-05-20;121500_2023-10-23;121500_2024-09-09;125463_2023-09-25;125463_2024-03-27;127225_2024-09-15;127524_2024-04-05;127524_2024-06-25;127524_2024-10-26;128843_2023-04-02;129071_2023-10-25;132967_2024-08-07;133996_2024-11-14;136407_2023-09-30;136407_2024-09-22;138414_2024-04-18;139410_2023-06-21;139410_2023-07-18;140211_2024-06-18;140649_2023-02-05;142999_2023-06-08;142999_2024-06-11;146624_2023-03-10;147049_2023-04-04;147147_2023-06-07;147147_2023-11-02;147147_2024-01-18;151683_2024-05-21;151740_2024-04-21;151740_2024-07-24;152601_2024-03-10;155209_2023-07-18;155209_2024-07-16;155209_2024-11-11;155209_2024-11-15;157904_2023-02-24;160216_2023-04-09;160216_2024-06-28;160431_2023-04-18;160431_2024-05-11;161573_2023-02-25;161573_2023-06-22;161573_2023-12-20;163329_2023-11-20;163595_2023-02-04;163595_2023-11-21;163817_2024-04-11;163817_2024-11-27;164897_2024-03-01;166206_2023-07-12;166206_2024-09-14;166206_2024-09-27;167494_2024-12-11;168165_2023-02-15;168165_2023-08-25;168165_2024-05-28;169310_2024-03-17;172262_2024-09-18;172510_2023-01-25;172510_2023-03-10;172510_2024-02-12;172510_2024-12-24,0.66609,0.48886,10.81543,0.95939,1.02619,0.95939,0.8961,0.0,0.48215,0.62117,0.67906,0.71111,0.72645,0.74067,0.75249,0.7684,0.78366,0.80745,0.83368,0.85829,0.88731,0.91456,0.95161,1.00789,1.03058,1.03286,1.05418,1.09919,1.14644,1.247,1.26746,0.8375,0.89558,0.90559,0.90577,0.9362,0.9422,0.93858,0.96648,0.97501,0.95397,0.94099,0.95764,1.00837,0.97579,0.98641,0.99412,1.07831,0.95281,0.94848,0.91169,0.93747,0.89012,0.93587,0.90688,0.72806,0.0
100354_2024-12-28;100707_2024-12-18;102016_2024-03-08;102016_2024-04-10;106298_2023-05-06;106793_2023-03-14;106793_2024-06-13;106793_2024-06-14;107448_2023-08-23;107448_2023-10-19;107448_2024-10-09;108517_2023-04-24;108517_2024-05-30;108517_2024-07-01;108795_2024-04-26;110260_2024-12-09;115937_2024-09-22;115937_2024-10-13;116320_2024-04-04;116320_2024-12-29;120517_2023-11-28;123129_2024-02-01;123129_2024-08-11;125463_2023-06-28;125463_2023-09-25;125463_2023-10-09;125463_2023-11-25;125463_2023-11-30;127225_2023-05-09;127225_2024-06-02;127225_2024-06-27;127524_2024-10-18;128843_2024-06-27;129071_2023-02-19;129071_2023-04-09;129071_2024-01-30;129071_2024-10-24;130253_2024-05-14;132256_2024-03-31;133165_2024-02-02;133996_2023-04-20;133996_2023-06-12;139410_2024-03-11;140211_2023-03-09;140211_2023-03-17;142975_2023-04-09;142975_2024-09-28;146624_2023-03-12;146624_2023-08-26;147049_2024-04-17;147147_2024-08-31;151683_2024-05-25;155209_2023-05-10;157904_2023-03-28;157904_2023-03-31;157904_2024-05-25;160431_2024-07-01;161573_2023-04-21;161573_2023-06-22;161573_2024-05-27;163329_2024-09-29;163595_2024-02-27;163817_2024-04-11;163817_2024-06-23;165786_2024-04-08;165786_2024-11-22;166084_2023-08-10;166084_2023-09-25;166084_2024-04-26;166206_2023-07-12;166206_2024-10-22;167494_2024-01-08;167494_2024-11-16;167494_2024-12-11;169310_2023-08-08;170013_2023-11-17;171530_2023-06-06;172262_2024-02-24;172510_2024-01-21;174968_2023-08-16,0.64509,0.49457,10.81793,0.95961,1.01821,0.95961,0.89981,0.0,0.49102,0.63235,0.68594,0.72457,0.73884,0.74895,0.75955,0.77645,0.78788,0.81346,0.83791,0.86637,0.89225,0.91571,0.96624,1.00843,1.03162,1.04998,1.07537,1.10604,1.11822,1.20016,1.2204,0.85628,0.89967,0.90908,0.91421,0.92478,0.93961,0.93192,0.93691,0.95411,0.9334,0.93799,0.9536,0.96481,0.95717,0.97099,0.97179,1.01013,0.9862,0.99719,0.98434,0.97375,0.92745,0.97428,0.92693,0.70653,0.0
100354_2023-03-02;100354_2023-06-07;100354_2023-08-02;100354_2024-06-25;100707_2024-04-01;100707_2024-07-11;100707_2024-12-18;105366_2023-09-16;106298_2024-08-18;106793_2024-06-13;107448_2024-11-26;108795_2024-01-21;108795_2024-06-13;112377_2023-10-18;113377_2023-02-13;115937_2024-05-17;116320_2024-05-09;118984_2024-12-11;120517_2024-10-01;121500_2023-10-10;121500_2024-02-24;125463_2023-06-17;125463_2024-01-22;125463_2024-03-27;127225_2023-03-14;127225_2023-05-02;127524_2023-02-12;127524_2023-11-09;127524_2024-04-05;128843_2023-03-22;128843_2024-05-16;129071_2023-02-19;129071_2023-03-16;130253_2023-07-26;130253_2024-08-31;132256_2024-12-13;136407_2023-10-01;140649_2023-12-03;140649_2024-03-22;142975_2024-09-28;142999_2023-05-01;144492_2023-07-21;146624_2023-08-08;147049_2023-11-20;147049_2023-12-19;147147_2023-11-10;147147_2024-01-18;151740_2024-04-21;151740_2024-12-21;152601_2024-03-10;152601_2024-08-01;152601_2024-12-21;155209_2023-09-05;155209_2024-11-15;160431_2024-05-11;161573_2024-02-04;163817_2023-10-03;163817_2024-01-21;163817_2024-01-26;163817_2024-02-14;163817_2024-04-11;163817_2024-11-27;164897_2023-03-26;164897_2023-08-13;164897_2024-11-16;165786_2023-02-16;166084_2024-04-26;166084_2024-08-23;166206_2023-07-12;166206_2024-09-27;167494_2024-06-30;168165_2024-06-18;169310_2023-06-10;170013_2023-11-17;170013_2024-11-10;171530_2023-05-31;172262_2024-01-06;172262_2024-02-12;172262_2024-09-18;172262_2024-11-20,0.65201,0.48379,10.81108,0.96299,1.01867,0.96299,0.90323,0.0,0.47056,0.62563,0.6774,0.71596,0.73679,0.75983,0.78072,0.80278,0.81876,0.85036,0.8769,0.89752,0.92204,0.93709,0.96612,1.00606,1.02762,1.04131,1.06995,1.09852,1.11292,1.19438,1.21877,0.86288,0.92025,0.92073,0.92704,0.93091,0.95195,0.94144,0.95911,0.97517,0.95482,0.94221,0.95657,0.98115,0.96071,0.97613,0.98795,1.01195,0.97188,0.9772,0.99506,0.98438,0.923,0.98667,0.92871,0.69236,0.0
100354_2023-08-02;100354_2023-08-19;102016_2023-07-18;102016_2024-11-04;106298_2023-02-04;106793_2023-10-28;106793_2024-06-14;106793_2024-09-15;107448_2023-08-23;107448_2023-11-02;107448_2024-08-07;107448_2024-10-09;107448_2024-12-04;108517_2023-11-05;108517_2024-04-07;108517_2024-07-13;108795_2024-01-21;110260_2024-01-11;112377_2024-05-22;113377_2024-01-08;113377_2024-09-29;116320_2023-03-16;116320_2024-12-14;118984_2024-06-15;121500_2023-03-22;121500_2023-08-12;121500_2023-10-10;121500_2023-10-23;121555_2023-10-09;121555_2024-08-19;123129_2024-08-11;125463_2023-06-17;125463_2023-09-25;127225_2023-03-14;127225_2023-08-28;129071_2024-10-24;130253_2024-05-17;132967_2024-02-20;132967_2024-04-06;132967_2024-07-16;133165_2024-02-02;138414_2024-04-18;142975_2023-10-18;142975_2023-11-02;142975_2024-06-07;142999_2023-06-29;142999_2024-03-13;147049_2023-11-20;147049_2024-04-17;147049_2024-12-20;147147_2023-04-24;147147_2023-06-07;151683_2024-05-21;157904_2023-03-28;157904_2024-05-25;160216_2023-10-14;160216_2024-08-22;160431_2023-09-29;161573_2023-09-11;161573_2024-07-23;161573_2024-08-23;163329_2023-11-20;163817_2023-10-03;164897_2024-07-09;165786_2023-02-10;166084_2023-01-05;166084_2023-08-04;166084_2024-09-23;168165_2023-08-25;169310_2023-08-08;171530_2023-05-31;171530_2023-06-20;171530_2024-05-02;172262_2024-01-06;172510_2023-08-20;172510_2024-02-12;172510_2024-09-26;172510_2024-11-01;174968_2023-03-21;174968_2023-10-28,0.69871,0.50319,10.81386,0.97529,1.02733,0.97529,0.92645,0.0,0.4971,0.67313,0.71993,0.75438,0.76798,0.77598,0.79417,0.81735,0.83008,0.87171,0.90618,0.91005,0.9389,0.94528,0.98371,1.02293,1.04196,1.05601,1.07739,1.10386,1.11276,1.18767,1.21018,0.89059,0.92826,0.94069,0.95195,0.95419,0.95667,0.95849,0.97025,0.97429,0.95607,0.95004,0.95456,0.97668,0.96121,0.96634,0.97728,1.00037,0.99029,0.99728,0.97572,0.99977,0.93548,0.96142,0.97406,0.78168,0.0
100354_2023-09-22;100354_2024-04-27;100707_2023-01-01;100707_2023-09-06;100707_2024-06-02;104481_2024-05-05;106298_2023-02-04;106298_2024-11-17;106793_2024-06-14;107448_2023-09-20;107448_2024-08-12;107448_2024-10-21;108517_2023-05-01;108517_2024-05-21;110260_2023-09-02;110260_2024-01-11;113377_2023-02-27;113377_2024-06-26;113377_2024-08-24;115937_2024-07-11;116320_2023-01-28;116320_2023-08-20;120517_2023-03-07;120517_2024-10-01;121500_2023-10-23;121555_2023-02-20;123129_2024-06-13;123129_2024-08-26;125463_2023-09-25;125463_2023-12-21;128843_2024-05-16;129071_2024-12-19;130253_2024-05-14;132967_2023-02-02;132967_2023-11-12;133165_2024-03-01;133165_2024-11-27;133996_2023-10-02;136407_2024-08-01;139410_2023-06-21;140211_2023-03-09;140211_2024-06-18;142975_2023-08-21;142975_2024-09-28;146624_2023-08-26;146624_2024-05-25;147049_2024-08-15;147147_2023-05-14;152601_2023-02-14;152601_2024-08-01;155209_2023-04-23;155209_2023-09-05;155209_2024-11-15;160216_2023-10-14;160431_2024-10-28;161573_2023-12-20;161573_2024-07-29;163817_2023-02-09;163817_2023-07-05;163817_2024-06-23;164897_2023-03-26;164897_2023-07-03;164897_2024-08-06;165786_2024-04-08;165786_2024-11-22;166084_2024-01-13;166084_2024-09-23;166084_2024-10-08;166206_2024-09-27;167494_2024-10-26;169310_2024-07-01;169310_2024-07-08;170013_2023-11-17;170013_2024-06-23;170013_2024-11-10;171530_2023-06-06;171530_2024-09-18;172262_2023-11-11;172510_2023-12-22;174968_2023-10-28,0.66927,0.48325,10.81463,0.97338,1.03507,0.97338,0.92346,0.0,0.50764,0.66855,0.7155,0.75571,0.77834,0.80237,0.82177,0.83942,0.8358,0.86422,0.87863,0.86295,0.91519,0.93059,0.95532,1.01398,1.02788,1.03735,1.06052,1.10429,1.14319,1.23786,1.26325,0.84572,0.8984,0.88527,0.90806,0.92483,0.92727,0.92941,0.9445,0.95564,0.92679,0.93128,0.95158,0.99612,0.97419,0.97599,1.0024,1.07598,0.95993,0.9524,0.94039,0.95225,1.50326,0.97291,0.94559,0.80591,0.0
100707_2023-07-04;102016_2024-11-04;104481_2024-05-05;106298_2024-08-18;106298_2024-11-17;106793_2023-06-04;106793_2024-06-14;106793_2024-12-22;107448_2023-10-19;108517_2023-07-12;108517_2023-08-02;108517_2023-11-05;108517_2024-07-01;108517_2024-07-13;110260_2023-09-02;112377_2024-05-22;113377_2024-08-17;115937_2023-03-01;115937_2024-06-30;116320_2023-01-28;116320_2023-08-02;116320_2024-06-12;120517_2023-04-01;120517_2024-07-01;121500_2023-08-12;121500_2024-12-01;121555_2024-03-31;127225_2023-03-14;127225_2024-11-10;127524_2024-03-16;127524_2024-12-28;128843_2023-04-02;129071_2023-05-02;129071_2024-10-24;130253_2024-03-03;132967_2023-12-02;133165_2024-08-03;133996_2023-03-03;136407_2023-04-22;136407_2023-09-24;138414_2024-11-09;139410_2023-03-06;139410_2024-03-11;140211_2023-03-09;140649_2023-02-05;140649_2023-04-24;142975_2023-01-19;142975_2024-10-10;142999_2023-06-08;144492_2023-09-22;147049_2023-11-20;147147_2023-10-10;147147_2024-01-18;147147_2024-08-31;151683_2024-09-19;151740_2023-01-09;151740_2024-04-21;157904_2024-12-15;160431_2024-10-28;161573_2023-10-14;161573_2024-08-06;163595_2023-02-04;163595_2024-09-22;163817_2024-01-21;164897_2023-09-05;165786_2023-02-16;165786_2023-10-08;166206_2024-09-14;167494_2023-11-16;168165_2024-05-28;169310_2023-10-10;170013_2024-11-10;171530_2023-03-22;171530_2023-05-31;171530_2023-06-20;172262_2023-02-12;172262_2024-03-18;172510_2023-01-25;172510_2023-12-22;174968_2023-03-21,0.67986,0.48202,10.81559,0.95588,1.01968,0.95588,0.89816,0.0,0.48384,0.62648,0.68504,0.7215,0.74456,0.76278,0.77386,0.78402,0.79719,0.82827,0.85426,0.8807,0.89948,0.92188,0.9459,0.99085,1.01245,1.02332,1.04843,1.09756,1.12893,1.21907,1.24292,0.88194,0.92383,0.92808,0.9226,0.94126,0.96562,0.94802,0.95145,0.95811,0.93755,0.93016,0.938,0.98242,0.95566,0.96512,0.98723,1.02507,0.9526,0.94802,0.88991,0.96854,0.90533,0.99839,0.92981,0.71125,0.0
100354_2024-06-25;100354_2024-12-28;100707_2024-12-03;106298_2023-05-06;106298_2023-08-01;106298_2024-08-18;107448_2023-09-20;107448_2024-10-21;108517_2023-12-09;112377_2023-01-26;112377_2023-02-13;112377_2023-10-18;113377_2024-08-24;115937_2024-07-11;118984_2023-04-25;118984_2024-06-15;120517_2023-03-07;120517_2023-04-01;121500_2023-03-22;121500_2024-02-02;121500_2024-07-24;121500_2024-12-01;121555_2023-02-14;121555_2024-03-09;121555_2024-08-19;125463_2023-11-30;127225_2023-05-30;127524_2023-11-09;127524_2024-01-15;127524_2024-01-23;127524_2024-10-26;132256_2024-03-31;132256_2024-12-13;133165_2024-03-01;133165_2024-08-03;133165_2024-08-21;133996_2023-04-02;136407_2024-08-01;138414_2023-01-16;138414_2023-11-03;139410_2023-07-18;140211_2024-06-18;140649_2024-06-14;142975_2023-01-19;142975_2024-09-28;142999_2023-05-01;146624_2023-08-26;146624_2024-05-25;147049_2023-08-22;147147_2023-06-07;147147_2023-10-10;152601_2023-02-14;152601_2023-11-27;157904_2023-03-28;157904_2024-01-01;160216_2024-03-06;160216_2024-03-08;161573_2024-07-29;161573_2024-11-23;163595_2023-02-04;163595_2024-02-27;163595_2024-05-08;164897_2023-01-29;164897_2023-09-05;164897_2023-12-12;164897_2024-03-01;164897_2024-10-30;165786_2023-10-08;165786_2023-10-16;165786_2024-09-04;166084_2024-04-26;166084_2024-08-23;166206_2023-07-12;166206_2024-09-14;168165_2024-05-28;168165_2024-06-18;171530_2023-06-20;172262_2024-02-12;172510_2023-11-29;174968_2023-11-13,0.59659,0.4979,10.81488,0.96337,1.02024,0.96337,0.90615,0.0,0.48937,0.62278,0.67516,0.72456,0.74965,0.7637,0.77801,0.79954,0.8164,0.84383,0.86882,0.88337,0.91439,0.93267,0.96674,1.00694,1.03015,1.04389,1.06621,1.09682,1.1143,1.20377,1.21964,0.855,0.9002,0.90277,0.91175,0.92346,0.95525,0.95687,0.96336,0.96731,0.95328,0.9261,0.96424,0.98386,0.94474,0.98438,0.99357,1.01105,0.96228,0.9782,0.98126,0.98492,0.89952,0.97858,0.96032,0.72892,0.0
100354_2024-12-28;102016_2024-11-04;105366_2023-09-16;106793_2023-09-21;107448_2023-09-20;107448_2023-10-19;107448_2024-08-12;108517_2023-05-01;108517_2023-08-02;108517_2023-12-09;108795_2024-06-13;108795_2024-11-23;110260_2023-12-25;112377_2024-01-18;112377_2024-10-02;113377_2024-06-26;115937_2024-05-17;118984_2023-04-25;120517_2024-08-07;120517_2024-11-08;121500_2024-02-24;123129_2023-03-14;123129_2024-07-05;123129_2024-08-11;125463_2023-09-25;125463_2024-07-05;127225_2023-05-30;127524_2023-02-12;127524_2024-04-05;127524_2024-09-05;128843_2024-05-16;129071_2023-03-16;129071_2023-04-09;130253_2023-05-03;130253_2024-03-23;130253_2024-09-21;132256_2024-03-31;132256_2024-11-19;132967_2024-11-28;133165_2024-02-02;133996_2024-11-02;136407_2023-03-14;136407_2023-10-16;140211_2023-03-17;142975_2024-10-10;142999_2023-06-29;146624_2023-03-10;146624_2023-03-20;147049_2024-04-11;147147_2023-10-10;147147_2023-11-02;151683_2024-09-19;151740_2024-04-21;151740_2024-07-24;152601_2023-01-18;155209_2023-01-10;155209_2023-07-18;160216_2023-10-14;160216_2024-02-23;160216_2024-09-21;160431_2024-10-28;161573_2023-04-07;163595_2024-05-08;163817_2023-07-05;163817_2024-06-23;164897_2023-01-29;165786_2023-09-07;165786_2024-11-22;166084_2023-08-10;166084_2024-04-26;166206_2023-07-12;167494_2023-07-05;167494_2024-11-16;170013_2024-06-23;171530_2023-06-06;171530_2023-06-20;171530_2024-06-13;172262_2024-03-18;172510_2023-11-29;174968_2023-03-21,0.68746,0.48963,10.81468,0.95661,1.01409,0.95661,0.90054,0.0,0.48377,0.62165,0.6805,0.71864,0.73623,0.75726,0.77981,0.79915,0.81395,0.83962,0.85996,0.88028,0.90507,0.92034,0.94975,0.9939,1.01923,1.038,1.07055,1.09964,1.11264,1.19735,1.21901,0.84317,0.89915,0.89964,0.9186,0.92244,0.94661,0.93554,0.93971,0.94549,0.93624,0.92318,0.93961,0.97439,0.95613,0.95328,0.97846,1.02428,0.95747,0.97683,0.97775,0.9751,0.9138,0.97869,0.95666,0.73424,0.0
100354_2023-07-21;100707_2023-09-06;100707_2024-06-02;102016_2023-07-18;106298_2023-02-01;106298_2023-02-04;106793_2023-09-21;106793_2024-06-14;107448_2023-11-02;107448_2024-08-07;107448_2024-11-26;108517_2024-04-07;108517_2024-07-13;108795_2024-04-26;110260_2024-06-10;112377_2023-10-18;115937_2024-09-25;116320_2023-11-03;118984_2024-12-11;120517_2023-03-07;120517_2024-08-08;121500_2024-12-01;123129_2023-08-08;123129_2024-06-13;125463_2023-12-21;127225_2023-12-05;127225_2024-06-02;127524_2024-01-23;127524_2024-06-25;128843_2023-04-02;128843_2024-05-06;129071_2024-01-30;130253_2024-05-14;132967_2024-07-16;133165_2023-08-22;133165_2024-02-02;133165_2024-08-16;133996_2023-03-03;133996_2023-10-02;136407_2023-09-24;136407_2024-08-01;139410_2023-06-21;140211_2023-03-17;140211_2023-11-11;140211_2024-02-16;142975_2023-08-21;142975_2023-10-18;142975_2024-09-28;144492_2023-05-06;144492_2023-06-20;147049_2024-08-15;147049_2024-11-03;151683_2023-03-15;157904_2024-01-23;160216_2024-08-22;160431_2023-03-27;160431_2024-10-28;161573_2024-02-04;161573_2024-05-27;161573_2024-08-23;163329_2024-08-29;163595_2024-05-08;163817_2024-06-23;164897_2023-09-05;166084_2024-09-20;166206_2024-09-14;167494_2024-01-08;167494_2024-06-22;168165_2023-08-25;169310_2023-08-08;169310_2023-10-10;171530_2023-06-06;171530_2024-05-02;171530_2024-09-18;172262_2024-02-12;172262_2024-03-18;172510_2023-12-22;172510_2024-12-24;174968_2023-10-28;174968_2024-05-19,0.67128,0.49997,10.81443,0.96329,1.02867,0.96329,0.90584,0.0,0.4948,0.62253,0.67735,0.71087,0.73145,0.75469,0.77068,0.78645,0.8006,0.83245,0.85708,0.87833,0.89612,0.91424,0.95307,1.00515,1.02668,1.03878,1.06507,1.11347,1.13843,1.23246,1.25834,0.86038,0.91384,0.9175,0.94156,0.94714,0.946,0.94254,0.96214,0.96727,0.95271,0.95862,0.96764,0.99229,0.98287,0.97508,0.98753,1.02893,0.94819,0.96105,0.93901,0.96637,0.8991,0.94116,0.95373,0.71773,0.0
100354_2023-05-30;100354_2024-06-25;100707_2023-07-28;104481_2023-11-01;104481_2024-10-02;105366_2024-07-06;106298_2024-03-13;106793_2024-06-13;107448_2023-02-24;107448_2024-11-26;108795_2024-01-21;108795_2024-04-26;108795_2024-06-13;108795_2024-11-23;110260_2023-01-06;112377_2024-10-02;113377_2024-01-08;113377_2024-08-17;116320_2024-06-20;118984_2024-12-11;120517_2023-04-01;120517_2024-08-07;125463_2023-06-28;125463_2023-11-25;125463_2024-03-27;127225_2024-06-02;127225_2024-07-07;127524_2023-02-12;127524_2024-03-16;127524_2024-09-05;127524_2024-10-18;129071_2023-05-02;129071_2024-08-11;130253_2024-02-18;130253_2024-09-21;133996_2023-03-03;133996_2023-04-20;138414_2023-10-18;138414_2023-11-03;140211_2024-02-16;140649_2023-12-03;142975_2024-10-10;142999_2023-05-01;146624_2023-03-12;147049_2023-11-20;147147_2023-04-24;147147_2023-11-02;151683_2024-05-09;151683_2024-05-21;152601_2024-08-01;152601_2024-11-18;157904_2023-03-31;157904_2023-11-11;157904_2024-02-10;160216_2024-06-07;160431_2023-09-29;160431_2024-05-11;161573_2023-02-25;161573_2023-04-21;161573_2024-02-04;163817_2024-11-27;164897_2023-09-05;164897_2024-08-06;165786_2024-09-04;166084_2024-09-20;167494_2023-08-27;167494_2024-03-08;168165_2023-08-25;168165_2024-06-18;169310_2023-01-03;169310_2023-12-13;171530_2023-06-20;171530_2024-03-17;171530_2024-09-18;172262_2024-02-12;172510_2024-02-12;172510_2024-05-07;174968_2023-03-21;174968_2023-11-13;174968_2024-04-14,0.64825,0.51695,10.81349,0.94891,1.01269,0.94891,0.89025,0.0,0.51177,0.62186,0.66972,0.70493,0.72827,0.74618,0.76248,0.77834,0.79485,0.82178,0.84758,0.86688,0.89219,0.91169,0.93034,0.98614,1.00874,1.02047,1.04367,1.0877,1.13018,1.2198,1.24913,0.83503,0.88741,0.88586,0.90403,0.92477,0.96527,0.96258,0.97311,0.98138,0.92822,0.93015,0.95125,0.97465,0.95935,0.96759,0.9883,1.03463,0.97715,0.91935,0.92088,0.91504,0.88798,0.95059,0.93933,0.72476,0.0
100707_2023-09-06;100707_2024-12-03;102016_2024-03-27;102016_2024-11-04;105366_2023-09-05;105366_2023-09-16;106298_2023-02-01;106298_2023-02-25;106793_2024-06-14;107448_2023-11-02;108517_2023-04-24;108517_2024-05-27;108517_2024-05-30;110260_2023-01-06;110260_2023-09-02;112377_2023-01-26;113377_2023-08-03;115937_2024-07-11;118984_2023-04-25;118984_2024-06-15;120517_2023-04-01;120517_2024-08-08;121500_2024-09-09;121555_2023-02-20;121555_2023-10-09;121555_2024-03-09;123129_2024-06-13;123129_2024-07-05;123129_2024-08-11;125463_2023-06-28;127225_2023-08-28;127225_2024-06-27;127524_2023-02-12;129071_2023-02-19;129071_2024-10-24;130253_2024-03-23;130253_2024-05-14;132256_2024-01-07;132967_2023-12-31;133165_2024-02-02;133165_2024-11-27;133996_2023-04-20;133996_2024-11-14;136407_2023-10-16;139410_2023-07-18;139410_2024-07-16;140211_2023-03-17;140211_2024-02-16;142975_2023-01-19;142999_2023-05-01;144492_2023-06-20;144492_2023-07-21;147049_2023-04-04;147049_2024-04-17;147049_2024-12-20;147147_2024-01-18;151740_2024-12-21;155209_2023-09-05;157904_2024-05-25;160216_2024-06-07;160431_2023-03-01;161573_2023-12-20;161573_2024-11-23;163817_2024-06-23;164897_2024-03-01;165786_2024-09-04;166084_2023-08-10;166206_2024-09-14;166206_2024-09-27;167494_2023-11-16;169310_2023-08-02;169310_2024-06-28;169310_2024-07-08;171530_2023-03-22;171530_2024-03-17;172510_2023-11-29;172510_2023-12-22;172510_2024-02-12;172510_2024-12-24;174968_2023-02-25,0.65018,0.47508,10.81182,0.95324,1.01626,0.95324,0.88813,0.0,0.47761,0.61598,0.67143,0.70913,0.72785,0.74528,0.76448,0.78476,0.80146,0.84267,0.86651,0.88616,0.90381,0.9236,0.93689,0.98275,1.0105,1.02138,1.04422,1.09823,1.13388,1.21618,1.23596,0.87534,0.91045,0.9218,0.93144,0.93938,1.01243,0.98777,0.98936,1.01959,0.93892,0.94024,0.948,1.04157,0.95345,0.97412,0.97369,1.01014,0.94479,0.90648,0.88223,0.95423,0.95426,0.95913,0.88749,0.71665,0.0
100354_2023-03-02;100354_2023-05-30;100354_2023-06-07;100354_2023-09-22;102016_2023-07-20;102016_2024-06-29;104481_2024-07-30;107448_2023-02-24;108517_2023-08-02;108517_2023-12-09;108517_2024-05-30;108517_2024-07-13;112377_2023-01-26;113377_2024-06-26;113377_2024-08-17;113377_2024-08-24;121500_2023-10-23;123129_2024-06-13;123129_2024-07-05;125463_2023-10-15;125463_2024-03-27;127524_2023-02-12;127524_2023-08-27;127524_2024-09-05;129071_2023-04-09;130253_2023-07-26;132967_2023-02-02;132967_2024-08-07;133165_2024-10-17;133996_2023-04-02;133996_2023-04-09;133996_2023-04-20;133996_2023-06-12;133996_2024-11-02;136407_2023-03-14;136407_2023-09-24;138414_2024-02-24;140211_2024-06-18;140649_2023-04-24;142975_2024-10-10;142999_2023-05-01;142999_2023-06-29;144492_2023-07-28;147049_2023-12-19;147049_2024-04-17;147147_2024-01-18;151683_2024-05-25;151740_2023-10-14;151740_2024-12-21;152601_2023-10-21;155209_2023-05-10;157904_2024-05-25;160216_2024-08-17;160431_2023-03-27;160431_2023-09-29;160431_2024-05-11;161573_2023-04-07;161573_2023-12-20;161573_2024-07-23;163329_2023-03-29;163329_2024-08-29;163595_2023-02-25;163595_2024-02-27;163817_2023-02-09;164897_2023-07-03;164897_2024-08-06;164897_2024-11-16;167494_2023-07-05;167494_2024-01-08;167494_2024-11-16;167494_2024-12-11;169310_2023-06-02;169310_2024-06-28;169310_2024-10-03;170013_2023-10-01;171530_2023-06-20;171530_2024-09-18;172262_2023-02-12;174968_2023-11-13;174968_2024-04-14,0.69217,0.50296,10.81616,0.94949,1.01579,0.94949,0.88555,0.0,0.49243,0.62662,0.67688,0.70986,0.72519,0.7363,0.74774,0.76261,0.77635,0.80438,0.83222,0.8567,0.88285,0.90531,0.93346,0.98461,1.01274,1.02606,1.05766,1.10796,1.13326,1.22035,1.24791,0.89105,0.91678,0.90672,0.91239,0.9207,0.95365,0.94539,0.94947,0.96076,0.93115,0.93273,0.94818,0.98457,0.96931,0.96736,0.98432,1.0248,0.98895,0.95292,0.92592,0.93263,0.89529,0.93479,0.90529,0.73207,0.0
100354_2024-03-09;100707_2023-07-20;102016_2024-03-27;104481_2024-07-30;106298_2023-05-06;106298_2024-08-12;106298_2024-08-18;106793_2024-12-22;107448_2024-12-04;108517_2024-05-21;108517_2024-07-13;110260_2024-02-01;113377_2023-02-13;113377_2023-08-03;116320_2023-11-03;121500_2023-10-10;121500_2024-01-25;121500_2024-07-24;123129_2023-10-10;123129_2024-08-26;125463_2023-06-17;127524_2024-04-05;127524_2024-10-18;128843_2023-11-19;129071_2024-08-11;129071_2024-12-19;132967_2023-02-03;132967_2023-12-02;133996_2023-06-12;136407_2023-10-16;138414_2023-01-16;138414_2023-11-03;138414_2024-11-09;140649_2023-11-22;140649_2024-03-22;142975_2023-04-09;142999_2023-05-01;142999_2023-06-08;142999_2024-03-13;146624_2023-04-28;147049_2023-11-20;147049_2024-11-03;147147_2023-05-14;151683_2024-05-09;152601_2023-11-27;155209_2023-04-23;155209_2023-09-05;157904_2023-03-28;157904_2023-03-31;157904_2024-01-01;160216_2023-01-17;160216_2023-04-09;160216_2024-09-21;161573_2024-07-23;161573_2024-08-06;163595_2023-02-25;163595_2023-11-21;163817_2024-01-26;163817_2024-04-11;164897_2023-07-03;164897_2023-12-12;164897_2024-08-06;164897_2024-11-16;165786_2023-10-08;165786_2024-04-08;166084_2024-09-23;167494_2024-01-23;167494_2024-06-30;169310_2023-06-02;169310_2023-10-10;169310_2023-12-13;169310_2024-10-05;172262_2024-02-12;172262_2024-03-18;172510_2023-11-29;172510_2024-02-12;172510_2024-05-21;172510_2024-12-24;174968_2023-02-25;174968_2023-03-21,0.63734,0.49131,10.81755,0.9957,1.04473,0.9957,0.9397,0.0,0.49426,0.63429,0.69557,0.73723,0.76643,0.79375,0.82081,0.84321,0.85831,0.89173,0.93043,0.9478,0.96667,0.98537,1.02584,1.04977,1.06495,1.07647,1.09727,1.12419,1.12564,1.19112,1.21024,0.96566,0.99438,0.99752,0.99219,0.99418,1.0018,0.99533,0.99532,0.99923,0.99447,0.98296,0.98375,0.99813,0.98771,0.99097,0.99641,1.01622,1.00962,1.011,1.00807,1.0227,0.95746,1.01262,0.9678,0.82216,0.0
100707_2024-04-14;100707_2024-06-02;100707_2024-07-11;102016_2023-07-18;104481_2023-09-01;104481_2024-01-19;105366_2023-09-16;106298_2023-02-01;106298_2024-08-12;106298_2024-11-17;106793_2023-06-09;106793_2024-12-22;108517_2023-06-11;108517_2024-05-30;112377_2023-01-26;113377_2024-01-08;115937_2024-10-13;116320_2023-04-19;121500_2023-03-22;125463_2023-06-18;127225_2023-03-14;127225_2024-11-10;127524_2023-11-09;128843_2023-04-02;130253_2024-09-21;132967_2023-09-22;132967_2023-11-12;133165_2023-08-22;133165_2024-03-01;133996_2023-04-09;136407_2024-09-22;138414_2023-01-16;138414_2023-10-18;138414_2024-02-24;138414_2024-11-09;139410_2023-03-21;140211_2023-04-23;140649_2024-06-14;142975_2023-01-19;142975_2024-10-10;142999_2023-06-08;146624_2023-03-12;146624_2023-08-26;147049_2024-04-17;147049_2024-11-03;151740_2023-10-14;155209_2023-01-16;155209_2023-07-18;157904_2023-03-31;160216_2024-02-23;160216_2024-08-17;160216_2024-08-22;160431_2023-03-27;160431_2024-05-11;161573_2024-08-06;163595_2024-05-08;163817_2023-07-05;163817_2024-01-21;163817_2024-04-11;163817_2024-11-27;164897_2023-12-12;165786_2023-02-10;165786_2023-02-16;165786_2024-04-08;166084_2023-08-10;166206_2024-10-22;167494_2024-01-08;167494_2024-06-22;168165_2024-06-18;169310_2023-10-10;169310_2024-07-08;169310_2024-10-05;170013_2023-10-01;171530_2024-09-18;172262_2023-06-20;172262_2024-05-27;172510_2023-12-22;172510_2024-12-21;172510_2024-12-24;174968_2023-03-21,0.65358,0.50212,10.81066,0.96251,1.01999,0.96251,0.90476,0.0,0.49854,0.62656,0.67348,0.70835,0.73211,0.75849,0.7791,0.7956,0.8105,0.84886,0.87006,0.88778,0.90566,0.92052,0.96196,1.00747,1.02988,1.0444,1.0702,1.10397,1.11897,1.20253,1.22033,0.85541,0.90223,0.91598,0.928,0.93275,0.95132,0.94016,0.95163,0.97473,0.94575,0.94757,0.95793,0.98212,0.95669,0.97457,0.97572,1.01211,0.976,0.98679,0.97767,0.9958,0.91032,0.94176,0.92785,0.69725,0.0
100707_2023-07-28;100707_2024-04-01;100707_2024-06-02;105366_2024-01-02;106298_2023-02-01;106298_2024-11-17;106793_2024-06-13;106793_2024-12-22;107448_2024-11-26;107448_2024-12-04;108517_2024-07-01;112377_2023-01-26;112377_2024-10-02;113377_2023-08-03;113377_2024-09-29;115937_2024-05-17;116320_2024-11-29;116320_2024-12-14;116320_2024-12-29;121500_2023-03-22;121500_2023-10-23;121555_2023-02-14;121555_2023-10-09;125463_2024-01-22;127524_2024-07-02;128843_2023-03-22;130253_2024-05-14;130253_2024-05-17;132256_2023-12-01;132256_2024-01-07;132967_2023-11-12;132967_2024-08-12;133165_2024-02-02;133165_2024-11-27;133996_2023-03-03;136407_2023-04-22;136407_2023-10-16;136407_2024-09-22;140649_2023-01-20;140649_2024-03-22;140649_2024-06-14;142975_2023-08-21;142975_2023-11-02;142975_2024-06-07;142975_2024-09-28;142975_2024-10-10;144492_2023-07-28;147049_2023-12-19;147147_2023-06-07;151740_2024-12-21;152601_2023-01-18;152601_2024-11-18;155209_2023-01-10;157904_2023-03-31;160216_2023-01-17;160216_2023-10-14;160216_2024-06-07;160431_2023-04-18;161573_2023-10-14;163329_2024-09-29;163595_2023-02-25;163595_2023-11-21;163595_2024-02-27;163817_2024-04-11;164897_2023-08-13;164897_2024-10-30;164897_2024-11-16;165786_2024-09-04;165786_2024-11-22;166084_2023-08-04;166084_2024-09-20;166084_2024-10-08;166206_2024-09-14;167494_2024-01-23;167494_2024-02-26;167494_2024-11-16;169310_2023-12-13;169310_2024-06-28;170013_2024-06-23;172262_2024-02-24,0.66379,0.48063,10.81211,0.96679,1.02593,0.96679,0.90588,0.0,0.47987,0.6222,0.67488,0.71209,0.73077,0.74958,0.77306,0.79124,0.80442,0.84235,0.8754,0.89449,0.91992,0.93404,0.96323,1.00028,1.0342,1.04947,1.07749,1.11405,1.12807,1.21797,1.23771,0.84356,0.90691,0.90399,0.91381,0.9245,0.97179,0.96027,0.94024,0.98781,0.93458,0.93951,0.95696,0.974,0.95802,0.97568,0.9793,1.01969,0.98959,1.01087,0.948,0.93737,0.92727,0.98286,0.95611,0.66019,0.0
100354_2023-03-02;100354_2023-09-22;100354_2024-03-09;100707_2023-07-04;102016_2024-03-08;102016_2024-06-29;105366_2023-01-03;105366_2023-09-05;106298_2024-08-18;106793_2023-06-09;107448_2023-02-24;107448_2023-11-02;108517_2023-07-12;108517_2024-07-01;108795_2024-01-21;113377_2023-08-03;113377_2024-01-04;113377_2024-06-26;115937_2024-09-22;115937_2024-10-13;116320_2024-06-14;116320_2024-06-20;120517_2023-04-01;120517_2024-08-07;121555_2023-02-14;125463_2024-03-27;127225_2024-07-07;127524_2023-07-08;127524_2023-08-27;127524_2024-01-15;127524_2024-03-16;128843_2023-04-02;130253_2024-05-17;130253_2024-08-31;132967_2023-11-12;132967_2023-12-02;132967_2024-04-06;132967_2024-08-07;132967_2024-11-29;133165_2023-08-22;133165_2024-03-01;136407_2023-03-14;136407_2023-04-22;136407_2024-09-22;138414_2023-11-03;142975_2023-04-09;142975_2023-08-21;142975_2024-09-28;144492_2023-05-06;144492_2023-06-20;146624_2024-05-25;147049_2024-11-03;151740_2023-10-14;152601_2023-10-21;155209_2023-04-23;155209_2023-07-18;157904_2023-03-28;157904_2023-03-31;160216_2024-03-08;161573_2023-02-25;161573_2023-04-07;161573_2024-08-23;163595_2023-11-21;163817_2024-01-26;164897_2023-01-29;165786_2023-09-07;166084_2023-01-03;166084_2023-01-05;166084_2023-02-20;166084_2023-09-25;167494_2023-11-16;167494_2024-03-08;168165_2023-03-10;169310_2024-10-03;170013_2023-06-07;170013_2023-11-17;170013_2024-11-12;171530_2024-06-13;171530_2024-09-18;172262_2023-06-20,0.60779,0.51629,10.80961,0.96319,1.02192,0.96319,0.90898,0.0,0.50815,0.64897,0.67829,0.71308,0.73263,0.7562,0.77512,0.79229,0.80414,0.83703,0.86406,0.88027,0.90879,0.92668,0.95739,1.00781,1.03334,1.04761,1.0723,1.10448,1.12016,1.20975,1.23552,0.84399,0.91356,0.90729,0.91546,0.92575,0.92772,0.93862,0.94135,0.94545,0.92795,0.93847,0.94113,0.95431,0.96259,0.96295,0.98087,1.01851,1.01108,0.98034,0.96803,0.95943,0.92234,0.99124,0.97457,0.68154,0.0
102016_2023-07-20;104481_2023-09-01;106298_2023-06-14;106793_2023-06-09;106793_2024-06-14;107448_2024-08-07;108517_2023-04-24;108517_2023-06-11;108517_2023-11-05;108517_2024-04-07;108517_2024-07-13;110260_2023-06-23;110260_2023-09-02;112377_2023-10-18;112377_2024-10-02;113377_2024-09-29;115937_2024-07-11;116320_2024-11-01;116320_2024-11-29;121500_2023-10-10;121500_2024-02-02;121555_2024-08-19;123129_2023-03-14;125463_2023-06-18;125463_2023-10-15;125463_2024-03-27;127524_2024-04-05;127524_2024-07-02;127524_2024-12-28;132256_2024-03-31;132256_2024-12-13;132967_2023-02-03;132967_2023-12-02;132967_2024-07-16;133165_2024-03-19;133165_2024-11-27;133996_2023-06-12;138414_2023-10-18;138414_2024-02-24;138414_2024-04-18;139410_2023-03-21;140649_2023-12-03;142975_2023-11-02;144492_2023-06-20;144492_2023-07-28;146624_2023-03-12;147049_2023-11-20;147147_2023-05-14;147147_2023-11-10;151683_2024-05-21;151683_2024-09-19;151740_2024-04-21;152601_2023-02-14;152601_2023-10-21;152601_2024-08-01;152601_2024-08-27;152601_2024-11-18;155209_2023-07-18;160216_2023-01-17;161573_2023-04-21;161573_2024-07-29;163817_2024-11-27;164897_2023-01-28;164897_2023-03-26;164897_2024-03-01;165786_2024-04-08;166084_2024-08-23;166084_2024-10-08;166206_2023-01-05;166206_2024-09-14;167494_2024-01-23;168165_2023-03-10;168165_2024-01-17;168165_2024-05-28;169310_2023-12-13;169310_2024-10-03;172262_2023-06-20;172510_2023-08-20;172510_2024-05-07;174968_2023-10-16,0.64367,0.49169,10.81311,0.95813,1.01481,0.95813,0.8969,0.0,0.4952,0.61635,0.67007,0.71262,0.7344,0.75647,0.77794,0.7977,0.81347,0.85249,0.88345,0.90018,0.91684,0.93199,0.95969,0.99622,1.01665,1.03209,1.05613,1.09101,1.1152,1.19719,1.20652,0.87842,0.91548,0.91645,0.92704,0.9303,0.94821,0.94034,0.95801,0.98257,0.96578,0.96298,0.96358,0.99017,0.96814,0.98075,0.98768,1.00652,0.95389,0.96137,0.94895,0.97625,0.92696,0.97554,0.92642,0.70599,0.0
100707_2023-01-07;100707_2023-07-20;100707_2024-06-02;100707_2024-12-18;102016_2023-07-18;102016_2024-06-29;105366_2023-09-05;106298_2023-04-26;106793_2023-03-14;106793_2024-09-15;107448_2023-11-02;107448_2023-11-16;107448_2024-05-30;108795_2023-12-14;110260_2024-02-01;113377_2024-08-17;115937_2024-05-17;116320_2023-08-02;116320_2024-11-01;116320_2024-12-14;118984_2024-06-15;120517_2023-11-28;120517_2024-10-01;121500_2024-02-02;121500_2024-09-09;121555_2024-03-09;123129_2024-07-05;125463_2023-06-17;125463_2023-06-18;127225_2023-05-09;127225_2023-12-05;128843_2023-03-22;128843_2023-04-02;128843_2024-05-16;129071_2023-05-02;129071_2024-10-24;130253_2023-07-26;132967_2024-02-20;133165_2024-08-03;133165_2024-11-27;133996_2023-04-02;133996_2023-04-20;136407_2023-12-20;139410_2023-03-06;142975_2024-06-07;146624_2023-03-20;147049_2023-04-04;155209_2023-09-05;157904_2024-01-23;160216_2024-02-23;160216_2024-06-07;160431_2023-03-27;161573_2024-05-27;163595_2023-11-21;163595_2024-02-27;163817_2024-01-26;163817_2024-05-09;164897_2024-11-16;165786_2023-09-07;166084_2023-01-03;167494_2023-11-16;167494_2024-06-22;167494_2024-11-16;168165_2024-06-24;169310_2023-01-03;169310_2023-08-02;170013_2024-06-23;171530_2024-03-17;172262_2023-06-20;172262_2023-11-11;172262_2024-01-06;172262_2024-02-12;172262_2024-03-18;172262_2024-05-27;172510_2023-12-22;172510_2024-01-21;172510_2024-05-07;172510_2024-12-21;174968_2023-03-21;174968_2023-10-28,0.73271,0.54235,10.81393,0.97605,1.02985,0.97605,0.93574,0.0,0.53882,0.71795,0.761,0.78914,0.80292,0.80838,0.82347,0.84772,0.85407,0.86946,0.87476,0.89417,0.91517,0.94198,0.97011,1.01494,1.03135,1.04814,1.07512,1.11202,1.11852,1.19476,1.22214,0.88284,0.93914,0.95283,0.94481,0.94698,0.96738,0.96207,0.95647,0.97283,0.94477,0.94135,0.94491,0.98645,0.95289,0.96037,0.96813,1.00461,0.97191,0.98445,0.96632,0.99079,0.93621,1.00427,1.45584,0.85175,0.0
105366_2023-09-05;105366_2024-01-02;106298_2023-05-06;106298_2024-08-18;106793_2024-06-13;107448_2024-01-07;107448_2024-12-04;108517_2023-06-11;108795_2024-05-15;108795_2024-11-23;110260_2023-01-06;113377_2023-07-01;113377_2024-06-13;115937_2024-09-25;115937_2024-10-13;116320_2023-04-19;116320_2024-11-01;118984_2023-04-25;118984_2023-08-29;120517_2023-11-28;121500_2024-02-24;121500_2024-09-09;123129_2024-08-26;125463_2023-09-25;127225_2024-06-02;127225_2024-06-27;127524_2024-06-25;127524_2024-09-05;128843_2023-04-02;128843_2024-06-27;130253_2024-05-06;130253_2024-05-14;130253_2024-08-31;132967_2023-02-02;133165_2024-08-03;133165_2024-11-27;133996_2023-04-20;136407_2023-10-16;139410_2023-03-21;140211_2023-04-23;140649_2023-04-24;140649_2024-06-14;142975_2023-04-09;142975_2024-10-10;142999_2024-06-11;146624_2023-03-12;146624_2023-03-20;147147_2023-04-24;151740_2024-07-24;152601_2023-10-21;155209_2024-11-15;157904_2023-11-11;157904_2024-01-01;157904_2024-02-10;157904_2024-05-25;160216_2023-01-17;160216_2024-06-28;160431_2023-03-27;163595_2023-02-25;163595_2024-02-27;163817_2023-02-09;163817_2023-07-05;163817_2024-06-23;164897_2023-03-26;165786_2023-10-16;165786_2024-06-04;166084_2023-01-03;166084_2023-01-05;167494_2024-10-26;168165_2023-02-15;169310_2023-08-08;169310_2024-07-08;170013_2024-06-23;171530_2023-06-06;171530_2024-05-02;172262_2024-03-18;172510_2024-01-06;172510_2024-01-21;172510_2024-02-12;174968_2023-10-28,0.71487,0.54052,10.81371,0.97239,1.03549,0.97239,0.9213,0.0,0.53657,0.65504,0.69613,0.72509,0.74166,0.75807,0.76996,0.78405,0.80021,0.82527,0.85309,0.87535,0.89897,0.92428,0.96345,1.01903,1.03907,1.05667,1.08013,1.12017,1.14753,1.24484,1.25615,0.84214,0.90672,0.89918,0.90538,0.92302,0.93561,0.92858,0.94878,0.95555,0.92998,0.94579,0.95987,0.97965,0.97613,0.97769,1.00014,1.05274,1.00368,0.99761,0.9613,0.98274,0.90958,0.98452,0.95749,0.76699,0.0
100354_2023-03-02;100354_2023-05-30;100354_2023-08-02;100707_2023-01-01;102016_2024-06-29;104481_2024-10-02;106298_2023-02-04;106298_2023-04-26;107448_2023-09-20;107448_2024-08-12;107448_2024-10-09;108517_2024-05-27;108795_2023-12-14;110260_2023-01-06;110260_2023-06-23;113377_2024-06-13;113377_2024-06-26;116320_2024-06-12;118984_2024-06-15;120517_2024-08-08;121555_2024-08-19;123129_2024-08-26;125463_2023-11-25;127225_2023-05-02;127225_2023-05-09;127524_2024-07-02;127524_2024-12-28;128843_2023-04-05;129071_2024-12-19;130253_2024-02-18;130253_2024-05-06;132256_2024-03-31;132967_2023-02-03;132967_2023-11-12;132967_2023-12-31;133165_2024-08-03;136407_2023-04-22;136407_2023-04-23;139410_2023-03-21;139410_2023-06-21;140649_2023-12-03;140649_2024-03-22;142999_2024-06-11;144492_2023-07-21;144492_2023-12-08;146624_2023-01-11;146624_2023-04-28;146624_2023-08-26;146624_2024-05-25;147147_2023-06-07;147147_2023-11-02;151683_2023-03-15;151683_2024-05-25;152601_2023-10-21;157904_2024-05-25;160216_2024-06-28;160216_2024-08-17;161573_2023-10-14;161573_2024-08-06;163329_2024-09-29;163817_2024-02-14;164897_2023-12-12;164897_2024-11-16;166084_2024-09-23;166206_2024-09-27;166206_2024-10-22;167494_2023-07-05;167494_2023-11-16;167494_2024-02-26;167494_2024-06-30;167494_2024-11-16;168165_2023-02-15;168165_2024-01-17;169310_2023-08-02;169310_2023-10-10;169310_2024-10-05;170013_2024-06-23;172262_2023-11-11;172510_2024-12-24;174968_2023-10-16,0.661,0.50776,10.80979,0.96395,1.02022,0.96395,0.91126,0.0,0.50747,0.65518,0.70515,0.74695,0.77762,0.80112,0.82416,0.84359,0.84418,0.87751,0.89646,0.89734,0.91049,0.92199,0.95587,0.9947,1.01174,1.02725,1.05714,1.09692,1.12021,1.1995,1.21876,0.88662,0.92648,0.92961,0.9331,0.93599,0.96427,0.95473,0.96107,0.97661,0.97018,0.95649,0.97394,0.98593,0.97451,0.97502,0.98643,1.00716,0.9739,0.95217,0.96017,0.94477,0.92259,0.97378,0.96,0.75237,0.0
100354_2023-06-07;100354_2023-08-02;100354_2023-09-22;100354_2024-04-27;105366_2023-09-16;106298_2023-02-01;106298_2023-04-26;106298_2023-05-06;106793_2023-06-04;106793_2024-06-14;107448_2024-12-04;108517_2024-05-30;108795_2024-01-21;110260_2024-12-09;113377_2023-02-27;116320_2023-01-28;116320_2023-08-02;116320_2024-04-04;116320_2024-11-01;118984_2023-08-29;120517_2023-11-28;120517_2024-07-01;121500_2023-03-22;121500_2023-10-23;125463_2023-06-28;125463_2023-10-09;127225_2023-05-02;127225_2024-06-02;127225_2024-09-15;127524_2024-01-15;127524_2024-07-02;128843_2024-05-06;130253_2024-05-14;132967_2023-11-03;132967_2024-08-12;133165_2024-11-27;133996_2023-03-03;133996_2023-04-02;133996_2024-11-02;136407_2023-05-07;139410_2024-03-11;139410_2024-07-16;140649_2023-12-03;140649_2024-06-14;142975_2024-06-07;142999_2023-06-29;144492_2023-09-22;146624_2023-03-20;146624_2023-04-28;147049_2023-11-20;151740_2023-10-14;157904_2023-03-31;157904_2023-11-11;160216_2023-01-17;160216_2024-03-08;160216_2024-06-28;161573_2023-10-14;161573_2024-02-04;163329_2023-03-29;163329_2023-11-20;163595_2023-02-04;164897_2023-07-03;164897_2024-08-06;164897_2024-11-16;165786_2023-10-08;166084_2024-01-13;166206_2024-09-14;166206_2024-10-22;167494_2023-07-05;167494_2023-11-16;167494_2024-06-22;168165_2023-08-25;168165_2024-06-18;169310_2024-07-08;170013_2023-11-17;170013_2024-11-10;171530_2023-06-06;172262_2024-02-12;172262_2024-11-20;172510_2023-12-22,0.67237,0.49841,10.80952,0.96789,1.02842,0.96789,0.90979,0.0,0.48807,0.62993,0.67842,0.7173,0.7347,0.75351,0.77107,0.79115,0.81069,0.84072,0.8639,0.88485,0.90816,0.92513,0.95885,1.01076,1.03751,1.0569,1.08158,1.11596,1.13036,1.21767,1.24401,0.84997,0.91106,0.91044,0.92369,0.92783,0.93174,0.93242,0.94039,0.94687,0.93777,0.94481,0.95631,0.96964,0.97076,0.9726,0.98677,1.02694,1.00233,0.99343,0.9828,0.98902,0.92476,0.97996,0.96262,0.71311,0.0
100354_2023-12-02;100354_2024-06-25;100354_2024-12-28;100707_2024-04-14;102016_2024-03-27;102016_2024-11-04;104481_2023-11-01;104481_2024-07-30;104481_2024-10-02;106793_2023-04-10;106793_2024-06-13;106793_2024-12-22;107448_2024-07-03;108517_2023-07-12;108517_2024-05-21;108517_2024-05-27;112377_2023-02-13;113377_2023-08-10;113377_2024-08-17;115937_2024-09-22;116320_2023-03-16;116320_2024-11-01;120517_2024-07-01;120517_2024-11-08;121555_2023-02-20;125463_2023-06-17;127524_2023-07-08;127524_2023-08-27;127524_2024-09-05;128843_2023-04-02;128843_2024-02-22;129071_2024-01-30;130253_2024-03-03;130253_2024-03-23;132256_2024-11-19;132967_2023-02-03;132967_2023-12-02;133996_2023-04-02;133996_2023-04-09;133996_2024-11-14;136407_2023-10-16;140649_2024-03-22;142975_2023-10-18;142975_2023-11-02;142975_2024-09-28;144492_2023-05-06;144492_2023-09-22;147147_2023-05-14;151683_2024-05-21;151740_2024-12-21;152601_2023-01-18;155209_2023-05-10;157904_2023-03-28;160216_2023-03-29;160216_2023-04-09;160216_2024-03-06;160216_2024-08-22;160431_2023-03-01;160431_2023-03-27;161573_2023-06-22;161573_2023-12-20;161573_2024-02-04;163595_2023-02-25;163817_2023-03-14;163817_2024-04-11;166084_2024-09-23;166206_2023-01-05;167494_2023-08-27;167494_2024-01-08;167494_2024-11-16;168165_2024-01-17;168165_2024-06-24;169310_2023-01-03;169310_2023-06-02;169310_2024-03-17;169310_2024-07-08;171530_2024-09-18;172262_2023-06-20;174968_2023-02-25;174968_2023-10-16,0.68659,0.4987,10.81183,0.95105,1.011,0.95105,0.89434,0.0,0.49395,0.63383,0.68229,0.72187,0.74373,0.75857,0.77775,0.7921,0.79384,0.82701,0.85762,0.86776,0.89984,0.9113,0.94619,0.98805,1.0112,1.0263,1.05221,1.09965,1.11663,1.1906,1.21688,0.8919,0.90499,0.91019,0.91267,0.92247,0.9295,0.94055,0.95634,0.95986,0.94958,0.95422,0.95733,0.97183,0.96912,0.97882,0.97119,1.00908,0.96327,0.94812,0.94588,0.932,0.89039,0.91816,0.88223,0.70012,0.0
