0_meter_id;0_installation_type;0_object_type;0_object_id;0_object_id_manual;0_num_housing_units;0_num_data_points;0_max_net_injection;1_ewh;1_hp;1_hp-add;1_hp-wh;1_ev;1_storage_heating;1_direct_heating;1_change;2_energy_tariff;2_grid_tariff;2_tariff_from;2_tariff_to;2_wh_control;2_hp_control;2_ev_control
174090;Single-family house;Single-family house;200099.0;False;;70150;;True;False;False;False;False;False;False;False;;;;;False;False;False
176703;Single-family house;Single-family house;200511.0;False;;69312;;True;False;False;False;False;False;False;False;UNIT_LOW;UNIT;2023-10-01;2025-01-01;False;False;False
150287;Common areas;Apartment building;200623.0;False;8.0;70165;;False;False;False;False;False;False;False;False;;;;;False;False;False
187018;Heat pump;Apartment building;200623.0;False;8.0;70170;;False;True;False;False;False;False;False;False;;;;;False;False;False
195531;Underground garage;Apartment building;200623.0;False;8.0;70167;;False;False;False;False;True;False;False;False;;;;;False;False;False
159217;Single-family house;Single-family house;200789.0;False;;70135;;True;True;True;False;False;False;False;False;;;;;False;False;False
133548;Single-family house;Single-family house;200959.0;False;;70163;;False;True;True;False;True;False;False;True;;;;;False;False;False
118848;Single-family house;Single-family house;201023.0;False;;35037;;True;False;False;False;False;False;False;False;;;;;False;False;False
102213;Single-family house;Single-family house;201078.0;False;;70166;;True;False;False;False;False;False;False;False;UNIT_CN;TOU;2023-10-01;2024-10-01;False;False;False
108795;Single-family house;Single-family house;201143.0;False;;70137;;False;False;False;False;False;False;False;False;;;;;False;False;False
123919;Common areas;Single-family house;201188.0;False;2.0;70134;;False;True;False;False;False;False;False;False;;;;;False;False;False
107080;Common areas;Apartment building;201402.0;False;4.0;70163;;False;False;False;False;False;False;False;False;;;;;False;False;False
103007;Single-family house;Single-family house;201447.0;False;;70143;;False;False;False;False;False;False;True;False;;;;;False;False;False
135930;Heat pump;Single-family house;201447.0;False;1.0;70134;;True;True;False;False;False;False;False;False;;;;;False;False;False
169310;Single-family house;Single-family house;201459.0;False;;70147;;False;False;False;False;False;False;False;False;;;;;False;False;False
137615;Common areas;Apartment building;201556.0;True;61.0;42682;;False;False;False;False;False;False;False;False;;;;;False;False;False
141903;Common areas;Apartment building;201556.0;True;61.0;70172;;False;False;False;False;False;False;False;False;;;;;False;False;False
148050;Common areas;Apartment building;201556.0;True;61.0;70170;;False;False;False;False;False;False;False;False;;;;;False;False;False
178934;Common areas;Apartment building;201556.0;True;61.0;70172;;False;False;False;False;False;False;False;False;;;;;False;False;False
182901;Common areas;Apartment building;201556.0;True;61.0;70172;;False;False;False;False;False;False;False;False;;;;;False;False;False
186966;Common areas;Apartment building;201556.0;True;61.0;44875;;False;False;False;False;False;False;False;False;;;;;False;False;False
100234;Heat pump;Apartment building;201556.0;True;61.0;70172;;False;False;False;False;False;False;False;False;;;;;False;False;False
198853;Underground garage;Apartment building;201556.0;True;61.0;70172;;False;False;False;False;False;False;False;False;;;;;False;False;False
133127;Single-family house;Single-family house;201927.0;False;;70051;;True;False;False;False;False;False;False;False;UNIT_CN;TOU;2023-10-01;2024-10-01;False;False;False
123884;Single-family house;Single-family house;201966.0;False;;70043;;True;True;False;False;False;False;False;False;UNIT_LOW;TOU;2023-10-01;2024-10-01;False;False;False
153446;Single-family house;Single-family house;202065.0;False;;70152;;True;False;False;False;False;False;False;False;;;;;False;False;False
145922;Single-family house;Single-family house;202176.0;False;;21725;;True;True;False;False;False;False;True;False;UNIT_LOW;DYN;2023-10-01;2025-01-01;True;True;False
149339;Single-family house;Single-family house;202285.0;False;;34944;;False;True;True;False;False;False;False;False;UNIT_LOW;UNIT;2023-10-01;2025-01-01;False;False;False
165052;Single-family house;Single-family house;202332.0;False;;35040;;False;False;False;False;True;False;False;False;UNIT_LOW;UNIT;2023-10-01;2025-01-01;False;False;False
132302;Single-family house;Single-family house;202398.0;False;;70080;;False;True;True;False;False;False;False;False;UNIT_LOW;UNIT;2023-10-01;2025-01-01;False;False;False
176071;Single-family house;Single-family house;202509.0;False;;70127;;True;False;False;False;False;False;True;False;;;;;False;False;False
157362;Single-family house;Single-family house;202700.0;False;;70176;12.704;False;False;False;False;False;True;False;False;UNIT_CN;TOU;2023-10-01;2025-01-01;False;False;False
161741;Single-family house;Single-family house;202745.0;False;;70080;10.156;True;True;False;False;False;False;False;False;UNIT_LOW;DYN;2023-10-01;2025-01-01;False;False;False
163334;Common areas;Apartment building;202819.0;False;6.0;70106;;False;False;False;False;False;False;False;False;;;;;False;False;False
121027;Single-family house;Single-family house;202825.0;False;;70080;;True;False;False;False;False;True;False;False;;;;;False;False;False
108041;Heat pump;Single-family house;203123.0;False;2.0;70080;;False;True;False;False;False;False;False;False;UNIT_LOW;DYN;2023-10-01;2025-01-01;False;False;False
179942;Single-family house;Single-family house;203193.0;False;;35040;;True;True;True;False;False;False;False;False;UNIT_CN;TOU;2023-10-01;2024-10-01;False;False;False
125732;Single-family house;Single-family house;203299.0;False;;70135;;True;False;False;False;False;False;False;False;;;;;False;False;False
188093;Single-family house;Single-family house;203555.0;False;;70155;;False;False;False;False;False;False;False;False;;;;;False;False;False
178996;Single-family house;Single-family house;203558.0;False;;70129;;False;True;True;False;False;False;False;False;;;;;False;False;False
129421;Single-family house;Single-family house;203952.0;False;;70168;;True;True;True;False;False;False;False;False;;;;;False;False;False
144729;Single-family house;Single-family house;204004.0;False;;70150;15.788;False;False;False;False;True;False;False;False;;;;;False;False;False
172371;Single-family house;Single-family house;204269.0;False;;70148;;True;False;False;False;False;True;False;False;;;;;False;False;False
120691;Single-family house;Single-family house;204312.0;False;;27101;;False;False;False;False;False;False;False;False;;;;;False;False;False
157705;Single-family house;Single-family house;204544.0;False;;70176;;True;False;False;False;False;False;False;False;UNIT_LOW;UNIT;2023-10-01;2025-01-01;True;False;False
129186;Single-family house;Single-family house;204751.0;False;;70080;;True;False;False;False;False;False;False;False;;;;;False;False;False
100707;Single-family house;Single-family house;204802.0;False;;70166;;False;False;False;False;False;False;False;False;;;;;False;False;False
146487;Common areas;Single-family house;204882.0;True;3.0;70040;;False;False;False;False;False;False;False;False;;;;;False;False;False
152057;Common areas;Single-family house;205030.0;True;5.0;70176;;False;False;False;False;False;False;False;False;;;;;False;False;False
183144;Single-family house;Single-family house;205442.0;False;;70154;;False;False;False;False;False;False;False;False;;;;;False;False;False
186327;Common areas;Apartment building;205457.0;False;8.0;70112;;False;False;False;False;False;False;False;False;;;;;False;False;False
144450;Common areas;Apartment building;205963.0;False;8.0;70129;;False;False;False;False;False;False;False;False;;;;;False;False;False
183000;Heat pump;Apartment building;205963.0;False;8.0;70135;;True;True;True;False;False;False;False;False;;;;;False;False;False
157285;Single-family house;Single-family house;206093.0;False;;70127;;True;False;False;False;False;False;False;False;;;;;False;False;False
109883;Heat pump;Single-family house;206093.0;False;1.0;70127;;False;True;False;False;False;False;False;False;;;;;False;False;False
114646;Common areas;Apartment building;206113.0;False;5.0;70004;;False;False;False;False;False;False;False;False;;;;;False;False;False
146742;Common areas;Apartment building;206310.0;False;0.0;70071;;False;False;False;False;False;False;False;False;;;;;False;False;False
147323;Common areas;Apartment building;206310.0;False;0.0;70063;;False;False;False;False;False;False;False;False;;;;;False;False;False
106605;Underground garage;Apartment building;206310.0;False;0.0;70063;;False;False;False;False;False;False;False;False;;;;;False;False;False
106905;Common areas;Apartment building;206334.0;False;5.0;70073;;False;False;False;False;False;False;False;False;;;;;False;False;False
127080;Heat pump;Apartment building;206334.0;False;5.0;70073;;False;True;False;False;False;False;False;False;;;;;False;False;False
135460;Underground garage;Apartment building;206334.0;False;5.0;70073;;False;False;False;False;False;False;False;False;UNIT_CN;DYN;2023-10-01;2025-01-01;False;False;False
116175;Common areas;Apartment building;206489.0;False;0.0;70065;;False;False;False;False;False;False;False;False;;;;;False;False;False
140962;Common areas;Apartment building;206489.0;False;0.0;70070;;False;False;False;False;False;False;False;False;;;;;False;False;False
143381;Common areas;Apartment building;206489.0;False;0.0;70069;;False;False;False;False;False;False;False;False;;;;;False;False;False
117119;Underground garage;Apartment building;206489.0;False;0.0;70068;;False;False;False;False;False;False;False;False;;;;;False;False;False
196104;Underground garage;Apartment building;206489.0;False;0.0;70073;;False;False;False;False;False;False;False;False;;;;;False;False;False
173673;Common areas;Apartment building;206672.0;False;4.0;70140;;False;False;False;False;False;False;False;False;;;;;False;False;False
148804;Common areas;Apartment building;206871.0;False;4.0;70163;;False;False;False;False;False;False;False;False;;;;;False;False;False
165199;Single-family house;Single-family house;206942.0;False;;70080;;True;True;False;False;False;False;False;False;;;;;False;False;False
170215;Single-family house;Single-family house;206985.0;False;;70150;9.528;True;False;False;False;False;True;False;False;UNIT_CN;TOU;2023-10-01;2024-10-01;False;False;False
161324;Common areas;Apartment building;207036.0;False;6.0;70141;;False;False;False;False;False;False;False;False;;;;;False;False;False
163198;Heat pump;Apartment building;207036.0;False;6.0;70141;;True;True;True;False;False;False;False;False;;;;;False;False;False
161879;Common areas;Apartment building;207117.0;False;4.0;70137;;False;False;False;False;False;False;False;False;;;;;False;False;False
146624;Single-family house;Single-family house;207149.0;False;;70176;;False;False;False;False;False;False;False;False;UNIT_CN;DYN;2023-10-01;2025-01-01;False;False;False
137250;Common areas;Apartment building;207189.0;False;11.0;70110;;False;False;False;False;False;False;False;False;;;;;False;False;False
167540;Heating system;Apartment building;207189.0;False;11.0;70119;;False;False;False;False;False;False;False;False;;;;;False;False;False
127474;Common areas;Apartment building;207252.0;False;9.0;70170;;True;False;False;False;False;False;False;False;;;;;False;False;False
195650;Common areas;Apartment building;207508.0;False;7.0;70137;;False;False;False;False;False;False;False;False;;;;;False;False;False
187422;Single-family house;Single-family house;207656.0;False;;70025;;False;False;False;False;False;False;False;False;;;;;False;False;False
194302;Single-family house;Single-family house;207949.0;False;;70156;;True;False;False;False;False;False;False;False;;;;;False;False;False
102538;Common areas;Apartment building;207961.0;False;5.0;57130;;False;False;False;False;False;False;False;False;;;;;False;False;False
181305;Common areas;Apartment building;207972.0;False;6.0;70141;;False;False;False;False;False;False;False;False;;;;;False;False;False
163163;Single-family house;Single-family house;208198.0;False;;70080;;True;False;False;False;False;True;False;False;UNIT_LOW;DYN;2023-10-01;2025-01-01;True;True;False
147441;Single-family house;Single-family house;208222.0;False;;70176;;True;True;False;False;False;False;False;False;UNIT_LOW;UNIT;2023-10-01;2025-01-01;True;True;False
198974;Single-family house;Single-family house;208345.0;False;;21176;;True;False;False;False;False;True;False;False;UNIT_LOW;DYN;2023-10-01;2025-01-01;False;False;False
181690;Common areas;Apartment building;208369.0;False;6.0;70134;;False;False;False;False;False;False;False;False;;;;;False;False;False
195641;Common areas;Apartment building;208369.0;False;6.0;70122;;False;False;False;False;False;False;False;False;;;;;False;False;False
129311;Heat pump;Apartment building;208369.0;False;6.0;70114;;False;False;False;False;False;False;False;False;;;;;False;False;False
155026;Common areas;Apartment building;208382.0;True;7.0;70110;;False;False;False;False;False;False;False;False;UNIT_CN;TOU;2023-10-01;2024-10-01;False;False;False
179913;Single-family house;Single-family house;208490.0;False;;70137;;False;True;False;False;True;False;False;False;;;;;False;False;False
153376;Single-family house;Single-family house;209306.0;False;;70163;;True;False;False;False;False;False;False;False;;;;;False;False;False
143399;Single-family house;Single-family house;209928.0;False;;70049;;False;True;True;False;False;False;False;False;;;;;False;False;False
175088;Common areas;Apartment building;210034.0;False;4.0;61600;;False;False;False;False;False;False;False;False;;;;;False;False;False
171048;Common areas;Single-family house;210126.0;False;2.0;70139;;False;False;False;False;False;False;False;False;;;;;False;False;False
174421;Heat pump;Single-family house;210126.0;False;2.0;70166;;False;True;False;False;False;False;False;False;;;;;False;False;False
176249;Single-family house;Single-family house;210158.0;False;;35100;9.592;False;False;False;False;False;False;False;False;UNIT_CN;TOU;2023-10-01;2024-10-01;False;False;False
193601;Heat pump;Single-family house;210158.0;False;1.0;70133;;False;True;False;False;False;False;False;False;UNIT_CN;TOU;2023-10-01;2024-10-01;False;False;False
111896;Single-family house;Single-family house;210243.0;False;;70080;13.292;True;True;False;False;False;False;False;False;UNIT_LOW;DYN;2023-10-01;2025-01-01;True;True;False
106298;Single-family house;Single-family house;210264.0;False;;70146;;False;False;False;False;False;False;False;False;;;;;False;False;False
112377;Single-family house;Single-family house;210752.0;False;;70080;;False;False;False;False;False;False;False;False;UNIT_CN;UNIT;2023-10-01;2025-01-01;False;False;False
168770;Single-family house;Single-family house;210831.0;False;;70147;;True;True;False;False;True;False;False;False;UNIT_CN;DYN;2023-10-01;2024-10-01;False;False;False
108543;Single-family house;Single-family house;210840.0;False;;70170;13.7;True;False;False;False;False;False;False;False;UNIT_CN;TOU;2023-10-01;2024-10-01;False;False;False
175170;Single-family house;Single-family house;211051.0;False;;70155;;True;True;True;False;False;False;False;False;;;;;False;False;False
162680;Single-family house;Single-family house;211060.0;False;;35035;;False;False;False;False;False;False;False;False;;;;;False;False;False
108517;Single-family house;Single-family house;211654.0;False;;70147;;False;False;False;False;False;False;False;False;;;;;False;False;False
159791;Common areas;Apartment building;211803.0;False;6.0;70145;;False;False;False;False;False;False;False;False;;;;;False;False;False
138839;Heating system;Apartment building;211803.0;False;6.0;70142;;False;True;False;False;False;False;False;False;;;;;False;False;False
120521;Single-family house;Single-family house;212066.0;False;;35040;;False;True;False;False;False;False;False;False;UNIT_CN;DYN;2023-10-01;2024-10-01;False;False;False
148550;Common areas;Apartment building;212133.0;False;9.0;70121;;False;False;False;False;False;False;False;False;;;;;False;False;False
144713;Heating system;Apartment building;212133.0;False;9.0;70123;;False;False;False;False;False;False;False;False;;;;;False;False;False
189528;Single-family house;Single-family house;212326.0;False;;70141;;False;False;False;False;True;False;False;False;UNIT_LOW;UNIT;2023-10-01;2025-01-01;False;False;False
115937;Single-family house;Single-family house;212361.0;False;;70080;;False;False;False;False;False;False;False;False;UNIT_CN;DYN;2023-10-01;2025-01-01;False;False;False
166467;Single-family house;Single-family house;212751.0;False;;70080;;True;True;False;False;False;False;False;False;UNIT_LOW;DYN;2023-10-01;2025-01-01;True;True;False
109730;Single-family house;Single-family house;212837.0;False;;70080;9.684;True;True;False;False;False;False;False;False;UNIT_LOW;DYN;2023-10-01;2025-01-01;True;True;False
133529;Single-family house;Single-family house;213078.0;False;;21692;;True;False;False;False;False;True;False;False;;;;;False;False;False
147011;Common areas;Apartment building;213331.0;False;12.0;70169;;False;False;False;False;False;False;False;False;;;;;False;False;False
141614;Heat pump;Apartment building;213331.0;False;12.0;70170;;True;True;False;False;False;False;False;False;;;;;False;False;False
124632;Single-family house;Single-family house;213507.0;False;;70170;;True;False;False;False;False;False;False;False;;;;;False;False;False
120749;Single-family house;Single-family house;213586.0;False;;70176;;True;True;False;False;False;False;False;False;UNIT_LOW;UNIT;2023-10-01;2025-01-01;False;False;False
188702;Single-family house;Single-family house;213844.0;False;;70151;;True;False;False;False;False;False;False;False;;;;;False;False;False
141044;Single-family house;Single-family house;213955.0;False;;70002;7.876;True;True;False;False;True;False;False;False;UNIT_CN;DYN;2023-10-01;2024-10-01;False;False;False
166786;Underground garage;Apartment building;213958.0;False;0.0;64157;;False;False;False;False;False;False;False;False;;;;;False;False;False
169211;Common areas;Apartment building;214120.0;False;6.0;70141;;False;False;False;False;False;False;False;False;;;;;False;False;False
105017;Heat pump;Apartment building;214120.0;False;6.0;70139;;True;True;True;False;False;False;False;False;;;;;False;False;False
112238;Single-family house;Single-family house;214155.0;False;;70170;;True;False;False;False;False;True;False;False;UNIT_LOW;DYN;2023-10-01;2025-01-01;False;False;True
110279;Underground garage;Underground garage;214467.0;False;0.0;70139;;False;False;False;False;False;False;False;False;;;;;False;False;False
184583;Underground garage;Underground garage;214467.0;False;0.0;70139;;False;False;False;False;False;False;False;False;;;;;False;False;False
199520;Single-family house;Single-family house;214523.0;False;;70170;;True;False;False;False;False;True;False;False;;;;;False;False;False
190390;Single-family house;Single-family house;214627.0;False;;70147;;True;False;False;False;False;False;False;False;;;;;False;False;False
147766;Single-family house;Single-family house;214859.0;False;;70135;;True;True;False;False;False;False;False;False;UNIT_CN;DYN;2023-10-01;2024-10-01;False;False;False
152265;Single-family house;Single-family house;215301.0;False;;70080;;True;False;False;False;False;True;False;False;UNIT_LOW;TOU;2023-10-01;2025-01-01;True;True;False
146693;Common areas;Apartment building;215441.0;False;5.0;70127;;False;False;False;False;False;False;False;False;;;;;False;False;False
140361;Heating system;Apartment building;215441.0;False;5.0;70138;;False;False;False;False;False;False;False;False;;;;;False;False;False
141698;Single-family house;Single-family house;215892.0;False;;70170;;True;True;True;False;False;False;False;False;;;;;False;False;False
160549;Single-family house;Single-family house;216016.0;False;;70148;;True;True;False;False;False;False;False;False;;;;;False;False;False
172510;Single-family house;Single-family house;216097.0;False;;70004;;False;False;False;False;False;False;False;False;;;;;False;False;False
185952;Single-family house;Single-family house;216127.0;False;;70073;;True;False;False;False;False;False;False;False;;;;;False;False;False
127723;Single-family house;Single-family house;216147.0;False;;70148;;True;True;False;False;False;False;False;False;UNIT_CN;DYN;2023-10-01;2024-10-01;False;False;False
152307;Common areas;Apartment building;216153.0;False;5.0;70141;;False;False;False;False;False;False;False;False;;;;;False;False;False
151740;Single-family house;Single-family house;216158.0;False;;70163;6.496;False;False;False;False;False;False;False;False;;;;;False;False;False
140577;Heat pump;Single-family house;216399.0;False;2.0;70080;;False;True;False;False;False;False;False;False;UNIT_LOW;DYN;2023-10-01;2025-01-01;False;True;False
167443;Single-family house;Single-family house;216412.0;False;;70176;;True;False;False;False;False;True;False;False;UNIT_LOW;TOU;2023-10-01;2025-01-01;True;False;False
159957;Common areas;Apartment building;216501.0;False;4.0;70172;;True;False;False;False;False;False;False;False;;;;;False;False;False
181989;Single-family house;Single-family house;216604.0;False;;70137;;False;True;False;False;False;False;False;False;;;;;False;False;False
180034;Common areas;Apartment building;216808.0;False;5.0;70164;;False;False;False;False;False;False;False;False;;;;;False;False;False
162018;Heat pump;Apartment building;216808.0;False;5.0;70167;;False;False;False;False;False;False;False;False;;;;;False;False;False
198511;EV charging station;Apartment building;216808.0;False;5.0;69580;;False;False;False;False;False;False;False;False;;;;;False;False;False
105624;Common areas;Apartment building;216823.0;False;5.0;66579;;False;False;False;False;False;False;False;False;;;;;False;False;False
147966;Common areas;Underground garage;216941.0;False;0.0;70159;;False;False;False;False;False;False;False;False;;;;;False;False;False
149942;Common areas;Apartment building;217126.0;False;4.0;70161;;False;False;False;False;False;False;False;False;;;;;False;False;False
160426;Heat pump;Apartment building;217126.0;False;4.0;70159;;True;True;False;False;False;False;False;False;;;;;False;False;False
118399;Heat pump;Apartment building;217179.0;True;13.0;70163;;True;False;True;False;False;False;False;False;;;;;False;False;False
170707;Common areas;Apartment building;217255.0;False;5.0;70122;;False;False;False;False;False;False;False;False;;;;;False;False;False
133830;Common areas;Apartment building;217553.0;False;4.0;64166;;False;False;False;False;False;False;False;False;;;;;False;False;False
121141;Heating system;Apartment building;217553.0;False;4.0;64165;;False;False;False;False;False;False;False;False;;;;;False;False;False
113119;Single-family house;Single-family house;217653.0;False;;35040;;True;False;False;False;False;True;True;False;;;;;False;False;False
194822;Single-family house;Single-family house;217889.0;False;;70139;;True;False;False;False;False;True;False;False;;;;;False;False;False
163595;Single-family house;Single-family house;217962.0;False;;70016;;False;False;False;False;False;False;False;False;;;;;False;False;False
148048;Common areas;Apartment building;218017.0;False;6.0;70115;;False;False;False;False;False;False;False;False;;;;;False;False;False
195967;Single-family house;Single-family house;218056.0;False;;70148;11.324;False;False;False;False;True;False;False;False;UNIT_CN;DYN;2023-10-01;2024-10-01;False;False;False
102894;Single-family house;Single-family house;218585.0;False;;70135;;True;False;False;False;False;False;False;False;UNIT_CN;TOU;2023-10-01;2024-10-01;False;False;False
194754;Heat pump;Single-family house;218585.0;False;1.0;70134;;False;True;False;False;False;False;False;False;UNIT_CN;TOU;2023-10-01;2024-10-01;False;False;False
198037;EV charging station;Apartment building;218728.0;False;0.0;70006;;False;False;False;False;True;False;False;False;;;;;False;False;False
118894;Underground garage;Apartment building;218728.0;False;0.0;70042;;False;False;False;False;False;False;False;False;;;;;False;False;False
150011;Single-family house;Single-family house;218882.0;False;;70138;;True;False;False;False;False;False;False;False;UNIT_CN;TOU;2023-10-01;2024-10-01;False;False;False
131176;Single-family house;Single-family house;219048.0;False;;35130;6.736;True;True;True;False;False;False;False;False;UNIT_LOW;DYN;2023-10-01;2025-01-01;False;False;True
144931;Single-family house;Single-family house;219063.0;False;;70125;;True;False;False;False;False;False;False;False;;;;;False;False;False
172225;Single-family house;Single-family house;219066.0;False;;35040;;False;False;False;False;True;False;False;False;;;;;False;False;False
176643;Underground garage;Underground garage;219076.0;False;0.0;70102;;False;False;False;False;False;False;False;False;;;;;False;False;False
152807;Single-family house;Single-family house;219102.0;False;;70170;;True;False;False;False;False;False;False;False;;;;;False;False;False
145653;Common areas;Apartment building;219224.0;False;6.0;60472;;False;False;False;False;False;False;False;False;;;;;False;False;False
168050;Single-family house;Single-family house;219391.0;False;;70145;;True;False;False;False;False;False;False;False;;;;;False;False;False
199027;Single-family house;Single-family house;219403.0;False;;35040;;True;True;False;False;False;False;False;False;;;;;False;False;False
189358;Single-family house;Single-family house;219479.0;False;;70150;;True;True;False;False;False;False;False;False;UNIT_LOW;UNIT;2023-10-01;2025-01-01;False;False;False
179481;Single-family house;Single-family house;219598.0;False;;35106;13.06;True;False;False;False;False;False;False;False;;;;;False;False;False
164344;EV charging station;Underground garage;219620.0;False;0.0;70170;;False;False;False;False;True;False;False;False;;;;;False;False;False
178046;Underground garage;Underground garage;219620.0;False;0.0;70052;;False;False;False;False;False;False;False;False;;;;;False;False;False
186180;Underground garage;Underground garage;219620.0;False;0.0;64352;;False;False;False;False;False;False;False;False;;;;;False;False;False
198650;Single-family house;Single-family house;219626.0;False;;70080;6.424;False;False;False;False;False;False;False;False;UNIT_CN;DYN;2023-10-01;2025-01-01;False;False;False
181392;Single-family house;Single-family house;219724.0;False;;34944;;True;True;False;False;False;False;False;False;UNIT_LOW;DYN;2023-10-01;2025-01-01;True;True;False
157988;Common areas;Apartment building;219748.0;False;6.0;70146;;False;False;False;False;False;False;False;False;;;;;False;False;False
140649;Single-family house;Single-family house;220574.0;False;;70049;;False;False;False;False;False;False;False;False;;;;;False;False;False
147108;Common areas;Apartment building;220585.0;False;6.0;70125;;False;False;False;False;False;False;False;False;;;;;False;False;False
158254;Single-family house;Single-family house;220596.0;False;;70176;;False;True;True;False;False;False;False;False;UNIT_LOW;TOU;2023-10-01;2025-01-01;False;False;False
188131;Single-family house;Single-family house;220652.0;False;;70079;14.72;False;False;False;False;False;False;False;False;UNIT_CN;DYN;2023-10-01;2025-01-01;False;False;False
138352;Common areas;Apartment building;220685.0;False;0.0;70146;;False;False;False;False;False;False;False;False;;;;;False;False;False
166152;Common areas;Apartment building;220685.0;False;0.0;70148;;False;False;False;False;False;False;False;False;;;;;False;False;False
186196;Common areas;Apartment building;220685.0;False;0.0;70170;;False;False;False;False;False;False;False;False;;;;;False;False;False
123413;Single-family house;Single-family house;220741.0;False;;70174;;True;False;False;False;False;False;False;False;UNIT_CN;DYN;2023-10-01;2024-10-01;False;False;False
130278;Single-family house;Single-family house;220849.0;False;;27534;;True;False;False;False;False;False;False;False;;;;;False;False;False
111474;Common areas;Apartment building;221213.0;True;6.0;70139;;False;False;False;False;False;False;False;False;;;;;False;False;False
158267;Common areas;Apartment building;221213.0;True;6.0;70138;;False;False;False;False;False;False;False;False;;;;;False;False;False
169250;Heat pump;Underground garage;221213.0;True;6.0;70141;;True;True;False;False;False;False;False;False;;;;;False;False;False
174223;Underground garage;Underground garage;221213.0;True;6.0;70139;;False;False;False;False;False;False;False;False;;;;;False;False;False
113161;Single-family house;Single-family house;221225.0;False;;70133;;True;False;False;False;False;False;False;False;;;;;False;False;False
139569;Common areas;Apartment building;221462.0;False;4.0;70139;;False;False;False;False;False;False;False;False;;;;;False;False;False
150163;Single-family house;Single-family house;221580.0;False;;70080;;True;False;False;False;False;False;False;False;UNIT_LOW;DYN;2023-10-01;2025-01-01;True;False;False
131696;Single-family house;Single-family house;221692.0;False;;70151;;True;False;False;False;False;False;False;False;;;;;False;False;False
171397;Common areas;Apartment building;221899.0;False;6.0;64165;;False;False;False;False;False;False;False;False;;;;;False;False;False
164366;Heating system;Apartment building;221899.0;False;6.0;63949;;False;False;False;False;False;False;False;False;;;;;False;False;False
173848;Single-family house;Single-family house;221937.0;False;;35040;;True;True;False;False;True;False;False;False;UNIT_LOW;DYN;2023-10-01;2025-01-01;False;False;True
180864;Common areas;Underground garage;221992.0;False;0.0;70115;;False;False;False;False;False;False;False;False;;;;;False;False;False
167883;Heating system;Underground garage;221992.0;False;0.0;70170;;False;True;False;False;False;False;False;False;;;;;False;False;False
187589;Single-family house;Single-family house;222035.0;False;;70080;;True;True;False;False;False;False;False;False;;;;;False;False;False
152811;Single-family house;Single-family house;222070.0;False;;62945;;True;False;False;False;False;False;False;False;;;;;False;False;False
156421;Single-family house;Single-family house;222453.0;False;;70051;;True;True;True;False;False;False;False;False;UNIT_LOW;TOU;2023-10-01;2024-10-01;False;False;False
162909;Common areas;Apartment building;222783.0;False;6.0;70158;;False;False;False;False;False;False;False;False;;;;;False;False;False
126282;Single-family house;Single-family house;222894.0;False;;70170;;True;True;False;False;False;False;False;False;;;;;False;False;False
130077;Single-family house;Single-family house;222943.0;False;;35136;8.384;False;True;True;False;False;False;False;False;UNIT_LOW;UNIT;2023-10-01;2025-01-01;False;False;False
124170;Single-family house;Single-family house;223118.0;False;;70149;;False;True;False;False;False;False;False;False;;;;;False;False;False
102016;Single-family house;Single-family house;223183.0;False;;70136;;False;False;False;False;False;False;False;False;;;;;False;False;False
135355;Common areas;Apartment building;223236.0;False;7.0;70140;;False;False;False;False;False;False;False;False;;;;;False;False;False
119150;Heat pump;Apartment building;223236.0;False;7.0;70145;;True;True;True;False;False;False;False;False;;;;;False;False;False
155228;Single-family house;Single-family house;223347.0;False;;70073;;True;False;False;False;False;False;False;False;UNIT_LOW;TOU;2023-10-01;2024-10-01;False;False;False
152257;Single-family house;Single-family house;223654.0;False;;70148;;True;False;False;False;False;False;False;False;UNIT_CN;TOU;2023-10-01;2024-10-01;False;False;False
199888;Single-family house;Single-family house;223674.0;False;;70105;11.1;False;False;False;False;False;False;False;False;UNIT_LOW;UNIT;2023-10-01;2025-01-01;False;False;False
195265;Apartment;Single-family house;223733.0;False;;50796;;False;False;False;False;False;False;False;False;;;;;False;False;False
155209;Single-family house;Single-family house;223959.0;False;;70137;;False;False;False;False;False;False;False;False;;;;;False;False;False
143546;Apartment;Single-family house;223984.0;False;;70080;;True;True;True;False;False;False;False;False;UNIT_CN;DYN;2023-10-01;2025-01-01;False;False;False
150638;Heat pump;Single-family house;224111.0;False;2.0;48511;;False;True;False;False;False;False;False;False;UNIT_CN;DYN;2023-10-01;2025-01-01;False;False;False
117661;Common areas;Apartment building;224193.0;False;4.0;70167;;False;False;False;False;False;False;False;False;;;;;False;False;False
138065;Single-family house;Single-family house;224403.0;False;;70149;;True;False;False;False;False;True;False;False;;;;;False;False;False
174968;Single-family house;Single-family house;224407.0;False;;70080;;False;False;False;False;False;False;False;False;UNIT_CN;DYN;2023-10-01;2025-01-01;False;False;False
195560;Common areas;Apartment building;224526.0;False;5.0;70163;;False;False;False;False;False;False;False;False;;;;;False;False;False
185523;Single-family house;Single-family house;224674.0;False;;69799;;True;False;False;False;False;False;False;False;UNIT_LOW;UNIT;2023-10-01;2025-01-01;False;False;False
105230;Heat pump;Single-family house;224674.0;False;1.0;69319;;False;True;True;True;False;False;False;False;UNIT_LOW;UNIT;2023-10-01;2025-01-01;False;False;False
161573;Single-family house;Single-family house;224688.0;False;;70169;;False;False;False;False;False;False;False;False;;;;;False;False;False
194718;Single-family house;Single-family house;224750.0;False;;70165;;True;False;False;False;False;False;False;False;;;;;False;False;False
185740;Single-family house;Single-family house;224753.0;False;;70080;;True;True;True;False;False;False;False;False;UNIT_LOW;TOU;2023-10-01;2025-01-01;False;False;False
160458;Underground garage;Apartment building;224842.0;False;0.0;70110;;False;False;False;False;False;False;False;False;;;;;False;False;False
173043;Single-family house;Single-family house;224845.0;False;;70138;;True;False;False;False;False;False;False;False;;;;;False;False;False
190616;Heat pump;Single-family house;224845.0;False;1.0;70137;;False;True;False;False;False;False;False;False;;;;;False;False;False
144489;Common areas;Single-family house;224858.0;True;3.0;70127;;False;False;False;False;False;False;False;False;UNIT_CN;TOU;2023-10-01;2024-10-01;False;False;False
104739;Common areas;Apartment building;225408.0;False;18.0;70151;;False;False;False;False;False;False;False;False;;;;;False;False;False
188208;Single-family house;Single-family house;226213.0;False;;70176;;False;False;False;False;False;False;False;False;UNIT_LOW;TOU;2023-10-01;2025-01-01;False;False;False
106486;Heat pump;Single-family house;226213.0;False;1.0;70176;;True;True;False;False;False;True;False;False;UNIT_LOW;TOU;2023-10-01;2025-01-01;False;False;False
121246;Single-family house;Single-family house;226257.0;False;;70145;;True;False;False;False;False;False;False;False;;;;;False;False;False
166974;Common areas;Apartment building;226354.0;False;9.0;70141;;False;False;False;False;False;False;False;False;;;;;False;False;False
197191;Heat pump;Apartment building;226354.0;False;9.0;70134;;True;True;True;False;False;False;False;False;;;;;False;False;False
185130;Single-family house;Single-family house;226651.0;False;;35136;6.844;True;False;False;False;False;True;False;False;UNIT_CN;TOU;2023-10-01;2025-01-01;False;False;False
137380;Single-family house;Single-family house;226698.0;False;;69284;;True;True;False;False;False;False;False;False;;;;;False;False;False
112114;Single-family house;Single-family house;226751.0;False;;8207;;True;False;False;False;False;False;False;False;;;;;False;False;False
135685;Single-family house;Single-family house;226971.0;False;;69858;;True;True;False;False;False;False;False;False;UNIT_LOW;DYN;2023-10-01;2025-01-01;True;True;False
173052;Single-family house;Single-family house;226973.0;False;;70152;;False;True;False;False;False;False;False;False;;;;;False;False;False
186587;Common areas;Apartment building;227025.0;False;9.0;70139;;False;False;False;False;False;False;False;False;;;;;False;False;False
105759;Heat pump;Apartment building;227025.0;False;9.0;70132;;True;True;True;False;False;False;False;False;;;;;False;False;False
134279;Single-family house;Single-family house;227101.0;False;;70144;;True;True;True;False;False;False;False;False;;;;;False;False;False
114849;Common areas;Apartment building;227261.0;False;4.0;70110;;False;False;False;False;False;False;False;False;;;;;False;False;False
107138;Common areas;Apartment building;227321.0;False;5.0;70080;;False;False;False;False;False;False;False;False;UNIT_LOW;DYN;2023-10-01;2025-01-01;False;False;False
116794;Heat pump;Apartment building;227321.0;False;5.0;70080;;True;True;False;False;False;False;False;False;UNIT_LOW;DYN;2023-10-01;2025-01-01;False;False;False
104444;Single-family house;Single-family house;227512.0;False;;70138;;True;True;True;False;False;False;False;False;UNIT_CN;DYN;2023-10-01;2024-10-01;False;False;False
137077;Single-family house;Single-family house;227553.0;False;;69600;;False;False;False;False;False;False;False;False;UNIT_CN;TOU;2023-10-01;2025-01-01;False;False;False
157904;Single-family house;Single-family house;227567.0;False;;70163;;False;False;False;False;False;False;False;False;;;;;False;False;False
193251;Heat pump;Single-family house;227612.0;True;2.0;70141;;False;True;False;False;False;False;False;False;UNIT_CN;TOU;2023-10-01;2024-10-01;False;False;False
126284;Common areas;Apartment building;227711.0;False;7.0;70109;;False;False;False;False;False;False;False;False;;;;;False;False;False
128550;Single-family house;Single-family house;228102.0;False;;70153;;True;False;False;False;False;False;False;False;;;;;False;False;False
100354;Single-family house;Single-family house;228803.0;False;;70159;;False;False;False;False;False;False;False;False;UNIT_CN;TOU;2023-10-01;2024-10-01;False;False;False
117690;Common areas;Apartment building;228868.0;False;8.0;69474;;False;False;False;False;False;False;False;False;;;;;False;False;False
186624;Underground garage;Apartment building;229006.0;False;0.0;70176;;False;False;False;False;False;False;False;False;;;;;False;False;False
150327;Common areas;Apartment building;229115.0;False;9.0;70011;;False;False;False;False;False;False;False;False;;;;;False;False;False
160431;Single-family house;Single-family house;229224.0;False;;70160;;False;False;False;False;False;False;False;False;;;;;False;False;False
191038;Single-family house;Single-family house;229464.0;False;;70165;;True;False;False;False;False;False;False;False;;;;;False;False;False
101716;Single-family house;Single-family house;229496.0;False;;70127;;True;False;False;False;False;False;False;False;UNIT_CN;TOU;2023-10-01;2024-10-01;False;False;False
198201;Heat pump;Single-family house;229496.0;False;1.0;70127;;False;True;False;False;False;False;False;False;UNIT_CN;TOU;2023-10-01;2024-10-01;False;False;False
124593;Common areas;Apartment building;229536.0;False;3.0;70006;;False;False;False;False;False;False;False;False;;;;;False;False;False
103144;Common areas;Apartment building;229735.0;False;5.0;70051;;False;False;False;False;False;False;False;False;;;;;False;False;False
154832;Heat pump;Apartment building;229735.0;False;5.0;70051;;False;True;False;False;False;False;False;False;;;;;False;False;False
100164;Single-family house;Single-family house;229883.0;False;;70146;;True;True;False;False;False;False;False;False;;;;;False;False;False
169694;Single-family house;Single-family house;230212.0;False;;70080;;True;True;False;False;False;False;False;False;UNIT_LOW;UNIT;2023-10-01;2025-01-01;True;True;False
194490;Single-family house;Single-family house;230216.0;False;;70172;;True;True;False;False;False;False;False;False;;;;;False;False;False
180649;Common areas;Apartment building;230463.0;False;9.0;70146;;False;False;False;False;False;False;False;False;;;;;False;False;False
129773;Common areas;Apartment building;230829.0;False;5.0;70073;;False;False;False;False;False;False;False;False;;;;;False;False;False
155807;Heat pump;Apartment building;230829.0;False;5.0;70068;;False;True;False;False;False;False;False;False;;;;;False;False;False
121623;Common areas;Apartment building;231045.0;False;9.0;70137;;True;True;False;False;False;False;False;False;;;;;False;False;False
102262;Common areas;Apartment building;231340.0;False;6.0;70148;;False;False;False;False;False;False;False;False;;;;;False;False;False
116320;Single-family house;Single-family house;231415.0;False;;70080;;False;False;False;False;False;False;False;False;UNIT_CN;DYN;2023-10-01;2025-01-01;False;False;False
158470;Common areas;Apartment building;231568.0;False;8.0;70136;;False;False;False;False;False;False;False;False;;;;;False;False;False
125824;Single-family house;Single-family house;231916.0;False;;70006;;True;False;False;False;False;False;False;False;;;;;False;False;False
103527;Single-family house;Single-family house;231933.0;False;;70168;;True;True;True;False;False;False;False;False;UNIT_CN;TOU;2023-10-01;2024-10-01;False;False;False
147016;Underground garage;Underground garage;231995.0;False;0.0;70130;;False;False;False;False;False;False;False;False;;;;;False;False;False
127225;Single-family house;Single-family house;232090.0;False;;70133;;False;False;False;False;False;False;False;False;;;;;False;False;False
159956;Single-family house;Single-family house;232113.0;False;;70132;;True;True;False;False;False;False;False;False;UNIT_CN;DYN;2023-10-01;2024-10-01;False;False;False
190902;Single-family house;Single-family house;232192.0;False;;70150;;True;False;False;False;True;False;False;True;;;;;False;False;False
121100;Heat pump;Single-family house;232192.0;False;1.0;70150;;False;True;False;False;False;False;False;False;;;;;False;False;False
103962;Single-family house;Single-family house;232352.0;False;;70170;;True;True;True;False;False;False;False;False;;;;;False;False;False
174000;Common areas;Apartment building;232736.0;False;5.0;70004;;False;False;False;False;False;False;False;False;;;;;False;False;False
152976;Heating system;Apartment building;232736.0;False;5.0;70051;;False;False;False;False;False;False;False;False;;;;;False;False;False
115480;Common areas;Apartment building;233000.0;False;5.0;66615;;True;False;False;False;False;False;False;False;;;;;False;False;False
130499;Heat pump;Apartment building;233000.0;False;5.0;70168;;False;True;False;False;False;False;False;False;;;;;False;False;False
164776;Heat pump;Underground garage;233004.0;True;13.0;66060;;True;True;False;False;False;False;True;False;;;;;False;False;False
174046;Underground garage;Underground garage;233004.0;True;13.0;67642;;False;False;False;False;False;False;False;False;;;;;False;False;False
136549;Single-family house;Single-family house;233125.0;False;;70141;;True;True;False;False;False;False;False;False;;;;;False;False;False
168877;Common areas;Apartment building;233132.0;False;5.0;70165;;False;False;False;False;False;False;False;False;;;;;False;False;False
151050;Single-family house;Single-family house;233222.0;False;;70107;;True;False;False;False;False;True;False;False;;;;;False;False;False
115286;Single-family house;Single-family house;233247.0;False;;70068;13.472;False;True;False;False;True;False;False;False;UNIT_LOW;DYN;2023-10-01;2025-01-01;False;False;True
113404;Heat pump;Single-family house;233247.0;False;1.0;70051;;False;False;False;False;False;False;False;False;UNIT_LOW;DYN;2023-10-01;2025-01-01;False;False;True
185812;Single-family house;Single-family house;233256.0;False;;70169;8.792;False;False;False;False;True;False;False;False;UNIT_CN;TOU;2023-10-01;2024-10-01;False;False;False
144419;Single-family house;Single-family house;233278.0;False;;70163;;True;True;True;False;False;False;False;False;;;;;False;False;False
181241;Common areas;Apartment building;233486.0;False;5.0;70023;;False;False;False;False;False;False;False;False;;;;;False;False;False
135604;Single-family house;Single-family house;233573.0;False;;70172;;True;True;False;False;False;False;False;False;UNIT_CN;DYN;2023-10-01;2024-10-01;False;False;False
176134;Single-family house;Single-family house;233636.0;False;;67234;;True;False;False;False;False;False;False;False;UNIT_LOW;TOU;2023-10-01;2025-01-01;True;True;False
183003;Single-family house;Single-family house;234054.0;False;;70080;;True;False;False;False;False;True;False;False;UNIT_LOW;TOU;2023-10-01;2025-01-01;True;True;False
129071;Single-family house;Single-family house;234193.0;False;;70025;;False;False;False;False;False;False;False;False;;;;;False;False;False
107261;Heat pump;Single-family house;234193.0;False;1.0;70025;;False;False;False;False;False;False;False;False;;;;;False;False;False
161328;Single-family house;Single-family house;234274.0;False;;70150;;False;True;False;False;False;False;False;False;;;;;False;False;False
164253;Common areas;Apartment building;234344.0;False;6.0;65284;;False;False;False;False;False;False;False;False;;;;;False;False;False
192815;Single-family house;Single-family house;234430.0;False;;70080;;False;False;False;False;False;False;False;False;UNIT_CN;DYN;2023-10-01;2025-01-01;False;False;False
136927;Single-family house;Single-family house;234703.0;False;;70080;;True;False;False;False;False;True;False;False;UNIT_LOW;TOU;2023-10-01;2025-01-01;False;False;False
166822;Common areas;Apartment building;234715.0;False;8.0;70133;;False;False;False;False;False;False;False;False;;;;;False;False;False
171202;Heating system;Apartment building;234715.0;False;8.0;70131;;False;False;False;False;False;False;False;False;;;;;False;False;False
126661;Single-family house;Single-family house;234726.0;False;;70168;;True;False;False;False;False;False;False;False;;;;;False;False;False
115841;Single-family house;Single-family house;234922.0;False;;70142;;True;False;False;False;False;False;False;False;;;;;False;False;False
182362;Heat pump;Single-family house;235155.0;False;2.0;70152;;False;True;False;False;False;False;False;False;;;;;False;False;False
128909;Common areas;Apartment building;235716.0;False;5.0;61020;;False;False;False;False;False;False;False;False;;;;;False;False;False
162215;Single-family house;Single-family house;235770.0;False;;70153;;True;False;False;False;False;False;False;False;;;;;False;False;False
176372;Single-family house;Single-family house;236077.0;False;;35040;;False;True;False;False;False;False;False;False;;;;;False;False;False
161310;Single-family house;Single-family house;236082.0;False;;70080;;False;True;True;False;False;False;False;False;;;;;False;False;False
189221;Single-family house;Single-family house;236175.0;False;;70127;;True;True;False;False;False;False;False;False;UNIT_CN;TOU;2023-10-01;2024-10-01;False;False;False
158268;Common areas;Apartment building;236281.0;False;10.0;54998;;False;False;False;False;False;False;False;False;;;;;False;False;False
107248;Common areas;Single-family house;236625.0;True;5.0;70176;;False;False;False;False;False;False;False;False;;;;;False;False;False
145139;Single-family house;Single-family house;237019.0;False;;70150;;False;False;False;False;False;True;False;False;;;;;False;False;False
119718;Single-family house;Single-family house;237117.0;False;;70161;;True;True;False;False;False;False;False;False;;;;;False;False;False
132537;Common areas;Apartment building;237527.0;False;6.0;65885;;False;False;False;False;False;False;False;False;;;;;False;False;False
101512;Single-family house;Single-family house;237657.0;False;;70139;;True;True;True;False;False;False;False;False;;;;;False;False;False
174410;Single-family house;Single-family house;237909.0;False;;69742;;True;True;True;False;False;False;False;False;;;;;False;False;False
198371;Common areas;Apartment building;237971.0;False;5.0;70002;;False;False;False;False;False;False;False;False;;;;;False;False;False
127139;Single-family house;Single-family house;238280.0;False;;70142;;True;True;True;False;False;False;False;False;;;;;False;False;False
140947;Single-family house;Single-family house;238324.0;False;;70168;;True;True;False;False;False;False;False;False;;;;;False;False;False
101129;Common areas;Apartment building;238458.0;False;9.0;63716;;False;False;False;False;False;False;False;False;;;;;False;False;False
108080;Heat pump;Apartment building;238458.0;False;9.0;62594;;False;False;False;False;False;False;False;False;;;;;False;False;False
110469;Common areas;Apartment building;238575.0;False;6.0;67296;;False;False;False;False;False;False;False;False;;;;;False;False;False
164148;Common areas;Apartment building;238711.0;False;9.0;70141;;False;False;False;False;False;False;False;False;;;;;False;False;False
172073;Heat pump;Apartment building;238711.0;False;9.0;70172;;False;False;False;False;False;False;False;False;;;;;False;False;False
149359;Single-family house;Single-family house;238722.0;False;;46588;;True;True;True;False;False;False;False;False;;;;;False;False;False
136253;Single-family house;Single-family house;238742.0;False;;70080;;True;True;False;False;False;False;False;False;UNIT_LOW;UNIT;2023-10-01;2025-01-01;True;True;False
106624;Single-family house;Single-family house;238954.0;False;;70080;8.308;True;True;False;False;False;False;False;False;UNIT_LOW;DYN;2023-10-01;2025-01-01;False;False;False
114237;Single-family house;Single-family house;239155.0;False;;70150;;True;False;False;False;False;False;False;False;;;;;False;False;False
138887;Single-family house;Single-family house;239274.0;False;;70159;;True;True;False;False;False;False;False;False;;;;;False;False;False
119259;Single-family house;Single-family house;239281.0;False;;70150;;True;False;False;False;False;True;False;False;UNIT_CN;TOU;2023-10-01;2024-10-01;False;False;False
149239;Single-family house;Single-family house;239362.0;False;;58902;;True;False;False;False;False;True;False;False;UNIT_LOW;TOU;2023-10-01;2025-01-01;True;False;False
120996;Single-family house;Single-family house;239393.0;False;;70176;6.64;True;False;False;False;False;False;False;False;UNIT_LOW;UNIT;2023-10-01;2025-01-01;False;False;False
141752;Single-family house;Single-family house;239421.0;False;;70150;;True;False;False;False;False;True;False;False;;;;;False;False;False
172531;Single-family house;Single-family house;239496.0;False;;70172;;True;False;False;False;False;False;False;False;;;;;False;False;False
134604;Single-family house;Single-family house;239573.0;False;;70130;;True;False;False;False;False;True;False;False;UNIT_CN;TOU;2023-10-01;2024-10-01;False;False;False
164852;Single-family house;Single-family house;239677.0;False;;70080;;True;False;False;False;False;False;False;False;UNIT_LOW;UNIT;2023-10-01;2025-01-01;True;True;False
178396;Single-family house;Single-family house;239963.0;False;;70147;;True;True;False;False;False;False;False;False;UNIT_LOW;TOU;2023-10-01;2024-10-01;False;False;False
175995;Single-family house;Single-family house;240122.0;False;;70143;;True;False;False;False;False;False;False;False;;;;;False;False;False
186182;Single-family house;Single-family house;240143.0;False;;70170;;True;True;True;False;False;False;False;False;;;;;False;False;False
148755;Single-family house;Single-family house;240145.0;False;;70168;7.184;False;False;False;False;True;False;False;False;;;;;False;False;False
107448;Single-family house;Single-family house;240385.0;False;;70152;;False;False;False;False;False;False;False;False;;;;;False;False;False
170013;Single-family house;Single-family house;240413.0;False;;70167;;False;False;False;False;False;False;False;False;;;;;False;False;False
161407;Single-family house;Single-family house;240562.0;False;;70158;;True;False;False;False;False;False;False;False;;;;;False;False;False
178883;Common areas;Apartment building;240856.0;False;4.0;70165;;False;False;False;False;False;False;False;False;;;;;False;False;False
116846;Single-family house;Single-family house;240887.0;False;;70164;;True;True;False;False;False;False;False;False;;;;;False;False;False
189353;Common areas;Single-family house;241069.0;False;2.0;54066;;True;True;True;False;False;False;False;False;;;;;False;False;False
134171;Common areas;Apartment building;241174.0;False;6.0;70136;;True;True;True;False;False;False;False;False;;;;;False;False;False
185851;Common areas;Apartment building;241320.0;False;3.0;70151;;False;False;False;False;False;False;False;False;;;;;False;False;False
177030;Single-family house;Single-family house;241332.0;False;;70080;;False;True;True;False;False;False;False;False;UNIT_LOW;UNIT;2023-10-01;2025-01-01;False;False;False
160940;Single-family house;Single-family house;241552.0;False;;70168;;True;True;True;False;False;False;False;False;;;;;False;False;False
166184;Single-family house;Single-family house;241589.0;False;;70176;;True;True;False;False;False;False;False;False;UNIT_LOW;UNIT;2023-10-01;2025-01-01;True;True;False
121555;Single-family house;Single-family house;241994.0;False;;70154;;False;False;False;False;False;False;False;False;;;;;False;False;False
177640;Single-family house;Single-family house;242199.0;False;;70141;;True;True;False;False;False;False;False;False;UNIT_CN;TOU;2023-10-01;2024-10-01;False;False;False
151471;Single-family house;Single-family house;242881.0;False;;70135;;True;False;False;False;False;False;False;False;;;;;False;False;False
106200;Common areas;Apartment building;243011.0;False;6.0;70139;;False;False;False;False;False;False;False;False;;;;;False;False;False
174647;Single-family house;Single-family house;243407.0;False;;70170;;True;False;False;False;False;False;False;False;;;;;False;False;False
130253;Single-family house;Single-family house;243490.0;False;;70004;;False;False;False;False;False;False;False;False;;;;;False;False;False
157045;Single-family house;Single-family house;243604.0;False;;70080;12.676;False;False;False;False;True;False;False;False;UNIT_CN;DYN;2023-10-01;2025-01-01;False;False;False
143266;Single-family house;Single-family house;243703.0;False;;70176;;True;False;False;False;False;False;False;False;UNIT_LOW;TOU;2023-10-01;2025-01-01;True;False;False
110639;Single-family house;Single-family house;243797.0;False;;35040;;True;False;False;False;False;False;False;False;;;;;False;False;False
136272;Common areas;Apartment building;243907.0;True;6.0;70140;;False;False;False;False;False;False;False;False;;;;;False;False;False
160242;Common areas;Apartment building;243907.0;True;6.0;70137;;False;False;False;False;False;False;False;False;;;;;False;False;False
100835;Heat pump;Underground garage;243907.0;True;6.0;70138;;True;True;False;False;False;False;False;False;;;;;False;False;False
174456;Underground garage;Underground garage;243907.0;True;6.0;70134;;False;False;False;False;False;False;False;False;;;;;False;False;False
169775;Elevator;Underground garage;243907.0;True;6.0;22020;;False;False;False;False;False;False;False;False;;;;;False;False;False
132611;Common areas;Apartment building;244109.0;False;7.0;70127;;False;False;False;False;False;False;False;False;UNIT_CN;TOU;2023-10-01;2024-10-01;False;False;False
110893;Single-family house;Single-family house;244336.0;False;;70142;;True;True;False;False;False;False;False;False;UNIT_LOW;TOU;2023-10-01;2024-10-01;False;False;False
125064;Single-family house;Single-family house;244584.0;False;;70004;;True;False;False;False;False;False;False;False;;;;;False;False;False
136001;Common areas;Apartment building;244988.0;False;6.0;70084;;False;False;False;False;False;False;False;False;;;;;False;False;False
191079;Common areas;Apartment building;245250.0;False;5.0;70051;;False;False;False;False;False;False;False;False;;;;;False;False;False
175209;Heat pump;Apartment building;245250.0;False;5.0;70046;;False;True;False;False;False;False;False;False;;;;;False;False;False
171040;Single-family house;Single-family house;245418.0;False;;70080;6.8;True;False;False;False;False;True;False;False;UNIT_LOW;TOU;2023-10-01;2025-01-01;True;True;False
196965;Single-family house;Single-family house;245580.0;False;;70080;;True;False;False;False;False;False;False;False;UNIT_LOW;UNIT;2023-10-01;2025-01-01;True;False;False
181315;Single-family house;Single-family house;245588.0;False;;70080;5.816;True;True;True;False;True;False;False;True;UNIT_LOW;DYN;2023-10-01;2025-01-01;False;False;False
184422;Single-family house;Single-family house;245713.0;False;;70170;;True;True;False;False;False;False;False;False;;;;;False;False;False
142430;Common areas;Underground garage;246029.0;False;0.0;70025;;False;False;False;False;False;False;False;False;;;;;False;False;False
169514;Common areas;Underground garage;246029.0;False;0.0;70025;;False;False;False;False;False;False;False;False;;;;;False;False;False
141114;Single-family house;Single-family house;246125.0;False;;70080;;False;False;False;False;False;True;False;False;UNIT_CN;TOU;2023-10-01;2025-01-01;False;False;False
182561;Single-family house;Single-family house;246190.0;False;;70160;;True;False;False;False;False;False;False;False;;;;;False;False;False
105807;Common areas;Apartment building;246385.0;False;12.0;54971;;False;False;False;False;False;False;False;False;;;;;False;False;False
100286;Common areas;Apartment building;246605.0;False;9.0;70126;;False;False;False;False;False;False;False;False;;;;;False;False;False
118288;Underground garage;Underground garage;246707.0;False;0.0;70166;;False;False;False;False;False;False;False;False;;;;;False;False;False
101196;Common areas;Apartment building;246989.0;True;24.0;41743;;False;False;False;False;False;False;False;False;;;;;False;False;False
103265;Common areas;Apartment building;246989.0;True;24.0;60388;;False;False;False;False;False;False;False;False;;;;;False;False;False
162318;Common areas;Apartment building;246989.0;True;24.0;68717;;False;False;False;False;False;False;False;False;;;;;False;False;False
194679;Water heater;Underground garage;246989.0;True;24.0;52489;;True;False;False;False;False;False;False;False;;;;;False;False;False
143300;Heat pump;Underground garage;246989.0;True;24.0;55022;;False;True;True;False;False;False;False;False;;;;;False;False;False
121083;EV charging station;Underground garage;246989.0;True;24.0;17869;;False;False;False;False;True;False;False;False;;;;;False;False;False
158549;Underground garage;Underground garage;246989.0;True;24.0;59811;;False;False;False;False;False;False;False;False;;;;;False;False;False
151963;Single-family house;Single-family house;247246.0;False;;70080;;True;True;False;False;False;False;False;False;UNIT_LOW;TOU;2023-10-01;2025-01-01;False;False;False
179723;Single-family house;Single-family house;247280.0;False;;70146;;False;False;False;False;False;False;False;False;;;;;False;False;False
119672;Single-family house;Single-family house;247326.0;False;;70159;;True;True;False;False;False;False;False;False;;;;;False;False;False
188568;Single-family house;Single-family house;247797.0;False;;70172;;True;True;False;False;False;False;False;False;;;;;False;False;False
132425;Single-family house;Single-family house;247969.0;False;;70079;;True;False;False;False;False;False;False;False;UNIT_LOW;DYN;2023-10-01;2025-01-01;True;True;False
196206;Heat pump;Single-family house;247969.0;False;1.0;70176;;False;True;False;False;False;False;False;False;UNIT_LOW;DYN;2023-10-01;2025-01-01;True;True;False
147570;Apartment;Single-family house;248076.0;False;;47087;;False;False;False;False;False;False;False;False;;;;;False;False;False
199694;Single-family house;Single-family house;248098.0;False;;34560;0.36;True;False;False;False;False;False;False;False;UNIT_LOW;UNIT;2023-10-01;2025-01-01;False;False;False
105366;Single-family house;Single-family house;248215.0;False;;70150;;False;False;False;False;False;False;False;False;;;;;False;False;False
166948;Underground garage;Apartment building;248293.0;False;0.0;70166;;False;False;False;False;False;False;False;False;;;;;False;False;False
176924;Single-family house;Single-family house;248748.0;False;;70004;;True;True;False;False;False;False;False;False;;;;;False;False;False
187476;Common areas;Apartment building;248848.0;False;6.0;58591;;False;False;False;False;False;False;False;False;;;;;False;False;False
119326;Heat pump;Apartment building;248848.0;False;6.0;61373;;False;False;False;False;False;False;False;False;;;;;False;False;False
106206;Underground garage;Apartment building;248848.0;False;6.0;62616;;False;False;False;False;False;False;False;False;;;;;False;False;False
163115;Common areas;Apartment building;249147.0;False;6.0;70086;;False;False;False;False;False;False;False;False;;;;;False;False;False
131514;Single-family house;Single-family house;249253.0;False;;35129;0.92;False;False;False;False;False;False;False;False;;;;;False;False;False
184399;Heat pump;Single-family house;249253.0;False;1.0;70170;;True;True;False;False;False;False;False;False;;;;;False;False;False
124552;Single-family house;Single-family house;249353.0;False;;70150;;True;True;False;False;False;False;False;False;;;;;False;False;False
183176;Single-family house;Single-family house;249586.0;False;;70167;;True;True;True;False;False;False;False;False;;;;;False;False;False
129863;Single-family house;Single-family house;249680.0;False;;70176;;True;True;False;False;False;False;False;False;UNIT_LOW;DYN;2023-10-01;2025-01-01;True;True;False
110079;Heat pump;Single-family house;249945.0;False;2.0;70143;;False;True;False;False;False;False;False;False;;;;;False;False;False
134741;Single-family house;Single-family house;250024.0;False;;70144;;False;True;False;False;False;False;False;False;;;;;False;False;False
124467;Common areas;Apartment building;250032.0;False;8.0;32223;;False;False;False;False;False;False;False;False;;;;;False;False;False
109269;Common areas;Apartment building;250042.0;False;5.0;70165;;True;False;False;False;False;False;False;False;;;;;False;False;False
179218;Underground garage;Underground garage;250132.0;False;0.0;70134;;False;False;False;False;False;False;False;False;;;;;False;False;False
150637;Common areas;Apartment building;250135.0;False;4.0;70133;;False;False;False;False;False;False;False;False;;;;;False;False;False
125061;Single-family house;Single-family house;250232.0;False;;70153;;True;False;False;False;False;False;False;False;;;;;False;False;False
167651;Single-family house;Single-family house;250332.0;False;;70147;;True;True;False;False;False;False;False;False;;;;;False;False;False
168582;Underground garage;Underground garage;250548.0;False;0.0;70143;;False;False;False;False;False;False;False;False;;;;;False;False;False
181248;Common areas;Apartment building;250652.0;False;6.0;70135;;False;False;False;False;False;False;False;False;;;;;False;False;False
161414;Common areas;Apartment building;250677.0;False;6.0;70130;;False;False;False;False;False;False;False;False;;;;;False;False;False
152722;Single-family house;Single-family house;250685.0;False;;70148;;True;True;True;False;False;False;False;False;UNIT_CN;TOU;2023-10-01;2024-10-01;False;False;False
196458;Single-family house;Single-family house;250699.0;False;;70044;;True;True;False;False;False;False;False;False;;;;;False;False;False
176350;Single-family house;Single-family house;250754.0;False;;70027;;False;False;False;False;False;False;False;False;;;;;False;False;False
174426;Common areas;Apartment building;250899.0;False;5.0;70109;;False;False;False;False;False;False;False;False;;;;;False;False;False
160130;Single-family house;Single-family house;251195.0;False;;70080;;True;False;False;False;False;False;False;False;UNIT_LOW;DYN;2023-10-01;2024-10-01;False;False;False
161253;Common areas;Apartment building;251454.0;False;5.0;69995;;False;False;False;False;False;False;False;False;;;;;False;False;False
153971;Heating system;Apartment building;251454.0;False;5.0;70049;;False;False;False;False;False;False;False;False;;;;;False;False;False
138701;Single-family house;Single-family house;251642.0;False;;70146;;True;False;False;False;False;False;False;False;;;;;False;False;False
175655;Single-family house;Single-family house;251680.0;False;;50734;;True;False;False;False;False;True;False;False;UNIT_CN;TOU;2023-10-01;2024-10-01;False;False;False
184312;Single-family house;Single-family house;251807.0;False;;70176;;True;False;False;False;False;True;False;False;UNIT_LOW;TOU;2023-10-01;2025-01-01;False;False;False
179565;Single-family house;Single-family house;251897.0;False;;70001;;True;False;False;False;False;False;False;False;;;;;False;False;False
113673;Single-family house;Single-family house;251934.0;False;;70133;;True;True;False;False;False;False;False;False;;;;;False;False;False
139860;Single-family house;Single-family house;251974.0;False;;70176;;True;True;True;False;False;False;False;True;UNIT_LOW;UNIT;2023-10-01;2025-01-01;False;False;False
167469;Single-family house;Single-family house;252013.0;False;;70140;;True;False;False;False;False;False;False;False;;;;;False;False;False
142753;Single-family house;Single-family house;252114.0;False;;70143;;True;False;False;False;False;True;False;False;;;;;False;False;False
134772;Common areas;Apartment building;252177.0;False;5.0;70148;;False;False;False;False;False;False;False;False;;;;;False;False;False
139852;Single-family house;Single-family house;252293.0;False;;70080;;True;True;False;False;False;False;False;False;UNIT_LOW;DYN;2023-10-01;2025-01-01;False;True;False
195499;Single-family house;Single-family house;252296.0;False;;30324;;True;True;False;False;False;False;False;False;;;;;False;False;False
184130;Single-family house;Single-family house;252511.0;False;;35040;;False;False;False;False;True;False;False;False;;;;;False;False;False
130409;Heat pump;Single-family house;252511.0;False;1.0;48667;;False;True;False;False;False;False;False;False;;;;;False;False;False
130663;Single-family house;Single-family house;252513.0;False;;70170;;True;False;False;False;False;False;False;False;;;;;False;False;False
180031;Common areas;Apartment building;252538.0;False;5.0;70006;;False;False;False;False;False;False;False;False;;;;;False;False;False
121035;Common areas;Apartment building;252738.0;False;7.0;57255;;False;False;False;False;False;False;False;False;;;;;False;False;False
113452;Common areas;Apartment building;253056.0;False;6.0;64166;;False;False;False;False;False;False;False;False;;;;;False;False;False
165985;Common areas;Apartment building;253056.0;False;6.0;64168;;False;False;False;False;False;False;False;False;;;;;False;False;False
144802;Heating system;Apartment building;253056.0;False;6.0;64165;;False;False;False;False;False;False;False;False;;;;;False;False;False
125816;Underground garage;Apartment building;253056.0;False;6.0;64167;;False;False;False;False;False;False;False;False;;;;;False;False;False
177573;Common areas;Apartment building;253103.0;False;5.0;70170;;False;False;False;False;False;False;False;False;;;;;False;False;False
116675;Common areas;Apartment building;253325.0;False;8.0;70006;;False;False;False;False;False;False;False;False;;;;;False;False;False
119799;Heat pump;Apartment building;253325.0;False;8.0;70027;;False;True;True;False;False;False;False;False;;;;;False;False;False
131811;Underground garage;Apartment building;253325.0;False;8.0;70020;;False;False;False;False;False;False;False;False;;;;;False;False;False
135994;Single-family house;Single-family house;253462.0;False;;70121;;False;False;False;False;False;True;False;False;UNIT_CN;DYN;2023-10-01;2024-10-01;False;False;False
109429;Single-family house;Single-family house;253541.0;False;;70135;;True;True;False;False;False;False;False;False;;;;;False;False;False
150827;Single-family house;Single-family house;253834.0;False;;70080;;True;True;False;False;False;False;False;False;UNIT_LOW;DYN;2023-10-01;2025-01-01;True;True;False
131869;Common areas;Apartment building;254010.0;False;9.0;69716;;False;False;False;False;False;False;False;False;;;;;False;False;False
162184;Heat pump;Apartment building;254010.0;False;9.0;70139;;True;True;True;False;False;False;False;False;;;;;False;False;False
196075;Single-family house;Single-family house;254104.0;False;;35098;14.376;False;True;True;False;True;False;False;True;;;;;False;False;False
119193;Common areas;Apartment building;254214.0;False;7.0;70153;;False;False;False;False;False;False;False;False;;;;;False;False;False
197572;Common areas;Apartment building;254252.0;False;6.0;70111;;False;False;False;False;False;False;False;False;;;;;False;False;False
164100;Heat pump;Apartment building;254252.0;False;6.0;70154;;False;False;False;False;False;False;False;False;;;;;False;False;False
141743;Common areas;Apartment building;254656.0;False;5.0;70051;;False;False;False;False;False;False;False;False;;;;;False;False;False
126891;Heat pump;Apartment building;254656.0;False;5.0;70051;;False;True;False;False;False;False;False;False;;;;;False;False;False
188994;Common areas;Apartment building;254784.0;False;6.0;70169;;False;False;False;False;False;False;False;False;;;;;False;False;False
121500;Single-family house;Single-family house;254883.0;False;;70176;;False;False;False;False;False;False;False;False;UNIT_LOW;UNIT;2023-10-01;2025-01-01;False;False;False
119759;Heat pump;Single-family house;254883.0;False;1.0;70176;;True;True;True;False;False;False;False;False;UNIT_LOW;UNIT;2023-10-01;2025-01-01;False;False;False
122192;Common areas;Apartment building;254937.0;False;6.0;70112;;False;False;False;False;False;False;False;False;;;;;False;False;False
127465;Common areas;Apartment building;254953.0;False;5.0;70151;;False;False;False;False;False;False;False;False;;;;;False;False;False
175224;Heat pump;Apartment building;254953.0;False;5.0;70146;;True;True;False;False;False;False;False;False;;;;;False;False;False
132807;Single-family house;Single-family house;255003.0;False;;70170;;True;False;False;False;False;True;False;False;;;;;False;False;False
102294;Single-family house;Single-family house;255347.0;False;;70170;7.988;True;True;False;False;True;False;False;False;UNIT_CN;TOU;2023-10-01;2024-10-01;False;False;False
163329;Single-family house;Single-family house;255412.0;False;;70080;11.736;False;False;False;False;False;False;False;False;UNIT_LOW;DYN;2023-10-01;2025-01-01;False;False;False
138766;Single-family house;Single-family house;255519.0;False;;70136;;True;False;False;False;False;True;False;False;;;;;False;False;False
135238;Common areas;Apartment building;255528.0;False;0.0;59032;;False;False;False;False;False;False;False;False;;;;;False;False;False
161084;Heating system;Apartment building;255528.0;False;0.0;64192;;False;False;False;False;False;False;False;False;;;;;False;False;False
168630;Single-family house;Single-family house;255543.0;False;;70133;;True;True;False;False;False;False;False;False;UNIT_CN;TOU;2023-10-01;2024-10-01;False;False;False
125381;Single-family house;Single-family house;255788.0;False;;70176;;True;True;False;False;True;False;False;False;UNIT_LOW;UNIT;2023-10-01;2025-01-01;True;False;False
152113;Common areas;Apartment building;255956.0;False;10.0;70169;;False;False;False;False;False;False;False;False;;;;;False;False;False
102082;Heat pump;Apartment building;255956.0;False;10.0;70170;;True;True;False;False;False;False;False;False;;;;;False;False;False
161337;Common areas;Apartment building;256016.0;False;9.0;70172;;False;False;False;False;False;False;False;False;;;;;False;False;False
151584;Heat pump;Single-family house;256191.0;False;2.0;70138;;False;True;False;False;False;False;False;False;;;;;False;False;False
127524;Single-family house;Single-family house;256575.0;False;;70136;;False;False;False;False;False;False;False;False;;;;;False;False;False
126972;Heat pump;Single-family house;256575.0;False;1.0;70128;;False;False;False;False;False;False;False;False;;;;;False;False;False
167251;Single-family house;Single-family house;256595.0;False;;70172;;True;False;False;False;False;False;False;False;;;;;False;False;False
180161;Single-family house;Single-family house;256616.0;False;;70133;;True;True;False;False;False;False;False;False;UNIT_CN;TOU;2023-10-01;2024-10-01;False;False;False
132576;Single-family house;Single-family house;256758.0;False;;70080;9.82;True;False;False;False;False;False;False;False;UNIT_LOW;TOU;2023-10-01;2025-01-01;False;False;False
131468;Single-family house;Single-family house;256831.0;False;;70159;;True;False;False;False;False;False;False;False;;;;;False;False;False
101643;Single-family house;Single-family house;257050.0;False;;70154;;True;False;False;False;False;False;False;False;;;;;False;False;False
174184;Heat pump;Single-family house;257050.0;False;1.0;70152;;False;True;False;False;False;False;False;False;;;;;False;False;False
197792;Common areas;Apartment building;257509.0;False;6.0;70104;;False;False;False;False;False;False;False;False;;;;;False;False;False
130546;Common areas;Apartment building;257555.0;False;6.0;70093;;False;False;False;False;False;False;False;False;;;;;False;False;False
141640;Common areas;Apartment building;257608.0;False;0.0;70051;;False;False;False;False;False;False;False;False;;;;;False;False;False
159283;Single-family house;Single-family house;257638.0;False;;70165;;False;True;False;False;False;False;False;False;;;;;False;False;False
165208;Single-family house;Single-family house;257735.0;False;;70172;;True;True;False;False;False;False;False;False;UNIT_CN;DYN;2023-10-01;2024-10-01;False;False;False
132967;Single-family house;Single-family house;257861.0;False;;70168;;False;False;False;False;False;False;False;False;;;;;False;False;False
154969;Common areas;Apartment building;257969.0;False;8.0;70112;;False;False;False;False;False;False;False;False;;;;;False;False;False
104886;Common areas;Apartment building;258124.0;False;4.0;70043;;True;True;False;False;False;False;False;False;;;;;False;False;False
159919;Single-family house;Single-family house;258171.0;False;;35104;12.124;True;False;False;False;False;False;False;False;;;;;False;False;False
191272;Single-family house;Single-family house;258201.0;False;;70080;;True;True;False;False;False;False;False;False;UNIT_LOW;UNIT;2023-10-01;2025-01-01;True;True;False
104952;Common areas;Apartment building;258226.0;False;8.0;70141;;False;False;False;False;False;False;False;False;;;;;False;False;False
144854;Heating system;Apartment building;258226.0;False;8.0;70148;;False;False;False;False;False;False;False;False;;;;;False;False;False
161921;Common areas;Apartment building;258410.0;False;5.0;70073;;False;False;False;False;False;False;False;False;;;;;False;False;False
159642;Heat pump;Apartment building;258410.0;False;5.0;70068;;False;True;False;False;False;False;False;False;;;;;False;False;False
168558;Single-family house;Single-family house;258451.0;False;;70176;;False;True;True;False;False;False;False;False;UNIT_LOW;UNIT;2023-10-01;2025-01-01;False;False;False
154971;Single-family house;Single-family house;258456.0;False;;70080;;True;False;False;False;False;False;False;False;UNIT_LOW;UNIT;2023-10-01;2025-01-01;False;False;False
196231;Single-family house;Single-family house;258754.0;False;;35040;;True;False;False;False;False;False;False;False;;;;;False;False;False
150847;Single-family house;Single-family house;258775.0;False;;70080;;True;False;False;False;False;False;False;False;UNIT_LOW;UNIT;2023-10-01;2025-01-01;True;False;False
157684;Common areas;Apartment building;259085.0;False;5.0;70161;;False;False;False;False;False;True;False;False;;;;;False;False;False
112346;Single-family house;Single-family house;259244.0;False;;70155;4.288;True;True;True;False;False;False;False;False;UNIT_CN;TOU;2023-10-01;2024-10-01;False;False;False
175827;Single-family house;Single-family house;259718.0;False;;70004;;True;True;False;False;False;False;False;False;;;;;False;False;False
119197;Single-family house;Single-family house;259721.0;False;;70166;;True;False;False;False;False;False;False;False;;;;;False;False;False
169133;Common areas;Apartment building;259737.0;False;4.0;70156;;False;False;False;False;False;False;False;False;;;;;False;False;False
103995;Single-family house;Single-family house;259776.0;False;;69600;11.244;False;False;False;False;False;False;False;False;UNIT_CN;UNIT;2023-10-01;2025-01-01;False;False;False
174473;Single-family house;Single-family house;259897.0;False;;70172;;True;False;False;False;False;True;False;False;UNIT_CN;TOU;2023-10-01;2024-10-01;False;False;False
199529;Single-family house;Single-family house;259947.0;False;;70170;;True;False;False;False;False;False;False;False;;;;;False;False;False
127242;Common areas;Apartment building;259952.0;False;6.0;70126;;False;False;False;False;False;False;False;False;;;;;False;False;False
152770;Heating system;Apartment building;259952.0;False;6.0;70137;;False;True;False;False;False;False;False;False;;;;;False;False;False
178616;Underground garage;Apartment building;259952.0;False;6.0;70141;;False;False;False;False;False;False;False;False;;;;;False;False;False
182426;Single-family house;Single-family house;259956.0;False;;70129;;True;False;False;False;False;False;False;False;;;;;False;False;False
188021;Single-family house;Single-family house;260086.0;False;;35040;;False;True;False;False;False;False;False;False;UNIT_LOW;DYN;2023-10-01;2025-01-01;False;False;True
163724;Common areas;Apartment building;260199.0;False;6.0;70149;;False;False;False;False;False;False;False;False;;;;;False;False;False
189410;Heating system;Apartment building;260199.0;False;6.0;70123;;False;True;False;False;False;False;False;False;;;;;False;False;False
103912;Heat pump;Apartment building;260278.0;False;6.0;70126;;False;True;True;False;False;False;False;False;;;;;False;False;False
144285;Common areas;Apartment building;260802.0;False;3.0;70170;;False;False;False;False;False;False;False;False;;;;;False;False;False
132496;Single-family house;Single-family house;260807.0;False;;70080;;True;False;False;False;False;False;False;False;UNIT_LOW;DYN;2023-10-01;2025-01-01;True;True;False
136140;Single-family house;Single-family house;260832.0;False;;70147;;True;True;False;False;False;False;False;False;;;;;False;False;False
138654;Common areas;Apartment building;260896.0;False;5.0;70149;;False;False;False;False;False;False;False;False;;;;;False;False;False
160482;Heat pump;Apartment building;260896.0;False;5.0;70143;;True;False;False;False;False;False;False;False;;;;;False;False;False
113510;Common areas;Apartment building;261114.0;False;6.0;66927;;False;False;False;False;False;False;False;False;;;;;False;False;False
168845;Single-family house;Single-family house;261487.0;False;;70150;;True;False;False;False;False;False;False;False;;;;;False;False;False
190514;Single-family house;Single-family house;261664.0;False;;70080;;True;True;False;False;False;False;False;False;UNIT_LOW;DYN;2023-10-01;2025-01-01;False;True;False
182618;Single-family house;Single-family house;262031.0;False;;70136;;True;True;True;False;False;False;False;False;;;;;False;False;False
107196;Common areas;Apartment building;262127.0;False;9.0;70110;;False;False;False;False;False;False;False;False;;;;;False;False;False
131581;Common areas;Apartment building;262337.0;False;0.0;70114;;False;False;False;False;False;False;False;False;;;;;False;False;False
168789;Underground garage;Apartment building;262337.0;False;0.0;70110;;False;False;False;False;False;False;False;False;;;;;False;False;False
172691;Underground garage;Apartment building;262337.0;False;0.0;70111;;False;False;False;False;False;False;False;False;;;;;False;False;False
188601;Common areas;Apartment building;262351.0;False;5.0;70051;;False;False;False;False;False;False;False;False;;;;;False;False;False
170079;Water heater;Apartment building;262351.0;False;5.0;70051;;False;False;True;False;False;False;False;False;;;;;False;False;False
164089;Heat pump;Apartment building;262351.0;False;5.0;70046;;False;True;False;False;False;False;False;False;;;;;False;False;False
159780;Single-family house;Single-family house;262357.0;False;;70080;9.356;True;True;False;False;False;False;False;False;UNIT_LOW;DYN;2023-10-01;2025-01-01;True;True;False
166067;Single-family house;Single-family house;262383.0;False;;70080;;True;True;False;False;False;False;False;False;UNIT_LOW;DYN;2023-10-01;2025-01-01;False;False;False
176359;Common areas;Apartment building;262428.0;False;3.0;70145;;False;False;False;False;False;False;False;False;;;;;False;False;False
147509;Single-family house;Single-family house;262560.0;False;;70150;;True;True;False;False;False;False;False;False;;;;;False;False;False
198435;Single-family house;Single-family house;262945.0;False;;70023;;True;False;False;False;False;False;False;False;;;;;False;False;False
191699;Single-family house;Single-family house;263397.0;False;;70149;;True;False;False;False;False;False;False;False;;;;;False;False;False
170067;Heat pump;Apartment building;263579.0;False;2.0;70017;;True;True;True;False;False;False;False;False;;;;;False;False;False
143498;Single-family house;Single-family house;263651.0;False;;70147;;True;True;False;False;False;False;False;False;UNIT_LOW;TOU;2023-10-01;2024-10-01;False;False;False
102893;Common areas;Apartment building;263734.0;False;6.0;70174;;True;False;False;False;False;False;False;False;;;;;False;False;False
186367;Heat pump;Apartment building;263734.0;False;6.0;70136;;False;True;True;False;False;False;False;False;;;;;False;False;False
197964;Common areas;Apartment building;263749.0;False;5.0;70170;;False;False;False;False;False;False;False;False;;;;;False;False;False
152077;Common areas;Apartment building;264286.0;False;3.0;22205;;False;False;False;False;False;False;False;False;UNIT_LOW;DYN;2023-10-01;2025-01-01;False;False;False
147883;Heat pump;Apartment building;264286.0;False;3.0;70080;;True;True;False;False;False;False;False;False;UNIT_LOW;DYN;2023-10-01;2025-01-01;False;False;False
186745;Single-family house;Single-family house;264660.0;False;;70170;;True;True;True;False;False;False;False;False;;;;;False;False;False
192221;Single-family house;Single-family house;264788.0;False;;70125;;True;False;False;False;False;True;False;False;;;;;False;False;False
186940;Underground garage;Underground garage;264968.0;False;0.0;56845;;False;False;False;False;False;False;False;False;;;;;False;False;False
148685;Common areas;Apartment building;265114.0;False;9.0;70098;;False;False;False;False;False;False;False;False;;;;;False;False;False
197424;Single-family house;Single-family house;265301.0;False;;70170;;True;False;False;False;False;False;False;False;;;;;False;False;False
167757;Heat pump;Single-family house;265301.0;False;1.0;70170;;False;True;False;False;False;False;False;False;;;;;False;False;False
161903;Single-family house;Single-family house;265461.0;False;;70131;;True;True;False;False;False;False;False;False;;;;;False;False;False
109680;Common areas;Apartment building;266225.0;False;6.0;70144;;False;False;False;False;False;False;False;False;;;;;False;False;False
199400;Single-family house;Single-family house;266310.0;False;;70080;;True;True;False;False;False;False;False;False;UNIT_LOW;UNIT;2023-10-01;2025-01-01;False;False;False
137465;Single-family house;Single-family house;266372.0;False;;70150;;False;False;False;True;False;False;False;False;;;;;False;False;False
111629;Heat pump;Single-family house;266372.0;False;1.0;70150;;False;True;False;False;False;False;False;False;;;;;False;False;False
168165;Single-family house;Single-family house;266496.0;False;;70167;;False;False;False;False;False;False;False;False;;;;;False;False;False
190300;Single-family house;Single-family house;266541.0;False;;70176;;True;True;True;False;False;False;False;False;UNIT_LOW;UNIT;2023-10-01;2025-01-01;False;False;False
172702;Single-family house;Single-family house;266611.0;False;;35040;;True;True;True;False;False;False;False;False;;;;;False;False;False
194169;Common areas;Single-family house;266619.0;False;2.0;70135;;False;False;False;False;False;False;False;False;;;;;False;False;False
162999;Heat pump;Single-family house;266619.0;False;2.0;70164;;False;True;True;False;False;False;False;False;;;;;False;False;False
147147;Single-family house;Single-family house;266965.0;False;;70147;;False;False;False;False;False;False;False;False;;;;;False;False;False
141563;Common areas;Apartment building;266982.0;False;4.0;70140;;False;False;False;False;False;False;False;False;;;;;False;False;False
142975;Single-family house;Single-family house;267189.0;False;;70134;;False;False;False;False;False;False;False;False;UNIT_LOW;TOU;2023-10-01;2024-10-01;False;False;False
107655;Heat pump;Single-family house;267189.0;False;1.0;70134;;True;True;False;False;False;False;False;False;UNIT_LOW;TOU;2023-10-01;2024-10-01;False;False;False
144492;Single-family house;Single-family house;267204.0;False;;70166;;False;False;False;False;False;False;False;False;;;;;False;False;False
103491;Single-family house;Single-family house;267343.0;False;;69504;;True;False;False;False;False;True;False;False;UNIT_LOW;UNIT;2023-10-01;2025-01-01;True;False;False
101615;Common areas;Apartment building;267555.0;False;5.0;70051;;False;False;False;False;False;False;False;False;;;;;False;False;False
160904;Heat pump;Apartment building;267555.0;False;5.0;70051;;False;True;False;False;False;False;False;False;;;;;False;False;False
167494;Single-family house;Single-family house;267596.0;False;;70143;;False;False;False;False;False;False;False;False;;;;;False;False;False
167901;Common areas;Single-family house;267596.0;False;1.0;70102;;True;False;False;False;False;False;False;False;;;;;False;False;False
178857;Single-family house;Single-family house;267650.0;False;;70176;;True;True;False;False;False;False;False;False;UNIT_LOW;DYN;2023-10-01;2025-01-01;True;True;False
185389;Common areas;Apartment building;267796.0;False;5.0;18128;;False;False;False;False;False;False;False;False;;;;;False;False;False
185924;Single-family house;Single-family house;268338.0;False;;70172;;True;True;False;False;False;False;False;False;UNIT_CN;DYN;2023-10-01;2024-10-01;False;False;False
174098;Single-family house;Single-family house;268436.0;False;;70080;;True;True;False;False;False;False;False;False;UNIT_LOW;UNIT;2023-10-01;2025-01-01;True;True;False
192384;Single-family house;Single-family house;268444.0;False;;27098;;True;True;True;False;False;False;False;False;;;;;False;False;False
167580;Single-family house;Single-family house;268513.0;False;;70027;;True;True;True;False;False;False;False;False;;;;;False;False;False
110260;Single-family house;Single-family house;268568.0;False;;70080;;False;False;False;False;False;False;False;False;UNIT_CN;DYN;2023-10-01;2024-10-01;False;False;False
180492;Single-family house;Single-family house;268591.0;False;;70080;6.28;True;True;True;False;False;False;False;False;UNIT_LOW;DYN;2023-10-01;2025-01-01;True;True;False
120560;Common areas;Apartment building;268844.0;True;38.0;70165;;False;False;False;False;False;False;False;False;;;;;False;False;False
138112;Common areas;Apartment building;268844.0;True;38.0;70141;;False;False;False;False;False;False;False;False;;;;;False;False;False
166085;Common areas;Apartment building;268844.0;True;38.0;70170;;False;False;False;False;False;False;False;False;;;;;False;False;False
173703;Common areas;Apartment building;268844.0;True;38.0;23671;;False;False;False;False;False;False;False;False;;;;;False;False;False
182813;Heat pump;Apartment building;268844.0;True;38.0;70014;;False;False;False;False;False;False;False;False;;;;;False;False;False
167337;EV charging station;Apartment building;268844.0;True;38.0;53901;;False;False;False;False;False;False;False;False;;;;;False;False;False
130997;Single-family house;Single-family house;268903.0;False;;70132;;True;False;False;False;False;False;False;False;;;;;False;False;False
127541;Single-family house;Single-family house;268963.0;False;;35105;0.456;True;False;False;False;False;False;False;False;UNIT_LOW;TOU;2023-10-01;2024-10-01;False;False;False
157756;Single-family house;Single-family house;268974.0;False;;70080;;False;True;True;False;False;False;False;False;UNIT_LOW;UNIT;2023-10-01;2025-01-01;False;False;False
182210;Single-family house;Single-family house;269249.0;False;;70154;;True;True;False;False;False;False;False;False;;;;;False;False;False
149257;Single-family house;Single-family house;269300.0;False;;70165;;True;True;True;False;True;False;False;True;UNIT_LOW;UNIT;2023-10-01;2025-01-01;False;False;True
193269;Single-family house;Single-family house;269358.0;False;;70151;;True;True;True;False;False;False;False;False;;;;;False;False;False
109685;Single-family house;Single-family house;269363.0;False;;70160;;True;True;False;False;False;False;False;False;;;;;False;False;False
172892;Single-family house;Single-family house;269398.0;False;;70176;;True;True;False;False;False;False;False;False;UNIT_LOW;TOU;2023-10-01;2025-01-01;True;True;False
166924;Single-family house;Single-family house;269647.0;False;;35040;;True;False;False;False;False;False;False;False;;;;;False;False;False
176169;Common areas;Apartment building;269796.0;False;6.0;69912;;False;False;False;False;False;False;False;False;;;;;False;False;False
146438;Common areas;Apartment building;269920.0;False;0.0;70170;;False;False;False;False;False;False;False;False;;;;;False;False;False
156265;Single-family house;Single-family house;270111.0;False;;35040;;True;True;False;False;False;False;False;False;UNIT_CN;TOU;2023-10-01;2024-10-01;False;False;False
190457;Single-family house;Single-family house;270172.0;False;;70080;;True;True;False;False;False;False;False;False;UNIT_LOW;DYN;2023-10-01;2025-01-01;True;True;False
132482;Single-family house;Single-family house;270389.0;False;;35040;;True;True;False;False;False;False;False;False;UNIT_CN;DYN;2023-10-01;2024-10-01;False;False;False
156875;Common areas;Apartment building;270794.0;False;0.0;70051;;False;False;False;False;False;False;False;False;;;;;False;False;False
165748;Common areas;Apartment building;270794.0;False;0.0;69839;;False;False;False;False;False;False;False;False;;;;;False;False;False
166814;Underground garage;Apartment building;270794.0;False;0.0;70073;;False;False;False;False;False;False;False;False;;;;;False;False;False
183950;Common areas;Apartment building;270801.0;False;6.0;51656;;False;False;False;False;False;False;False;False;;;;;False;False;False
117177;Single-family house;Single-family house;270845.0;False;;70156;;True;True;False;False;False;False;False;False;;;;;False;False;False
151683;Single-family house;Single-family house;270897.0;False;;70135;;False;False;False;False;False;False;False;False;;;;;False;False;False
100606;Single-family house;Single-family house;270960.0;False;;70051;;True;True;False;False;True;False;False;False;UNIT_LOW;TOU;2023-10-01;2024-10-01;False;False;False
159403;Single-family house;Single-family house;271046.0;False;;70172;;False;False;False;False;False;True;False;False;;;;;False;False;False
150960;Common areas;Apartment building;271052.0;False;5.0;70136;;False;False;False;False;False;False;False;False;;;;;False;False;False
198681;Single-family house;Single-family house;271228.0;False;;70080;7.416;True;True;False;False;False;False;False;False;UNIT_LOW;DYN;2023-10-01;2025-01-01;True;True;False
113377;Single-family house;Single-family house;271353.0;False;;70165;9.256;False;False;False;False;False;False;False;False;UNIT_LOW;DYN;2023-10-01;2025-01-01;False;False;False
104954;Single-family house;Single-family house;271586.0;False;;70080;;False;True;True;False;False;False;False;False;UNIT_LOW;UNIT;2023-10-01;2025-01-01;False;False;False
148461;Single-family house;Single-family house;271630.0;False;;70080;;True;True;False;False;False;False;False;False;UNIT_LOW;UNIT;2023-10-01;2025-01-01;True;True;False
190014;Single-family house;Single-family house;271679.0;False;;70147;;True;True;False;False;False;False;False;False;UNIT_LOW;DYN;2023-10-01;2024-10-01;False;False;False
100092;Single-family house;Single-family house;271756.0;False;;70158;;True;True;False;False;False;False;False;False;UNIT_CN;DYN;2023-10-01;2024-10-01;False;False;False
167848;Single-family house;Single-family house;271795.0;False;;70080;9.272;False;False;False;False;True;False;False;False;UNIT_CN;DYN;2023-10-01;2025-01-01;False;False;False
170701;Single-family house;Single-family house;271933.0;False;;70151;;True;False;False;False;False;False;False;False;;;;;False;False;False
140970;Single-family house;Single-family house;272068.0;False;;70080;;True;False;False;False;False;False;False;False;UNIT_LOW;UNIT;2023-10-01;2025-01-01;True;False;False
134262;Single-family house;Single-family house;272296.0;False;;36385;;False;True;False;False;False;False;False;False;;;;;False;False;False
154998;Common areas;Apartment building;272407.0;False;4.0;70143;;False;False;False;False;False;False;False;False;;;;;False;False;False
191622;Common areas;Apartment building;272407.0;False;4.0;70143;;False;False;False;False;False;False;False;False;;;;;False;False;False
141016;Heat pump;Apartment building;272407.0;False;4.0;70143;;False;False;False;False;False;False;False;False;;;;;False;False;False
144380;Underground garage;Apartment building;272407.0;False;4.0;70135;;False;False;False;False;False;False;False;False;;;;;False;False;False
163118;Common areas;Apartment building;272590.0;False;9.0;69784;;False;False;False;False;False;False;False;False;;;;;False;False;False
197448;Heat pump;Apartment building;272590.0;False;9.0;70095;;False;False;False;False;False;False;False;False;;;;;False;False;False
116330;Heat pump;Single-family house;272714.0;False;3.0;68676;;False;True;False;False;False;False;False;False;UNIT_LOW;DYN;2023-10-01;2025-01-01;False;False;False
107253;Single-family house;Single-family house;273064.0;False;;35136;8.5;True;False;False;False;True;False;False;False;;;;;False;False;False
133400;Common areas;Apartment building;273241.0;False;6.0;70139;;False;False;False;False;False;False;False;False;;;;;False;False;False
174933;Heat pump;Apartment building;273241.0;False;6.0;70139;;True;True;True;False;False;False;False;False;;;;;False;False;False
109970;Single-family house;Single-family house;273672.0;False;;55634;;False;False;False;False;False;False;False;False;;;;;False;False;False
187168;Single-family house;Single-family house;273729.0;False;;70139;;True;False;False;False;False;True;False;False;;;;;False;False;False
102683;Common areas;Apartment building;273845.0;False;6.0;70164;;False;False;False;False;False;False;False;False;;;;;False;False;False
146965;Single-family house;Single-family house;273972.0;False;;70165;;True;True;False;False;False;False;False;False;;;;;False;False;False
147383;Single-family house;Single-family house;274387.0;False;;70170;;True;True;False;False;False;False;False;False;;;;;False;False;False
179298;Single-family house;Single-family house;274531.0;False;;70150;;True;False;False;False;False;True;False;False;;;;;False;False;False
145421;Single-family house;Single-family house;274561.0;False;;68238;;True;True;False;False;False;False;False;False;;;;;False;False;False
152601;Single-family house;Single-family house;274847.0;False;;70097;;False;False;False;False;False;False;False;False;;;;;False;False;False
182537;Common areas;Apartment building;274982.0;False;6.0;70024;;False;False;False;False;False;False;False;False;;;;;False;False;False
127233;Heat pump;Apartment building;274982.0;False;6.0;70020;;False;True;False;False;False;False;False;False;;;;;False;False;False
176233;Underground garage;Apartment building;274982.0;False;6.0;70022;;False;False;False;False;False;False;False;False;;;;;False;False;False
111754;Common areas;Apartment building;274987.0;True;24.0;70142;;False;False;False;False;False;False;False;False;;;;;False;False;False
196102;Common areas;Apartment building;274987.0;True;24.0;70147;;False;False;False;False;False;False;False;False;;;;;False;False;False
197873;Heat pump;Apartment building;274987.0;True;24.0;70172;;False;False;False;False;False;False;False;False;;;;;False;False;False
153318;Apartment;Single-family house;274995.0;False;;70147;;False;False;False;False;False;False;False;False;;;;;False;False;False
151775;Heat pump;Single-family house;274995.0;False;1.0;70150;;True;True;False;False;False;False;False;False;;;;;False;False;False
169406;Single-family house;Single-family house;275056.0;False;;70141;;True;True;False;False;False;False;False;False;;;;;False;False;False
136476;Common areas;Apartment building;275265.0;False;5.0;70045;;False;False;False;False;False;False;False;False;;;;;False;False;False
145524;Heat pump;Apartment building;275265.0;False;5.0;70068;;False;True;False;False;False;False;False;False;;;;;False;False;False
154873;Common areas;Apartment building;275406.0;False;6.0;70170;;False;False;False;False;False;False;False;False;;;;;False;False;False
153444;Heat pump;Apartment building;275406.0;False;6.0;70170;;False;True;False;False;False;False;False;False;;;;;False;False;False
178744;Heat pump;Single-family house;275458.0;False;2.0;70150;;False;True;True;False;False;False;False;False;;;;;False;False;False
100150;Single-family house;Single-family house;275506.0;False;;70126;;True;True;True;False;False;False;False;False;UNIT_CN;DYN;2023-10-01;2025-01-01;False;False;False
196511;Single-family house;Single-family house;275678.0;False;;70152;;True;True;False;False;False;False;False;False;;;;;False;False;False
139652;Single-family house;Single-family house;275699.0;False;;70159;;True;True;False;False;False;False;False;False;UNIT_CN;TOU;2023-10-01;2024-10-01;False;False;False
181187;Single-family house;Single-family house;275735.0;False;;70176;;True;False;False;False;False;False;False;False;UNIT_LOW;DYN;2023-10-01;2025-01-01;False;False;False
144823;Heat pump;Single-family house;275735.0;False;1.0;70176;;False;True;False;False;False;False;False;False;UNIT_LOW;DYN;2023-10-01;2025-01-01;False;False;False
189841;Single-family house;Single-family house;275749.0;False;;70134;;True;True;False;False;False;False;False;False;;;;;False;False;False
163817;Single-family house;Single-family house;276126.0;False;;70176;;False;False;False;False;False;False;False;False;UNIT_CN;DYN;2023-10-01;2025-01-01;False;False;False
163279;Single-family house;Single-family house;276221.0;False;;70080;;False;False;False;False;False;False;True;False;UNIT_CN;DYN;2023-10-01;2025-01-01;False;False;False
113552;Common areas;Apartment building;276287.0;False;5.0;70075;;False;False;False;False;False;False;False;False;;;;;False;False;False
133281;Heat pump;Apartment building;276287.0;False;5.0;70049;;False;True;False;False;False;False;False;False;;;;;False;False;False
103822;Common areas;Apartment building;276572.0;False;6.0;70098;;False;False;False;False;False;False;False;False;;;;;False;False;False
186281;Single-family house;Single-family house;276576.0;False;;35136;7.692;True;True;True;False;False;False;False;False;UNIT_CN;TOU;2023-10-01;2025-01-01;False;False;False
182656;Common areas;Apartment building;276600.0;False;15.0;17951;;False;False;False;False;False;False;False;False;;;;;False;False;False
100743;Single-family house;Single-family house;276876.0;False;;70176;;True;True;True;False;False;False;False;False;UNIT_LOW;UNIT;2023-10-01;2025-01-01;True;True;False
171866;Heat pump;Single-family house;276878.0;False;2.0;70165;;True;True;False;False;False;False;False;False;;;;;False;False;False
155063;Single-family house;Single-family house;276897.0;False;;70150;;True;True;False;False;False;False;False;False;;;;;False;False;False
141037;Common areas;Apartment building;276989.0;False;5.0;70170;;False;False;False;False;False;False;False;False;;;;;False;False;False
163378;Common areas;Apartment building;277183.0;False;5.0;70051;;False;False;False;False;False;False;False;False;;;;;False;False;False
164206;Heat pump;Apartment building;277183.0;False;5.0;70043;;False;True;False;False;False;False;False;False;;;;;False;False;False
175052;Common areas;Apartment building;277226.0;False;7.0;70164;;False;False;False;False;False;False;True;False;;;;;False;False;False
187569;Single-family house;Single-family house;277337.0;False;;70111;;True;False;False;False;False;False;False;False;;;;;False;False;False
136407;Single-family house;Single-family house;277531.0;False;;70160;;False;False;False;False;False;False;False;False;;;;;False;False;False
149618;Single-family house;Single-family house;277608.0;False;;67350;;True;True;False;False;False;False;False;False;;;;;False;False;False
122969;Common areas;Underground garage;277844.0;False;0.0;70172;;False;False;False;False;False;False;False;False;;;;;False;False;False
189416;Single-family house;Single-family house;278040.0;False;;70080;;False;False;False;False;False;False;False;False;UNIT_CN;DYN;2023-10-01;2025-01-01;False;False;False
185193;Common areas;Apartment building;278408.0;False;3.0;69069;;False;False;False;False;False;False;False;False;;;;;False;False;False
193547;Common areas;Apartment building;278673.0;False;12.0;70172;;False;False;False;False;False;False;False;False;;;;;False;False;False
110905;Heat pump;Apartment building;278673.0;False;12.0;70170;;True;True;False;False;False;False;False;False;;;;;False;False;False
154058;Common areas;Underground garage;278698.0;False;0.0;70020;;False;False;False;False;False;False;False;False;;;;;False;False;False
197805;Common areas;Underground garage;278698.0;False;0.0;70025;;False;False;False;False;False;False;False;False;;;;;False;False;False
186450;Single-family house;Single-family house;278872.0;False;;70148;;True;True;False;False;False;False;False;False;;;;;False;False;False
155134;Single-family house;Single-family house;279072.0;False;;70080;;True;False;False;False;False;True;False;False;UNIT_LOW;TOU;2023-10-01;2025-01-01;False;False;False
157617;Single-family house;Single-family house;279350.0;False;;70144;;True;False;False;False;False;False;False;False;;;;;False;False;False
118895;Common areas;Apartment building;279440.0;False;6.0;60591;;False;False;False;False;False;False;False;False;;;;;False;False;False
166871;Single-family house;Single-family house;279556.0;False;;70080;;True;True;False;False;False;False;False;False;UNIT_LOW;DYN;2023-10-01;2025-01-01;True;True;False
118788;Single-family house;Single-family house;279873.0;False;;70080;12.48;True;True;False;False;False;False;False;False;UNIT_LOW;DYN;2023-10-01;2025-01-01;True;True;False
146192;Single-family house;Single-family house;279944.0;False;;35040;;True;True;False;False;False;False;False;False;UNIT_CN;TOU;2023-10-01;2024-10-01;False;False;False
163374;Single-family house;Single-family house;279948.0;False;;70176;;False;True;True;True;False;False;False;False;UNIT_LOW;UNIT;2023-10-01;2025-01-01;True;True;False
130481;Single-family house;Single-family house;280212.0;False;;70080;8.864;True;True;False;False;False;False;False;False;UNIT_LOW;UNIT;2023-10-01;2025-01-01;False;True;False
112014;Single-family house;Single-family house;280213.0;False;;70079;;False;False;False;False;True;False;False;False;UNIT_CN;TOU;2023-10-01;2025-01-01;False;False;False
154364;Single-family house;Single-family house;280332.0;False;;70080;;True;True;False;False;False;False;False;False;;;;;False;False;False
131225;Single-family house;Single-family house;280472.0;False;;34944;;False;True;True;False;False;False;False;False;UNIT_LOW;UNIT;2023-10-01;2025-01-01;False;False;False
133620;Underground garage;Apartment building;280474.0;False;0.0;70164;;False;False;False;False;False;False;False;False;;;;;False;False;False
159701;Common areas;Apartment building;280515.0;False;6.0;60869;;False;False;False;False;False;False;False;False;;;;;False;False;False
140211;Single-family house;Single-family house;280739.0;False;;70146;;False;False;False;False;False;False;False;False;;;;;False;False;False
199028;Single-family house;Single-family house;280908.0;False;;35040;;True;False;False;False;False;False;False;False;;;;;False;False;False
153119;Single-family house;Single-family house;280919.0;False;;70000;;True;True;False;False;False;False;True;False;UNIT_CN;TOU;2023-10-01;2024-10-01;False;False;False
177004;Single-family house;Single-family house;281012.0;False;;35105;0.488;True;True;False;False;False;False;False;False;UNIT_LOW;TOU;2023-10-01;2024-10-01;False;False;False
188209;Single-family house;Single-family house;281074.0;False;;35099;9.736;True;False;False;False;True;False;False;False;;;;;False;False;False
131697;Single-family house;Single-family house;281325.0;False;;70080;;True;True;False;False;True;False;False;False;;;;;False;False;False
184171;Single-family house;Single-family house;281578.0;False;;70080;;True;False;False;False;False;True;False;False;UNIT_LOW;DYN;2023-10-01;2025-01-01;True;False;False
126043;Single-family house;Single-family house;281797.0;False;;70163;;True;False;False;False;False;False;False;False;;;;;False;False;False
165236;Common areas;Apartment building;281829.0;False;7.0;70135;;False;False;False;False;False;False;False;False;;;;;False;False;False
144431;Single-family house;Single-family house;281927.0;False;;70080;;False;True;True;False;False;False;False;False;UNIT_LOW;UNIT;2023-10-01;2025-01-01;False;False;False
131904;Single-family house;Single-family house;281929.0;False;;70152;;True;False;False;False;False;False;True;False;;;;;False;False;False
123479;Single-family house;Single-family house;281992.0;False;;70146;;True;False;False;False;False;False;True;False;;;;;False;False;False
173676;Common areas;Apartment building;282047.0;False;6.0;69927;;False;False;False;False;False;False;False;False;;;;;False;False;False
152984;Single-family house;Single-family house;282096.0;False;;70080;;True;False;False;False;False;True;False;False;UNIT_LOW;TOU;2023-10-01;2025-01-01;True;False;False
116288;Single-family house;Single-family house;282469.0;False;;70136;;True;True;False;False;False;False;False;False;UNIT_CN;TOU;2023-10-01;2024-10-01;False;False;False
144192;Single-family house;Single-family house;282488.0;False;;70080;;True;False;False;False;False;True;False;False;UNIT_LOW;TOU;2023-10-01;2025-01-01;False;False;False
189944;Common areas;Apartment building;282704.0;False;5.0;70143;;False;False;False;False;False;False;False;False;;;;;False;False;False
134312;Single-family house;Single-family house;282862.0;False;;70159;;True;True;False;False;False;False;False;False;UNIT_CN;TOU;2023-10-01;2024-10-01;False;False;False
125176;Heat pump;Single-family house;282995.0;False;2.0;25819;;False;True;False;False;False;False;False;False;UNIT_CN;DYN;2023-10-01;2025-01-01;False;False;False
184144;Common areas;Apartment building;283149.0;False;5.0;70025;;False;False;False;False;False;False;False;False;;;;;False;False;False
116936;Single-family house;Single-family house;283189.0;False;;70150;;False;True;True;False;False;False;False;False;;;;;False;False;False
179280;Single-family house;Single-family house;283190.0;False;;70109;;True;False;False;False;False;False;False;False;;;;;False;False;False
153112;Single-family house;Single-family house;283238.0;False;;61335;;True;False;False;False;False;False;False;False;;;;;False;False;False
189735;Common areas;Apartment building;283330.0;False;15.0;70128;;False;False;False;False;False;False;False;False;;;;;False;False;False
193162;Single-family house;Single-family house;283645.0;False;;69998;;True;False;False;False;False;False;False;False;;;;;False;False;False
155914;Single-family house;Single-family house;283682.0;False;;70149;6.424;True;True;False;False;False;False;False;False;;;;;False;False;False
171530;Single-family house;Single-family house;283715.0;False;;70176;;False;False;False;False;False;False;False;False;UNIT_CN;UNIT;2023-10-01;2025-01-01;False;False;False
185618;Single-family house;Single-family house;283816.0;False;;70133;;True;False;False;False;False;False;False;False;;;;;False;False;False
178964;Single-family house;Single-family house;283943.0;False;;70141;;True;False;False;False;False;False;False;False;;;;;False;False;False
188655;Common areas;Apartment building;284045.0;False;5.0;60924;;False;False;False;False;False;False;False;False;;;;;False;False;False
169416;Single-family house;Single-family house;284327.0;False;;70143;;True;False;False;False;False;False;False;False;UNIT_LOW;TOU;2023-10-01;2024-10-01;False;False;False
116806;Heat pump;Single-family house;284488.0;False;2.0;69937;;True;True;True;False;False;False;False;False;;;;;False;False;False
118067;Common areas;Apartment building;285006.0;False;4.0;70114;;True;False;False;False;False;False;False;False;;;;;False;False;False
146061;Heat pump;Apartment building;285006.0;False;4.0;70111;;False;True;True;False;False;False;False;False;;;;;False;False;False
111857;Single-family house;Single-family house;285167.0;False;;70144;;False;False;False;False;False;False;True;False;UNIT_CN;TOU;2023-10-01;2024-10-01;False;False;False
129643;Common areas;Apartment building;285217.0;False;8.0;70152;;False;False;False;False;False;False;False;False;;;;;False;False;False
136916;Apartment;Single-family house;285260.0;False;;66845;;False;False;False;False;False;False;False;False;;;;;False;False;False
180146;Single-family house;Single-family house;285514.0;False;;70153;;False;False;False;False;False;False;False;False;;;;;False;False;False
166206;Single-family house;Single-family house;286395.0;False;;70139;;False;False;False;False;False;False;False;False;;;;;False;False;False
171890;Heat pump;Single-family house;286395.0;False;1.0;70135;;True;True;False;False;False;False;False;False;;;;;False;False;False
111381;Single-family house;Single-family house;286399.0;False;;68674;;False;False;False;False;False;False;False;False;UNIT_CN;DYN;2023-10-01;2025-01-01;False;False;False
135945;Single-family house;Single-family house;286495.0;False;;68675;;True;False;False;False;False;False;False;False;UNIT_LOW;DYN;2023-10-01;2025-01-01;True;True;False
117541;Heat pump;Single-family house;286495.0;False;1.0;70080;;False;True;False;False;False;False;False;False;UNIT_LOW;DYN;2023-10-01;2025-01-01;True;True;False
124997;Single-family house;Single-family house;286566.0;False;;33067;7.768;True;True;True;False;False;False;False;False;UNIT_CN;TOU;2023-10-01;2024-10-01;False;False;False
135848;Single-family house;Single-family house;286633.0;False;;70137;;True;False;False;False;False;True;False;False;UNIT_CN;TOU;2023-10-01;2024-10-01;False;False;False
113236;Single-family house;Single-family house;286640.0;False;;70065;;True;True;False;False;False;False;False;False;;;;;False;False;False
173412;Single-family house;Single-family house;286745.0;False;;35040;;True;True;False;False;False;False;False;False;;;;;False;False;False
149351;Single-family house;Single-family house;286850.0;False;;70176;;True;False;False;False;False;False;False;False;UNIT_LOW;UNIT;2023-10-01;2025-01-01;True;False;False
185196;Single-family house;Single-family house;286874.0;False;;70043;;False;False;False;False;False;False;False;False;UNIT_CN;TOU;2023-10-01;2024-10-01;False;False;False
184131;Single-family house;Single-family house;286909.0;False;;66833;9.6;False;True;False;False;False;False;False;False;UNIT_LOW;DYN;2023-10-01;2025-01-01;True;True;False
168556;Single-family house;Single-family house;286912.0;False;;67330;;True;False;False;False;True;False;False;True;UNIT_LOW;TOU;2023-10-01;2025-01-01;True;True;False
117754;Single-family house;Single-family house;286958.0;False;;70170;;True;True;False;False;False;False;False;False;UNIT_LOW;UNIT;2023-10-01;2025-01-01;False;False;True
195986;Common areas;Apartment building;287049.0;False;8.0;70148;;False;False;False;False;False;False;False;False;;;;;False;False;False
116162;Common areas;Apartment building;287137.0;False;4.0;70141;;False;False;False;False;False;False;False;False;;;;;False;False;False
129778;EV charging station;Apartment building;287137.0;False;4.0;17400;;False;False;False;False;True;False;False;False;;;;;False;False;False
126780;Common areas;Apartment building;287520.0;False;2.0;70073;;True;True;False;False;False;False;False;False;;;;;False;False;False
153673;Single-family house;Single-family house;287700.0;False;;70140;;True;False;False;False;False;True;True;False;;;;;False;False;False
123129;Single-family house;Single-family house;287769.0;False;;70027;;False;False;False;False;False;False;False;False;;;;;False;False;False
184857;Single-family house;Single-family house;287977.0;False;;70153;;True;True;True;False;False;False;False;False;;;;;False;False;False
129219;Common areas;Apartment building;288176.0;False;5.0;70073;;False;False;False;False;False;False;False;False;;;;;False;False;False
153469;Heat pump;Apartment building;288176.0;False;5.0;70073;;False;True;False;False;False;False;False;False;;;;;False;False;False
129726;Heat pump;Apartment building;288191.0;False;10.0;70018;;True;False;True;False;False;False;False;False;;;;;False;False;False
112124;Common areas;Apartment building;288416.0;False;4.0;70170;;False;False;False;False;False;False;False;False;;;;;False;False;False
158219;Common areas;Apartment building;288525.0;False;5.0;70153;;True;False;False;False;False;False;False;False;UNIT_CN;DYN;2023-10-01;2024-10-01;False;False;False
108304;Heat pump;Apartment building;288525.0;False;5.0;70174;;False;True;False;False;False;False;False;False;UNIT_CN;DYN;2023-10-01;2024-10-01;False;False;False
119559;Single-family house;Single-family house;288755.0;False;;10693;;False;False;False;False;False;False;False;False;;;;;False;False;False
149772;Common areas;Apartment building;288916.0;False;5.0;70172;;False;False;False;False;False;False;False;False;;;;;False;False;False
166358;Heat pump;Apartment building;288916.0;False;5.0;70116;;False;False;False;False;False;False;False;False;;;;;False;False;False
130824;Common areas;Apartment building;289013.0;False;4.0;70073;;False;False;False;False;False;False;False;False;;;;;False;False;False
179746;Heat pump;Apartment building;289013.0;False;4.0;70044;;False;True;False;False;False;False;False;False;;;;;False;False;False
177585;Common areas;Apartment building;289063.0;False;5.0;70170;;False;False;False;False;False;False;False;False;;;;;False;False;False
140944;Heat pump;Apartment building;289063.0;False;5.0;70172;;True;False;False;False;False;False;False;False;;;;;False;False;False
120624;Common areas;Apartment building;289072.0;True;19.0;42563;;False;False;False;False;False;False;False;False;;;;;False;False;False
125769;Common areas;Apartment building;289072.0;True;19.0;43019;;False;False;False;False;False;False;False;False;;;;;False;False;False
125981;Common areas;Apartment building;289072.0;True;19.0;23989;;False;False;False;False;False;False;False;False;;;;;False;False;False
140292;Heat pump;Apartment building;289072.0;True;19.0;43183;;False;False;False;False;False;False;False;False;;;;;False;False;False
105444;Single-family house;Single-family house;289112.0;False;;70176;;True;False;False;False;False;False;False;False;UNIT_LOW;UNIT;2023-10-01;2025-01-01;True;False;False
131387;Common areas;Apartment building;289199.0;False;5.0;70073;;False;False;False;False;False;False;False;False;;;;;False;False;False
186702;Heat pump;Apartment building;289199.0;False;5.0;70051;;False;False;False;False;False;False;False;False;;;;;False;False;False
175715;Single-family house;Single-family house;289243.0;False;;67333;;False;False;False;False;False;False;True;False;UNIT_CN;DYN;2023-10-01;2025-01-01;False;False;False
133165;Single-family house;Single-family house;289388.0;False;;70143;;False;False;False;False;False;False;False;False;;;;;False;False;False
150454;Single-family house;Single-family house;289500.0;False;;69411;;True;True;True;False;False;False;False;False;;;;;False;False;False
177478;Underground garage;Underground garage;289593.0;False;0.0;70080;;False;False;False;False;False;False;False;False;UNIT_LOW;DYN;2023-10-01;2025-01-01;False;False;False
101672;Single-family house;Single-family house;289862.0;False;;70109;;True;True;False;False;False;False;False;False;UNIT_CN;DYN;2023-10-01;2024-10-01;False;False;False
110874;Common areas;Apartment building;290057.0;False;6.0;45882;;False;False;False;False;False;False;False;False;;;;;False;False;False
160216;Single-family house;Single-family house;290129.0;False;;70150;;False;False;False;False;False;False;False;False;UNIT_LOW;DYN;2023-10-01;2025-01-01;False;False;False
110598;Single-family house;Single-family house;290317.0;False;;70150;;True;False;False;False;False;True;False;False;;;;;False;False;False
135079;Single-family house;Single-family house;290331.0;False;;70111;;True;False;False;False;False;False;False;False;;;;;False;False;False
191628;Single-family house;Single-family house;290436.0;False;;70138;;False;False;False;False;False;False;False;False;;;;;False;False;False
163258;Single-family house;Single-family house;290645.0;False;;35119;0.216;True;True;False;False;False;False;False;False;UNIT_CN;DYN;2023-10-01;2024-10-01;False;False;False
107895;Single-family house;Single-family house;290928.0;False;;35040;;False;True;True;True;False;False;False;False;;;;;False;False;False
139480;Single-family house;Single-family house;290959.0;False;;70159;;True;True;False;False;False;False;False;False;;;;;False;False;False
128764;Common areas;Apartment building;291117.0;False;9.0;70146;;True;False;False;False;False;False;False;False;;;;;False;False;False
186707;Common areas;Apartment building;291118.0;False;10.0;70050;;True;False;False;False;False;False;False;False;;;;;False;False;False
149507;Heat pump;Apartment building;291118.0;False;10.0;70023;;False;True;False;False;False;False;False;False;;;;;False;False;False
198492;Single-family house;Single-family house;291129.0;False;;70080;;True;False;False;False;False;True;False;False;UNIT_LOW;TOU;2023-10-01;2025-01-01;True;False;False
173276;Single-family house;Single-family house;291232.0;False;;70162;;True;False;False;False;False;False;False;False;;;;;False;False;False
195760;Heat pump;Single-family house;291232.0;False;1.0;70167;;False;True;False;False;False;False;False;False;;;;;False;False;False
122669;Single-family house;Single-family house;291289.0;False;;70170;;True;False;False;False;False;False;False;False;;;;;False;False;False
161197;Common areas;Apartment building;291583.0;False;5.0;70029;;False;False;False;False;False;False;False;False;;;;;False;False;False
149248;Heat pump;Apartment building;291583.0;False;5.0;70022;;True;True;False;False;False;False;False;False;;;;;False;False;False
148547;Single-family house;Single-family house;291607.0;False;;31855;;True;False;False;False;False;False;False;False;UNIT_LOW;UNIT;2023-10-01;2024-10-01;False;False;False
135925;Heat pump;Single-family house;291607.0;False;1.0;70145;;False;True;False;False;False;False;False;False;UNIT_LOW;UNIT;2023-10-01;2024-10-01;False;False;False
134324;Common areas;Apartment building;291798.0;False;6.0;70108;;False;False;False;False;False;False;False;False;;;;;False;False;False
179477;Heat pump;Apartment building;291798.0;False;6.0;70127;;False;False;False;False;False;False;False;False;;;;;False;False;False
100488;Single-family house;Single-family house;291948.0;False;;70163;;True;False;False;False;False;False;False;False;;;;;False;False;False
127805;Common areas;Apartment building;291976.0;False;11.0;70132;;False;False;False;False;False;False;False;False;;;;;False;False;False
180307;Heat pump;Apartment building;291976.0;False;11.0;70152;;True;True;False;False;False;False;False;False;;;;;False;False;False
196503;Single-family house;Single-family house;292214.0;False;;70002;;False;True;True;False;False;False;False;False;;;;;False;False;False
149842;Single-family house;Single-family house;292244.0;False;;70176;11.664;True;False;False;False;False;False;False;False;UNIT_LOW;TOU;2023-10-01;2025-01-01;False;True;False
137853;Single-family house;Single-family house;292358.0;False;;70080;;True;True;False;False;False;False;False;False;UNIT_LOW;DYN;2023-10-01;2025-01-01;True;True;False
106793;Single-family house;Single-family house;292459.0;False;;70129;9.176;False;False;False;False;False;False;False;False;UNIT_CN;TOU;2023-10-01;2024-10-01;False;False;False
142942;Single-family house;Single-family house;292518.0;False;;70073;5.308;True;False;False;False;False;False;False;False;;;;;False;False;False
147588;Single-family house;Single-family house;292578.0;False;;70142;;True;False;False;False;False;False;False;False;;;;;False;False;False
155110;Common areas;Apartment building;292712.0;False;7.0;70117;;False;False;False;False;False;False;False;False;;;;;False;False;False
131622;Single-family house;Single-family house;292752.0;False;;70146;;True;True;False;False;False;False;False;False;;;;;False;False;False
172262;Single-family house;Single-family house;292773.0;False;;70142;;False;False;False;False;False;False;False;False;;;;;False;False;False
120140;Single-family house;Single-family house;292777.0;False;;70140;;True;True;False;False;False;False;False;False;UNIT_LOW;DYN;2023-10-01;2025-01-01;False;False;False
157108;Common areas;Single-family house;292838.0;False;2.0;70150;;False;False;False;False;False;False;False;False;;;;;False;False;False
104671;Heat pump;Single-family house;292838.0;False;2.0;70150;;False;True;False;False;False;False;False;False;;;;;False;False;False
130776;Single-family house;Single-family house;292920.0;False;;70155;;True;True;False;False;False;False;False;False;UNIT_CN;TOU;2023-10-01;2024-10-01;False;False;False
182161;Common areas;Apartment building;293198.0;False;4.0;70168;;False;False;False;False;False;False;False;False;;;;;False;False;False
164940;Common areas;Apartment building;293577.0;True;14.0;70169;;False;False;False;False;False;False;False;False;;;;;False;False;False
183796;Common areas;Apartment building;293577.0;True;14.0;70146;;False;False;False;False;False;False;False;False;;;;;False;False;False
145442;Heat pump;Apartment building;293577.0;True;14.0;70139;;False;False;False;False;False;False;False;False;;;;;False;False;False
166084;Single-family house;Single-family house;293736.0;False;;70051;;False;False;False;False;False;False;False;False;UNIT_LOW;DYN;2023-10-01;2025-01-01;False;False;True
183711;Single-family house;Single-family house;293823.0;False;;70138;;True;True;False;False;False;False;False;False;;;;;False;False;False
122912;Heat pump;Apartment building;293983.0;False;3.0;67217;;True;True;True;False;False;False;False;False;;;;;False;False;False
102814;Common areas;Apartment building;294487.0;False;5.0;70023;;False;False;False;False;False;False;False;False;;;;;False;False;False
197386;Heat pump;Apartment building;294487.0;False;5.0;70052;;True;True;False;False;False;False;False;False;;;;;False;False;False
127035;Common areas;Apartment building;294567.0;False;6.0;70135;;False;False;False;False;False;False;False;False;;;;;False;False;False
124261;Common areas;Apartment building;294720.0;False;12.0;29613;;False;False;False;False;False;False;False;False;;;;;False;False;False
119940;Single-family house;Single-family house;294741.0;False;;70163;;True;False;False;False;False;False;False;False;;;;;False;False;False
138414;Single-family house;Single-family house;294790.0;False;;70127;;False;False;False;False;False;False;False;False;;;;;False;False;False
124238;Common areas;Apartment building;294993.0;False;8.0;55151;;False;False;False;False;False;False;False;False;;;;;False;False;False
113615;Common areas;Apartment building;295045.0;False;4.0;70109;;False;False;False;False;False;False;False;False;;;;;False;False;False
158634;Single-family house;Single-family house;295156.0;False;;70148;;True;True;False;False;False;False;False;False;;;;;False;False;False
156892;Single-family house;Single-family house;295224.0;False;;70080;;True;True;True;False;False;False;False;False;UNIT_LOW;UNIT;2023-10-01;2025-01-01;True;True;False
164216;Common areas;Apartment building;295696.0;False;4.0;70170;;False;False;False;False;False;False;False;False;;;;;False;False;False
156303;Single-family house;Single-family house;296056.0;False;;70025;;True;False;False;False;False;False;False;False;UNIT_CN;DYN;2023-10-01;2024-10-01;False;False;False
139048;Single-family house;Single-family house;296485.0;False;;70025;;True;False;False;False;False;False;False;False;;;;;False;False;False
169743;Single-family house;Single-family house;296779.0;False;;70170;;True;True;False;False;False;False;False;False;;;;;False;False;False
120547;Common areas;Apartment building;297094.0;True;2.0;70136;;False;False;False;False;False;False;False;False;;;;;False;False;False
190357;Heat pump;Apartment building;297094.0;True;2.0;70165;;False;False;False;False;False;False;False;False;;;;;False;False;False
115602;Apartment;Single-family house;297097.0;False;;59184;;True;True;True;False;False;False;False;False;;;;;False;False;False
198631;Common areas;Apartment building;297226.0;False;5.0;70039;;False;False;False;False;False;False;False;False;;;;;False;False;False
170949;Single-family house;Single-family house;297282.0;False;;34944;;True;True;False;False;False;False;True;False;UNIT_LOW;UNIT;2023-10-01;2025-01-01;True;True;False
182774;Single-family house;Single-family house;297296.0;False;;34987;0.352;True;False;False;False;False;False;False;False;;;;;False;False;False
103457;Single-family house;Single-family house;297369.0;False;;70170;;True;True;False;False;False;False;False;False;;;;;False;False;False
139904;Single-family house;Single-family house;297636.0;False;;70132;;True;True;False;False;False;False;False;False;UNIT_CN;DYN;2023-10-01;2024-10-01;False;False;False
180746;Single-family house;Single-family house;298076.0;False;;70170;;True;False;False;False;True;False;False;True;;;;;False;False;False
157889;Common areas;Apartment building;298149.0;False;3.0;70169;;False;False;False;False;False;False;False;False;;;;;False;False;False
153665;Heat pump;Apartment building;298149.0;False;3.0;70170;;False;True;False;False;False;False;False;False;;;;;False;False;False
129637;Single-family house;Single-family house;298152.0;False;;70164;;True;True;False;False;False;False;False;False;;;;;False;False;False
124571;Single-family house;Single-family house;298333.0;False;;70150;;True;True;True;False;False;False;False;False;;;;;False;False;False
165024;Common areas;Apartment building;298615.0;False;7.0;70147;;False;False;False;False;False;False;False;False;;;;;False;False;False
101685;Heat pump;Apartment building;298615.0;False;7.0;70172;;True;True;False;False;False;False;False;False;;;;;False;False;False
147049;Single-family house;Single-family house;298766.0;False;;70176;;False;False;False;False;False;False;False;False;UNIT_CN;UNIT;2023-10-01;2025-01-01;False;False;False
155700;Single-family house;Single-family house;299076.0;False;;35040;;True;False;False;False;False;False;False;False;;;;;False;False;False
133996;Single-family house;Single-family house;299542.0;False;;70160;;False;False;False;False;False;False;False;False;;;;;False;False;False
158066;Single-family house;Single-family house;299675.0;False;;70128;;True;True;False;False;False;False;False;False;UNIT_CN;DYN;2023-10-01;2024-10-01;False;False;False
196041;Single-family house;Single-family house;299747.0;False;;70071;;True;False;False;False;False;False;False;False;;;;;False;False;False
188291;Common areas;Apartment building;299959.0;False;6.0;70010;;False;False;False;False;False;False;False;False;;;;;False;False;False
153379;Heat pump;Apartment building;299959.0;False;6.0;70020;;False;True;True;False;False;False;False;False;;;;;False;False;False
100003;Apartment;Apartment building;;False;;70174;;False;False;False;False;False;False;False;False;;;;;False;False;False
100006;Apartment;Apartment building;;False;;70159;;False;False;False;False;False;False;False;False;UNIT_CN;DYN;2023-10-01;2024-10-01;False;False;False
100045;Apartment;Apartment building;;False;;49926;;False;False;False;False;False;False;False;False;UNIT_CN;DYN;2023-10-01;2024-10-01;False;False;False
100058;Apartment;Apartment building;;False;;70134;;False;False;False;False;False;False;False;False;UNIT_CN;DYN;2023-10-01;2024-10-01;False;False;False
100130;Apartment;Apartment building;;False;;61876;;False;False;False;False;False;False;False;False;;;;;False;False;False
100199;Apartment;Apartment building;;False;;58711;;False;False;False;False;False;False;False;False;;;;;False;False;False
100338;Apartment;Apartment building;;False;;70110;;False;False;False;False;False;False;False;False;UNIT_CN;DYN;2023-10-01;2024-10-01;False;False;False
100404;Apartment;Apartment building;;False;;70172;;False;False;False;False;False;False;False;False;;;;;False;False;False
100420;Apartment;Apartment building;;False;;70172;;False;False;False;False;False;False;False;False;;;;;False;False;False
100429;Apartment;Apartment building;;False;;70146;;False;False;False;False;False;False;False;False;;;;;False;False;False
100515;Apartment;Apartment building;;False;;70141;;False;False;False;False;False;False;False;False;UNIT_CN;TOU;2023-10-01;2024-10-01;False;False;False
100529;Apartment;Single-family house;;False;;70080;;False;False;False;False;False;False;False;False;UNIT_CN;UNIT;2023-10-01;2025-01-01;False;False;False
100546;Apartment;Apartment building;;False;;70049;;False;False;False;False;False;False;False;False;;;;;False;False;False
100563;Apartment;Apartment building;;False;;70170;;False;False;False;False;False;False;False;False;;;;;False;False;False
100575;Apartment;Apartment building;;False;;70168;;False;False;False;False;False;False;False;False;;;;;False;False;False
100767;Apartment;Apartment building;;False;;70172;;False;False;False;False;False;False;False;False;;;;;False;False;False
100895;Apartment;Apartment building;;False;;56174;;False;False;False;False;False;False;False;False;UNIT_CN;DYN;2023-10-01;2024-10-01;False;False;False
100968;Apartment;Apartment building;;False;;70137;;False;False;False;False;False;False;False;False;;;;;False;False;False
101031;Apartment;Apartment building;;False;;63385;;False;False;False;False;False;False;False;False;;;;;False;False;False
101261;Apartment;Apartment building;;False;;70141;;True;False;False;False;False;False;False;False;UNIT_CN;DYN;2023-10-01;2024-10-01;False;False;False
101286;Apartment;Apartment building;;False;;49888;;False;False;False;False;False;False;False;False;UNIT_CN;DYN;2023-10-01;2024-10-01;False;False;False
101373;Apartment;Apartment building;;False;;70166;;True;False;False;False;False;False;False;False;;;;;False;False;False
101435;Apartment;Apartment building;;False;;70139;;False;False;False;False;False;False;False;False;;;;;False;False;False
101564;Apartment;Apartment building;;False;;70172;;False;False;False;False;False;False;False;False;;;;;False;False;False
101600;Apartment;Apartment building;;False;;32360;;False;False;False;False;False;False;False;False;UNIT_CN;TOU;2023-10-01;2024-10-01;False;False;False
101758;Apartment;Apartment building;;False;;70172;;False;False;False;False;False;False;True;False;UNIT_CN;DYN;2023-10-01;2024-10-01;False;False;False
101886;Apartment;Apartment building;;False;;62790;;False;False;False;False;False;False;False;False;;;;;False;False;False
101949;Apartment;Apartment building;;False;;70051;;False;False;False;False;False;False;False;False;;;;;False;False;False
101976;Apartment;Apartment building;;False;;61944;;False;False;False;False;False;False;False;False;;;;;False;False;False
102073;Apartment;Apartment building;;False;;70137;;False;False;False;False;False;False;False;False;;;;;False;False;False
102161;Apartment;Apartment building;;False;;70143;;False;False;False;False;False;False;False;False;;;;;False;False;False
102272;Apartment;Apartment building;;False;;70170;;False;False;False;False;False;False;False;False;;;;;False;False;False
102301;Apartment;Apartment building;;False;;70172;;False;False;False;False;False;False;False;False;;;;;False;False;False
102304;Apartment;Apartment building;;False;;70018;;False;False;False;False;False;False;False;False;UNIT_LOW;DYN;2023-10-01;2025-01-01;False;False;False
102478;Apartment;Apartment building;;False;;64165;;False;False;False;False;False;False;False;False;;;;;False;False;False
102535;Apartment;Apartment building;;False;;70078;;False;False;False;False;False;False;False;False;;;;;False;False;False
102602;Apartment;Apartment building;;False;;63447;;False;False;False;False;False;False;False;False;;;;;False;False;False
102621;Apartment;Apartment building;;False;;70127;;True;False;False;False;False;False;False;False;UNIT_CN;DYN;2023-10-01;2024-10-01;False;False;False
102744;Apartment;Apartment building;;False;;63417;;False;False;False;False;False;False;False;False;;;;;False;False;False
102767;Apartment;Apartment building;;False;;66860;;False;False;False;False;False;False;False;False;;;;;False;False;False
102886;Apartment;Apartment building;;False;;59043;;False;False;False;False;False;False;False;False;;;;;False;False;False
102929;Apartment;Apartment building;;False;;63290;;False;False;False;False;False;False;False;False;;;;;False;False;False
103077;Apartment;Apartment building;;False;;50427;;False;False;False;False;False;False;False;False;;;;;False;False;False
103084;Apartment;Apartment building;;False;;40771;;False;False;False;False;False;False;False;False;UNIT_CN;TOU;2023-10-01;2024-10-01;False;False;False
103221;Apartment;Apartment building;;False;;70025;;False;False;False;False;False;False;False;False;UNIT_CN;TOU;2023-10-01;2024-10-01;False;False;False
103229;Apartment;Apartment building;;False;;27366;;False;False;False;False;False;False;False;False;;;;;False;False;False
103364;Apartment;Apartment building;;False;;42899;;False;False;False;False;False;False;False;False;;;;;False;False;False
103578;Apartment;Apartment building;;False;;70162;;False;False;False;False;False;False;False;False;;;;;False;False;False
103633;Apartment;Apartment building;;False;;69630;;False;False;False;False;False;False;False;False;;;;;False;False;False
103683;Apartment;Apartment building;;False;;30898;;False;False;False;False;False;False;False;False;;;;;False;False;False
103815;Apartment;Apartment building;;False;;70025;;False;False;False;False;False;False;False;False;UNIT_CN;TOU;2023-10-01;2024-10-01;False;False;False
103884;Apartment;Apartment building;;False;;70053;;False;False;False;False;False;False;False;False;;;;;False;False;False
103985;Apartment;Apartment building;;False;;70141;;False;False;False;False;False;False;False;False;;;;;False;False;False
103986;Apartment;Apartment building;;False;;43636;;False;False;False;False;False;False;False;False;;;;;False;False;False
104027;Apartment;Apartment building;;False;;31606;;False;False;False;False;False;False;False;False;;;;;False;False;False
104092;Apartment;Apartment building;;False;;69288;;False;False;False;False;False;False;False;False;;;;;False;False;False
104172;Apartment;Apartment building;;False;;70147;;False;False;False;False;False;False;False;False;;;;;False;False;False
104368;Apartment;Apartment building;;False;;70141;;False;False;False;False;False;False;False;False;;;;;False;False;False
104423;Apartment;Single-family house;;False;;58106;;True;True;True;False;False;False;False;False;;;;;False;False;False
104488;Apartment;Single-family house;;False;;69288;;False;False;False;False;False;False;False;False;;;;;False;False;False
104520;Apartment;Apartment building;;False;;69006;;False;False;False;False;False;False;False;False;;;;;False;False;False
104545;Apartment;Apartment building;;False;;55824;;False;False;False;False;False;False;False;False;;;;;False;False;False
104586;Apartment;Apartment building;;False;;70127;;False;False;False;False;False;False;False;False;UNIT_CN;DYN;2023-10-01;2024-10-01;False;False;False
104592;Apartment;Apartment building;;False;;70168;;False;False;False;False;False;False;False;False;;;;;False;False;False
104607;Apartment;Apartment building;;False;;44302;;False;False;False;False;False;False;False;False;UNIT_CN;DYN;2023-10-01;2024-10-01;False;False;False
104624;Apartment;Apartment building;;False;;70148;;False;False;False;False;False;False;False;False;;;;;False;False;False
104708;Apartment;Apartment building;;False;;66655;;True;False;False;False;False;False;False;False;;;;;False;False;False
104761;Apartment;Apartment building;;False;;70142;;False;False;False;False;False;False;False;False;;;;;False;False;False
104792;Apartment;Apartment building;;False;;70170;;False;False;False;False;False;False;False;False;;;;;False;False;False
104806;Apartment;Apartment building;;False;;69295;;False;False;False;False;False;False;False;False;;;;;False;False;False
104971;Apartment;Apartment building;;False;;70114;;True;False;False;False;False;False;False;False;;;;;False;False;False
105012;Apartment;Apartment building;;False;;70137;;False;False;False;False;False;False;False;False;;;;;False;False;False
105131;Apartment;Apartment building;;False;;70112;;False;False;False;False;False;False;False;False;;;;;False;False;False
105176;Apartment;Apartment building;;False;;46329;;False;False;False;False;False;False;False;False;;;;;False;False;False
105329;Apartment;Apartment building;;False;;70109;;False;False;False;False;False;False;False;False;UNIT_CN;DYN;2023-10-01;2024-10-01;False;False;False
105344;Apartment;Apartment building;;False;;48331;;False;False;False;False;False;False;False;False;UNIT_CN;DYN;2023-10-01;2024-10-01;False;False;False
105419;Apartment;Apartment building;;False;;69282;;False;False;False;False;False;False;False;False;;;;;False;False;False
105498;Apartment;Apartment building;;False;;70170;;False;False;False;False;False;False;False;False;;;;;False;False;False
105517;Apartment;Apartment building;;False;;70073;;False;False;False;False;False;False;False;False;;;;;False;False;False
105587;Apartment;Apartment building;;False;;70134;;False;False;False;False;False;False;False;False;;;;;False;False;False
105769;Apartment;Apartment building;;False;;70020;;False;False;False;False;False;False;False;False;UNIT_CN;DYN;2023-10-01;2024-10-01;False;False;False
105778;Apartment;Apartment building;;False;;70049;;False;False;False;False;False;False;False;False;;;;;False;False;False
105929;Apartment;Apartment building;;False;;70129;;False;False;False;False;False;False;False;False;;;;;False;False;False
106090;Apartment;Apartment building;;False;;57835;;False;False;False;False;False;False;False;False;;;;;False;False;False
106156;Apartment;Apartment building;;False;;70095;;False;False;False;False;False;False;False;False;UNIT_CN;DYN;2023-10-01;2024-10-01;False;False;False
106179;Apartment;Apartment building;;False;;63367;;False;False;False;False;False;False;False;False;;;;;False;False;False
106181;Apartment;Apartment building;;False;;61106;;False;False;False;False;False;False;False;False;;;;;False;False;False
106291;Apartment;Apartment building;;False;;70030;;False;False;False;False;False;False;False;False;;;;;False;False;False
106347;Apartment;Apartment building;;False;;41027;;False;False;False;False;False;False;False;False;UNIT_CN;DYN;2023-10-01;2024-10-01;False;False;False
106368;Apartment;Apartment building;;False;;42138;;False;False;False;False;False;False;False;False;;;;;False;False;False
106480;Apartment;Apartment building;;False;;63354;;False;False;False;False;False;False;False;False;;;;;False;False;False
106488;Apartment;Apartment building;;False;;70176;;False;False;False;False;False;False;False;False;UNIT_CN;DYN;2023-10-01;2025-01-01;False;False;False
106661;Apartment;Apartment building;;False;;69768;;False;False;False;False;False;False;False;False;;;;;False;False;False
106687;Apartment;Apartment building;;False;;22212;;False;False;False;False;False;False;False;False;;;;;False;False;False
106823;Apartment;Apartment building;;False;;68079;;False;False;False;False;False;False;False;False;;;;;False;False;False
106865;Apartment;Apartment building;;False;;63321;;False;False;False;False;False;False;False;False;;;;;False;False;False
106953;Apartment;Apartment building;;False;;63347;;False;False;False;False;False;False;False;False;;;;;False;False;False
107000;Apartment;Apartment building;;False;;39415;;False;False;False;False;False;False;False;False;UNIT_CN;DYN;2023-10-01;2024-10-01;False;False;False
107092;Apartment;Apartment building;;False;;69287;;False;False;False;False;False;False;False;False;;;;;False;False;False
107098;Apartment;Apartment building;;False;;51377;;False;False;False;False;False;False;False;False;;;;;False;False;False
107123;Apartment;Apartment building;;False;;63393;;False;False;False;False;False;False;False;False;;;;;False;False;False
107137;Apartment;Apartment building;;False;;40658;;False;False;False;False;False;False;False;False;UNIT_CN;TOU;2023-10-01;2024-10-01;False;False;False
107161;Apartment;Apartment building;;False;;70141;;False;False;False;False;False;False;False;False;UNIT_CN;DYN;2023-10-01;2024-10-01;False;False;False
107191;Apartment;Single-family house;;False;;70080;;False;True;False;False;False;False;False;False;UNIT_CN;UNIT;2023-10-01;2025-01-01;False;False;False
107213;Apartment;Apartment building;;False;;70159;;False;False;False;False;False;False;False;False;;;;;False;False;False
107299;Apartment;Apartment building;;False;;70169;;False;False;False;False;False;False;False;False;;;;;False;False;False
107404;Apartment;Apartment building;;False;;70114;;True;False;False;False;False;False;False;False;;;;;False;False;False
107411;Apartment;Apartment building;;False;;70166;;False;False;False;False;False;False;False;False;;;;;False;False;False
107472;Apartment;Apartment building;;False;;70170;;False;False;False;False;False;False;False;False;;;;;False;False;False
107509;Apartment;Apartment building;;False;;43401;;False;False;False;False;False;False;False;False;;;;;False;False;False
107584;Apartment;Apartment building;;False;;70138;;True;False;False;False;False;False;False;False;;;;;False;False;False
107589;Apartment;Apartment building;;False;;63382;;False;False;False;False;False;False;False;False;;;;;False;False;False
107640;Apartment;Single-family house;;False;;58895;;True;False;False;False;False;False;False;False;;;;;False;False;False
107706;Apartment;Apartment building;;False;;70172;;False;False;False;False;False;False;False;False;;;;;False;False;False
107797;Apartment;Apartment building;;False;;41334;;False;False;False;False;False;False;False;False;UNIT_CN;TOU;2023-10-01;2024-10-01;False;False;False
107888;Apartment;Apartment building;;False;;70167;;False;False;False;False;False;False;False;False;;;;;False;False;False
107912;Apartment;Single-family house;;False;;70080;;True;False;False;False;False;False;False;False;UNIT_CN;DYN;2023-10-01;2025-01-01;False;False;False
107938;Apartment;Apartment building;;False;;41779;;False;False;False;False;False;False;False;False;;;;;False;False;False
107973;Apartment;Apartment building;;False;;70170;;False;False;False;False;False;False;False;False;;;;;False;False;False
107991;Apartment;Apartment building;;False;;70132;;False;False;False;False;False;False;False;False;;;;;False;False;False
108187;Apartment;Apartment building;;False;;63370;;False;False;False;False;False;False;False;False;UNIT_CN;TOU;2023-10-01;2024-10-01;False;False;False
108272;Apartment;Apartment building;;False;;70145;;False;False;False;False;False;False;False;False;UNIT_CN;DYN;2023-10-01;2024-10-01;False;False;False
108435;Apartment;Apartment building;;False;;48027;;False;False;False;False;False;False;False;False;;;;;False;False;False
108436;Apartment;Apartment building;;False;;69265;;False;False;False;False;False;False;False;False;;;;;False;False;False
108467;Apartment;Apartment building;;False;;70027;;False;False;False;False;False;False;False;False;UNIT_CN;TOU;2023-10-01;2024-10-01;False;False;False
108519;Apartment;Apartment building;;False;;63350;;False;False;False;False;False;False;False;False;;;;;False;False;False
108531;Apartment;Apartment building;;False;;65885;;True;False;False;False;False;False;False;False;;;;;False;False;False
108566;Apartment;Apartment building;;False;;69261;;False;False;False;False;False;False;False;False;;;;;False;False;False
108569;Apartment;Apartment building;;False;;70108;;False;False;False;False;False;False;False;False;UNIT_CN;TOU;2023-10-01;2024-10-01;False;False;False
108571;Apartment;Apartment building;;False;;70107;;False;False;False;False;False;False;False;False;;;;;False;False;False
108733;Apartment;Apartment building;;False;;69296;;False;False;False;False;False;False;False;False;;;;;False;False;False
108932;Apartment;Single-family house;;False;;69281;;False;False;False;False;False;False;False;False;;;;;False;False;False
109128;Apartment;Apartment building;;False;;67129;;False;False;False;False;False;False;False;False;;;;;False;False;False
109222;Apartment;Apartment building;;False;;70107;;False;False;False;False;False;False;False;False;;;;;False;False;False
109286;Apartment;Apartment building;;False;;70123;;False;False;False;False;False;False;False;False;;;;;False;False;False
109310;Apartment;Apartment building;;False;;70172;;False;False;False;False;False;False;False;False;;;;;False;False;False
109318;Apartment;Apartment building;;False;;69288;;False;False;False;False;False;False;False;False;;;;;False;False;False
109340;Apartment;Apartment building;;False;;58926;;False;False;False;False;False;False;False;False;UNIT_CN;TOU;2023-10-01;2024-10-01;False;False;False
109387;Apartment;Apartment building;;False;;70080;;False;False;False;False;False;False;False;False;;;;;False;False;False
109439;Apartment;Apartment building;;False;;70172;;False;False;False;False;False;False;False;False;;;;;False;False;False
109520;Apartment;Apartment building;;False;;63304;;False;False;False;False;False;False;False;False;UNIT_CN;TOU;2023-10-01;2024-10-01;False;False;False
109537;Apartment;Apartment building;;False;;70029;;False;False;False;False;False;False;False;False;;;;;False;False;False
109585;Apartment;Apartment building;;False;;70130;;False;False;False;False;False;False;False;False;;;;;False;False;False
109633;Apartment;Apartment building;;False;;70113;;False;False;False;False;False;False;False;False;UNIT_CN;DYN;2023-10-01;2024-10-01;False;False;False
109672;Apartment;Apartment building;;False;;63219;;False;False;False;False;False;False;False;False;UNIT_CN;TOU;2023-10-01;2024-10-01;False;False;False
109714;Apartment;Apartment building;;False;;63311;;False;False;False;False;False;False;False;False;;;;;False;False;False
109757;Apartment;Apartment building;;False;;70145;;False;False;False;False;False;False;False;False;UNIT_CN;DYN;2023-10-01;2024-10-01;False;False;False
109806;Apartment;Apartment building;;False;;47126;;False;False;False;False;False;False;False;False;UNIT_LOW;UNIT;2023-10-01;2025-01-01;False;False;True
109842;Apartment;Apartment building;;False;;61067;;False;False;False;False;False;False;False;False;;;;;False;False;False
109890;Apartment;Apartment building;;False;;61174;;False;False;False;False;False;False;False;False;;;;;False;False;False
109905;Apartment;Apartment building;;False;;70019;;False;False;False;False;False;False;False;False;;;;;False;False;False
109921;Apartment;Apartment building;;False;;70051;;False;False;False;False;False;False;False;False;;;;;False;False;False
110000;Apartment;Single-family house;;False;;69267;;True;True;False;False;False;False;False;False;;;;;False;False;False
110023;Apartment;Apartment building;;False;;70147;;False;False;False;False;False;False;False;False;;;;;False;False;False
110075;Apartment;Apartment building;;False;;63196;;False;False;False;False;False;False;False;False;;;;;False;False;False
110076;Apartment;Apartment building;;False;;65884;;True;False;False;False;False;False;False;False;;;;;False;False;False
110125;Apartment;Apartment building;;False;;70110;;False;False;False;False;False;False;False;False;UNIT_CN;TOU;2023-10-01;2024-10-01;False;False;False
110247;Apartment;Apartment building;;False;;69945;;False;False;False;False;False;False;False;False;;;;;False;False;False
110280;Apartment;Apartment building;;False;;70069;;False;False;False;False;False;False;False;False;;;;;False;False;False
110362;Apartment;Apartment building;;False;;70133;;False;False;False;False;False;False;False;False;UNIT_CN;DYN;2023-10-01;2024-10-01;False;False;False
110366;Apartment;Apartment building;;False;;69745;;False;False;False;False;False;False;False;False;;;;;False;False;False
110369;Apartment;Single-family house;;False;;68086;;False;False;False;False;False;False;False;False;;;;;False;False;False
110473;Apartment;Apartment building;;False;;70113;;False;False;False;False;False;False;False;False;;;;;False;False;False
110497;Apartment;Apartment building;;False;;31505;;False;False;False;False;False;False;False;False;UNIT_CN;TOU;2023-10-01;2024-10-01;False;False;False
110503;Apartment;Apartment building;;False;;69881;;False;False;False;False;False;False;False;False;;;;;False;False;False
110542;Apartment;Apartment building;;False;;69310;;False;False;False;False;False;False;False;False;;;;;False;False;False
110548;Apartment;Apartment building;;False;;63277;;False;False;False;False;False;False;False;False;UNIT_CN;TOU;2023-10-01;2024-10-01;False;False;False
110559;Apartment;Apartment building;;False;;43056;;False;False;False;False;False;False;False;False;;;;;False;False;False
110591;Apartment;Apartment building;;False;;69390;;False;False;False;False;False;False;False;False;;;;;False;False;False
110777;Apartment;Single-family house;;False;;70162;;False;False;False;False;False;False;False;False;UNIT_CN;DYN;2023-10-01;2024-10-01;False;False;False
110925;Apartment;Apartment building;;False;;63420;;False;False;False;False;False;False;False;False;UNIT_CN;TOU;2023-10-01;2024-10-01;False;False;False
111085;Apartment;Apartment building;;False;;70051;;False;False;False;False;False;False;False;False;UNIT_CN;DYN;2023-10-01;2024-10-01;False;False;False
111147;Apartment;Apartment building;;False;;40795;;False;False;False;False;False;False;False;False;;;;;False;False;False
111191;Apartment;Apartment building;;False;;41109;;False;False;False;False;False;False;False;False;UNIT_CN;DYN;2023-10-01;2024-10-01;False;False;False
111205;Apartment;Apartment building;;False;;70112;;False;False;False;False;False;False;False;False;UNIT_CN;DYN;2023-10-01;2024-10-01;False;False;False
111279;Apartment;Apartment building;;False;;44028;;False;False;False;False;False;False;False;False;;;;;False;False;False
111403;Apartment;Apartment building;;False;;63321;;False;False;False;False;False;False;False;False;;;;;False;False;False
111513;Apartment;Apartment building;;False;;57999;;False;False;False;False;False;False;False;False;;;;;False;False;False
111577;Apartment;Apartment building;;False;;70139;;False;False;False;False;False;False;False;False;;;;;False;False;False
111666;Apartment;Apartment building;;False;;42158;;False;False;False;False;False;False;False;False;;;;;False;False;False
111701;Apartment;Apartment building;;False;;70145;;False;False;False;False;False;False;False;False;;;;;False;False;False
111707;Apartment;Apartment building;;False;;63287;;False;False;False;False;False;False;False;False;;;;;False;False;False
111832;Apartment;Apartment building;;False;;45749;;False;False;False;False;False;False;False;False;UNIT_CN;TOU;2023-10-01;2024-10-01;False;False;False
111932;Apartment;Apartment building;;False;;64166;;False;False;False;False;False;False;False;False;;;;;False;False;False
112069;Apartment;Apartment building;;False;;63044;;False;False;False;False;False;False;False;False;;;;;False;False;False
112096;Apartment;Apartment building;;False;;63269;;False;False;False;False;False;False;False;False;;;;;False;False;False
112110;Apartment;Apartment building;;False;;70137;;False;False;False;False;False;False;False;False;UNIT_CN;TOU;2023-10-01;2024-10-01;False;False;False
112201;Apartment;Apartment building;;False;;70045;;False;False;False;False;False;False;False;False;;;;;False;False;False
112261;Apartment;Apartment building;;False;;47692;;False;False;False;False;False;False;False;False;;;;;False;False;False
112267;Apartment;Apartment building;;False;;69271;;False;False;False;False;False;False;False;False;;;;;False;False;False
112351;Apartment;Apartment building;;False;;70172;;False;False;False;False;False;False;False;False;;;;;False;False;False
112413;Apartment;Apartment building;;False;;70139;;False;False;False;False;False;False;False;False;UNIT_CN;DYN;2023-10-01;2024-10-01;False;False;False
112430;Apartment;Apartment building;;False;;69577;;False;False;False;False;False;False;False;False;;;;;False;False;False
112545;Apartment;Apartment building;;False;;70174;;False;False;False;False;False;False;False;False;;;;;False;False;False
112635;Apartment;Apartment building;;False;;66711;;False;False;False;False;False;False;False;False;;;;;False;False;False
112649;Apartment;Apartment building;;False;;69260;;False;False;False;False;False;False;False;False;;;;;False;False;False
112715;Apartment;Apartment building;;False;;70150;;False;False;False;False;False;False;False;False;;;;;False;False;False
112960;Apartment;Apartment building;;False;;70049;;False;False;False;False;False;False;False;False;;;;;False;False;False
112972;Apartment;Apartment building;;False;;69263;;False;False;False;False;False;False;False;False;;;;;False;False;False
113073;Apartment;Apartment building;;False;;70166;;False;False;False;False;False;False;False;False;UNIT_CN;TOU;2023-10-01;2024-10-01;False;False;False
113189;Apartment;Apartment building;;False;;70114;;True;False;False;False;False;False;False;False;;;;;False;False;False
113341;Apartment;Apartment building;;False;;63371;;False;False;False;False;False;False;False;False;;;;;False;False;False
113356;Apartment;Apartment building;;False;;38856;;False;False;False;False;False;False;False;False;UNIT_CN;DYN;2023-10-01;2024-10-01;False;False;False
113374;Apartment;Apartment building;;False;;70132;;False;False;False;False;False;False;False;False;UNIT_CN;TOU;2023-10-01;2024-10-01;False;False;False
113393;Apartment;Apartment building;;False;;70140;;True;False;False;False;False;False;False;False;;;;;False;False;False
113423;Apartment;Apartment building;;False;;70027;;True;False;False;False;False;False;False;False;;;;;False;False;False
113436;Apartment;Apartment building;;False;;70142;;False;False;False;False;False;False;False;False;;;;;False;False;False
113578;Apartment;Apartment building;;False;;70172;;False;False;False;False;False;False;False;False;;;;;False;False;False
113595;Apartment;Apartment building;;False;;69300;;False;False;False;False;False;False;False;False;;;;;False;False;False
113603;Apartment;Apartment building;;False;;64181;;False;False;False;False;False;False;False;False;;;;;False;False;False
113805;Apartment;Apartment building;;False;;70170;;False;False;False;False;False;False;False;False;;;;;False;False;False
113928;Apartment;Apartment building;;False;;69287;;False;False;False;False;False;False;False;False;;;;;False;False;False
114000;Apartment;Apartment building;;False;;63205;;False;False;False;False;False;False;False;False;;;;;False;False;False
114109;Apartment;Apartment building;;False;;70133;;False;False;False;False;False;False;False;False;;;;;False;False;False
114144;Apartment;Apartment building;;False;;57809;;False;False;False;False;False;False;False;False;;;;;False;False;False
114177;Apartment;Apartment building;;False;;64162;;False;False;False;False;False;False;False;False;;;;;False;False;False
114194;Apartment;Apartment building;;False;;69291;;False;False;False;False;False;False;False;False;;;;;False;False;False
114425;Apartment;Apartment building;;False;;70165;;False;False;False;False;False;False;False;False;;;;;False;False;False
114497;Apartment;Apartment building;;False;;70170;;False;False;False;False;False;False;False;False;;;;;False;False;False
114594;Apartment;Apartment building;;False;;69166;;False;False;False;False;False;False;False;False;;;;;False;False;False
114785;Apartment;Apartment building;;False;;70170;;False;False;False;False;False;False;False;False;UNIT_CN;DYN;2023-10-01;2024-10-01;False;False;False
114809;Apartment;Apartment building;;False;;70172;;False;False;False;False;False;False;False;False;;;;;False;False;False
115076;Apartment;Apartment building;;False;;69272;;False;False;False;False;False;False;False;False;;;;;False;False;False
115086;Apartment;Apartment building;;False;;70027;;False;False;False;False;False;False;False;False;;;;;False;False;False
115132;Apartment;Apartment building;;False;;70153;;True;False;False;False;False;False;False;False;UNIT_CN;TOU;2023-10-01;2024-10-01;False;False;False
115156;Apartment;Apartment building;;False;;70109;;False;False;False;False;False;False;False;False;;;;;False;False;False
115177;Apartment;Apartment building;;False;;70024;;False;False;False;False;False;False;False;False;;;;;False;False;False
115332;Apartment;Apartment building;;False;;67233;;False;False;False;False;False;False;False;False;;;;;False;False;False
115373;Apartment;Apartment building;;False;;42031;;False;False;False;False;True;False;False;False;UNIT_CN;DYN;2023-10-01;2024-10-01;False;False;False
115388;Apartment;Apartment building;;False;;67236;;True;False;False;False;False;False;False;False;;;;;False;False;False
115614;Apartment;Apartment building;;False;;63082;;False;False;False;False;False;False;False;False;;;;;False;False;False
115656;Apartment;Apartment building;;False;;58000;;False;False;False;False;False;False;False;False;;;;;False;False;False
115675;Apartment;Apartment building;;False;;70168;;False;False;False;False;False;False;False;False;;;;;False;False;False
115821;Apartment;Apartment building;;False;;69290;;False;False;False;False;False;False;False;False;;;;;False;False;False
116009;Apartment;Apartment building;;False;;70130;;False;False;False;False;False;False;False;False;UNIT_CN;TOU;2023-10-01;2024-10-01;False;False;False
116119;Apartment;Apartment building;;False;;70172;;False;False;False;False;False;False;False;False;;;;;False;False;False
116141;Apartment;Apartment building;;False;;70132;;False;False;False;False;False;False;False;False;;;;;False;False;False
116324;Apartment;Apartment building;;False;;70053;;False;False;False;False;False;False;False;False;;;;;False;False;False
116325;Apartment;Apartment building;;False;;70080;;False;False;False;False;False;False;False;False;UNIT_CN;DYN;2023-10-01;2025-01-01;False;False;False
116332;Apartment;Apartment building;;False;;70130;;False;False;False;False;False;False;False;False;UNIT_CN;DYN;2023-10-01;2024-10-01;False;False;False
116456;Apartment;Apartment building;;False;;70147;;False;False;False;False;False;False;False;False;;;;;False;False;False
116462;Apartment;Single-family house;;False;;58921;;True;False;False;False;False;False;False;False;;;;;False;False;False
116466;Apartment;Apartment building;;False;;70027;;False;False;False;False;False;False;False;False;;;;;False;False;False
116467;Apartment;Apartment building;;False;;69290;;False;False;False;False;False;False;False;False;;;;;False;False;False
116482;Apartment;Apartment building;;False;;70167;;False;False;False;False;False;False;False;False;UNIT_LOW;DYN;2023-10-01;2025-01-01;False;False;True
116488;Apartment;Apartment building;;False;;70051;;False;False;False;False;False;False;False;False;;;;;False;False;False
116733;Apartment;Apartment building;;False;;70136;;False;False;False;False;False;False;False;False;;;;;False;False;False
116736;Apartment;Apartment building;;False;;70167;;False;False;False;False;False;False;False;False;;;;;False;False;False
116822;Apartment;Apartment building;;False;;69288;;False;False;False;False;False;False;False;False;;;;;False;False;False
116864;Apartment;Apartment building;;False;;38893;;False;False;False;False;False;False;False;False;UNIT_CN;DYN;2023-10-01;2024-10-01;False;False;False
116917;Apartment;Apartment building;;False;;63273;;False;False;False;False;False;False;False;False;;;;;False;False;False
116994;Apartment;Apartment building;;False;;46857;;False;False;False;False;False;False;False;False;UNIT_CN;DYN;2023-10-01;2024-10-01;False;False;False
117118;Apartment;Apartment building;;False;;43640;;False;False;False;False;False;False;False;False;;;;;False;False;False
117151;Apartment;Apartment building;;False;;66425;;False;False;False;False;False;False;False;False;;;;;False;False;False
117194;Apartment;Single-family house;;False;;69504;;False;False;False;False;False;False;False;False;UNIT_CN;UNIT;2023-10-01;2025-01-01;False;False;False
117197;Apartment;Apartment building;;False;;36430;;False;False;False;False;False;False;False;False;;;;;False;False;False
117198;Apartment;Apartment building;;False;;47877;;False;False;False;False;False;False;False;False;;;;;False;False;False
117399;Apartment;Apartment building;;False;;70111;;True;False;False;False;False;False;False;False;;;;;False;False;False
117539;Apartment;Apartment building;;False;;57837;;False;False;False;False;False;False;True;False;;;;;False;False;False
117573;Apartment;Apartment building;;False;;70145;;False;False;False;False;False;False;False;False;;;;;False;False;False
117610;Apartment;Apartment building;;False;;70136;;False;False;False;False;False;False;False;False;;;;;False;False;False
117613;Apartment;Apartment building;;False;;70158;;True;False;False;False;False;False;False;False;UNIT_CN;TOU;2023-10-01;2024-10-01;False;False;False
117618;Apartment;Apartment building;;False;;70168;;False;False;False;False;False;False;False;False;;;;;False;False;False
117651;Apartment;Apartment building;;False;;60281;;False;False;False;False;False;False;False;False;;;;;False;False;False
117968;Apartment;Apartment building;;False;;70170;;False;False;False;False;False;False;False;False;;;;;False;False;False
118052;Apartment;Apartment building;;False;;63313;;False;False;False;False;False;False;False;False;;;;;False;False;False
118125;Apartment;Apartment building;;False;;69615;;False;False;False;False;False;False;False;False;;;;;False;False;False
118195;Apartment;Apartment building;;False;;70080;;False;False;False;False;False;False;False;False;UNIT_CN;DYN;2023-10-01;2025-01-01;False;False;False
118216;Apartment;Apartment building;;False;;70166;;False;False;False;False;False;False;False;False;;;;;False;False;False
118356;Apartment;Apartment building;;False;;64164;;False;False;False;False;False;False;False;False;;;;;False;False;False
118390;Apartment;Apartment building;;False;;70166;;False;False;False;False;False;False;False;False;;;;;False;False;False
118403;Apartment;Apartment building;;False;;67252;;False;False;False;False;False;False;False;False;;;;;False;False;False
118408;Apartment;Apartment building;;False;;63392;;False;False;False;False;False;False;False;False;UNIT_CN;TOU;2023-10-01;2024-10-01;False;False;False
118477;Apartment;Apartment building;;False;;69852;;False;False;False;False;False;False;False;False;;;;;False;False;False
118494;Apartment;Apartment building;;False;;67247;;False;False;False;False;False;False;False;False;;;;;False;False;False
118567;Apartment;Apartment building;;False;;70030;;False;False;False;False;False;False;False;False;;;;;False;False;False
118569;Apartment;Apartment building;;False;;63380;;False;False;False;False;False;False;False;False;UNIT_CN;DYN;2023-10-01;2024-10-01;False;False;False
118648;Apartment;Apartment building;;False;;64164;;False;False;False;False;False;False;False;False;;;;;False;False;False
118671;Apartment;Apartment building;;False;;63216;;False;False;False;False;False;False;False;False;;;;;False;False;False
118718;Apartment;Apartment building;;False;;63381;;False;False;False;False;False;False;False;False;;;;;False;False;False
118787;Apartment;Apartment building;;False;;70128;;False;False;False;False;False;False;False;False;;;;;False;False;False
118809;Apartment;Apartment building;;False;;70038;;False;False;False;False;False;False;False;False;;;;;False;False;False
118850;Apartment;Apartment building;;False;;70046;;False;False;False;False;False;False;False;False;;;;;False;False;False
118928;Apartment;Apartment building;;False;;17166;;False;False;False;False;False;False;False;False;;;;;False;False;False
118971;Apartment;Single-family house;;False;;69291;;True;False;False;False;False;False;False;False;;;;;False;False;False
118981;Apartment;Apartment building;;False;;70115;;False;False;False;False;False;False;False;False;UNIT_CN;TOU;2023-10-01;2024-10-01;False;False;False
119104;Apartment;Apartment building;;False;;70141;;False;False;False;False;False;False;False;False;;;;;False;False;False
119156;Apartment;Apartment building;;False;;48611;;False;False;False;False;False;False;False;False;;;;;False;False;False
119200;Apartment;Apartment building;;False;;36285;;False;False;False;False;False;False;False;False;UNIT_CN;DYN;2023-10-01;2024-10-01;False;False;False
119218;Apartment;Apartment building;;False;;70170;;True;False;False;False;False;False;False;False;;;;;False;False;False
119238;Apartment;Apartment building;;False;;70170;;False;False;False;False;False;False;False;False;;;;;False;False;False
119338;Apartment;Apartment building;;False;;70067;;False;False;False;False;False;False;False;False;;;;;False;False;False
119399;Apartment;Apartment building;;False;;70088;;False;False;False;False;False;False;False;False;;;;;False;False;False
119451;Apartment;Apartment building;;False;;70161;;False;False;False;False;False;False;False;False;UNIT_CN;DYN;2023-10-01;2024-10-01;False;False;False
119562;Apartment;Apartment building;;False;;64167;;False;False;False;False;False;False;False;False;;;;;False;False;False
119631;Apartment;Apartment building;;False;;70159;;False;False;False;False;False;False;False;False;;;;;False;False;False
119700;Apartment;Apartment building;;False;;70130;;False;False;False;False;False;False;False;False;;;;;False;False;False
119731;Apartment;Apartment building;;False;;70170;;False;False;False;False;False;False;False;False;;;;;False;False;False
119939;Apartment;Apartment building;;False;;70128;;True;False;False;False;False;False;False;False;UNIT_CN;TOU;2023-10-01;2024-10-01;False;False;False
119970;Apartment;Apartment building;;False;;70120;;True;False;False;False;False;False;False;False;;;;;False;False;False
119996;Apartment;Apartment building;;False;;22064;;False;False;False;False;False;False;False;False;;;;;False;False;False
120003;Apartment;Apartment building;;False;;63065;;False;False;False;False;False;False;False;False;;;;;False;False;False
120004;Apartment;Apartment building;;False;;70025;;False;False;False;False;False;False;False;False;;;;;False;False;False
120030;Apartment;Apartment building;;False;;69329;;False;False;False;False;False;False;False;False;;;;;False;False;False
120032;Apartment;Apartment building;;False;;52579;;False;False;False;False;False;False;False;False;;;;;False;False;False
120158;Apartment;Apartment building;;False;;70170;;False;False;False;False;False;False;False;False;;;;;False;False;False
120162;Apartment;Apartment building;;False;;57900;;False;False;False;False;False;False;False;False;;;;;False;False;False
120257;Apartment;Apartment building;;False;;70109;;True;False;False;False;False;False;False;False;;;;;False;False;False
120270;Apartment;Apartment building;;False;;46846;;False;False;False;False;False;False;False;False;UNIT_CN;DYN;2023-10-01;2024-10-01;False;False;False
120295;Apartment;Apartment building;;False;;56884;;False;False;False;False;False;False;True;False;;;;;False;False;False
120307;Apartment;Apartment building;;False;;70165;;True;False;False;False;False;False;False;False;;;;;False;False;False
120356;Apartment;Apartment building;;False;;63414;;False;False;False;False;False;False;False;False;UNIT_CN;TOU;2023-10-01;2024-10-01;False;False;False
120674;Apartment;Apartment building;;False;;69287;;False;False;False;False;False;False;False;False;;;;;False;False;False
120798;Apartment;Apartment building;;False;;63309;;False;False;False;False;False;False;False;False;UNIT_CN;DYN;2023-10-01;2024-10-01;False;False;False
120837;Apartment;Apartment building;;False;;70051;;False;False;False;False;False;False;False;False;;;;;False;False;False
120853;Apartment;Apartment building;;False;;70023;;False;False;False;False;False;False;False;False;;;;;False;False;False
121206;Apartment;Apartment building;;False;;22401;;False;False;False;False;False;False;False;False;;;;;False;False;False
121216;Apartment;Apartment building;;False;;70127;;False;False;False;False;False;False;False;False;;;;;False;False;False
121311;Apartment;Apartment building;;False;;70133;;True;False;False;False;False;False;False;False;;;;;False;False;False
121380;Apartment;Apartment building;;False;;70174;;True;False;False;False;False;False;False;False;;;;;False;False;False
121419;Apartment;Apartment building;;False;;70170;;False;False;False;False;False;False;False;False;;;;;False;False;False
121452;Apartment;Apartment building;;False;;70167;;False;False;False;False;False;False;False;False;UNIT_CN;DYN;2023-10-01;2024-10-01;False;False;False
121496;Apartment;Apartment building;;False;;67060;;False;False;False;False;False;False;False;False;;;;;False;False;False
121582;Apartment;Apartment building;;False;;63246;;False;False;False;False;False;False;False;False;;;;;False;False;False
121701;Apartment;Apartment building;;False;;69166;;False;False;False;False;False;False;False;False;;;;;False;False;False
121768;Apartment;Apartment building;;False;;70170;;False;False;False;False;False;False;False;False;;;;;False;False;False
121771;Apartment;Apartment building;;False;;70136;;True;False;False;False;False;False;False;False;;;;;False;False;False
121918;Apartment;Apartment building;;False;;70165;;False;False;False;False;False;False;False;False;;;;;False;False;False
121952;Apartment;Apartment building;;False;;59820;;False;False;False;False;False;False;False;False;;;;;False;False;False
122038;Apartment;Apartment building;;False;;45731;;False;False;False;False;False;False;False;False;UNIT_CN;TOU;2023-10-01;2024-10-01;False;False;False
122065;Apartment;Apartment building;;False;;67438;;False;False;False;False;False;False;False;False;;;;;False;False;False
122113;Apartment;Apartment building;;False;;57920;;True;False;False;False;False;False;False;False;;;;;False;False;False
122120;Apartment;Apartment building;;False;;70154;;False;False;False;False;False;False;False;False;;;;;False;False;False
122176;Apartment;Apartment building;;False;;44624;;False;False;False;False;False;False;False;False;;;;;False;False;False
122358;Apartment;Apartment building;;False;;70112;;False;False;False;False;False;False;False;False;UNIT_CN;DYN;2023-10-01;2024-10-01;False;False;False
122388;Apartment;Apartment building;;False;;45804;;False;False;False;False;False;False;False;False;UNIT_CN;DYN;2023-10-01;2024-10-01;False;False;False
122476;Apartment;Apartment building;;False;;70146;;False;False;False;False;False;False;False;False;;;;;False;False;False
122572;Apartment;Apartment building;;False;;70170;;False;False;False;False;False;False;False;False;;;;;False;False;False
122621;Apartment;Apartment building;;False;;31075;;False;False;False;False;False;False;False;False;;;;;False;False;False
122625;Apartment;Apartment building;;False;;63265;;False;False;False;False;False;False;False;False;;;;;False;False;False
122685;Apartment;Single-family house;;False;;58900;;True;False;False;False;False;False;False;False;;;;;False;False;False
122803;Apartment;Apartment building;;False;;70114;;True;False;False;False;False;False;False;False;;;;;False;False;False
122805;Apartment;Apartment building;;False;;70172;;False;False;False;False;False;False;False;False;;;;;False;False;False
122829;Apartment;Apartment building;;False;;70170;;False;False;False;False;False;False;False;False;;;;;False;False;False
122932;Apartment;Apartment building;;False;;70172;;False;False;False;False;False;False;False;False;;;;;False;False;False
122998;Apartment;Apartment building;;False;;70110;;False;False;False;False;False;False;False;False;UNIT_CN;TOU;2023-10-01;2024-10-01;False;False;False
123020;Apartment;Apartment building;;False;;61393;;False;False;False;False;False;False;False;False;;;;;False;False;False
123151;Apartment;Apartment building;;False;;54742;;False;False;False;False;False;False;False;False;;;;;False;False;False
123213;Apartment;Apartment building;;False;;70163;;True;False;False;False;False;False;False;False;;;;;False;False;False
123215;Apartment;Apartment building;;False;;70110;;True;False;False;False;False;False;False;False;UNIT_CN;TOU;2023-10-01;2024-10-01;False;False;False
123224;Apartment;Apartment building;;False;;69291;;False;False;False;False;False;False;False;False;;;;;False;False;False
123264;Apartment;Single-family house;;False;;70023;;True;False;False;False;False;False;False;False;;;;;False;False;False
123299;Apartment;Apartment building;;False;;69167;;False;False;False;False;False;False;False;False;;;;;False;False;False
123312;Apartment;Apartment building;;False;;70172;;False;False;False;False;False;False;False;False;;;;;False;False;False
123507;Apartment;Apartment building;;False;;70164;;True;False;False;False;False;False;False;False;;;;;False;False;False
123601;Apartment;Apartment building;;False;;70142;;False;False;False;False;False;False;False;False;;;;;False;False;False
123681;Apartment;Apartment building;;False;;34157;;False;False;False;False;False;False;False;False;UNIT_CN;DYN;2023-10-01;2024-10-01;False;False;False
123895;Apartment;Apartment building;;False;;63362;;False;False;False;False;False;False;False;False;;;;;False;False;False
123952;Apartment;Apartment building;;False;;70109;;False;False;False;False;False;False;False;False;;;;;False;False;False
124043;Apartment;Apartment building;;False;;70166;;False;False;False;False;False;False;False;False;;;;;False;False;False
124161;Apartment;Apartment building;;False;;70150;;False;False;False;False;False;False;False;False;;;;;False;False;False
124275;Apartment;Apartment building;;False;;70170;;False;False;False;False;False;False;False;False;;;;;False;False;False
124280;Apartment;Apartment building;;False;;70129;;False;False;False;False;False;False;False;False;;;;;False;False;False
124331;Apartment;Apartment building;;False;;63063;;False;False;False;False;False;False;False;False;UNIT_CN;TOU;2023-10-01;2024-10-01;False;False;False
124334;Apartment;Apartment building;;False;;69273;;False;False;False;False;False;False;False;False;;;;;False;False;False
124404;Apartment;Apartment building;;False;;57999;;True;True;True;False;False;False;False;False;;;;;False;False;False
124418;Apartment;Apartment building;;False;;63271;;False;False;False;False;False;False;False;False;UNIT_CN;TOU;2023-10-01;2024-10-01;False;False;False
124439;Apartment;Apartment building;;False;;67254;;False;False;False;False;False;False;False;False;UNIT_CN;TOU;2023-10-01;2024-10-01;False;False;False
124497;Apartment;Apartment building;;False;;70170;;False;False;False;False;False;False;False;False;;;;;False;False;False
124615;Apartment;Apartment building;;False;;43060;;False;False;False;False;False;False;False;False;UNIT_CN;TOU;2023-10-01;2024-10-01;False;False;False
124681;Apartment;Apartment building;;False;;70166;;True;False;False;False;False;False;False;False;;;;;False;False;False
124741;Apartment;Single-family house;;False;;57946;;False;False;False;False;False;False;False;False;;;;;False;False;False
124790;Apartment;Single-family house;;False;;67871;;False;False;False;False;False;False;False;False;UNIT_CN;DYN;2023-10-01;2025-01-01;False;False;False
124839;Apartment;Apartment building;;False;;70143;;False;False;False;False;False;False;False;False;;;;;False;False;False
124866;Apartment;Apartment building;;False;;21725;;False;False;False;False;False;False;False;False;UNIT_CN;DYN;2023-10-01;2025-01-01;False;False;False
124879;Apartment;Apartment building;;False;;63584;;False;False;False;False;False;False;False;False;;;;;False;False;False
124953;Apartment;Apartment building;;False;;54201;;False;False;False;False;False;False;False;False;;;;;False;False;False
125057;Apartment;Apartment building;;False;;70065;;False;False;False;False;False;False;False;False;;;;;False;False;False
125126;Apartment;Apartment building;;False;;70068;;False;False;False;False;False;False;False;False;UNIT_CN;DYN;2023-10-01;2024-10-01;False;False;False
125178;Apartment;Single-family house;;False;;68674;;True;False;False;False;False;False;False;False;UNIT_CN;DYN;2023-10-01;2025-01-01;False;False;False
125597;Apartment;Apartment building;;False;;70170;;False;False;False;False;False;False;False;False;;;;;False;False;False
125609;Apartment;Apartment building;;False;;63273;;False;False;False;False;False;False;False;False;;;;;False;False;False
125856;Apartment;Apartment building;;False;;63276;;False;False;False;False;False;False;False;False;;;;;False;False;False
125900;Apartment;Apartment building;;False;;70133;;False;False;False;False;False;False;False;False;;;;;False;False;False
125939;Apartment;Single-family house;;False;;69286;;False;False;False;False;False;False;False;False;;;;;False;False;False
125965;Apartment;Apartment building;;False;;70148;;False;False;False;False;False;False;False;False;;;;;False;False;False
126025;Apartment;Apartment building;;False;;63383;;False;False;False;False;False;False;False;False;;;;;False;False;False
126074;Apartment;Single-family house;;False;;70170;;True;False;False;False;False;False;False;False;UNIT_CN;TOU;2023-10-01;2024-10-01;False;False;False
126081;Apartment;Apartment building;;False;;70051;;False;False;False;False;False;False;False;False;;;;;False;False;False
126159;Apartment;Apartment building;;False;;70040;;False;False;False;False;False;False;False;False;;;;;False;False;False
126189;Apartment;Apartment building;;False;;70149;;False;False;False;False;False;False;False;False;;;;;False;False;False
126333;Apartment;Apartment building;;False;;42315;;False;False;False;False;False;False;False;False;;;;;False;False;False
126437;Apartment;Apartment building;;False;;63272;;False;False;False;False;False;False;False;False;;;;;False;False;False
126485;Apartment;Apartment building;;False;;70172;;False;False;False;False;False;False;False;False;;;;;False;False;False
126509;Apartment;Apartment building;;False;;70172;;False;False;False;False;False;False;False;False;;;;;False;False;False
126513;Apartment;Apartment building;;False;;70172;;False;False;False;False;False;False;False;False;;;;;False;False;False
126527;Apartment;Apartment building;;False;;60552;;False;False;False;False;False;False;False;False;UNIT_CN;TOU;2023-10-01;2024-10-01;False;False;False
126588;Apartment;Apartment building;;False;;70166;;False;False;False;False;False;False;False;False;;;;;False;False;False
126651;Apartment;Apartment building;;False;;70139;;False;False;False;False;False;False;False;False;;;;;False;False;False
126663;Apartment;Apartment building;;False;;45337;;False;False;False;False;False;False;False;False;;;;;False;False;False
126812;Apartment;Apartment building;;False;;37051;;False;False;False;False;False;False;False;False;;;;;False;False;False
126890;Apartment;Apartment building;;False;;66681;;True;False;False;False;False;False;False;False;;;;;False;False;False
126935;Apartment;Apartment building;;False;;56437;;False;False;False;False;False;False;False;False;;;;;False;False;False
127032;Apartment;Apartment building;;False;;64160;;False;False;False;False;False;False;False;False;;;;;False;False;False
127248;Apartment;Apartment building;;False;;70172;;False;False;False;False;False;False;False;False;;;;;False;False;False
127345;Apartment;Apartment building;;False;;70141;;False;False;False;False;False;False;False;False;UNIT_CN;DYN;2023-10-01;2024-10-01;False;False;False
127353;Apartment;Apartment building;;False;;70170;;False;False;False;False;False;False;False;False;;;;;False;False;False
127384;Apartment;Apartment building;;False;;45478;;False;False;False;False;False;False;False;False;;;;;False;False;False
127392;Apartment;Apartment building;;False;;70164;;False;False;False;False;False;False;False;False;;;;;False;False;False
127404;Apartment;Apartment building;;False;;63366;;False;False;False;False;False;False;False;False;;;;;False;False;False
127528;Apartment;Apartment building;;False;;70049;;False;False;False;False;False;False;False;False;;;;;False;False;False
127579;Apartment;Apartment building;;False;;69285;;False;False;False;False;False;False;False;False;;;;;False;False;False
127593;Apartment;Apartment building;;False;;70134;;False;False;False;False;False;False;False;False;UNIT_CN;DYN;2023-10-01;2024-10-01;False;False;False
127704;Apartment;Apartment building;;False;;69282;;False;False;False;False;False;False;False;False;;;;;False;False;False
127710;Apartment;Single-family house;;False;;69302;;False;False;False;False;False;False;False;False;;;;;False;False;False
127813;Apartment;Apartment building;;False;;42207;;False;False;False;False;False;False;False;False;;;;;False;False;False
127883;Apartment;Apartment building;;False;;70025;;False;False;False;False;False;False;False;False;;;;;False;False;False
127903;Apartment;Apartment building;;False;;27758;;False;False;False;False;False;False;False;False;UNIT_CN;TOU;2023-10-01;2024-10-01;False;False;False
128007;Apartment;Apartment building;;False;;67488;;False;False;False;False;False;False;False;False;;;;;False;False;False
128043;Apartment;Apartment building;;False;;62961;;False;False;False;False;False;False;False;False;;;;;False;False;False
128075;Apartment;Apartment building;;False;;63312;;False;False;False;False;False;False;False;False;;;;;False;False;False
128179;Apartment;Apartment building;;False;;70075;;True;False;False;False;False;False;False;False;;;;;False;False;False
128189;Apartment;Apartment building;;False;;70172;;False;False;False;False;False;False;False;False;;;;;False;False;False
128325;Apartment;Apartment building;;False;;69806;;False;False;False;False;False;False;False;False;;;;;False;False;False
128430;Apartment;Apartment building;;False;;57100;;False;False;False;False;False;False;False;False;;;;;False;False;False
128664;Apartment;Apartment building;;False;;70051;;False;False;False;False;False;False;False;False;;;;;False;False;False
128730;Apartment;Apartment building;;False;;70131;;False;False;False;False;False;False;False;False;;;;;False;False;False
128777;Apartment;Apartment building;;False;;70135;;False;False;False;False;False;False;False;False;;;;;False;False;False
128854;Apartment;Apartment building;;False;;61899;;False;False;False;False;False;False;False;False;;;;;False;False;False
128865;Apartment;Apartment building;;False;;70166;;False;False;False;False;False;False;False;False;;;;;False;False;False
128954;Apartment;Apartment building;;False;;70103;;False;False;False;False;False;False;False;False;UNIT_CN;DYN;2023-10-01;2024-10-01;False;False;False
129070;Apartment;Apartment building;;False;;21873;;False;False;False;False;False;False;False;False;;;;;False;False;False
129095;Apartment;Apartment building;;False;;70162;;False;False;False;False;False;False;False;False;;;;;False;False;False
129143;Apartment;Apartment building;;False;;70172;;False;False;False;False;False;False;False;False;;;;;False;False;False
129165;Apartment;Apartment building;;False;;70115;;True;False;False;False;False;False;False;False;;;;;False;False;False
129175;Apartment;Apartment building;;False;;70134;;False;False;False;False;False;False;False;False;;;;;False;False;False
129188;Apartment;Apartment building;;False;;59897;;False;False;False;False;False;False;False;False;;;;;False;False;False
129194;Apartment;Apartment building;;False;;31705;;False;False;False;False;False;False;False;False;;;;;False;False;False
129249;Apartment;Apartment building;;False;;70141;;True;False;False;False;False;False;False;False;;;;;False;False;False
129347;Apartment;Apartment building;;False;;41197;;False;False;False;False;False;False;False;False;UNIT_CN;DYN;2023-10-01;2024-10-01;False;False;False
129435;Apartment;Apartment building;;False;;70167;;False;False;False;False;False;False;False;False;;;;;False;False;False
129447;Apartment;Apartment building;;False;;69293;;False;False;False;False;False;False;False;False;;;;;False;False;False
129448;Apartment;Apartment building;;False;;70162;;False;False;False;False;False;False;False;False;;;;;False;False;False
129569;Apartment;Single-family house;;False;;70176;;False;False;False;False;False;False;False;False;UNIT_CN;UNIT;2023-10-01;2025-01-01;False;False;False
129705;Apartment;Apartment building;;False;;69239;;False;False;False;False;False;False;False;False;;;;;False;False;False
129780;Apartment;Apartment building;;False;;70006;;True;False;False;False;False;False;False;False;;;;;False;False;False
129817;Apartment;Apartment building;;False;;70166;;True;True;True;False;False;False;False;False;;;;;False;False;False
129847;Apartment;Apartment building;;False;;63940;;False;False;False;False;True;False;False;False;;;;;False;False;False
129889;Apartment;Apartment building;;False;;69959;;False;False;False;False;False;False;False;False;UNIT_CN;DYN;2023-10-01;2024-10-01;False;False;False
129894;Apartment;Apartment building;;False;;70143;;True;False;False;False;False;False;False;False;;;;;False;False;False
129896;Apartment;Apartment building;;False;;59712;;False;False;False;False;False;False;False;False;;;;;False;False;False
129929;Apartment;Apartment building;;False;;70169;;False;False;False;False;False;False;False;False;;;;;False;False;False
129958;Apartment;Apartment building;;False;;67210;;False;False;False;False;False;False;False;False;;;;;False;False;False
130029;Apartment;Apartment building;;False;;70167;;False;False;False;False;False;False;False;False;UNIT_CN;DYN;2023-10-01;2024-10-01;False;False;False
130124;Apartment;Apartment building;;False;;64165;;False;False;False;False;False;False;False;False;;;;;False;False;False
130155;Apartment;Apartment building;;False;;42981;;False;False;False;False;False;False;False;False;;;;;False;False;False
130289;Apartment;Apartment building;;False;;70165;;False;False;False;False;False;False;False;False;;;;;False;False;False
130294;Apartment;Apartment building;;False;;55065;;False;False;False;False;False;False;False;False;;;;;False;False;False
130406;Apartment;Apartment building;;False;;70170;;False;False;False;False;False;False;False;False;;;;;False;False;False
130441;Apartment;Apartment building;;False;;64167;;False;False;False;False;False;False;False;False;;;;;False;False;False
130472;Apartment;Apartment building;;False;;70124;;False;False;False;False;False;False;False;False;;;;;False;False;False
130512;Apartment;Apartment building;;False;;70172;;False;False;False;False;False;False;False;False;;;;;False;False;False
130531;Apartment;Apartment building;;False;;63284;;False;False;False;False;False;False;False;False;;;;;False;False;False
130745;Apartment;Apartment building;;False;;21738;;False;False;False;False;False;False;False;False;UNIT_CN;TOU;2023-10-01;2024-10-01;False;False;False
130831;Apartment;Apartment building;;False;;70161;;False;False;False;False;False;False;False;False;;;;;False;False;False
130848;Apartment;Apartment building;;False;;69193;;False;False;False;False;False;False;False;False;;;;;False;False;False
131068;Apartment;Single-family house;;False;;70168;;False;False;False;False;False;False;False;False;;;;;False;False;False
131131;Apartment;Apartment building;;False;;69891;;False;False;False;False;False;False;False;False;;;;;False;False;False
131205;Apartment;Apartment building;;False;;70167;;False;False;False;False;False;False;True;False;;;;;False;False;False
131257;Apartment;Apartment building;;False;;70073;;False;False;False;False;False;False;False;False;UNIT_LOW;UNIT;2023-10-01;2025-01-01;False;False;True
131271;Apartment;Apartment building;;False;;69874;;True;False;False;False;False;False;False;False;;;;;False;False;False
131293;Apartment;Apartment building;;False;;70073;;False;False;False;False;False;False;False;False;;;;;False;False;False
131304;Apartment;Apartment building;;False;;70141;;False;False;False;False;False;False;False;False;;;;;False;False;False
131329;Apartment;Apartment building;;False;;70138;;True;False;False;False;False;False;False;False;;;;;False;False;False
131382;Apartment;Apartment building;;False;;70112;;False;False;False;False;False;False;False;False;UNIT_CN;TOU;2023-10-01;2024-10-01;False;False;False
131446;Apartment;Apartment building;;False;;44808;;False;False;False;False;False;False;False;False;;;;;False;False;False
131504;Apartment;Apartment building;;False;;70051;;False;False;False;False;False;False;False;False;;;;;False;False;False
131561;Apartment;Apartment building;;False;;70035;;False;False;False;False;False;False;False;False;;;;;False;False;False
131570;Apartment;Apartment building;;False;;62873;;False;False;False;False;False;False;False;False;;;;;False;False;False
131848;Apartment;Apartment building;;False;;68214;;False;False;False;False;False;False;False;False;;;;;False;False;False
131979;Apartment;Apartment building;;False;;70134;;False;False;False;False;False;False;False;False;;;;;False;False;False
132019;Apartment;Apartment building;;False;;70073;;False;False;False;False;False;False;False;False;;;;;False;False;False
132045;Apartment;Apartment building;;False;;70165;;False;False;False;False;False;False;False;False;;;;;False;False;False
132125;Apartment;Apartment building;;False;;70134;;True;False;False;False;False;False;False;False;;;;;False;False;False
132154;Apartment;Apartment building;;False;;70002;;False;False;False;False;False;False;False;False;;;;;False;False;False
132175;Apartment;Apartment building;;False;;70135;;False;False;False;False;False;False;False;False;;;;;False;False;False
132212;Apartment;Apartment building;;False;;70170;;False;False;False;False;False;False;False;False;;;;;False;False;False
132297;Apartment;Apartment building;;False;;64165;;False;False;False;False;False;False;False;False;;;;;False;False;False
132314;Apartment;Apartment building;;False;;45797;;False;False;False;False;False;False;False;False;UNIT_CN;DYN;2023-10-01;2024-10-01;False;False;False
132391;Apartment;Apartment building;;False;;70150;;False;False;False;False;False;False;False;False;;;;;False;False;False
132456;Apartment;Apartment building;;False;;70049;;False;False;False;False;False;False;False;False;;;;;False;False;False
132540;Apartment;Apartment building;;False;;70174;;False;False;False;False;False;False;False;False;;;;;False;False;False
132609;Apartment;Apartment building;;False;;63231;;False;False;False;False;False;False;False;False;UNIT_CN;TOU;2023-10-01;2024-10-01;False;False;False
132708;Apartment;Apartment building;;False;;70112;;False;False;False;False;False;False;False;False;;;;;False;False;False
132902;Apartment;Apartment building;;False;;70150;;False;False;False;False;False;False;False;False;;;;;False;False;False
132925;Apartment;Apartment building;;False;;69680;;False;False;False;False;False;False;False;False;UNIT_CN;TOU;2023-10-01;2024-10-01;False;False;False
133092;Apartment;Apartment building;;False;;70139;;False;False;False;False;False;False;False;False;;;;;False;False;False
133296;Apartment;Apartment building;;False;;70167;;False;False;False;False;False;False;False;False;;;;;False;False;False
133298;Apartment;Apartment building;;False;;70163;;False;False;False;False;False;False;False;False;UNIT_CN;DYN;2023-10-01;2024-10-01;False;False;False
133302;Apartment;Apartment building;;False;;63370;;False;False;False;False;False;False;False;False;UNIT_CN;TOU;2023-10-01;2024-10-01;False;False;False
133458;Apartment;Apartment building;;False;;70146;;False;False;False;False;False;False;False;False;;;;;False;False;False
133509;Apartment;Apartment building;;False;;70172;;False;False;False;False;False;False;False;False;UNIT_CN;TOU;2023-10-01;2024-10-01;False;False;False
133518;Apartment;Apartment building;;False;;70168;;False;False;False;False;False;False;False;False;;;;;False;False;False
133520;Apartment;Apartment building;;False;;67481;;False;False;False;False;False;False;False;False;;;;;False;False;False
133746;Apartment;Apartment building;;False;;22406;;False;False;False;False;False;False;False;False;UNIT_CN;TOU;2023-10-01;2024-10-01;False;False;False
133782;Apartment;Apartment building;;False;;63290;;False;False;False;False;False;False;False;False;;;;;False;False;False
133914;Apartment;Apartment building;;False;;43401;;False;False;False;False;False;False;False;False;;;;;False;False;False
133941;Apartment;Single-family house;;False;;54698;;False;False;False;False;False;False;False;False;;;;;False;False;False
134030;Apartment;Apartment building;;False;;27326;;False;False;False;False;False;False;False;False;;;;;False;False;False
134124;Apartment;Apartment building;;False;;70042;;False;False;False;False;True;False;False;False;;;;;False;False;False
134130;Apartment;Apartment building;;False;;70146;;True;False;False;False;False;False;False;False;;;;;False;False;False
134189;Apartment;Apartment building;;False;;69798;;False;False;False;False;False;False;False;False;;;;;False;False;False
134213;Apartment;Apartment building;;False;;70114;;False;False;False;False;False;False;False;False;;;;;False;False;False
134372;Apartment;Apartment building;;False;;70136;;True;False;False;False;False;False;False;False;UNIT_CN;DYN;2023-10-01;2024-10-01;False;False;False
134411;Apartment;Apartment building;;False;;70113;;False;False;False;False;False;False;False;False;;;;;False;False;False
134550;Apartment;Apartment building;;False;;32284;;False;False;False;False;False;False;False;False;;;;;False;False;False
134551;Apartment;Apartment building;;False;;60216;;False;False;False;False;False;False;False;False;;;;;False;False;False
134574;Apartment;Apartment building;;False;;70141;;False;False;False;False;False;False;False;False;UNIT_CN;DYN;2023-10-01;2024-10-01;False;False;False
134582;Apartment;Apartment building;;False;;69283;;False;False;False;False;False;False;False;False;;;;;False;False;False
134633;Apartment;Apartment building;;False;;52825;;False;False;False;False;False;False;False;False;UNIT_CN;TOU;2023-10-01;2024-10-01;False;False;False
134685;Apartment;Apartment building;;False;;70121;;False;False;False;False;False;False;False;False;UNIT_LOW;UNIT;2023-10-01;2025-01-01;False;False;False
134687;Apartment;Apartment building;;False;;70049;;False;False;False;False;False;False;False;False;;;;;False;False;False
134855;Apartment;Apartment building;;False;;70169;;True;False;False;False;False;False;False;False;;;;;False;False;False
134900;Apartment;Apartment building;;False;;70041;;False;False;False;False;False;False;False;False;;;;;False;False;False
135022;Apartment;Apartment building;;False;;70172;;False;False;False;False;False;False;False;False;;;;;False;False;False
135046;Apartment;Apartment building;;False;;70141;;False;False;False;False;False;False;False;False;;;;;False;False;False
135052;Apartment;Apartment building;;False;;70029;;False;False;False;False;False;False;False;False;;;;;False;False;False
135128;Apartment;Apartment building;;False;;63277;;False;False;False;False;False;False;False;False;;;;;False;False;False
135158;Apartment;Apartment building;;False;;70135;;False;False;False;False;False;False;False;False;;;;;False;False;False
135223;Apartment;Apartment building;;False;;70047;;False;False;False;False;False;False;False;False;;;;;False;False;False
135287;Apartment;Apartment building;;False;;69263;;False;False;False;False;False;False;False;False;;;;;False;False;False
135290;Apartment;Apartment building;;False;;70095;;True;False;False;False;False;False;False;False;;;;;False;False;False
135486;Apartment;Apartment building;;False;;63420;;False;False;False;False;False;False;False;False;;;;;False;False;False
135606;Apartment;Apartment building;;False;;63220;;False;False;False;False;False;False;False;False;UNIT_CN;DYN;2023-10-01;2024-10-01;False;False;False
135661;Apartment;Apartment building;;False;;43435;;False;False;False;False;False;False;False;False;;;;;False;False;False
135813;Apartment;Apartment building;;False;;62394;;False;False;False;False;False;False;False;False;;;;;False;False;False
135964;Apartment;Apartment building;;False;;42316;;False;False;False;False;False;False;False;False;;;;;False;False;False
135991;Apartment;Apartment building;;False;;55140;;False;False;False;False;False;False;False;False;;;;;False;False;False
136491;Apartment;Apartment building;;False;;69285;;False;False;False;False;False;False;False;False;;;;;False;False;False
136507;Apartment;Apartment building;;False;;56619;;False;False;False;False;False;False;False;False;;;;;False;False;False
136558;Apartment;Apartment building;;False;;70141;;False;False;False;False;False;False;False;False;UNIT_CN;DYN;2023-10-01;2024-10-01;False;False;False
136570;Apartment;Apartment building;;False;;70045;;False;False;False;False;False;False;False;False;;;;;False;False;False
136590;Apartment;Apartment building;;False;;69128;;False;False;False;False;False;False;False;False;;;;;False;False;False
136718;Apartment;Apartment building;;False;;70157;;True;False;False;False;False;False;False;False;;;;;False;False;False
136742;Apartment;Apartment building;;False;;70139;;True;False;False;False;False;False;False;False;;;;;False;False;False
136797;Apartment;Apartment building;;False;;70145;;False;False;False;False;False;False;False;False;UNIT_CN;DYN;2023-10-01;2024-10-01;False;False;False
136864;Apartment;Apartment building;;False;;70140;;False;False;False;False;False;False;False;False;UNIT_CN;TOU;2023-10-01;2024-10-01;False;False;False
136973;Apartment;Single-family house;;False;;70114;;False;True;False;False;False;False;False;False;;;;;False;False;False
136975;Apartment;Apartment building;;False;;70160;;False;False;False;False;False;False;False;False;UNIT_CN;DYN;2023-10-01;2024-10-01;False;False;False
137041;Apartment;Apartment building;;False;;70143;;False;False;False;False;False;False;False;False;;;;;False;False;False
137335;Apartment;Apartment building;;False;;70073;;False;False;False;False;False;False;False;False;;;;;False;False;False
137373;Apartment;Apartment building;;False;;68580;;False;False;False;False;False;False;False;False;;;;;False;False;False
137515;Apartment;Apartment building;;False;;70132;;False;False;False;False;False;False;False;False;;;;;False;False;False
137520;Apartment;Apartment building;;False;;70172;;False;False;False;False;False;False;False;False;;;;;False;False;False
137666;Apartment;Apartment building;;False;;70167;;False;False;False;False;False;False;False;False;;;;;False;False;False
137760;Apartment;Single-family house;;False;;70133;;False;False;False;False;False;False;False;False;UNIT_CN;DYN;2023-10-01;2024-10-01;False;False;False
137769;Apartment;Apartment building;;False;;58478;;False;False;False;False;False;False;False;False;;;;;False;False;False
137776;Apartment;Apartment building;;False;;63380;;False;False;False;False;False;False;False;False;UNIT_CN;DYN;2023-10-01;2024-10-01;False;False;False
137781;Apartment;Apartment building;;False;;70140;;True;False;False;False;False;False;False;False;;;;;False;False;False
137821;Apartment;Apartment building;;False;;69293;;False;False;False;False;False;False;False;False;;;;;False;False;False
137823;Apartment;Single-family house;;False;;21884;;False;False;False;False;False;False;False;False;;;;;False;False;False
137851;Apartment;Apartment building;;False;;63366;;False;False;False;False;False;False;False;False;;;;;False;False;False
138044;Apartment;Apartment building;;False;;70146;;False;False;False;False;False;False;False;False;;;;;False;False;False
138081;Apartment;Apartment building;;False;;63318;;False;False;False;False;False;False;False;False;;;;;False;False;False
138094;Apartment;Apartment building;;False;;70159;;False;False;False;False;False;False;False;False;;;;;False;False;False
138144;Apartment;Apartment building;;False;;44297;;False;False;False;False;False;False;False;False;;;;;False;False;False
138162;Apartment;Apartment building;;False;;70151;;True;False;False;False;False;False;False;False;;;;;False;False;False
138310;Apartment;Apartment building;;False;;70170;;False;False;False;False;False;False;False;False;;;;;False;False;False
138317;Apartment;Apartment building;;False;;70172;;False;False;False;False;False;False;False;False;;;;;False;False;False
138331;Apartment;Apartment building;;False;;70168;;False;False;False;False;False;False;False;False;;;;;False;False;False
138346;Apartment;Apartment building;;False;;63271;;False;False;False;False;False;False;False;False;UNIT_CN;DYN;2023-10-01;2024-10-01;False;False;False
138385;Apartment;Apartment building;;False;;70170;;False;False;False;False;False;False;False;False;;;;;False;False;False
138439;Apartment;Apartment building;;False;;70115;;False;False;False;False;False;False;False;False;UNIT_CN;TOU;2023-10-01;2024-10-01;False;False;False
138484;Apartment;Apartment building;;False;;70167;;False;False;False;False;False;False;False;False;UNIT_CN;TOU;2023-10-01;2024-10-01;False;False;False
138500;Apartment;Apartment building;;False;;70133;;False;False;False;False;False;False;False;False;UNIT_CN;DYN;2023-10-01;2024-10-01;False;False;False
138504;Apartment;Apartment building;;False;;69274;;False;False;False;False;False;False;False;False;;;;;False;False;False
138509;Apartment;Apartment building;;False;;69165;;False;False;False;False;False;False;False;False;;;;;False;False;False
138552;Apartment;Apartment building;;False;;70130;;False;False;False;False;False;False;False;False;UNIT_CN;TOU;2023-10-01;2024-10-01;False;False;False
138564;Apartment;Apartment building;;False;;70050;;False;False;False;False;False;False;False;False;;;;;False;False;False
138680;Apartment;Single-family house;;False;;70080;;False;False;False;False;False;False;False;False;UNIT_CN;DYN;2023-10-01;2025-01-01;False;False;False
138773;Apartment;Apartment building;;False;;53555;;False;False;False;False;False;False;False;False;;;;;False;False;False
138810;Apartment;Apartment building;;False;;70073;;False;False;False;False;False;False;False;False;;;;;False;False;False
138841;Apartment;Apartment building;;False;;70075;;False;False;False;False;False;False;False;False;;;;;False;False;False
138847;Apartment;Apartment building;;False;;52370;;False;False;False;False;False;False;True;False;;;;;False;False;False
138851;Apartment;Apartment building;;False;;63961;;False;False;False;False;False;False;False;False;UNIT_CN;TOU;2023-10-01;2024-10-01;False;False;False
138938;Apartment;Apartment building;;False;;58016;;False;False;False;False;False;False;False;False;;;;;False;False;False
138940;Apartment;Apartment building;;False;;70170;;False;False;False;False;False;False;False;False;;;;;False;False;False
139124;Apartment;Apartment building;;False;;61958;;False;False;False;False;False;False;False;False;;;;;False;False;False
139180;Apartment;Apartment building;;False;;70163;;False;False;False;False;False;False;False;False;;;;;False;False;False
139252;Apartment;Apartment building;;False;;70051;;False;False;False;False;False;False;False;False;;;;;False;False;False
139353;Apartment;Apartment building;;False;;70138;;False;False;False;False;False;False;False;False;;;;;False;False;False
139509;Apartment;Apartment building;;False;;69044;;False;False;False;False;False;False;False;False;;;;;False;False;False
139538;Apartment;Apartment building;;False;;69942;;False;False;False;False;False;False;False;False;;;;;False;False;False
139662;Apartment;Apartment building;;False;;70166;;False;False;False;False;False;False;False;False;;;;;False;False;False
139696;Apartment;Apartment building;;False;;69293;;False;False;False;False;False;False;False;False;;;;;False;False;False
139790;Apartment;Apartment building;;False;;70133;;True;False;False;False;False;False;False;False;;;;;False;False;False
139815;Apartment;Apartment building;;False;;35131;0.444;False;False;False;False;False;False;False;False;;;;;False;False;False
140060;Apartment;Apartment building;;False;;70049;;False;False;False;False;False;False;False;False;UNIT_CN;DYN;2023-10-01;2024-10-01;False;False;False
140071;Apartment;Apartment building;;False;;70146;;False;False;False;False;False;False;False;False;;;;;False;False;False
140114;Apartment;Apartment building;;False;;69147;;False;False;False;False;False;False;False;False;;;;;False;False;False
140198;Apartment;Apartment building;;False;;34725;0.236;False;False;False;False;False;False;False;False;UNIT_CN;DYN;2023-10-01;2024-10-01;False;False;False
140251;Apartment;Apartment building;;False;;70114;;False;False;False;False;False;False;False;False;UNIT_CN;TOU;2023-10-01;2024-10-01;False;False;False
140291;Apartment;Apartment building;;False;;70170;;False;False;False;False;False;False;False;False;;;;;False;False;False
140306;Apartment;Apartment building;;False;;69869;;False;False;False;False;False;False;False;False;;;;;False;False;False
140410;Apartment;Apartment building;;False;;69871;;False;False;False;False;False;False;False;False;;;;;False;False;False
140460;Apartment;Single-family house;;False;;69294;;False;False;False;False;False;False;False;False;;;;;False;False;False
140509;Apartment;Apartment building;;False;;70114;;False;False;False;False;False;False;False;False;UNIT_CN;DYN;2023-10-01;2024-10-01;False;False;False
140517;Apartment;Apartment building;;False;;44028;;False;False;False;False;False;False;False;False;UNIT_CN;TOU;2023-10-01;2024-10-01;False;False;False
140526;Apartment;Apartment building;;False;;63321;;False;False;False;False;False;False;False;False;UNIT_CN;DYN;2023-10-01;2024-10-01;False;False;False
140626;Apartment;Apartment building;;False;;43652;;False;False;False;False;False;False;False;False;UNIT_CN;TOU;2023-10-01;2024-10-01;False;False;False
140786;Apartment;Apartment building;;False;;39458;;False;False;False;False;False;False;False;False;UNIT_CN;DYN;2023-10-01;2024-10-01;False;False;False
140988;Apartment;Apartment building;;False;;70170;;False;False;False;False;False;False;False;False;;;;;False;False;False
141006;Apartment;Apartment building;;False;;70110;;False;False;False;False;False;False;False;False;UNIT_CN;DYN;2023-10-01;2024-10-01;False;False;False
141139;Apartment;Apartment building;;False;;70140;;False;False;False;False;False;False;False;False;;;;;False;False;False
141411;Apartment;Apartment building;;False;;42585;;False;False;False;False;False;False;False;False;;;;;False;False;False
141538;Apartment;Apartment building;;False;;70113;;False;False;False;False;False;False;False;False;UNIT_CN;TOU;2023-10-01;2024-10-01;False;False;False
141632;Apartment;Apartment building;;False;;70051;;False;False;False;False;True;False;False;False;;;;;False;False;False
141737;Apartment;Apartment building;;False;;70135;;False;False;False;False;False;False;False;False;UNIT_CN;DYN;2023-10-01;2024-10-01;False;False;False
141744;Apartment;Apartment building;;False;;70112;;True;False;False;False;False;False;False;False;;;;;False;False;False
141791;Apartment;Apartment building;;False;;70172;;False;False;False;False;False;False;False;False;;;;;False;False;False
141850;Apartment;Apartment building;;False;;31223;;False;False;False;False;False;False;False;False;;;;;False;False;False
141853;Apartment;Apartment building;;False;;70170;;False;False;False;False;False;False;False;False;;;;;False;False;False
141898;Apartment;Apartment building;;False;;70048;;False;False;False;False;False;False;False;False;;;;;False;False;False
141989;Apartment;Apartment building;;False;;70110;;False;False;False;False;False;False;False;False;UNIT_CN;DYN;2023-10-01;2024-10-01;False;False;False
142038;Apartment;Apartment building;;False;;70109;;False;False;False;False;True;False;False;False;;;;;False;False;False
142072;Apartment;Apartment building;;False;;70051;;False;False;False;False;False;False;False;False;;;;;False;False;False
142100;Apartment;Single-family house;;False;;70133;;False;False;False;False;False;False;False;False;UNIT_CN;DYN;2023-10-01;2024-10-01;False;False;False
142148;Apartment;Apartment building;;False;;70098;;True;False;False;False;False;False;False;False;;;;;False;False;False
142272;Apartment;Apartment building;;False;;70153;;False;False;False;False;False;False;False;False;;;;;False;False;False
142316;Apartment;Apartment building;;False;;47160;;False;False;False;False;False;False;False;False;UNIT_CN;TOU;2023-10-01;2024-10-01;False;False;False
142329;Apartment;Apartment building;;False;;63443;;False;False;False;False;False;False;False;False;UNIT_CN;TOU;2023-10-01;2024-10-01;False;False;False
142842;Apartment;Apartment building;;False;;70097;;False;False;False;False;False;False;False;False;;;;;False;False;False
142895;Apartment;Apartment building;;False;;54945;;False;False;False;False;False;False;False;False;;;;;False;False;False
142928;Apartment;Apartment building;;False;;66190;;True;False;False;False;False;False;False;False;;;;;False;False;False
142940;Apartment;Apartment building;;False;;70170;;False;False;False;False;False;False;False;False;UNIT_CN;DYN;2023-10-01;2024-10-01;False;False;False
142993;Apartment;Apartment building;;False;;35100;0.248;False;False;False;False;False;False;False;False;UNIT_CN;DYN;2023-10-01;2024-10-01;False;False;False
143082;Apartment;Apartment building;;False;;63447;;False;False;False;False;False;False;False;False;;;;;False;False;False
143117;Apartment;Apartment building;;False;;70146;;False;False;False;False;False;False;True;False;;;;;False;False;False
143134;Apartment;Apartment building;;False;;70141;;False;False;False;False;False;False;False;False;;;;;False;False;False
143205;Apartment;Apartment building;;False;;57906;;False;False;False;False;False;False;False;False;;;;;False;False;False
143295;Apartment;Apartment building;;False;;64165;;False;False;False;False;False;False;False;False;;;;;False;False;False
143298;Apartment;Apartment building;;False;;70048;;False;False;False;False;True;False;False;False;UNIT_LOW;DYN;2023-10-01;2024-10-01;False;False;False
143304;Apartment;Apartment building;;False;;70020;;False;False;False;False;False;False;False;False;;;;;False;False;False
143329;Apartment;Apartment building;;False;;70141;;False;False;False;False;False;False;False;False;UNIT_CN;DYN;2023-10-01;2024-10-01;False;False;False
143354;Apartment;Apartment building;;False;;49003;;False;False;False;False;False;False;False;False;UNIT_CN;TOU;2023-10-01;2024-10-01;False;False;False
143535;Apartment;Apartment building;;False;;70144;;False;False;False;False;False;False;False;False;;;;;False;False;False
143547;Apartment;Apartment building;;False;;70163;;False;False;False;False;False;False;False;False;;;;;False;False;False
143640;Apartment;Apartment building;;False;;70146;;False;False;False;False;False;False;False;False;UNIT_CN;TOU;2023-10-01;2024-10-01;False;False;False
143648;Apartment;Apartment building;;False;;57806;;False;False;False;False;False;False;True;False;;;;;False;False;False
143701;Apartment;Apartment building;;False;;69252;;False;False;False;False;False;False;False;False;;;;;False;False;False
143772;Apartment;Apartment building;;False;;70109;;False;False;False;False;False;False;False;False;UNIT_CN;TOU;2023-10-01;2024-10-01;False;False;False
143797;Apartment;Apartment building;;False;;70093;;False;False;False;False;False;False;False;False;UNIT_CN;DYN;2023-10-01;2024-10-01;False;False;False
143831;Apartment;Apartment building;;False;;70100;;True;False;False;False;False;False;False;False;;;;;False;False;False
143844;Apartment;Apartment building;;False;;44293;;False;False;False;False;False;False;False;False;;;;;False;False;False
143860;Apartment;Apartment building;;False;;70163;;False;False;False;False;False;False;False;False;;;;;False;False;False
143874;Apartment;Apartment building;;False;;70168;;False;False;False;False;False;False;False;False;;;;;False;False;False
143908;Apartment;Apartment building;;False;;70140;;False;False;False;False;False;False;False;False;;;;;False;False;False
143939;Apartment;Apartment building;;False;;70155;;False;False;False;False;False;False;False;False;;;;;False;False;False
144007;Apartment;Apartment building;;False;;70020;;False;False;False;False;False;False;False;False;;;;;False;False;False
144139;Apartment;Apartment building;;False;;63312;;False;False;False;False;False;False;False;False;UNIT_CN;TOU;2023-10-01;2024-10-01;False;False;False
144189;Apartment;Apartment building;;False;;70049;;False;False;False;False;False;False;False;False;;;;;False;False;False
144246;Apartment;Apartment building;;False;;70025;;False;False;False;False;False;False;False;False;;;;;False;False;False
144401;Apartment;Single-family house;;False;;65052;;False;False;False;False;False;False;False;False;;;;;False;False;False
144454;Apartment;Apartment building;;False;;46900;;False;False;False;False;False;False;False;False;;;;;False;False;False
144496;Apartment;Apartment building;;False;;70129;;True;False;False;False;False;False;False;False;;;;;False;False;False
144521;Apartment;Apartment building;;False;;46891;;False;False;False;False;False;False;False;False;UNIT_CN;TOU;2023-10-01;2024-10-01;False;False;False
144530;Apartment;Apartment building;;False;;31550;;False;False;False;False;False;False;False;False;UNIT_CN;TOU;2023-10-01;2024-10-01;False;False;False
144613;Apartment;Apartment building;;False;;70044;;False;False;False;False;False;False;False;False;;;;;False;False;False
144614;Apartment;Apartment building;;False;;69290;;False;False;False;False;False;False;False;False;;;;;False;False;False
144649;Apartment;Apartment building;;False;;70169;;False;False;False;False;False;False;False;False;;;;;False;False;False
144693;Apartment;Apartment building;;False;;63349;;False;False;False;False;False;False;False;False;UNIT_CN;DYN;2023-10-01;2024-10-01;False;False;False
144707;Apartment;Apartment building;;False;;63331;;False;False;False;False;False;False;False;False;;;;;False;False;False
144822;Apartment;Apartment building;;False;;70153;;False;False;False;False;False;False;False;False;;;;;False;False;False
144852;Apartment;Apartment building;;False;;70112;;False;False;False;False;False;False;False;False;;;;;False;False;False
144883;Apartment;Apartment building;;False;;59815;;False;False;False;False;False;False;False;False;;;;;False;False;False
144973;Apartment;Apartment building;;False;;70169;;False;False;False;False;False;False;False;False;;;;;False;False;False
145021;Apartment;Apartment building;;False;;70139;;False;False;False;False;False;False;False;False;;;;;False;False;False
145042;Apartment;Apartment building;;False;;69288;;False;False;False;False;False;False;False;False;;;;;False;False;False
145108;Apartment;Apartment building;;False;;70137;;False;False;False;False;False;False;False;False;;;;;False;False;False
145126;Apartment;Apartment building;;False;;43378;;False;False;False;False;False;False;False;False;;;;;False;False;False
145215;Apartment;Apartment building;;False;;69288;;False;False;False;False;False;False;False;False;;;;;False;False;False
145257;Apartment;Apartment building;;False;;70141;;False;False;False;False;False;False;False;False;;;;;False;False;False
145354;Apartment;Apartment building;;False;;70170;;False;False;False;False;False;False;False;False;;;;;False;False;False
145358;Apartment;Apartment building;;False;;63296;;False;False;False;False;False;False;False;False;;;;;False;False;False
145385;Apartment;Apartment building;;False;;38841;;False;False;False;False;False;False;False;False;;;;;False;False;False
145386;Apartment;Apartment building;;False;;70172;;False;False;False;False;False;False;False;False;UNIT_CN;TOU;2023-10-01;2024-10-01;False;False;False
145531;Apartment;Apartment building;;False;;43761;;False;False;False;False;False;False;False;False;UNIT_CN;DYN;2023-10-01;2024-10-01;False;False;False
145687;Apartment;Apartment building;;False;;70172;;False;False;False;False;False;False;False;False;;;;;False;False;False
145783;Apartment;Apartment building;;False;;70139;;False;False;False;False;False;False;False;False;;;;;False;False;False
145822;Apartment;Apartment building;;False;;70112;;False;False;False;False;True;False;False;False;UNIT_LOW;DYN;2023-10-01;2025-01-01;False;False;False
145863;Apartment;Apartment building;;False;;70141;;False;False;False;False;False;False;False;False;UNIT_CN;TOU;2023-10-01;2024-10-01;False;False;False
145913;Apartment;Apartment building;;False;;63272;;False;False;False;False;False;False;False;False;;;;;False;False;False
145965;Apartment;Apartment building;;False;;70164;;False;False;False;False;False;False;False;False;;;;;False;False;False
145972;Apartment;Apartment building;;False;;31004;;False;False;False;False;False;False;False;False;;;;;False;False;False
146008;Apartment;Apartment building;;False;;70168;;False;False;False;False;False;False;False;False;;;;;False;False;False
146030;Apartment;Apartment building;;False;;70167;;False;False;False;False;False;False;False;False;;;;;False;False;False
146042;Apartment;Apartment building;;False;;69283;;False;False;False;False;False;False;False;False;;;;;False;False;False
146064;Apartment;Apartment building;;False;;70048;;False;False;False;False;False;False;False;False;;;;;False;False;False
146129;Apartment;Apartment building;;False;;67571;;True;False;False;False;False;False;False;False;;;;;False;False;False
146176;Apartment;Apartment building;;False;;70109;;False;False;False;False;False;False;False;False;;;;;False;False;False
146325;Apartment;Apartment building;;False;;70137;;False;False;False;False;False;False;False;False;;;;;False;False;False
146358;Apartment;Apartment building;;False;;70073;;False;False;False;False;False;False;False;False;;;;;False;False;False
146398;Apartment;Apartment building;;False;;70170;;False;False;False;False;False;False;False;False;;;;;False;False;False
146399;Apartment;Apartment building;;False;;41663;;False;False;False;False;False;False;False;False;UNIT_CN;DYN;2023-10-01;2024-10-01;False;False;False
146449;Apartment;Apartment building;;False;;70146;;True;False;False;False;False;False;False;False;;;;;False;False;False
146623;Apartment;Apartment building;;False;;70160;;False;False;False;False;False;False;False;False;;;;;False;False;False
146669;Apartment;Apartment building;;False;;69291;;False;False;False;False;False;False;False;False;;;;;False;False;False
146718;Apartment;Apartment building;;False;;70170;;False;False;False;False;False;False;False;False;;;;;False;False;False
146759;Apartment;Apartment building;;False;;44130;;True;False;False;False;False;False;False;False;;;;;False;False;False
146990;Apartment;Apartment building;;False;;63412;;False;False;False;False;False;False;False;False;UNIT_CN;TOU;2023-10-01;2024-10-01;False;False;False
147048;Apartment;Apartment building;;False;;70158;;False;False;False;False;False;False;False;False;;;;;False;False;False
147232;Apartment;Apartment building;;False;;46547;;False;False;False;False;False;False;False;False;;;;;False;False;False
147276;Apartment;Apartment building;;False;;58089;;False;False;False;False;False;False;False;False;;;;;False;False;False
147307;Apartment;Apartment building;;False;;70051;;False;False;False;False;False;False;False;False;UNIT_CN;DYN;2023-10-01;2024-10-01;False;False;False
147449;Apartment;Apartment building;;False;;70136;;False;False;False;False;False;False;False;False;;;;;False;False;False
147468;Apartment;Apartment building;;False;;70172;;False;False;False;False;False;False;False;False;;;;;False;False;False
147610;Apartment;Apartment building;;False;;70131;;False;False;False;False;False;False;False;False;;;;;False;False;False
147664;Apartment;Apartment building;;False;;70130;;False;False;False;False;False;False;False;False;;;;;False;False;False
147721;Apartment;Apartment building;;False;;69231;;False;False;False;False;False;False;False;False;;;;;False;False;False
147748;Apartment;Apartment building;;False;;69791;;False;False;False;False;False;False;False;False;;;;;False;False;False
147812;Apartment;Apartment building;;False;;66059;;True;False;False;False;False;False;False;False;UNIT_CN;TOU;2023-10-01;2024-10-01;False;False;False
147913;Apartment;Apartment building;;False;;70116;;False;False;False;False;False;False;False;False;;;;;False;False;False
147916;Apartment;Apartment building;;False;;63259;;False;False;False;False;False;False;False;False;UNIT_CN;TOU;2023-10-01;2024-10-01;False;False;False
147963;Apartment;Apartment building;;False;;70141;;False;False;False;False;False;False;False;False;;;;;False;False;False
148034;Apartment;Apartment building;;False;;70143;;True;False;False;False;False;False;False;False;;;;;False;False;False
148049;Apartment;Apartment building;;False;;63271;;False;False;False;False;False;False;False;False;UNIT_CN;DYN;2023-10-01;2024-10-01;False;False;False
148173;Apartment;Apartment building;;False;;69275;;False;False;False;False;False;False;False;False;;;;;False;False;False
148221;Apartment;Apartment building;;False;;70166;;False;False;False;False;False;False;False;False;;;;;False;False;False
148363;Apartment;Apartment building;;False;;70150;;False;False;False;False;False;False;False;False;;;;;False;False;False
148417;Apartment;Apartment building;;False;;70141;;False;False;False;False;False;False;False;False;UNIT_CN;DYN;2023-10-01;2024-10-01;False;False;False
148425;Apartment;Apartment building;;False;;70172;;False;False;False;False;False;False;False;False;;;;;False;False;False
148453;Apartment;Apartment building;;False;;56820;;False;False;False;False;False;False;False;False;;;;;False;False;False
148483;Apartment;Apartment building;;False;;70170;;False;False;False;False;False;False;False;False;;;;;False;False;False
148499;Apartment;Apartment building;;False;;69258;;False;False;False;False;False;False;False;False;;;;;False;False;False
148533;Apartment;Apartment building;;False;;70172;;False;False;False;False;False;False;False;False;UNIT_CN;DYN;2023-10-01;2024-10-01;False;False;False
148556;Apartment;Apartment building;;False;;70150;;False;False;False;False;False;False;False;False;;;;;False;False;False
148584;Apartment;Apartment building;;False;;69291;;False;False;False;False;False;False;False;False;;;;;False;False;False
148939;Apartment;Apartment building;;False;;70135;;False;False;False;False;False;False;False;False;UNIT_CN;TOU;2023-10-01;2024-10-01;False;False;False
148975;Apartment;Apartment building;;False;;41961;;False;False;False;False;False;False;False;False;UNIT_CN;TOU;2023-10-01;2024-10-01;False;False;False
149023;Apartment;Apartment building;;False;;58825;;True;True;True;False;False;False;False;False;;;;;False;False;False
149181;Apartment;Apartment building;;False;;70139;;False;False;False;False;False;False;True;False;;;;;False;False;False
149225;Apartment;Apartment building;;False;;68853;;False;False;False;False;False;False;False;False;;;;;False;False;False
149299;Apartment;Apartment building;;False;;70139;;False;False;False;False;False;False;False;False;;;;;False;False;False
149372;Apartment;Apartment building;;False;;70140;;False;False;False;False;False;False;False;False;UNIT_CN;DYN;2023-10-01;2024-10-01;False;False;False
149374;Apartment;Apartment building;;False;;70141;;False;False;False;False;False;False;False;False;;;;;False;False;False
149376;Apartment;Apartment building;;False;;70132;;False;False;False;False;False;False;False;False;;;;;False;False;False
149389;Apartment;Apartment building;;False;;70147;;False;False;False;False;False;False;False;False;UNIT_CN;TOU;2023-10-01;2024-10-01;False;False;False
149397;Apartment;Apartment building;;False;;48023;;False;False;False;False;False;False;False;False;;;;;False;False;False
149445;Apartment;Apartment building;;False;;12730;;False;False;False;False;False;False;False;False;;;;;False;False;False
149518;Apartment;Apartment building;;False;;70160;;False;False;False;False;False;False;False;False;;;;;False;False;False
149583;Apartment;Apartment building;;False;;70143;;False;False;False;False;False;False;True;False;UNIT_CN;DYN;2023-10-01;2024-10-01;False;False;False
149825;Apartment;Apartment building;;False;;70172;;False;False;False;False;False;False;False;False;;;;;False;False;False
149901;Apartment;Apartment building;;False;;70133;;True;False;False;False;False;False;False;False;;;;;False;False;False
150005;Apartment;Apartment building;;False;;20866;;False;False;False;False;False;False;False;False;UNIT_CN;TOU;2023-10-01;2024-10-01;False;False;False
150025;Apartment;Apartment building;;False;;70049;;False;False;False;False;True;False;False;False;UNIT_LOW;UNIT;2023-10-01;2025-01-01;False;False;False
150098;Apartment;Apartment building;;False;;69290;;False;False;False;False;False;False;False;False;;;;;False;False;False
150108;Apartment;Single-family house;;False;;70080;;False;False;False;False;False;False;False;False;UNIT_CN;DYN;2023-10-01;2025-01-01;False;False;False
150245;Apartment;Apartment building;;False;;63291;;False;False;False;False;False;False;False;False;;;;;False;False;False
150372;Apartment;Apartment building;;False;;70053;;False;False;False;False;False;False;False;False;;;;;False;False;False
150480;Apartment;Apartment building;;False;;70126;;False;False;False;False;False;False;False;False;UNIT_LOW;UNIT;2023-10-01;2025-01-01;False;False;True
150550;Apartment;Apartment building;;False;;56228;;False;False;False;False;False;False;False;False;;;;;False;False;False
150613;Apartment;Apartment building;;False;;63380;;False;False;False;False;False;False;False;False;;;;;False;False;False
150718;Apartment;Apartment building;;False;;63408;;False;False;False;False;False;False;False;False;UNIT_CN;TOU;2023-10-01;2024-10-01;False;False;False
150742;Apartment;Apartment building;;False;;70068;;False;False;False;False;False;False;False;False;;;;;False;False;False
150810;Apartment;Apartment building;;False;;55225;;False;False;False;False;False;False;False;False;;;;;False;False;False
150857;Apartment;Apartment building;;False;;70123;;False;False;False;False;False;False;False;False;UNIT_CN;DYN;2023-10-01;2024-10-01;False;False;False
150900;Apartment;Apartment building;;False;;70141;;False;False;False;False;False;False;False;False;;;;;False;False;False
150931;Apartment;Apartment building;;False;;70127;;False;False;False;False;False;False;False;False;;;;;False;False;False
151241;Apartment;Apartment building;;False;;70051;;False;False;False;False;False;False;False;False;;;;;False;False;False
151281;Apartment;Apartment building;;False;;63354;;False;False;False;False;False;False;False;False;UNIT_CN;TOU;2023-10-01;2024-10-01;False;False;False
151307;Apartment;Apartment building;;False;;66996;;False;False;False;False;False;False;False;False;;;;;False;False;False
151308;Apartment;Apartment building;;False;;70111;;True;False;False;False;False;False;False;False;;;;;False;False;False
151337;Apartment;Apartment building;;False;;68740;;False;False;False;False;False;False;False;False;;;;;False;False;False
151437;Apartment;Apartment building;;False;;70137;;False;False;False;False;False;False;False;False;;;;;False;False;False
151438;Apartment;Apartment building;;False;;47360;;False;False;False;False;False;False;False;False;UNIT_CN;TOU;2023-10-01;2024-10-01;False;False;False
151515;Apartment;Apartment building;;False;;70170;;False;False;False;False;False;False;False;False;;;;;False;False;False
151532;Apartment;Apartment building;;False;;63294;;False;False;False;False;False;False;False;False;UNIT_CN;TOU;2023-10-01;2024-10-01;False;False;False
151540;Apartment;Apartment building;;False;;70165;;False;False;False;False;False;False;False;False;;;;;False;False;False
151619;Apartment;Apartment building;;False;;70150;;False;False;False;False;False;False;False;False;;;;;False;False;False
151670;Apartment;Single-family house;;False;;70135;;True;False;False;False;False;False;False;False;;;;;False;False;False
151677;Apartment;Apartment building;;False;;39699;;False;False;False;False;False;False;True;False;;;;;False;False;False
151716;Apartment;Apartment building;;False;;70142;;False;False;False;False;False;False;False;False;;;;;False;False;False
151734;Apartment;Apartment building;;False;;63311;;False;False;False;False;False;False;False;False;;;;;False;False;False
151788;Apartment;Apartment building;;False;;64167;;False;False;False;False;False;False;False;False;;;;;False;False;False
151793;Apartment;Apartment building;;False;;70148;;False;False;False;False;False;False;False;False;;;;;False;False;False
151893;Apartment;Apartment building;;False;;69177;;False;False;False;False;False;False;False;False;;;;;False;False;False
151910;Apartment;Apartment building;;False;;43737;;False;False;False;False;False;False;False;False;;;;;False;False;False
151923;Apartment;Apartment building;;False;;64166;;False;False;False;False;False;False;False;False;;;;;False;False;False
151935;Apartment;Apartment building;;False;;31504;;False;False;False;False;False;False;False;False;;;;;False;False;False
151997;Apartment;Apartment building;;False;;70049;;False;False;False;False;False;False;False;False;;;;;False;False;False
152000;Apartment;Apartment building;;False;;70169;;False;False;False;False;False;False;False;False;;;;;False;False;False
152134;Apartment;Apartment building;;False;;70043;;False;False;False;False;False;False;False;False;;;;;False;False;False
152139;Apartment;Apartment building;;False;;70132;;False;False;False;False;False;False;False;False;;;;;False;False;False
152147;Apartment;Single-family house;;False;;63413;;True;False;False;False;False;False;False;False;;;;;False;False;False
152243;Apartment;Apartment building;;False;;70142;;False;False;False;False;False;False;False;False;;;;;False;False;False
152278;Apartment;Apartment building;;False;;63409;;False;False;False;False;False;False;False;False;UNIT_CN;TOU;2023-10-01;2024-10-01;False;False;False
152299;Apartment;Apartment building;;False;;58042;;False;False;False;False;False;False;False;False;;;;;False;False;False
152338;Apartment;Apartment building;;False;;66433;;False;False;False;False;False;False;False;False;;;;;False;False;False
152368;Apartment;Apartment building;;False;;41425;;False;False;False;False;False;False;False;False;;;;;False;False;False
152407;Apartment;Apartment building;;False;;70050;;False;False;False;False;False;False;False;False;UNIT_CN;DYN;2023-10-01;2024-10-01;False;False;False
152495;Apartment;Apartment building;;False;;70149;;True;False;False;False;False;False;False;False;;;;;False;False;False
152644;Apartment;Apartment building;;False;;70172;;True;False;False;False;False;False;False;False;UNIT_CN;TOU;2023-10-01;2024-10-01;False;False;False
152648;Apartment;Apartment building;;False;;70019;;False;False;False;False;False;False;False;False;UNIT_LOW;UNIT;2023-10-01;2025-01-01;False;False;True
152678;Apartment;Apartment building;;False;;70167;;False;False;False;False;False;False;False;False;;;;;False;False;False
152692;Apartment;Apartment building;;False;;70109;;False;False;False;False;False;False;False;False;;;;;False;False;False
152923;Apartment;Apartment building;;False;;70172;;False;False;False;False;False;False;False;False;;;;;False;False;False
152949;Apartment;Apartment building;;False;;63366;;False;False;False;False;False;False;False;False;UNIT_CN;DYN;2023-10-01;2024-10-01;False;False;False
152951;Apartment;Apartment building;;False;;70051;;False;False;False;False;True;False;False;False;;;;;False;False;False
153013;Apartment;Single-family house;;False;;70080;;True;False;False;False;False;False;False;False;UNIT_CN;TOU;2023-10-01;2025-01-01;False;False;False
153021;Apartment;Apartment building;;False;;69290;;False;False;False;False;False;False;False;False;;;;;False;False;False
153076;Apartment;Apartment building;;False;;70140;;False;False;False;False;False;False;False;False;;;;;False;False;False
153214;Apartment;Apartment building;;False;;70172;;False;False;False;False;False;False;False;False;;;;;False;False;False
153237;Apartment;Apartment building;;False;;63268;;False;False;False;False;False;False;False;False;;;;;False;False;False
153256;Apartment;Apartment building;;False;;69912;;False;False;False;False;False;False;False;False;;;;;False;False;False
153367;Apartment;Apartment building;;False;;63297;;False;False;False;False;False;False;False;False;UNIT_CN;DYN;2023-10-01;2024-10-01;False;False;False
153383;Apartment;Apartment building;;False;;70133;;False;False;False;False;False;False;False;False;UNIT_CN;DYN;2023-10-01;2024-10-01;False;False;False
153394;Apartment;Apartment building;;False;;70140;;False;False;False;False;False;False;False;False;;;;;False;False;False
153419;Apartment;Apartment building;;False;;63444;;False;False;False;False;False;False;False;False;UNIT_CN;DYN;2023-10-01;2024-10-01;False;False;False
153514;Apartment;Apartment building;;False;;70172;;False;False;False;False;False;False;False;False;;;;;False;False;False
153644;Apartment;Single-family house;;False;;68193;;True;True;False;False;False;False;False;False;;;;;False;False;False
153771;Apartment;Apartment building;;False;;70155;;False;False;False;False;False;False;False;False;;;;;False;False;False
153846;Apartment;Apartment building;;False;;69948;;False;False;False;False;False;False;False;False;;;;;False;False;False
153858;Apartment;Apartment building;;False;;46886;;False;False;False;False;False;False;False;False;;;;;False;False;False
153863;Apartment;Apartment building;;False;;70169;;False;False;False;False;False;False;False;False;;;;;False;False;False
153893;Apartment;Apartment building;;False;;43574;;False;False;False;False;False;False;False;False;;;;;False;False;False
153898;Apartment;Apartment building;;False;;70018;;False;False;False;False;False;False;False;False;;;;;False;False;False
153905;Apartment;Apartment building;;False;;63310;;False;False;False;False;False;False;False;False;;;;;False;False;False
154111;Apartment;Single-family house;;False;;70080;;True;True;False;False;False;False;False;False;UNIT_CN;UNIT;2023-10-01;2025-01-01;False;False;False
154134;Apartment;Apartment building;;False;;63226;;False;False;False;False;False;False;False;False;UNIT_CN;TOU;2023-10-01;2024-10-01;False;False;False
154184;Apartment;Apartment building;;False;;70133;;False;False;False;False;False;False;False;False;;;;;False;False;False
154199;Apartment;Apartment building;;False;;43986;;False;False;False;False;False;False;False;False;UNIT_CN;TOU;2023-10-01;2024-10-01;False;False;False
154200;Apartment;Apartment building;;False;;58003;;False;False;False;False;False;False;False;False;;;;;False;False;False
154222;Apartment;Apartment building;;False;;70081;;False;False;False;False;False;False;False;False;UNIT_CN;TOU;2023-10-01;2024-10-01;False;False;False
154420;Apartment;Apartment building;;False;;70021;;False;False;False;False;False;False;False;False;;;;;False;False;False
154607;Apartment;Apartment building;;False;;70172;;False;False;False;False;False;False;False;False;;;;;False;False;False
154662;Apartment;Apartment building;;False;;70146;;False;False;False;False;False;False;False;False;;;;;False;False;False
154690;Apartment;Apartment building;;False;;70141;;False;False;False;False;True;False;False;False;;;;;False;False;False
154807;Apartment;Apartment building;;False;;70170;;True;False;False;False;False;False;False;False;;;;;False;False;False
154891;Apartment;Apartment building;;False;;70167;;True;False;False;False;False;False;False;False;;;;;False;False;False
154900;Apartment;Apartment building;;False;;70051;;False;False;False;False;False;False;False;False;;;;;False;False;False
155164;Apartment;Apartment building;;False;;22625;;False;False;False;False;False;False;False;False;;;;;False;False;False
155197;Apartment;Apartment building;;False;;56847;;False;False;False;False;False;False;False;False;;;;;False;False;False
155267;Apartment;Apartment building;;False;;44536;;False;False;False;False;False;False;False;False;;;;;False;False;False
155282;Apartment;Apartment building;;False;;70051;;False;False;False;False;False;False;False;False;;;;;False;False;False
155447;Apartment;Apartment building;;False;;70170;;False;False;False;False;False;False;False;False;;;;;False;False;False
155486;Apartment;Apartment building;;False;;53896;;False;False;False;False;False;False;True;False;;;;;False;False;False
155658;Apartment;Apartment building;;False;;70109;;True;False;False;False;False;False;False;False;;;;;False;False;False
155730;Apartment;Apartment building;;False;;70142;;False;False;False;False;False;False;False;False;UNIT_CN;DYN;2023-10-01;2024-10-01;False;False;False
155916;Apartment;Apartment building;;False;;70168;;False;False;False;False;False;False;False;False;;;;;False;False;False
155946;Apartment;Single-family house;;False;;68938;;True;False;False;False;False;False;False;False;;;;;False;False;False
155985;Apartment;Apartment building;;False;;18128;;False;False;False;False;False;False;False;False;UNIT_CN;TOU;2023-10-01;2024-10-01;False;False;False
156014;Apartment;Apartment building;;False;;63178;;False;False;False;False;False;False;False;False;UNIT_CN;TOU;2023-10-01;2024-10-01;False;False;False
156127;Apartment;Apartment building;;False;;70139;;True;False;False;False;False;False;False;False;;;;;False;False;False
156311;Apartment;Apartment building;;False;;70137;;True;False;False;False;False;False;False;False;;;;;False;False;False
156367;Apartment;Single-family house;;False;;48865;;True;False;False;False;False;False;False;False;;;;;False;False;False
156391;Apartment;Apartment building;;False;;70138;;True;False;False;False;False;False;False;False;;;;;False;False;False
156400;Apartment;Apartment building;;False;;70118;;False;False;False;False;False;False;False;False;;;;;False;False;False
156440;Apartment;Apartment building;;False;;70027;;True;False;False;False;False;False;False;False;;;;;False;False;False
156512;Apartment;Apartment building;;False;;70051;;False;False;False;False;False;False;False;False;;;;;False;False;False
156565;Apartment;Apartment building;;False;;70167;;False;False;False;False;False;False;False;False;;;;;False;False;False
156653;Apartment;Single-family house;;False;;63377;;True;False;False;False;False;False;False;False;UNIT_CN;TOU;2023-10-01;2024-10-01;False;False;False
156730;Apartment;Apartment building;;False;;70161;;False;False;False;False;False;False;False;False;;;;;False;False;False
156815;Apartment;Apartment building;;False;;70025;;False;False;False;False;False;False;False;False;;;;;False;False;False
156888;Apartment;Apartment building;;False;;70021;;False;False;False;False;False;False;False;False;;;;;False;False;False
156959;Apartment;Apartment building;;False;;69236;;False;False;False;False;False;False;False;False;;;;;False;False;False
157075;Apartment;Apartment building;;False;;70169;;False;False;False;False;False;False;False;False;;;;;False;False;False
157085;Apartment;Apartment building;;False;;70135;;False;False;False;False;False;False;False;False;;;;;False;False;False
157156;Apartment;Apartment building;;False;;70022;;False;False;False;False;False;False;False;False;;;;;False;False;False
157199;Apartment;Apartment building;;False;;63200;;False;False;False;False;True;False;False;False;;;;;False;False;False
157302;Apartment;Single-family house;;False;;57710;;False;False;False;False;False;False;False;False;;;;;False;False;False
157326;Apartment;Single-family house;;False;;68673;;False;False;False;False;False;False;False;False;UNIT_CN;DYN;2023-10-01;2025-01-01;False;False;False
157361;Apartment;Apartment building;;False;;70069;;False;False;False;False;False;False;False;False;;;;;False;False;False
157384;Apartment;Apartment building;;False;;70108;;False;False;False;False;False;False;False;False;;;;;False;False;False
157385;Apartment;Apartment building;;False;;63303;;False;False;False;False;False;False;False;False;;;;;False;False;False
157387;Apartment;Apartment building;;False;;70146;;False;False;False;False;False;False;False;False;;;;;False;False;False
157478;Apartment;Apartment building;;False;;70172;;False;False;False;False;False;False;False;False;;;;;False;False;False
157540;Apartment;Apartment building;;False;;63366;;False;False;False;False;False;False;False;False;;;;;False;False;False
157546;Apartment;Apartment building;;False;;70109;;False;False;False;False;False;False;False;False;UNIT_CN;TOU;2023-10-01;2024-10-01;False;False;False
157584;Apartment;Apartment building;;False;;70169;;True;False;False;False;False;False;False;False;;;;;False;False;False
157591;Apartment;Apartment building;;False;;62313;;False;False;False;False;False;False;False;False;;;;;False;False;False
157659;Apartment;Apartment building;;False;;70174;;False;False;False;False;False;False;False;False;;;;;False;False;False
157728;Apartment;Apartment building;;False;;69282;;False;False;False;False;False;False;False;False;;;;;False;False;False
157764;Apartment;Apartment building;;False;;56462;;False;False;False;False;False;False;False;False;;;;;False;False;False
157804;Apartment;Apartment building;;False;;69346;;False;False;False;False;False;False;False;False;;;;;False;False;False
157814;Apartment;Apartment building;;False;;70044;;False;False;False;False;False;False;False;False;;;;;False;False;False
157885;Apartment;Apartment building;;False;;70140;;False;False;False;False;False;False;False;False;;;;;False;False;False
157987;Apartment;Single-family house;;False;;70146;;True;False;False;False;False;False;False;False;;;;;False;False;False
158204;Apartment;Apartment building;;False;;70044;;False;False;False;False;False;False;False;False;;;;;False;False;False
158250;Apartment;Apartment building;;False;;67619;;False;False;False;False;False;False;False;False;;;;;False;False;False
158483;Apartment;Single-family house;;False;;70080;;True;False;False;False;False;False;False;False;UNIT_CN;UNIT;2023-10-01;2025-01-01;False;False;False
158560;Apartment;Apartment building;;False;;70116;;False;False;False;False;False;False;False;False;;;;;False;False;False
158606;Apartment;Apartment building;;False;;70049;;False;False;False;False;False;False;False;False;;;;;False;False;False
158612;Apartment;Apartment building;;False;;59742;;False;False;False;False;False;False;False;False;;;;;False;False;False
158687;Apartment;Apartment building;;False;;47182;;False;False;False;False;False;False;False;False;;;;;False;False;False
158695;Apartment;Apartment building;;False;;62965;;False;False;False;False;False;False;False;False;;;;;False;False;False
158916;Apartment;Apartment building;;False;;70109;;True;False;False;False;False;False;False;False;;;;;False;False;False
159114;Apartment;Apartment building;;False;;70174;;False;False;False;False;False;False;False;False;UNIT_CN;TOU;2023-10-01;2024-10-01;False;False;False
159426;Apartment;Apartment building;;False;;47493;;False;False;False;False;False;False;False;False;;;;;False;False;False
159438;Apartment;Apartment building;;False;;70051;;False;False;False;False;False;False;False;False;;;;;False;False;False
159439;Apartment;Apartment building;;False;;41799;;False;False;False;False;False;False;False;False;;;;;False;False;False
159526;Apartment;Apartment building;;False;;70127;;False;False;False;False;False;False;False;False;;;;;False;False;False
159555;Apartment;Apartment building;;False;;70143;;False;False;False;False;False;False;False;False;;;;;False;False;False
159626;Apartment;Apartment building;;False;;70063;;False;False;False;False;False;False;False;False;;;;;False;False;False
159697;Apartment;Apartment building;;False;;70141;;False;False;False;False;False;False;False;False;UNIT_CN;DYN;2023-10-01;2024-10-01;False;False;False
159826;Apartment;Apartment building;;False;;70142;;False;False;False;False;False;False;False;False;UNIT_CN;TOU;2023-10-01;2024-10-01;False;False;False
159978;Apartment;Apartment building;;False;;57669;;False;False;False;False;False;False;False;False;;;;;False;False;False
160047;Apartment;Apartment building;;False;;70172;;False;False;False;False;False;False;False;False;;;;;False;False;False
160099;Apartment;Apartment building;;False;;43148;;False;False;False;False;False;False;False;False;UNIT_CN;TOU;2023-10-01;2024-10-01;False;False;False
160203;Apartment;Single-family house;;False;;69542;;True;False;False;False;False;False;False;False;;;;;False;False;False
160205;Apartment;Apartment building;;False;;64161;;False;False;False;False;False;False;False;False;;;;;False;False;False
160246;Apartment;Apartment building;;False;;68800;;False;False;False;False;False;False;False;False;UNIT_CN;TOU;2023-10-01;2024-10-01;False;False;False
160249;Apartment;Apartment building;;False;;70169;;False;False;False;False;False;False;False;False;UNIT_CN;DYN;2023-10-01;2024-10-01;False;False;False
160288;Apartment;Apartment building;;False;;31376;;False;False;False;False;False;False;False;False;UNIT_CN;DYN;2023-10-01;2024-10-01;False;False;False
160306;Apartment;Apartment building;;False;;70051;;False;False;False;False;True;False;False;False;;;;;False;False;False
160380;Apartment;Apartment building;;False;;63302;;False;False;False;False;False;False;False;False;;;;;False;False;False
160455;Apartment;Apartment building;;False;;70167;;False;False;False;False;False;False;False;False;;;;;False;False;False
160517;Apartment;Single-family house;;False;;70176;;False;False;False;False;False;False;False;False;UNIT_CN;UNIT;2023-10-01;2025-01-01;False;False;False
160531;Apartment;Apartment building;;False;;42019;;False;False;False;False;False;False;False;False;;;;;False;False;False
160542;Apartment;Apartment building;;False;;70027;;True;False;False;False;False;False;False;False;;;;;False;False;False
160745;Apartment;Apartment building;;False;;69304;;False;False;False;False;False;False;False;False;;;;;False;False;False
160836;Apartment;Apartment building;;False;;63218;;False;False;False;False;False;False;False;False;;;;;False;False;False
160869;Apartment;Single-family house;;False;;70079;;False;False;False;False;False;False;False;False;UNIT_CN;DYN;2023-10-01;2025-01-01;False;False;False
160916;Apartment;Apartment building;;False;;70167;;False;False;False;False;False;False;False;False;;;;;False;False;False
160948;Apartment;Apartment building;;False;;63443;;False;False;False;False;False;False;False;False;;;;;False;False;False
160962;Apartment;Apartment building;;False;;69487;;False;False;False;False;False;False;False;False;;;;;False;False;False
161169;Apartment;Apartment building;;False;;69288;;False;False;False;False;False;False;False;False;;;;;False;False;False
161175;Apartment;Apartment building;;False;;58892;;False;False;False;False;False;False;False;False;;;;;False;False;False
161179;Apartment;Apartment building;;False;;70134;;False;False;False;False;False;False;False;False;;;;;False;False;False
161204;Apartment;Apartment building;;False;;70140;;False;False;False;False;False;False;False;False;;;;;False;False;False
161400;Apartment;Apartment building;;False;;70038;;False;False;False;False;False;False;False;False;UNIT_LOW;DYN;2023-10-01;2025-01-01;False;False;False
161458;Apartment;Single-family house;;False;;70080;;False;False;False;False;False;False;False;False;UNIT_CN;UNIT;2023-10-01;2025-01-01;False;False;False
161499;Apartment;Apartment building;;False;;69252;;False;False;False;False;False;False;False;False;UNIT_CN;TOU;2023-10-01;2024-10-01;False;False;False
161542;Apartment;Apartment building;;False;;42504;;False;False;False;False;False;False;False;False;UNIT_CN;TOU;2023-10-01;2024-10-01;False;False;False
161630;Apartment;Apartment building;;False;;55522;;False;False;False;False;False;False;False;False;;;;;False;False;False
161640;Apartment;Single-family house;;False;;70150;;False;False;False;False;False;False;False;False;;;;;False;False;False
161675;Apartment;Apartment building;;False;;69957;;False;False;False;False;False;False;False;False;;;;;False;False;False
161696;Apartment;Apartment building;;False;;70081;;False;False;False;False;False;False;False;False;UNIT_CN;TOU;2023-10-01;2024-10-01;False;False;False
161802;Apartment;Apartment building;;False;;70151;;False;False;False;False;False;False;False;False;;;;;False;False;False
161951;Apartment;Apartment building;;False;;70148;;False;False;False;False;False;False;False;False;;;;;False;False;False
161966;Apartment;Apartment building;;False;;44478;;False;False;False;False;False;False;False;False;;;;;False;False;False
161969;Apartment;Apartment building;;False;;69291;;False;False;False;False;False;False;False;False;;;;;False;False;False
161998;Apartment;Apartment building;;False;;70051;;False;False;False;False;False;False;False;False;;;;;False;False;False
162020;Apartment;Apartment building;;False;;57995;;False;False;False;False;False;False;False;False;;;;;False;False;False
162087;Apartment;Apartment building;;False;;67238;;False;False;False;False;False;False;False;False;;;;;False;False;False
162173;Apartment;Apartment building;;False;;63333;;False;False;False;False;False;False;False;False;;;;;False;False;False
162225;Apartment;Apartment building;;False;;48440;;False;False;False;False;False;False;False;False;;;;;False;False;False
162246;Apartment;Apartment building;;False;;70141;;False;False;False;False;False;False;False;False;UNIT_CN;DYN;2023-10-01;2024-10-01;False;False;False
162364;Apartment;Apartment building;;False;;63312;;False;False;False;False;False;False;False;False;;;;;False;False;False
162395;Apartment;Apartment building;;False;;62208;;False;False;False;False;False;False;False;False;;;;;False;False;False
162414;Apartment;Apartment building;;False;;63296;;False;False;False;False;False;False;False;False;;;;;False;False;False
162451;Apartment;Apartment building;;False;;67077;;False;False;False;False;False;False;False;False;;;;;False;False;False
162473;Apartment;Apartment building;;False;;70023;;False;False;False;False;False;False;False;False;;;;;False;False;False
162521;Apartment;Apartment building;;False;;69270;;False;False;False;False;False;False;False;False;;;;;False;False;False
162582;Apartment;Apartment building;;False;;57181;;False;False;False;False;False;False;True;False;;;;;False;False;False
162599;Apartment;Apartment building;;False;;69301;;False;False;False;False;False;False;False;False;;;;;False;False;False
162871;Apartment;Apartment building;;False;;70168;;False;False;False;False;False;False;False;False;;;;;False;False;False
162937;Apartment;Apartment building;;False;;70165;;False;False;False;False;False;False;False;False;;;;;False;False;False
163044;Apartment;Apartment building;;False;;34091;;False;False;False;False;False;False;False;False;;;;;False;False;False
163066;Apartment;Apartment building;;False;;57403;;False;False;False;False;False;False;False;False;;;;;False;False;False
163222;Apartment;Apartment building;;False;;70051;;False;False;False;False;False;False;False;False;;;;;False;False;False
163397;Apartment;Apartment building;;False;;70140;;False;False;False;False;False;False;False;False;;;;;False;False;False
163429;Apartment;Apartment building;;False;;22325;;False;False;False;False;False;False;False;False;;;;;False;False;False
163471;Apartment;Apartment building;;False;;70023;;False;False;False;False;False;False;False;False;;;;;False;False;False
163483;Apartment;Apartment building;;False;;63217;;False;False;False;False;False;False;False;False;UNIT_CN;TOU;2023-10-01;2024-10-01;False;False;False
163768;Apartment;Apartment building;;False;;70169;;False;False;False;False;False;False;False;False;;;;;False;False;False
163769;Apartment;Apartment building;;False;;70065;;False;False;False;False;False;False;False;False;;;;;False;False;False
163809;Apartment;Apartment building;;False;;69290;;False;False;False;False;False;False;False;False;;;;;False;False;False
163855;Apartment;Apartment building;;False;;63329;;False;False;False;False;False;False;False;False;UNIT_CN;TOU;2023-10-01;2024-10-01;False;False;False
163904;Apartment;Single-family house;;False;;70080;;True;False;False;False;False;False;False;False;UNIT_CN;DYN;2023-10-01;2025-01-01;False;False;False
163986;Apartment;Apartment building;;False;;70138;;False;False;False;False;False;False;False;False;UNIT_CN;TOU;2023-10-01;2024-10-01;False;False;False
164204;Apartment;Apartment building;;False;;37343;;False;False;False;False;False;False;False;False;;;;;False;False;False
164355;Apartment;Apartment building;;False;;45032;;False;False;False;False;False;False;False;False;UNIT_LOW;UNIT;2023-10-01;2025-01-01;False;False;False
164400;Apartment;Apartment building;;False;;69629;;False;False;False;False;False;False;False;False;;;;;False;False;False
164428;Apartment;Apartment building;;False;;70073;;False;False;False;False;False;False;False;False;;;;;False;False;False
164474;Apartment;Apartment building;;False;;69260;;False;False;False;False;False;False;False;False;;;;;False;False;False
164527;Apartment;Apartment building;;False;;70124;;False;False;False;False;False;False;False;False;UNIT_CN;DYN;2023-10-01;2024-10-01;False;False;False
164553;Apartment;Apartment building;;False;;47772;;False;False;False;False;False;False;False;False;;;;;False;False;False
164600;Apartment;Apartment building;;False;;30248;;False;False;False;False;False;False;False;False;;;;;False;False;False
164671;Apartment;Apartment building;;False;;70172;;False;False;False;False;False;False;False;False;;;;;False;False;False
164676;Apartment;Apartment building;;False;;70041;;False;False;False;False;False;False;False;False;;;;;False;False;False
164781;Apartment;Apartment building;;False;;47583;;False;False;False;False;False;False;False;False;UNIT_CN;TOU;2023-10-01;2024-10-01;False;False;False
165001;Apartment;Apartment building;;False;;44999;;False;False;False;False;False;False;False;False;;;;;False;False;False
165022;Apartment;Apartment building;;False;;53416;;False;False;False;False;False;False;False;False;UNIT_CN;TOU;2023-10-01;2024-10-01;False;False;False
165055;Apartment;Apartment building;;False;;70044;;False;False;False;False;False;False;False;False;UNIT_CN;DYN;2023-10-01;2024-10-01;False;False;False
165072;Apartment;Apartment building;;False;;70167;;False;False;False;False;False;False;False;False;;;;;False;False;False
165157;Apartment;Apartment building;;False;;67494;;True;False;False;False;False;False;False;False;;;;;False;False;False
165242;Apartment;Apartment building;;False;;63294;;False;False;False;False;False;False;False;False;UNIT_CN;TOU;2023-10-01;2024-10-01;False;False;False
165327;Apartment;Apartment building;;False;;70151;;False;False;False;False;False;False;False;False;;;;;False;False;False
165335;Apartment;Apartment building;;False;;70157;;False;False;False;False;False;False;False;False;;;;;False;False;False
165341;Apartment;Apartment building;;False;;63271;;False;False;False;False;False;False;False;False;;;;;False;False;False
165507;Apartment;Apartment building;;False;;70110;;False;False;False;False;False;False;False;False;;;;;False;False;False
165521;Apartment;Apartment building;;False;;42555;;False;False;False;False;False;False;False;False;UNIT_CN;DYN;2023-10-01;2024-10-01;False;False;False
165538;Apartment;Apartment building;;False;;70049;;False;False;False;False;False;False;False;False;UNIT_CN;TOU;2023-10-01;2024-10-01;False;False;False
165540;Apartment;Apartment building;;False;;70043;;False;False;False;False;False;False;False;False;;;;;False;False;False
165614;Apartment;Single-family house;;False;;70156;;True;False;False;False;False;False;False;False;UNIT_CN;DYN;2023-10-01;2024-10-01;False;False;False
165639;Apartment;Apartment building;;False;;69280;;False;False;False;False;False;False;False;False;;;;;False;False;False
165717;Apartment;Apartment building;;False;;69291;;False;False;False;False;False;False;False;False;;;;;False;False;False
165810;Apartment;Apartment building;;False;;70172;;False;False;False;False;False;False;False;False;;;;;False;False;False
165820;Apartment;Apartment building;;False;;69912;;False;False;False;False;False;False;False;False;;;;;False;False;False
165842;Apartment;Apartment building;;False;;70141;;False;False;False;False;False;False;False;False;UNIT_CN;DYN;2023-10-01;2024-10-01;False;False;False
165875;Apartment;Apartment building;;False;;70140;;False;False;False;False;False;False;False;False;;;;;False;False;False
165881;Apartment;Apartment building;;False;;70168;;False;False;False;False;False;False;False;False;;;;;False;False;False
165951;Apartment;Apartment building;;False;;17088;;False;False;False;False;False;False;False;False;;;;;False;False;False
166051;Apartment;Apartment building;;False;;62845;;False;False;False;False;False;False;False;False;;;;;False;False;False
166099;Apartment;Apartment building;;False;;70022;;False;False;False;False;False;False;False;False;;;;;False;False;False
166118;Apartment;Apartment building;;False;;61789;;False;False;False;False;False;False;False;False;;;;;False;False;False
166156;Apartment;Apartment building;;False;;70170;;False;False;False;False;False;False;False;False;;;;;False;False;False
166182;Apartment;Apartment building;;False;;63283;;False;False;False;False;False;False;False;False;UNIT_CN;DYN;2023-10-01;2024-10-01;False;False;False
166195;Apartment;Apartment building;;False;;70158;;False;False;False;False;False;False;False;False;UNIT_CN;TOU;2023-10-01;2024-10-01;False;False;False
166200;Apartment;Apartment building;;False;;69272;;False;False;False;False;False;False;False;False;;;;;False;False;False
166332;Apartment;Apartment building;;False;;70174;;False;False;False;False;False;False;False;False;;;;;False;False;False
166339;Apartment;Single-family house;;False;;70133;;True;False;False;False;False;False;False;False;UNIT_CN;DYN;2023-10-01;2024-10-01;False;False;False
166522;Apartment;Apartment building;;False;;70049;;False;False;False;False;False;False;False;False;;;;;False;False;False
166593;Apartment;Apartment building;;False;;70022;;False;False;False;False;True;False;False;False;UNIT_CN;TOU;2023-10-01;2024-10-01;False;False;False
166600;Apartment;Apartment building;;False;;21100;;False;False;False;False;False;False;False;False;UNIT_CN;TOU;2023-10-01;2024-10-01;False;False;False
166672;Apartment;Single-family house;;False;;30898;;True;False;False;False;False;False;False;False;;;;;False;False;False
166771;Apartment;Apartment building;;False;;69115;;False;False;False;False;False;False;False;False;;;;;False;False;False
166780;Apartment;Apartment building;;False;;70141;;False;False;False;False;False;False;False;False;;;;;False;False;False
166787;Apartment;Apartment building;;False;;70168;;False;False;False;False;False;False;False;False;;;;;False;False;False
166800;Apartment;Apartment building;;False;;70073;;False;False;False;False;False;False;False;False;;;;;False;False;False
166956;Apartment;Apartment building;;False;;62607;;False;False;False;False;False;False;False;False;;;;;False;False;False
166975;Apartment;Apartment building;;False;;58852;;False;False;False;False;False;False;False;False;;;;;False;False;False
167003;Apartment;Apartment building;;False;;45570;;False;False;False;False;False;False;False;False;;;;;False;False;False
167219;Apartment;Apartment building;;False;;70162;;False;False;False;False;False;False;False;False;;;;;False;False;False
167256;Apartment;Apartment building;;False;;70135;;True;False;False;False;False;False;False;False;;;;;False;False;False
167413;Apartment;Apartment building;;False;;70143;;False;False;False;False;False;False;False;False;;;;;False;False;False
167429;Apartment;Apartment building;;False;;70046;;False;False;False;False;False;False;False;False;UNIT_CN;TOU;2023-10-01;2024-10-01;False;False;False
167433;Apartment;Apartment building;;False;;69096;;False;False;False;False;False;False;False;False;;;;;False;False;False
167460;Apartment;Apartment building;;False;;70168;;False;False;False;False;False;False;False;False;;;;;False;False;False
167472;Apartment;Apartment building;;False;;70049;;False;False;False;False;False;False;False;False;;;;;False;False;False
167473;Apartment;Apartment building;;False;;70143;;False;False;False;False;False;False;False;False;;;;;False;False;False
167493;Apartment;Apartment building;;False;;70137;;False;False;False;False;False;False;False;False;;;;;False;False;False
167532;Apartment;Apartment building;;False;;66556;;True;False;False;False;False;False;False;False;UNIT_LOW;DYN;2023-10-01;2025-01-01;False;False;False
167806;Apartment;Apartment building;;False;;70049;;False;False;False;False;False;False;False;False;;;;;False;False;False
167810;Apartment;Apartment building;;False;;35009;0.168;False;False;False;False;False;False;False;False;;;;;False;False;False
167871;Apartment;Apartment building;;False;;70049;;False;False;False;False;False;False;False;False;;;;;False;False;False
167968;Apartment;Apartment building;;False;;69289;;False;False;False;False;False;False;False;False;;;;;False;False;False
168024;Apartment;Apartment building;;False;;44004;;False;False;False;False;False;False;False;False;;;;;False;False;False
168046;Apartment;Apartment building;;False;;70051;;False;False;False;False;False;False;False;False;UNIT_CN;DYN;2023-10-01;2024-10-01;False;False;False
168180;Apartment;Apartment building;;False;;70143;;False;False;False;False;False;False;False;False;UNIT_CN;DYN;2023-10-01;2024-10-01;False;False;False
168241;Apartment;Apartment building;;False;;63291;;False;False;False;False;False;False;False;False;;;;;False;False;False
168268;Apartment;Apartment building;;False;;70080;;False;False;False;False;False;False;False;False;UNIT_CN;DYN;2023-10-01;2025-01-01;False;False;False
168418;Apartment;Apartment building;;False;;69819;;False;False;False;False;False;False;False;False;;;;;False;False;False
168543;Apartment;Apartment building;;False;;14475;;False;False;False;False;False;False;False;False;;;;;False;False;False
168580;Apartment;Apartment building;;False;;60098;;False;False;False;False;False;False;False;False;;;;;False;False;False
168623;Apartment;Apartment building;;False;;41823;;False;False;False;False;False;False;False;False;UNIT_CN;TOU;2023-10-01;2024-10-01;False;False;False
168624;Apartment;Apartment building;;False;;69186;;False;False;False;False;False;False;False;False;;;;;False;False;False
168639;Apartment;Apartment building;;False;;69757;;False;False;False;False;False;False;False;False;;;;;False;False;False
168670;Apartment;Apartment building;;False;;70114;;False;False;False;False;False;False;False;False;;;;;False;False;False
168690;Apartment;Single-family house;;False;;70133;;False;False;False;False;False;False;False;False;;;;;False;False;False
168804;Apartment;Apartment building;;False;;70146;;False;False;False;False;False;False;False;False;;;;;False;False;False
168858;Apartment;Apartment building;;False;;70073;;False;False;False;False;False;False;False;False;;;;;False;False;False
168880;Apartment;Apartment building;;False;;62004;;False;False;False;False;False;False;False;False;;;;;False;False;False
169105;Apartment;Apartment building;;False;;21200;;False;False;False;False;False;False;False;False;;;;;False;False;False
169414;Apartment;Apartment building;;False;;70140;;False;False;False;False;False;False;False;False;;;;;False;False;False
169426;Apartment;Apartment building;;False;;63198;;False;False;False;False;False;False;False;False;;;;;False;False;False
169469;Apartment;Apartment building;;False;;70025;;False;False;False;False;False;False;False;False;;;;;False;False;False
169488;Apartment;Single-family house;;False;;70149;;True;False;False;False;False;False;False;False;;;;;False;False;False
169652;Apartment;Apartment building;;False;;70112;;True;False;False;False;False;False;False;False;;;;;False;False;False
169662;Apartment;Apartment building;;False;;70073;;False;False;False;False;False;False;False;False;;;;;False;False;False
169684;Apartment;Apartment building;;False;;66072;;False;False;False;False;False;False;False;False;;;;;False;False;False
169693;Apartment;Single-family house;;False;;70149;;True;False;False;False;False;False;False;False;;;;;False;False;False
169700;Apartment;Apartment building;;False;;70143;;False;False;False;False;False;False;False;False;UNIT_LOW;UNIT;2023-10-01;2025-01-01;False;False;True
169769;Apartment;Apartment building;;False;;70095;;False;False;False;False;False;False;False;False;UNIT_CN;DYN;2023-10-01;2024-10-01;False;False;False
169778;Apartment;Apartment building;;False;;41652;;False;False;False;False;False;False;False;False;;;;;False;False;False
169842;Apartment;Apartment building;;False;;57889;;False;False;False;False;False;False;False;False;;;;;False;False;False
169862;Apartment;Apartment building;;False;;63282;;False;False;False;False;False;False;False;False;;;;;False;False;False
169989;Apartment;Apartment building;;False;;70133;;False;False;False;False;False;False;False;False;;;;;False;False;False
170016;Apartment;Apartment building;;False;;70170;;True;False;False;False;False;False;False;False;;;;;False;False;False
170082;Apartment;Apartment building;;False;;63380;;False;False;False;False;False;False;False;False;UNIT_CN;TOU;2023-10-01;2024-10-01;False;False;False
170135;Apartment;Apartment building;;False;;70156;;False;False;False;False;False;False;False;False;;;;;False;False;False
170158;Apartment;Apartment building;;False;;69961;;False;False;False;False;False;False;False;False;;;;;False;False;False
170181;Apartment;Apartment building;;False;;70167;;True;False;False;False;False;False;False;False;;;;;False;False;False
170185;Apartment;Apartment building;;False;;70161;;False;False;False;False;False;False;False;False;;;;;False;False;False
170254;Apartment;Apartment building;;False;;42543;;False;False;False;False;False;False;False;False;;;;;False;False;False
170301;Apartment;Apartment building;;False;;70150;;False;False;False;False;False;False;False;False;;;;;False;False;False
170419;Apartment;Apartment building;;False;;65910;;False;False;False;False;True;False;False;False;;;;;False;False;False
170425;Apartment;Apartment building;;False;;70130;;False;False;False;False;False;False;False;False;UNIT_CN;TOU;2023-10-01;2024-10-01;False;False;False
170470;Apartment;Apartment building;;False;;21783;;False;False;False;False;False;False;False;False;;;;;False;False;False
170532;Apartment;Apartment building;;False;;67311;;False;False;False;False;False;False;False;False;;;;;False;False;False
170574;Apartment;Apartment building;;False;;57160;;False;False;False;False;False;False;False;False;;;;;False;False;False
170806;Apartment;Apartment building;;False;;63219;;False;False;False;False;False;False;False;False;UNIT_CN;DYN;2023-10-01;2024-10-01;False;False;False
170839;Apartment;Apartment building;;False;;38901;;False;False;False;False;False;False;False;False;UNIT_CN;TOU;2023-10-01;2024-10-01;False;False;False
170847;Apartment;Apartment building;;False;;50926;;False;False;False;False;False;False;False;False;;;;;False;False;False
170874;Apartment;Apartment building;;False;;70140;;False;False;False;False;False;False;False;False;;;;;False;False;False
170893;Apartment;Apartment building;;False;;70027;;False;False;False;False;False;False;False;False;UNIT_CN;DYN;2023-10-01;2024-10-01;False;False;False
170922;Apartment;Apartment building;;False;;63411;;False;False;False;False;False;False;False;False;UNIT_CN;TOU;2023-10-01;2024-10-01;False;False;False
170925;Apartment;Apartment building;;False;;66387;;False;False;False;False;False;False;False;False;;;;;False;False;False
170989;Apartment;Apartment building;;False;;30831;;False;False;False;False;False;False;False;False;;;;;False;False;False
171070;Apartment;Apartment building;;False;;70051;;False;False;False;False;False;False;False;False;;;;;False;False;False
171119;Apartment;Apartment building;;False;;70172;;False;False;False;False;False;False;False;False;;;;;False;False;False
171124;Apartment;Apartment building;;False;;58892;;True;False;False;False;False;False;False;False;;;;;False;False;False
171173;Apartment;Apartment building;;False;;63412;;False;False;False;False;False;False;False;False;;;;;False;False;False
171192;Apartment;Apartment building;;False;;70027;;False;False;False;False;False;False;False;False;;;;;False;False;False
171204;Apartment;Apartment building;;False;;63372;;False;False;False;False;False;False;False;False;;;;;False;False;False
171215;Apartment;Apartment building;;False;;70051;;False;False;False;False;False;False;False;False;;;;;False;False;False
171238;Apartment;Apartment building;;False;;63418;;False;False;False;False;False;False;False;False;UNIT_CN;TOU;2023-10-01;2024-10-01;False;False;False
171248;Apartment;Apartment building;;False;;70110;;True;False;False;False;False;False;False;False;;;;;False;False;False
171327;Apartment;Apartment building;;False;;63420;;False;False;False;False;False;False;False;False;UNIT_CN;DYN;2023-10-01;2024-10-01;False;False;False
171377;Apartment;Single-family house;;False;;58924;;True;False;False;False;False;False;False;False;;;;;False;False;False
171386;Apartment;Apartment building;;False;;70026;;False;False;False;False;False;False;False;False;;;;;False;False;False
171501;Apartment;Apartment building;;False;;70165;;False;False;False;False;False;False;False;False;;;;;False;False;False
171528;Apartment;Apartment building;;False;;70164;;False;False;False;False;False;False;False;False;;;;;False;False;False
171624;Apartment;Apartment building;;False;;70165;;False;False;False;False;False;False;False;False;UNIT_CN;DYN;2023-10-01;2024-10-01;False;False;False
171635;Apartment;Apartment building;;False;;70172;;False;False;False;False;False;False;False;False;;;;;False;False;False
171682;Apartment;Apartment building;;False;;70141;;False;False;False;False;False;False;False;False;;;;;False;False;False
171791;Apartment;Apartment building;;False;;63087;;False;False;False;False;False;False;False;False;;;;;False;False;False
171819;Apartment;Apartment building;;False;;63380;;False;False;False;False;False;False;False;False;UNIT_CN;DYN;2023-10-01;2024-10-01;False;False;False
171875;Apartment;Apartment building;;False;;63191;;False;False;False;False;False;False;False;False;;;;;False;False;False
171900;Apartment;Apartment building;;False;;70165;;False;False;False;False;False;False;False;False;;;;;False;False;False
171977;Apartment;Apartment building;;False;;63658;;False;False;False;False;False;False;False;False;;;;;False;False;False
172019;Apartment;Apartment building;;False;;66933;;False;False;False;False;False;False;False;False;;;;;False;False;False
172380;Apartment;Apartment building;;False;;57912;;False;False;False;False;False;False;False;False;;;;;False;False;False
172417;Apartment;Apartment building;;False;;69756;;False;False;False;False;False;False;False;False;;;;;False;False;False
172441;Apartment;Single-family house;;False;;58830;;True;False;False;False;False;False;False;False;;;;;False;False;False
172503;Apartment;Apartment building;;False;;67936;;False;False;False;False;False;False;False;False;UNIT_CN;DYN;2023-10-01;2024-10-01;False;False;False
172548;Apartment;Apartment building;;False;;69347;;False;False;False;False;False;False;False;False;;;;;False;False;False
172586;Apartment;Apartment building;;False;;63413;;False;False;False;False;False;False;False;False;UNIT_CN;DYN;2023-10-01;2024-10-01;False;False;False
172607;Apartment;Apartment building;;False;;60764;;False;False;False;False;False;False;False;False;;;;;False;False;False
172861;Apartment;Apartment building;;False;;65709;;False;False;False;False;False;False;False;False;;;;;False;False;False
173017;Apartment;Apartment building;;False;;63349;;False;False;False;False;False;False;False;False;UNIT_CN;TOU;2023-10-01;2024-10-01;False;False;False
173120;Apartment;Apartment building;;False;;70172;;False;False;False;False;False;False;False;False;;;;;False;False;False
173393;Apartment;Apartment building;;False;;49952;;False;False;False;False;False;False;False;False;UNIT_CN;TOU;2023-10-01;2024-10-01;False;False;False
173425;Apartment;Apartment building;;False;;70170;;False;False;False;False;False;False;False;False;;;;;False;False;False
173469;Apartment;Apartment building;;False;;63313;;False;False;False;False;False;False;False;False;;;;;False;False;False
173504;Apartment;Apartment building;;False;;70116;;False;False;False;False;False;False;False;False;;;;;False;False;False
173511;Apartment;Apartment building;;False;;63414;;False;False;False;False;False;False;False;False;;;;;False;False;False
173614;Apartment;Apartment building;;False;;70041;;False;False;False;False;False;False;False;False;;;;;False;False;False
173620;Apartment;Apartment building;;False;;67360;;False;False;False;False;False;False;False;False;UNIT_CN;DYN;2023-10-01;2024-10-01;False;False;False
173658;Apartment;Apartment building;;False;;70141;;True;False;False;False;False;False;False;False;;;;;False;False;False
173752;Apartment;Apartment building;;False;;70050;;False;False;False;False;False;False;False;False;;;;;False;False;False
173985;Apartment;Apartment building;;False;;63367;;False;False;False;False;False;False;False;False;;;;;False;False;False
174013;Apartment;Apartment building;;False;;69285;;False;False;False;False;False;False;False;False;;;;;False;False;False
174185;Apartment;Apartment building;;False;;70170;;False;False;False;False;False;False;False;False;;;;;False;False;False
174286;Apartment;Apartment building;;False;;48895;;False;False;False;False;False;False;False;False;;;;;False;False;False
174328;Apartment;Apartment building;;False;;70174;;False;False;False;False;False;False;False;False;;;;;False;False;False
174336;Apartment;Apartment building;;False;;63921;;False;False;False;False;False;False;False;False;;;;;False;False;False
174390;Apartment;Apartment building;;False;;56897;;False;False;False;False;False;False;True;False;;;;;False;False;False
174482;Apartment;Apartment building;;False;;39344;;False;False;False;False;False;False;False;False;UNIT_CN;TOU;2023-10-01;2024-10-01;False;False;False
174542;Apartment;Apartment building;;False;;45934;;False;False;False;False;False;False;False;False;;;;;False;False;False
174580;Apartment;Apartment building;;False;;69911;;False;False;False;False;False;False;False;False;;;;;False;False;False
174629;Apartment;Apartment building;;False;;70146;;False;False;False;False;False;False;False;False;;;;;False;False;False
174783;Apartment;Apartment building;;False;;70108;;False;False;False;False;False;False;False;False;;;;;False;False;False
174829;Apartment;Apartment building;;False;;50722;;False;False;False;False;False;False;False;False;;;;;False;False;False
174831;Apartment;Apartment building;;False;;48424;;False;False;False;False;False;False;False;False;UNIT_CN;DYN;2023-10-01;2024-10-01;False;False;False
174868;Apartment;Apartment building;;False;;70160;;False;False;False;False;False;False;False;False;;;;;False;False;False
174897;Apartment;Apartment building;;False;;70140;;False;False;False;False;False;False;False;False;;;;;False;False;False
174930;Apartment;Apartment building;;False;;63188;;False;False;False;False;False;False;False;False;;;;;False;False;False
174936;Apartment;Apartment building;;False;;63265;;False;False;False;False;False;False;False;False;;;;;False;False;False
175158;Apartment;Apartment building;;False;;70141;;False;False;False;False;False;False;False;False;UNIT_CN;TOU;2023-10-01;2024-10-01;False;False;False
175372;Apartment;Apartment building;;False;;70174;;False;False;False;False;False;False;False;False;;;;;False;False;False
175387;Apartment;Apartment building;;False;;70172;;False;False;False;False;False;False;False;False;;;;;False;False;False
175399;Apartment;Apartment building;;False;;69287;;False;False;False;False;False;False;False;False;;;;;False;False;False
175486;Apartment;Apartment building;;False;;70021;;False;False;False;False;False;False;False;False;;;;;False;False;False
175506;Apartment;Apartment building;;False;;70067;;False;False;False;False;True;False;False;False;;;;;False;False;False
175577;Apartment;Apartment building;;False;;70117;;False;False;False;False;False;False;False;False;;;;;False;False;False
175705;Apartment;Apartment building;;False;;70137;;False;False;False;False;False;False;False;False;;;;;False;False;False
175724;Apartment;Apartment building;;False;;70166;;False;False;False;False;False;False;False;False;;;;;False;False;False
175763;Apartment;Apartment building;;False;;63412;;False;False;False;False;False;False;False;False;UNIT_CN;TOU;2023-10-01;2024-10-01;False;False;False
175767;Apartment;Apartment building;;False;;45368;;False;False;False;False;False;False;False;False;;;;;False;False;False
175782;Apartment;Apartment building;;False;;57991;;False;False;False;False;False;False;False;False;;;;;False;False;False
175912;Apartment;Apartment building;;False;;70161;;True;False;False;False;False;False;False;False;;;;;False;False;False
175951;Apartment;Apartment building;;False;;61517;;False;False;False;False;False;False;False;False;;;;;False;False;False
176060;Apartment;Apartment building;;False;;69959;;False;False;False;False;False;False;False;False;;;;;False;False;False
176261;Apartment;Apartment building;;False;;17238;;False;False;False;False;False;False;False;False;;;;;False;False;False
176343;Apartment;Apartment building;;False;;70130;;False;False;False;False;False;False;False;False;;;;;False;False;False
176369;Apartment;Apartment building;;False;;63289;;False;False;False;False;False;False;False;False;UNIT_CN;DYN;2023-10-01;2024-10-01;False;False;False
176420;Apartment;Apartment building;;False;;70148;;False;False;False;False;False;False;False;False;;;;;False;False;False
176529;Apartment;Apartment building;;False;;70174;;False;False;False;False;False;False;False;False;;;;;False;False;False
176616;Apartment;Apartment building;;False;;69282;;False;False;False;False;False;False;False;False;;;;;False;False;False
176621;Apartment;Apartment building;;False;;41401;;False;False;False;False;False;False;False;False;UNIT_CN;TOU;2023-10-01;2024-10-01;False;False;False
176688;Apartment;Apartment building;;False;;35073;0.424;False;False;False;False;False;False;False;False;;;;;False;False;False
176753;Apartment;Apartment building;;False;;63220;;False;False;False;False;False;False;False;False;;;;;False;False;False
176765;Apartment;Single-family house;;False;;69288;;False;False;False;False;False;False;False;False;;;;;False;False;False
176781;Apartment;Apartment building;;False;;70114;;False;False;False;False;False;False;False;False;UNIT_CN;DYN;2023-10-01;2024-10-01;False;False;False
176938;Apartment;Apartment building;;False;;57656;;False;False;False;False;False;False;False;False;;;;;False;False;False
177044;Apartment;Single-family house;;False;;70080;;True;False;False;False;False;False;False;False;;;;;False;False;False
177165;Apartment;Apartment building;;False;;63258;;False;False;False;False;False;False;False;False;UNIT_CN;TOU;2023-10-01;2024-10-01;False;False;False
177168;Apartment;Apartment building;;False;;70170;;False;False;False;False;False;False;False;False;;;;;False;False;False
177173;Apartment;Apartment building;;False;;70068;;False;False;False;False;False;False;False;False;UNIT_CN;TOU;2023-10-01;2024-10-01;False;False;False
177313;Apartment;Apartment building;;False;;70073;;False;False;False;False;False;False;False;False;;;;;False;False;False
177387;Apartment;Apartment building;;False;;69261;;False;False;False;False;False;False;False;False;;;;;False;False;False
177411;Apartment;Apartment building;;False;;69443;;False;False;False;False;False;False;False;False;;;;;False;False;False
177422;Apartment;Apartment building;;False;;70139;;False;False;False;False;False;False;False;False;;;;;False;False;False
177456;Apartment;Apartment building;;False;;70140;;False;False;False;False;False;False;False;False;;;;;False;False;False
177634;Apartment;Apartment building;;False;;45426;;False;False;False;False;False;False;False;False;;;;;False;False;False
177662;Apartment;Apartment building;;False;;63309;;False;False;False;False;False;False;False;False;;;;;False;False;False
177713;Apartment;Apartment building;;False;;70149;;False;False;False;False;False;False;False;False;UNIT_CN;TOU;2023-10-01;2024-10-01;False;False;False
177855;Apartment;Single-family house;;False;;70080;;False;False;False;False;False;False;False;False;UNIT_CN;DYN;2023-10-01;2025-01-01;False;False;False
177937;Apartment;Apartment building;;False;;70051;;False;False;False;False;False;False;False;False;;;;;False;False;False
177959;Apartment;Apartment building;;False;;70146;;True;False;False;False;False;False;False;False;;;;;False;False;False
177962;Apartment;Apartment building;;False;;70170;;False;False;False;False;True;False;False;False;;;;;False;False;False
178009;Apartment;Apartment building;;False;;70095;;False;False;False;False;False;False;False;False;;;;;False;False;False
178050;Apartment;Apartment building;;False;;70129;;False;False;False;False;False;False;False;False;;;;;False;False;False
178091;Apartment;Apartment building;;False;;70099;;False;False;False;False;False;False;False;False;;;;;False;False;False
178292;Apartment;Apartment building;;False;;32213;;False;False;False;False;False;False;False;False;UNIT_CN;DYN;2023-10-01;2024-10-01;False;False;False
178377;Apartment;Apartment building;;False;;70108;;True;False;False;False;False;False;False;False;;;;;False;False;False
178399;Apartment;Apartment building;;False;;70027;;True;False;False;False;False;False;False;False;;;;;False;False;False
178408;Apartment;Apartment building;;False;;70149;;False;False;False;False;False;False;False;False;;;;;False;False;False
178555;Apartment;Apartment building;;False;;70172;;False;False;False;False;False;False;False;False;;;;;False;False;False
178593;Apartment;Apartment building;;False;;57789;;False;False;False;False;False;False;False;False;;;;;False;False;False
178662;Apartment;Apartment building;;False;;70172;;False;False;False;False;False;False;False;False;UNIT_CN;DYN;2023-10-01;2024-10-01;False;False;False
178745;Apartment;Apartment building;;False;;70174;;False;False;False;False;False;False;False;False;;;;;False;False;False
178748;Apartment;Apartment building;;False;;57995;;False;False;False;False;False;False;False;False;;;;;False;False;False
178808;Apartment;Apartment building;;False;;70168;;False;False;False;False;False;False;False;False;;;;;False;False;False
178946;Apartment;Apartment building;;False;;70146;;True;False;False;False;False;False;False;False;;;;;False;False;False
178974;Apartment;Apartment building;;False;;70172;;False;False;False;False;False;False;False;False;;;;;False;False;False
179005;Apartment;Apartment building;;False;;65132;;False;False;False;False;False;False;False;False;;;;;False;False;False
179024;Apartment;Apartment building;;False;;70155;;False;False;False;False;False;False;False;False;;;;;False;False;False
179086;Apartment;Apartment building;;False;;61443;;False;False;False;False;False;False;False;False;;;;;False;False;False
179124;Apartment;Apartment building;;False;;70115;;False;False;False;False;False;False;False;False;UNIT_CN;TOU;2023-10-01;2024-10-01;False;False;False
179177;Apartment;Apartment building;;False;;69160;;False;False;False;False;False;False;False;False;;;;;False;False;False
179206;Apartment;Apartment building;;False;;63348;;False;False;False;False;False;False;False;False;UNIT_CN;TOU;2023-10-01;2024-10-01;False;False;False
179221;Apartment;Apartment building;;False;;63291;;False;False;False;False;False;False;False;False;;;;;False;False;False
179252;Apartment;Apartment building;;False;;70166;;False;False;False;False;False;False;False;False;;;;;False;False;False
179335;Apartment;Apartment building;;False;;70172;;True;False;False;False;False;False;False;False;;;;;False;False;False
179351;Apartment;Apartment building;;False;;70121;;True;False;False;False;False;False;False;False;;;;;False;False;False
179359;Apartment;Apartment building;;False;;70135;;True;False;False;False;False;False;False;False;UNIT_LOW;UNIT;2023-10-01;2025-01-01;False;False;False
179395;Apartment;Apartment building;;False;;70172;;False;False;False;False;False;False;False;False;;;;;False;False;False
179400;Apartment;Apartment building;;False;;70134;;False;False;False;False;False;False;False;False;;;;;False;False;False
179447;Apartment;Apartment building;;False;;69289;;False;False;False;False;False;False;False;False;;;;;False;False;False
179463;Apartment;Apartment building;;False;;70141;;False;False;False;False;False;False;False;False;;;;;False;False;False
179465;Apartment;Apartment building;;False;;70162;;False;False;False;False;False;False;False;False;;;;;False;False;False
179529;Apartment;Apartment building;;False;;70166;;False;False;False;False;False;False;False;False;;;;;False;False;False
179564;Apartment;Apartment building;;False;;63608;;False;False;False;False;False;False;False;False;;;;;False;False;False
179750;Apartment;Apartment building;;False;;70041;;False;False;False;False;False;False;False;False;;;;;False;False;False
179988;Apartment;Apartment building;;False;;70174;;False;False;False;False;False;False;False;False;;;;;False;False;False
180016;Apartment;Apartment building;;False;;70161;;True;False;False;False;False;False;False;False;;;;;False;False;False
180129;Apartment;Apartment building;;False;;70167;;False;False;False;False;False;False;False;False;;;;;False;False;False
180174;Apartment;Apartment building;;False;;42099;;False;False;False;False;False;False;False;False;UNIT_CN;DYN;2023-10-01;2024-10-01;False;False;False
180222;Apartment;Apartment building;;False;;70137;;True;False;False;False;False;False;False;False;;;;;False;False;False
180231;Apartment;Apartment building;;False;;70166;;False;False;False;False;False;False;False;False;;;;;False;False;False
180233;Apartment;Apartment building;;False;;70139;;False;False;False;False;False;False;False;False;;;;;False;False;False
180242;Apartment;Apartment building;;False;;43416;;False;False;False;False;False;False;False;False;UNIT_CN;DYN;2023-10-01;2024-10-01;False;False;False
180317;Apartment;Single-family house;;False;;70176;;False;False;False;False;False;False;False;False;UNIT_CN;UNIT;2023-10-01;2025-01-01;False;False;False
180322;Apartment;Apartment building;;False;;63401;;False;False;False;False;False;False;False;False;UNIT_CN;TOU;2023-10-01;2024-10-01;False;False;False
180347;Apartment;Apartment building;;False;;70172;;False;False;False;False;False;False;False;False;;;;;False;False;False
180350;Apartment;Apartment building;;False;;70129;;False;False;False;False;False;False;False;False;;;;;False;False;False
180358;Apartment;Apartment building;;False;;70049;;False;False;False;False;False;False;False;False;;;;;False;False;False
180474;Apartment;Apartment building;;False;;70145;;False;False;False;False;False;False;False;False;;;;;False;False;False
180536;Apartment;Apartment building;;False;;63228;;False;False;False;False;False;False;False;False;UNIT_CN;DYN;2023-10-01;2024-10-01;False;False;False
180595;Apartment;Apartment building;;False;;70166;;False;False;False;False;False;False;False;False;;;;;False;False;False
180672;Apartment;Apartment building;;False;;63413;;False;False;False;False;False;False;False;False;UNIT_CN;TOU;2023-10-01;2024-10-01;False;False;False
180678;Apartment;Apartment building;;False;;69290;;False;False;False;False;False;False;False;False;;;;;False;False;False
180726;Apartment;Apartment building;;False;;70170;;False;False;False;False;False;False;False;False;;;;;False;False;False
180768;Apartment;Apartment building;;False;;70164;;True;False;False;False;False;False;False;False;UNIT_CN;TOU;2023-10-01;2024-10-01;False;False;False
180781;Apartment;Apartment building;;False;;70172;;False;False;False;False;False;False;False;False;;;;;False;False;False
180943;Apartment;Apartment building;;False;;60273;;False;False;False;False;False;False;False;False;;;;;False;False;False
180947;Apartment;Apartment building;;False;;69265;;False;False;False;False;False;False;False;False;;;;;False;False;False
181139;Apartment;Apartment building;;False;;69221;;False;False;False;False;False;False;False;False;;;;;False;False;False
181260;Apartment;Apartment building;;False;;63414;;False;False;False;False;False;False;False;False;;;;;False;False;False
181270;Apartment;Apartment building;;False;;70066;;False;False;False;False;False;False;False;False;;;;;False;False;False
181275;Apartment;Apartment building;;False;;70143;;False;False;False;False;False;False;False;False;;;;;False;False;False
181344;Apartment;Apartment building;;False;;70132;;False;False;False;False;False;False;False;False;;;;;False;False;False
181447;Apartment;Apartment building;;False;;70123;;False;False;False;False;True;False;False;False;;;;;False;False;False
181584;Apartment;Apartment building;;False;;70170;;False;False;False;False;False;False;False;False;;;;;False;False;False
181597;Apartment;Apartment building;;False;;70164;;True;False;False;False;False;False;False;False;;;;;False;False;False
181674;Apartment;Apartment building;;False;;70172;;False;False;False;False;False;False;False;False;;;;;False;False;False
181698;Apartment;Apartment building;;False;;70172;;False;False;False;False;False;False;False;False;;;;;False;False;False
181825;Apartment;Apartment building;;False;;70170;;False;False;False;False;False;False;False;False;;;;;False;False;False
181834;Apartment;Apartment building;;False;;57995;;False;False;False;False;False;False;False;False;;;;;False;False;False
181870;Apartment;Apartment building;;False;;70157;;False;False;False;False;False;False;False;False;;;;;False;False;False
181912;Apartment;Apartment building;;False;;47283;;False;False;False;False;False;False;False;False;UNIT_CN;TOU;2023-10-01;2024-10-01;False;False;False
181950;Apartment;Apartment building;;False;;70138;;False;False;False;False;False;False;False;False;UNIT_CN;DYN;2023-10-01;2024-10-01;False;False;False
181974;Apartment;Apartment building;;False;;70049;;False;False;False;False;False;False;False;False;;;;;False;False;False
182000;Apartment;Apartment building;;False;;46609;;False;False;False;False;False;False;False;False;;;;;False;False;False
182109;Apartment;Apartment building;;False;;70168;;False;False;False;False;False;False;False;False;;;;;False;False;False
182125;Apartment;Apartment building;;False;;70051;;False;False;False;False;False;False;False;False;UNIT_CN;TOU;2023-10-01;2024-10-01;False;False;False
182170;Apartment;Apartment building;;False;;43531;;False;False;False;False;False;False;False;False;;;;;False;False;False
182192;Apartment;Apartment building;;False;;70170;;False;False;False;False;False;False;False;False;;;;;False;False;False
182275;Apartment;Apartment building;;False;;70172;;False;False;False;False;False;False;False;False;;;;;False;False;False
182287;Apartment;Apartment building;;False;;70166;;False;False;False;False;False;False;False;False;;;;;False;False;False
182321;Apartment;Apartment building;;False;;70027;;False;False;False;False;False;False;False;False;;;;;False;False;False
182367;Apartment;Apartment building;;False;;65097;;False;False;False;False;False;False;False;False;;;;;False;False;False
182480;Apartment;Apartment building;;False;;63366;;False;False;False;False;False;False;False;False;UNIT_CN;TOU;2023-10-01;2024-10-01;False;False;False
182503;Apartment;Single-family house;;False;;69264;;True;False;False;False;False;False;False;False;;;;;False;False;False
182683;Apartment;Apartment building;;False;;70174;;False;False;False;False;False;False;False;False;;;;;False;False;False
182754;Apartment;Apartment building;;False;;70172;;False;False;False;False;False;False;False;False;UNIT_CN;TOU;2023-10-01;2024-10-01;False;False;False
182765;Apartment;Apartment building;;False;;70134;;False;False;False;False;False;False;False;False;;;;;False;False;False
182792;Apartment;Apartment building;;False;;63445;;False;False;False;False;False;False;False;False;;;;;False;False;False
182817;Apartment;Apartment building;;False;;69287;;False;False;False;False;False;False;False;False;;;;;False;False;False
182981;Apartment;Apartment building;;False;;70135;;False;False;False;False;False;False;False;False;;;;;False;False;False
183023;Apartment;Apartment building;;False;;63268;;False;False;False;False;False;False;False;False;;;;;False;False;False
183047;Apartment;Apartment building;;False;;58300;;False;False;False;False;False;False;False;False;UNIT_CN;TOU;2023-10-01;2024-10-01;False;False;False
183053;Apartment;Apartment building;;False;;70114;;False;False;False;False;False;False;False;False;;;;;False;False;False
183060;Apartment;Apartment building;;False;;70080;;False;False;False;False;False;False;False;False;;;;;False;False;False
183126;Apartment;Apartment building;;False;;70165;;False;False;False;False;False;False;False;False;;;;;False;False;False
183195;Apartment;Apartment building;;False;;70050;;False;False;False;False;False;False;False;False;;;;;False;False;False
183238;Apartment;Apartment building;;False;;70172;;True;False;False;False;False;False;False;False;;;;;False;False;False
183253;Apartment;Apartment building;;False;;70134;;False;False;False;False;False;False;False;False;;;;;False;False;False
183443;Apartment;Apartment building;;False;;70080;;False;False;False;False;False;False;False;False;UNIT_CN;DYN;2023-10-01;2025-01-01;False;False;False
183599;Apartment;Apartment building;;False;;70027;;False;False;False;False;False;False;False;False;;;;;False;False;False
183842;Apartment;Apartment building;;False;;68681;;False;False;False;False;False;False;False;False;UNIT_CN;DYN;2023-10-01;2024-10-01;False;False;False
183860;Apartment;Single-family house;;False;;70080;;True;False;False;False;False;False;False;False;UNIT_CN;DYN;2023-10-01;2025-01-01;False;False;False
183890;Apartment;Apartment building;;False;;69906;;False;False;False;False;False;False;False;False;;;;;False;False;False
183905;Apartment;Apartment building;;False;;70165;;False;False;False;False;False;False;False;False;;;;;False;False;False
183917;Apartment;Apartment building;;False;;70041;;False;False;False;False;False;False;False;False;;;;;False;False;False
184118;Apartment;Apartment building;;False;;70115;;False;False;False;False;False;False;False;False;UNIT_CN;DYN;2023-10-01;2024-10-01;False;False;False
184298;Apartment;Apartment building;;False;;70135;;False;False;False;False;False;False;False;False;;;;;False;False;False
184313;Apartment;Apartment building;;False;;39068;;False;False;False;False;False;False;False;False;;;;;False;False;False
184322;Apartment;Apartment building;;False;;29107;;False;False;False;False;False;False;False;False;;;;;False;False;False
184336;Apartment;Apartment building;;False;;70141;;False;False;False;False;False;False;False;False;;;;;False;False;False
184357;Apartment;Apartment building;;False;;70170;;False;False;False;False;False;False;False;False;;;;;False;False;False
184363;Apartment;Apartment building;;False;;63409;;False;False;False;False;False;False;False;False;UNIT_CN;TOU;2023-10-01;2024-10-01;False;False;False
184420;Apartment;Apartment building;;False;;33496;;False;False;False;False;False;False;False;False;;;;;False;False;False
184478;Apartment;Apartment building;;False;;70172;;False;False;False;False;False;False;False;False;;;;;False;False;False
184525;Apartment;Apartment building;;False;;41311;;False;False;False;False;False;False;False;False;UNIT_CN;DYN;2023-10-01;2024-10-01;False;False;False
184554;Apartment;Apartment building;;False;;57996;;False;False;False;False;False;False;False;False;;;;;False;False;False
184787;Apartment;Apartment building;;False;;42995;;False;False;False;False;False;False;False;False;;;;;False;False;False
184869;Apartment;Apartment building;;False;;70163;;False;False;False;False;False;False;False;False;UNIT_CN;TOU;2023-10-01;2024-10-01;False;False;False
184878;Apartment;Apartment building;;False;;66894;;False;False;False;False;False;False;False;False;UNIT_CN;TOU;2023-10-01;2024-10-01;False;False;False
185058;Apartment;Apartment building;;False;;29736;;False;False;False;False;False;False;False;False;;;;;False;False;False
185075;Apartment;Single-family house;;False;;70136;;True;True;False;False;False;False;False;False;UNIT_CN;TOU;2023-10-01;2024-10-01;False;False;False
185078;Apartment;Apartment building;;False;;70136;;True;False;False;False;False;False;False;False;;;;;False;False;False
185167;Apartment;Apartment building;;False;;69986;;False;False;False;False;False;False;True;False;;;;;False;False;False
185213;Apartment;Apartment building;;False;;62102;;False;False;False;False;False;False;False;False;;;;;False;False;False
185365;Apartment;Apartment building;;False;;63310;;False;False;False;False;False;False;False;False;UNIT_CN;TOU;2023-10-01;2024-10-01;False;False;False
185371;Apartment;Apartment building;;False;;69166;;False;False;False;False;False;False;False;False;;;;;False;False;False
185394;Apartment;Single-family house;;False;;70167;;False;False;False;False;False;False;False;False;;;;;False;False;False
185426;Apartment;Apartment building;;False;;63309;;False;False;False;False;False;False;False;False;;;;;False;False;False
185448;Apartment;Apartment building;;False;;70164;;False;False;False;False;False;False;False;False;UNIT_CN;DYN;2023-10-01;2024-10-01;False;False;False
185486;Apartment;Single-family house;;False;;70080;;False;False;False;False;False;False;False;False;UNIT_LOW;DYN;2023-10-01;2025-01-01;False;True;False
185510;Apartment;Apartment building;;False;;70142;;False;False;False;False;False;False;False;False;UNIT_CN;DYN;2023-10-01;2024-10-01;False;False;False
185559;Apartment;Apartment building;;False;;70132;;False;False;False;False;False;False;False;False;;;;;False;False;False
185574;Apartment;Apartment building;;False;;70109;;False;False;False;False;True;False;False;False;UNIT_CN;DYN;2023-10-01;2024-10-01;False;False;False
185588;Apartment;Apartment building;;False;;70167;;False;False;False;False;False;False;False;False;;;;;False;False;False
185634;Apartment;Apartment building;;False;;70160;;True;False;False;False;False;False;False;False;UNIT_CN;TOU;2023-10-01;2024-10-01;False;False;False
185658;Apartment;Apartment building;;False;;45122;;False;False;False;False;False;False;False;False;;;;;False;False;False
185690;Apartment;Apartment building;;False;;37865;;False;False;False;False;False;False;False;False;;;;;False;False;False
185779;Apartment;Apartment building;;False;;70163;;False;False;False;False;False;False;False;False;;;;;False;False;False
185874;Apartment;Apartment building;;False;;70111;;False;False;False;False;False;False;False;False;UNIT_CN;TOU;2023-10-01;2024-10-01;False;False;False
185908;Apartment;Apartment building;;False;;69514;;False;False;False;False;False;False;False;False;;;;;False;False;False
185993;Apartment;Single-family house;;False;;70168;;False;False;False;False;False;False;False;False;UNIT_LOW;TOU;2023-10-01;2025-01-01;False;False;True
186011;Apartment;Apartment building;;False;;70111;;False;False;False;False;False;False;False;False;UNIT_CN;TOU;2023-10-01;2024-10-01;False;False;False
186176;Apartment;Apartment building;;False;;70143;;False;False;False;False;False;False;False;False;UNIT_CN;DYN;2023-10-01;2024-10-01;False;False;False
186209;Apartment;Apartment building;;False;;70081;;False;False;False;False;False;False;False;False;UNIT_CN;TOU;2023-10-01;2024-10-01;False;False;False
186262;Apartment;Apartment building;;False;;70131;;True;False;False;False;False;False;False;False;;;;;False;False;False
186336;Apartment;Apartment building;;False;;70138;;True;False;False;False;False;False;False;False;;;;;False;False;False
186422;Apartment;Apartment building;;False;;70170;;False;False;False;False;False;False;False;False;;;;;False;False;False
186690;Apartment;Apartment building;;False;;70047;;False;False;False;False;False;False;False;False;;;;;False;False;False
186744;Apartment;Apartment building;;False;;63315;;False;False;False;False;False;False;False;False;;;;;False;False;False
186750;Apartment;Apartment building;;False;;70027;;False;False;False;False;False;False;False;False;;;;;False;False;False
186769;Apartment;Apartment building;;False;;70132;;False;False;False;False;False;False;False;False;;;;;False;False;False
186838;Apartment;Apartment building;;False;;70141;;False;False;False;False;False;False;False;False;;;;;False;False;False
186897;Apartment;Apartment building;;False;;70171;;False;False;False;False;False;False;False;False;UNIT_CN;DYN;2023-10-01;2024-10-01;False;False;False
186955;Apartment;Apartment building;;False;;42344;;False;False;False;False;False;False;False;False;;;;;False;False;False
186963;Apartment;Apartment building;;False;;70047;;False;False;False;False;False;False;False;False;;;;;False;False;False
187031;Apartment;Apartment building;;False;;70170;;False;False;False;False;False;False;False;False;;;;;False;False;False
187228;Apartment;Apartment building;;False;;63380;;False;False;False;False;False;False;False;False;;;;;False;False;False
187283;Apartment;Apartment building;;False;;70023;;False;False;False;False;False;False;False;False;;;;;False;False;False
187308;Apartment;Apartment building;;False;;70138;;False;False;False;False;False;False;False;False;;;;;False;False;False
187362;Apartment;Apartment building;;False;;59892;;False;False;False;False;True;False;False;False;UNIT_CN;DYN;2023-10-01;2024-10-01;False;False;False
187463;Apartment;Apartment building;;False;;43121;;False;False;False;False;False;False;False;False;UNIT_LOW;UNIT;2023-10-01;2025-01-01;False;False;True
187494;Apartment;Apartment building;;False;;70172;;False;False;False;False;False;False;False;False;UNIT_CN;DYN;2023-10-01;2024-10-01;False;False;False
187583;Apartment;Apartment building;;False;;70138;;True;False;False;False;False;False;False;False;;;;;False;False;False
187587;Apartment;Apartment building;;False;;70170;;False;False;False;False;False;False;False;False;;;;;False;False;False
187717;Apartment;Apartment building;;False;;69271;;False;False;False;False;False;False;False;False;;;;;False;False;False
187744;Apartment;Apartment building;;False;;63377;;False;False;False;False;False;False;False;False;;;;;False;False;False
187757;Apartment;Apartment building;;False;;70041;;False;False;False;False;False;False;False;False;;;;;False;False;False
187774;Apartment;Apartment building;;False;;46860;;False;False;False;False;False;False;False;False;UNIT_CN;DYN;2023-10-01;2024-10-01;False;False;False
187787;Apartment;Apartment building;;False;;58898;;True;False;False;False;False;False;False;False;;;;;False;False;False
187946;Apartment;Apartment building;;False;;70021;;False;False;False;False;False;False;False;False;;;;;False;False;False
187949;Apartment;Apartment building;;False;;70162;;False;False;False;False;False;False;False;False;;;;;False;False;False
188078;Apartment;Apartment building;;False;;35011;0.496;False;False;False;False;False;False;False;False;UNIT_CN;TOU;2023-10-01;2024-10-01;False;False;False
188092;Apartment;Apartment building;;False;;70065;;False;False;False;False;False;False;False;False;;;;;False;False;False
188272;Apartment;Apartment building;;False;;70167;;False;False;False;False;False;False;False;False;;;;;False;False;False
188321;Apartment;Apartment building;;False;;63286;;False;False;False;False;False;False;False;False;;;;;False;False;False
188414;Apartment;Apartment building;;False;;23794;;False;False;False;False;False;False;False;False;UNIT_CN;TOU;2023-10-01;2024-10-01;False;False;False
188473;Apartment;Apartment building;;False;;69167;;False;False;False;False;False;False;False;False;;;;;False;False;False
188561;Apartment;Apartment building;;False;;70168;;False;False;False;False;False;False;False;False;;;;;False;False;False
188588;Apartment;Apartment building;;False;;70145;;False;False;False;False;False;False;False;False;UNIT_CN;TOU;2023-10-01;2024-10-01;False;False;False
188595;Apartment;Apartment building;;False;;58178;;False;False;False;False;False;False;False;False;;;;;False;False;False
188823;Apartment;Apartment building;;False;;70123;;True;False;False;False;False;False;False;False;;;;;False;False;False
188839;Apartment;Apartment building;;False;;70062;;False;False;False;False;False;False;False;False;;;;;False;False;False
188918;Apartment;Apartment building;;False;;69408;;False;False;False;False;False;False;False;False;;;;;False;False;False
188919;Apartment;Apartment building;;False;;70163;;False;False;False;False;False;False;False;False;;;;;False;False;False
188991;Apartment;Apartment building;;False;;70029;;False;False;False;False;False;False;False;False;;;;;False;False;False
189138;Apartment;Apartment building;;False;;70168;;False;False;False;False;False;False;False;False;;;;;False;False;False
189149;Apartment;Apartment building;;False;;69288;;False;False;False;False;False;False;False;False;;;;;False;False;False
189328;Apartment;Apartment building;;False;;41229;;False;False;False;False;False;False;False;False;UNIT_CN;DYN;2023-10-01;2024-10-01;False;False;False
189367;Apartment;Apartment building;;False;;70136;;False;False;False;False;False;False;False;False;;;;;False;False;False
189402;Apartment;Apartment building;;False;;70137;;False;False;False;False;False;False;False;False;;;;;False;False;False
189458;Apartment;Apartment building;;False;;63420;;False;False;False;False;False;False;False;False;UNIT_CN;DYN;2023-10-01;2024-10-01;False;False;False
189586;Apartment;Apartment building;;False;;66749;;False;False;False;False;False;False;False;False;;;;;False;False;False
189595;Apartment;Apartment building;;False;;56466;;False;False;False;False;False;False;False;False;;;;;False;False;False
189650;Apartment;Apartment building;;False;;70170;;False;False;False;False;False;False;False;False;;;;;False;False;False
189654;Apartment;Apartment building;;False;;58397;;True;False;False;False;False;False;False;False;;;;;False;False;False
189773;Apartment;Apartment building;;False;;24348;;False;False;False;False;False;False;False;False;UNIT_CN;DYN;2023-10-01;2024-10-01;False;False;False
189800;Apartment;Apartment building;;False;;70046;;False;False;False;False;False;False;False;False;;;;;False;False;False
189986;Apartment;Apartment building;;False;;70140;;True;False;False;False;False;False;False;False;;;;;False;False;False
189994;Apartment;Single-family house;;False;;43557;;True;False;False;False;False;False;False;False;;;;;False;False;False
190091;Apartment;Apartment building;;False;;69294;;False;False;False;False;False;False;False;False;;;;;False;False;False
190127;Apartment;Apartment building;;False;;70170;;False;False;False;False;False;False;False;False;;;;;False;False;False
190217;Apartment;Apartment building;;False;;70018;;False;False;False;False;False;False;False;False;;;;;False;False;False
190264;Apartment;Apartment building;;False;;70169;;False;False;False;False;False;False;False;False;;;;;False;False;False
190341;Apartment;Apartment building;;False;;70155;;False;False;False;False;False;False;False;False;;;;;False;False;False
190381;Apartment;Apartment building;;False;;70120;;False;False;False;False;False;False;False;False;;;;;False;False;False
190416;Apartment;Apartment building;;False;;46922;;False;False;False;False;False;False;False;False;UNIT_CN;TOU;2023-10-01;2024-10-01;False;False;False
190587;Apartment;Apartment building;;False;;70149;;False;False;False;False;False;False;False;False;UNIT_CN;DYN;2023-10-01;2024-10-01;False;False;False
190606;Apartment;Apartment building;;False;;70170;;False;False;False;False;False;False;False;False;UNIT_CN;DYN;2023-10-01;2024-10-01;False;False;False
190648;Apartment;Single-family house;;False;;70133;;False;False;False;False;False;False;False;False;UNIT_CN;TOU;2023-10-01;2024-10-01;False;False;False
190699;Apartment;Apartment building;;False;;70169;;True;False;False;False;False;False;False;False;;;;;False;False;False
190718;Apartment;Apartment building;;False;;70138;;True;False;False;False;False;False;False;False;;;;;False;False;False
190758;Apartment;Apartment building;;False;;70162;;False;False;False;False;False;False;False;False;;;;;False;False;False
190796;Apartment;Apartment building;;False;;69080;;False;False;False;False;False;False;False;False;;;;;False;False;False
190989;Apartment;Apartment building;;False;;69259;;False;False;False;False;False;False;False;False;;;;;False;False;False
191082;Apartment;Apartment building;;False;;70050;;False;False;False;False;False;False;False;False;;;;;False;False;False
191092;Apartment;Apartment building;;False;;41880;;False;False;False;False;False;False;False;False;UNIT_CN;DYN;2023-10-01;2024-10-01;False;False;False
191096;Apartment;Apartment building;;False;;68703;;False;False;False;False;False;False;True;False;UNIT_CN;TOU;2023-10-01;2024-10-01;False;False;False
191161;Apartment;Apartment building;;False;;70127;;True;False;False;False;False;False;False;False;;;;;False;False;False
191184;Apartment;Apartment building;;False;;70073;;False;False;False;False;False;False;False;False;;;;;False;False;False
191237;Apartment;Apartment building;;False;;69660;;False;False;False;False;False;False;False;False;;;;;False;False;False
191287;Apartment;Apartment building;;False;;67095;;False;False;False;False;False;False;False;False;;;;;False;False;False
191426;Apartment;Apartment building;;False;;70127;;False;False;False;False;False;False;False;False;;;;;False;False;False
191525;Apartment;Apartment building;;False;;70051;;False;False;False;False;False;False;False;False;UNIT_CN;TOU;2023-10-01;2024-10-01;False;False;False
191544;Apartment;Apartment building;;False;;63367;;False;False;False;False;False;False;False;False;UNIT_CN;TOU;2023-10-01;2024-10-01;False;False;False
191710;Apartment;Apartment building;;False;;70169;;False;False;False;False;False;False;False;False;;;;;False;False;False
191857;Apartment;Apartment building;;False;;70146;;False;False;False;False;False;False;False;False;;;;;False;False;False
191979;Apartment;Apartment building;;False;;70165;;False;False;False;False;False;False;False;False;;;;;False;False;False
192050;Apartment;Apartment building;;False;;37304;;True;True;True;False;False;False;False;False;;;;;False;False;False
192103;Apartment;Apartment building;;False;;70172;;False;False;False;False;False;False;False;False;;;;;False;False;False
192145;Apartment;Apartment building;;False;;58352;;False;False;False;False;False;False;False;False;;;;;False;False;False
192150;Apartment;Apartment building;;False;;70174;;True;False;False;False;False;False;False;False;UNIT_CN;TOU;2023-10-01;2024-10-01;False;False;False
192174;Apartment;Apartment building;;False;;44568;;False;False;False;False;False;False;False;False;;;;;False;False;False
192240;Apartment;Apartment building;;False;;68231;;False;False;False;False;False;False;False;False;;;;;False;False;False
192383;Apartment;Apartment building;;False;;70137;;False;False;False;False;False;False;False;False;UNIT_CN;TOU;2023-10-01;2024-10-01;False;False;False
192512;Apartment;Apartment building;;False;;70112;;False;False;False;False;False;False;False;False;;;;;False;False;False
192537;Apartment;Apartment building;;False;;70172;;False;False;False;False;False;False;False;False;;;;;False;False;False
192698;Apartment;Apartment building;;False;;70171;;False;False;False;False;False;False;False;False;UNIT_CN;TOU;2023-10-01;2024-10-01;False;False;False
192726;Apartment;Apartment building;;False;;69555;;False;False;False;False;False;False;False;False;UNIT_CN;DYN;2023-10-01;2024-10-01;False;False;False
192771;Apartment;Apartment building;;False;;70166;;False;False;False;False;False;False;False;False;;;;;False;False;False
192929;Apartment;Apartment building;;False;;61812;;False;False;False;False;False;False;False;False;;;;;False;False;False
193093;Apartment;Apartment building;;False;;70164;;False;False;False;False;False;False;False;False;;;;;False;False;False
193173;Apartment;Single-family house;;False;;70167;;False;False;False;False;False;False;False;False;UNIT_CN;TOU;2023-10-01;2024-10-01;False;False;False
193226;Apartment;Apartment building;;False;;66831;;False;False;False;False;False;False;False;False;;;;;False;False;False
193333;Apartment;Apartment building;;False;;63125;;False;False;False;False;True;False;False;False;;;;;False;False;False
193370;Apartment;Apartment building;;False;;70020;;True;False;False;False;False;False;False;False;;;;;False;False;False
193622;Apartment;Apartment building;;False;;69875;;False;False;False;False;False;False;False;False;;;;;False;False;False
193730;Apartment;Apartment building;;False;;17240;;False;False;False;False;False;False;False;False;;;;;False;False;False
193797;Apartment;Apartment building;;False;;70159;;True;False;False;False;False;False;False;False;;;;;False;False;False
193857;Apartment;Apartment building;;False;;70164;;False;False;False;False;False;False;False;False;;;;;False;False;False
193887;Apartment;Apartment building;;False;;70149;;False;False;False;False;False;False;False;False;;;;;False;False;False
193908;Apartment;Apartment building;;False;;68627;;False;False;False;False;False;False;False;False;;;;;False;False;False
193980;Apartment;Apartment building;;False;;70045;;False;False;False;False;False;False;False;False;;;;;False;False;False
193992;Apartment;Apartment building;;False;;63296;;False;False;False;False;False;False;False;False;UNIT_CN;DYN;2023-10-01;2024-10-01;False;False;False
194172;Apartment;Apartment building;;False;;70114;;False;False;False;False;False;False;False;False;;;;;False;False;False
194177;Apartment;Apartment building;;False;;69207;;False;False;False;False;False;False;False;False;UNIT_CN;DYN;2023-10-01;2024-10-01;False;False;False
194249;Apartment;Apartment building;;False;;70172;;False;False;False;False;False;False;False;False;;;;;False;False;False
194384;Apartment;Apartment building;;False;;63318;;False;False;False;False;False;False;False;False;;;;;False;False;False
194574;Apartment;Apartment building;;False;;70131;;False;False;False;False;False;False;False;False;;;;;False;False;False
194584;Apartment;Apartment building;;False;;63290;;False;False;False;False;False;False;False;False;;;;;False;False;False
194624;Apartment;Apartment building;;False;;70051;;False;False;False;False;False;False;False;False;UNIT_CN;DYN;2023-10-01;2024-10-01;False;False;False
194680;Apartment;Apartment building;;False;;70154;;False;False;False;False;False;False;False;False;;;;;False;False;False
194689;Apartment;Apartment building;;False;;63312;;False;False;False;False;False;False;False;False;;;;;False;False;False
194740;Apartment;Apartment building;;False;;70051;;False;False;False;False;False;False;False;False;;;;;False;False;False
194785;Apartment;Apartment building;;False;;70128;;False;False;False;False;False;False;True;False;;;;;False;False;False
194831;Apartment;Apartment building;;False;;70156;;False;False;False;False;False;False;False;False;;;;;False;False;False
194985;Apartment;Single-family house;;False;;70080;;False;False;False;False;False;False;False;False;UNIT_CN;UNIT;2023-10-01;2025-01-01;False;False;False
195085;Apartment;Apartment building;;False;;70132;;False;False;False;False;False;False;False;False;;;;;False;False;False
195087;Apartment;Apartment building;;False;;42163;;False;False;False;False;False;False;False;False;UNIT_CN;TOU;2023-10-01;2024-10-01;False;False;False
195140;Apartment;Apartment building;;False;;70112;;False;False;False;False;False;False;False;False;;;;;False;False;False
195314;Apartment;Apartment building;;False;;63229;;False;False;False;False;False;False;False;False;UNIT_CN;TOU;2023-10-01;2024-10-01;False;False;False
195593;Apartment;Apartment building;;False;;70172;;True;False;False;False;False;False;False;False;;;;;False;False;False
195675;Apartment;Apartment building;;False;;70172;;False;False;False;False;False;False;False;False;;;;;False;False;False
195826;Apartment;Apartment building;;False;;63296;;False;False;False;False;False;False;False;False;;;;;False;False;False
195834;Apartment;Apartment building;;False;;63274;;False;False;False;False;False;False;False;False;UNIT_CN;TOU;2023-10-01;2024-10-01;False;False;False
195855;Apartment;Apartment building;;False;;70168;;False;False;False;False;False;False;False;False;;;;;False;False;False
195860;Apartment;Apartment building;;False;;44096;;False;False;False;False;False;False;False;False;;;;;False;False;False
195871;Apartment;Apartment building;;False;;70006;;False;False;False;False;False;False;False;False;;;;;False;False;False
196036;Apartment;Apartment building;;False;;70046;;False;False;False;False;False;False;False;False;;;;;False;False;False
196046;Apartment;Apartment building;;False;;70172;;False;False;False;False;False;False;False;False;;;;;False;False;False
196242;Apartment;Apartment building;;False;;70083;;False;False;False;False;False;False;False;False;;;;;False;False;False
196374;Apartment;Apartment building;;False;;59082;;False;False;False;False;False;False;False;False;UNIT_CN;DYN;2023-10-01;2024-10-01;False;False;False
196484;Apartment;Apartment building;;False;;40248;;False;False;False;False;False;False;False;False;UNIT_CN;TOU;2023-10-01;2024-10-01;False;False;False
196634;Apartment;Apartment building;;False;;45505;;False;False;False;False;False;False;False;False;;;;;False;False;False
196647;Apartment;Apartment building;;False;;70168;;False;False;False;False;False;False;False;False;;;;;False;False;False
196750;Apartment;Apartment building;;False;;70172;;False;False;False;False;False;False;False;False;;;;;False;False;False
196812;Apartment;Apartment building;;False;;70139;;True;False;False;False;False;False;False;False;;;;;False;False;False
196850;Apartment;Apartment building;;False;;70172;;False;False;False;False;False;False;False;False;;;;;False;False;False
196904;Apartment;Apartment building;;False;;70045;;False;False;False;False;False;False;False;False;;;;;False;False;False
196946;Apartment;Apartment building;;False;;70170;;False;False;False;False;False;False;False;False;;;;;False;False;False
197011;Apartment;Apartment building;;False;;70172;;False;False;False;False;False;False;False;False;;;;;False;False;False
197166;Apartment;Apartment building;;False;;63197;;False;False;False;False;False;False;False;False;;;;;False;False;False
197256;Apartment;Apartment building;;False;;24942;0.288;False;False;False;False;False;False;False;False;;;;;False;False;False
197309;Apartment;Apartment building;;False;;70138;;True;False;False;False;False;False;False;False;;;;;False;False;False
197390;Apartment;Single-family house;;False;;58924;;True;False;False;False;False;False;False;False;;;;;False;False;False
197434;Apartment;Apartment building;;False;;70167;;False;False;False;False;False;False;False;False;;;;;False;False;False
197475;Apartment;Apartment building;;False;;70135;;False;False;False;False;False;False;False;False;;;;;False;False;False
197546;Apartment;Apartment building;;False;;44476;;False;False;False;False;False;False;False;False;;;;;False;False;False
197553;Apartment;Apartment building;;False;;70066;;False;False;False;False;False;False;False;False;;;;;False;False;False
197592;Apartment;Single-family house;;False;;70027;;False;False;False;False;False;False;False;False;UNIT_CN;DYN;2023-10-01;2024-10-01;False;False;False
197649;Apartment;Apartment building;;False;;70023;;False;False;False;False;False;False;False;False;;;;;False;False;False
197665;Apartment;Apartment building;;False;;70172;;False;False;False;False;False;False;False;False;;;;;False;False;False
197760;Apartment;Apartment building;;False;;22064;;False;False;False;False;False;False;False;False;;;;;False;False;False
198146;Apartment;Apartment building;;False;;70163;;False;False;False;False;False;False;False;False;;;;;False;False;False
198149;Apartment;Apartment building;;False;;60907;;False;False;False;False;False;False;False;False;;;;;False;False;False
198206;Apartment;Apartment building;;False;;69190;;False;False;False;False;False;False;False;False;;;;;False;False;False
198249;Apartment;Apartment building;;False;;70133;;False;False;False;False;False;False;False;False;UNIT_CN;DYN;2023-10-01;2024-10-01;False;False;False
198325;Apartment;Apartment building;;False;;70117;;False;False;False;False;False;False;False;False;;;;;False;False;False
198368;Apartment;Apartment building;;False;;57993;;False;False;False;False;False;False;False;False;;;;;False;False;False
198395;Apartment;Apartment building;;False;;70041;;False;False;False;False;False;False;False;False;UNIT_CN;TOU;2023-10-01;2024-10-01;False;False;False
198411;Apartment;Apartment building;;False;;62988;;False;False;False;False;False;False;False;False;;;;;False;False;False
198445;Apartment;Apartment building;;False;;58998;;True;False;False;False;False;False;False;False;;;;;False;False;False
198450;Apartment;Apartment building;;False;;69908;;True;False;False;False;False;False;False;False;;;;;False;False;False
198556;Apartment;Apartment building;;False;;61793;;False;False;False;False;False;False;False;False;;;;;False;False;False
198657;Apartment;Apartment building;;False;;66919;;False;False;False;False;False;False;False;False;;;;;False;False;False
199049;Apartment;Apartment building;;False;;57993;;False;False;False;False;False;False;False;False;;;;;False;False;False
199054;Apartment;Apartment building;;False;;70168;;False;False;False;False;False;False;False;False;UNIT_CN;DYN;2023-10-01;2024-10-01;False;False;False
199060;Apartment;Apartment building;;False;;63436;;False;False;False;False;False;False;False;False;;;;;False;False;False
199144;Apartment;Apartment building;;False;;70114;;False;False;False;False;False;False;False;False;;;;;False;False;False
199159;Apartment;Apartment building;;False;;64165;;False;False;False;False;False;False;False;False;;;;;False;False;False
199321;Apartment;Apartment building;;False;;69570;;False;False;False;False;False;False;False;False;UNIT_CN;DYN;2023-10-01;2024-10-01;False;False;False
199392;Apartment;Single-family house;;False;;69504;;False;False;False;False;False;False;False;False;UNIT_CN;UNIT;2023-10-01;2025-01-01;False;False;False
199481;Apartment;Apartment building;;False;;70149;;False;False;False;False;False;False;False;False;;;;;False;False;False
199527;Apartment;Apartment building;;False;;58918;;False;False;False;False;False;False;False;False;;;;;False;False;False
199559;Apartment;Apartment building;;False;;70110;;False;False;False;False;False;False;False;False;UNIT_CN;TOU;2023-10-01;2024-10-01;False;False;False
199662;Apartment;Apartment building;;False;;70111;;True;False;False;False;False;False;False;False;;;;;False;False;False
199788;Apartment;Apartment building;;False;;48182;;False;False;False;False;False;False;False;False;UNIT_CN;DYN;2023-10-01;2024-10-01;False;False;False
199792;Apartment;Apartment building;;False;;54883;;False;False;False;False;False;False;False;False;;;;;False;False;False
199823;Apartment;Apartment building;;False;;34872;;False;False;False;False;False;False;False;False;UNIT_CN;DYN;2023-10-01;2024-10-01;False;False;False
199834;Apartment;Apartment building;;False;;70114;;False;False;False;False;False;False;False;False;;;;;False;False;False
199837;Apartment;Apartment building;;False;;70170;;False;False;False;False;False;False;False;False;;;;;False;False;False
101451;Single-family house;Single-family house;;False;;70139;;True;False;False;False;False;False;False;False;UNIT_CN;TOU;2023-10-01;2024-10-01;False;False;False
104481;Single-family house;Single-family house;;False;;70141;;False;False;False;False;False;False;False;False;;;;;False;False;False
106418;Single-family house;Single-family house;;False;;70176;;False;False;False;False;False;True;False;False;UNIT_CN;TOU;2023-10-01;2025-01-01;False;False;False
106595;Single-family house;Single-family house;;False;;70149;;True;True;True;False;False;False;False;False;;;;;False;False;False
107394;Single-family house;Single-family house;;False;;70176;;False;False;False;False;False;True;False;False;UNIT_CN;TOU;2023-10-01;2025-01-01;False;False;False
113551;Single-family house;Single-family house;;False;;35087;12.964;False;True;False;False;False;False;False;False;;;;;False;False;False
118984;Single-family house;Single-family house;;False;;70149;;False;False;False;False;False;False;False;False;;;;;False;False;False
120517;Single-family house;Single-family house;;False;;70080;7.412;False;False;False;False;False;False;False;False;UNIT_LOW;DYN;2023-10-01;2025-01-01;False;False;False
122670;Single-family house;Single-family house;;False;;21917;;False;False;False;False;False;False;False;False;;;;;False;False;False
124097;Single-family house;Single-family house;;False;;70150;;True;False;False;False;False;True;False;False;;;;;False;False;False
125463;Single-family house;Apartment building;;False;;70047;;False;False;False;False;False;False;False;False;;;;;False;False;False
128843;Single-family house;Apartment building;;False;;70073;;False;False;False;False;False;False;False;False;;;;;False;False;False
132256;Single-family house;Single-family house;;False;;70168;;False;False;False;False;False;False;False;False;;;;;False;False;False
132645;Single-family house;Single-family house;;False;;70168;;True;False;False;False;False;True;True;False;UNIT_CN;DYN;2023-10-01;2024-10-01;False;False;False
133930;Single-family house;Single-family house;;False;;70176;;False;False;False;False;False;True;False;False;;;;;False;False;False
137326;Single-family house;Single-family house;;False;;70141;;True;False;False;False;False;False;False;False;UNIT_CN;DYN;2023-10-01;2024-10-01;False;False;False
139410;Single-family house;Single-family house;;False;;70150;;False;False;False;False;False;False;False;False;;;;;False;False;False
142999;Single-family house;Single-family house;;False;;70168;;False;False;False;False;False;False;False;False;;;;;False;False;False
149644;Single-family house;Single-family house;;False;;66239;;False;False;False;False;False;True;False;False;UNIT_CN;TOU;2023-10-01;2025-01-01;False;False;False
154981;Single-family house;Single-family house;;False;;70172;6.348;True;True;False;False;False;False;False;False;UNIT_CN;TOU;2023-10-01;2024-10-01;False;False;False
158507;Single-family house;Single-family house;;False;;35136;12.636;True;True;False;False;True;False;False;True;UNIT_CN;DYN;2023-10-01;2025-01-01;False;False;False
159093;Single-family house;Single-family house;;False;;54070;;False;False;False;False;False;False;False;False;UNIT_CN;TOU;2023-10-01;2024-10-01;False;False;False
159094;Single-family house;Single-family house;;False;;70146;;True;False;False;False;False;False;False;False;;;;;False;False;False
160861;Single-family house;Single-family house;;False;;70080;;True;False;False;False;False;False;False;False;UNIT_LOW;DYN;2023-10-01;2025-01-01;False;True;False
162532;Single-family house;Single-family house;;False;;69952;;True;False;False;False;False;False;False;False;;;;;False;False;False
163677;Single-family house;Single-family house;;False;;35040;;False;False;False;False;False;False;False;False;;;;;False;False;False
164444;Single-family house;Single-family house;;False;;70176;;True;False;False;False;False;True;False;False;UNIT_LOW;TOU;2023-10-01;2025-01-01;False;False;False
164897;Single-family house;Single-family house;;False;;70043;;False;False;False;False;False;False;False;False;;;;;False;False;False
165786;Single-family house;Single-family house;;False;;70080;;False;False;False;False;False;False;False;False;UNIT_CN;UNIT;2023-10-01;2025-01-01;False;False;False
178333;Single-family house;Single-family house;;False;;70176;;True;False;False;False;False;False;False;False;UNIT_LOW;UNIT;2023-10-01;2025-01-01;True;True;False
180931;Single-family house;Single-family house;;False;;70047;;False;False;False;False;False;False;False;False;;;;;False;False;False
184973;Single-family house;Single-family house;;False;;70004;;False;False;False;False;False;False;False;False;;;;;False;False;False
188871;Single-family house;Single-family house;;False;;70176;;False;False;False;False;False;True;False;False;UNIT_CN;TOU;2023-10-01;2024-10-01;False;False;False
189229;Single-family house;Single-family house;;False;;70080;;False;True;False;False;True;False;False;False;UNIT_LOW;TOU;2023-10-01;2025-01-01;True;True;True
190896;Single-family house;Single-family house;;False;;70123;14.712;True;True;True;False;False;False;False;False;UNIT_CN;TOU;2023-10-01;2024-10-01;False;False;False
191701;Single-family house;Single-family house;;False;;70150;;False;False;False;False;False;False;False;False;;;;;False;False;False
193150;Single-family house;Single-family house;;False;;70176;;True;False;False;False;False;True;False;False;UNIT_LOW;TOU;2023-10-01;2025-01-01;False;False;False
193794;Single-family house;Single-family house;;False;;70176;;False;False;False;False;False;True;False;False;UNIT_CN;TOU;2023-10-01;2025-01-01;False;False;False
196192;Single-family house;Single-family house;;False;;70176;;False;False;False;False;False;True;False;False;UNIT_CN;TOU;2023-10-01;2025-01-01;False;False;False
197439;Single-family house;Single-family house;;False;;70176;;False;False;False;False;False;True;False;False;UNIT_CN;TOU;2023-10-01;2025-01-01;False;False;False
172557;Heat pump;Single-family house;;False;1.0;70080;;False;True;True;False;False;False;False;False;UNIT_LOW;DYN;2023-10-01;2025-01-01;True;True;False
105021;Feed-in system;Apartment building;;False;;70141;4.62;False;False;False;False;False;False;False;False;;;;;False;False;False
111428;Feed-in system;Apartment building;;False;;70025;16.684;False;False;False;False;False;False;False;False;;;;;False;False;False
124391;Feed-in system;Apartment building;;False;;70114;3.576;False;False;False;False;False;False;False;False;;;;;False;False;False
130101;Feed-in system;Apartment building;;False;;70101;14.748;False;False;False;False;False;False;False;False;;;;;False;False;False
147297;Feed-in system;Apartment building;;False;;70065;8.808;False;False;False;False;False;False;False;False;;;;;False;False;False
152860;Feed-in system;Apartment building;;False;;70114;5.192;False;False;False;False;False;False;False;False;;;;;False;False;False
167599;Feed-in system;Apartment building;;False;;70141;4.56;False;False;False;False;False;False;False;False;;;;;False;False;False
171498;Feed-in system;Single-family house;;False;;70138;5.596;False;False;False;False;False;False;False;False;;;;;False;False;False
189622;Feed-in system;Apartment building;;False;;70139;4.66;False;False;False;False;False;False;False;False;;;;;False;False;False
192847;Feed-in system;Apartment building;;False;;70146;4.668;False;False;False;False;False;False;False;False;;;;;False;False;False
